engine_id,cycle,setting_1,setting_2,setting_3,sensor_1,sensor_2,sensor_3,sensor_4,sensor_5,sensor_6,sensor_7,sensor_8,sensor_9,sensor_10,sensor_11,sensor_12,sensor_13,sensor_14,sensor_15,sensor_16,sensor_17,sensor_18,sensor_19,sensor_20,sensor_21,max_cycle,RUL,health_stage,health_percent,anomaly_label
1,1,-0.0005,0.0004,100.0,518.67,642.36,1583.23,1396.84,14.62,21.61,553.97,2387.96,9062.17,1.3,47.3,522.31,2388.01,8145.32,8.4246,0.03,391,2388,100.0,39.11,23.3537,259,258,Healthy,99.61,0
1,2,0.0008,-0.0003,100.0,518.67,642.5,1584.69,1396.89,14.62,21.61,554.55,2388.0,9061.78,1.3,47.23,522.42,2388.03,8152.85,8.4403,0.03,392,2388,100.0,38.99,23.4491,259,257,Healthy,99.23,0
1,3,-0.0014,-0.0002,100.0,518.67,642.18,1582.35,1405.61,14.62,21.61,554.43,2388.03,9070.23,1.3,47.22,522.03,2388.0,8150.17,8.3901,0.03,391,2388,100.0,38.85,23.3669,259,256,Healthy,98.84,0
1,4,-0.002,0.0001,100.0,518.67,642.92,1585.61,1392.27,14.62,21.61,555.21,2388.0,9064.57,1.3,47.24,522.49,2388.08,8146.56,8.3878,0.03,392,2388,100.0,38.96,23.2951,259,255,Healthy,98.46,0
1,5,0.0016,0.0,100.0,518.67,641.68,1588.63,1397.65,14.62,21.61,554.74,2388.04,9076.14,1.3,47.15,522.58,2388.03,8147.8,8.3869,0.03,392,2388,100.0,39.14,23.4583,259,254,Healthy,98.07,0
1,6,0.0011,-0.0005,100.0,518.67,642.24,1584.09,1400.01,14.62,21.61,554.75,2388.0,9074.98,1.3,47.07,522.42,2388.02,8144.92,8.4152,0.03,393,2388,100.0,38.92,23.4281,259,253,Healthy,97.68,0
1,7,-0.0038,0.0002,100.0,518.67,642.58,1585.61,1401.09,14.62,21.61,554.58,2388.04,9074.65,1.3,47.38,522.46,2388.02,8147.05,8.3842,0.03,391,2388,100.0,38.84,23.4087,259,252,Healthy,97.3,0
1,8,-0.0007,-0.0005,100.0,518.67,642.32,1588.32,1397.08,14.62,21.6,554.85,2388.06,9063.54,1.3,47.31,522.1,2387.97,8157.34,8.419,0.03,391,2388,100.0,39.05,23.459,259,251,Healthy,96.91,0
1,9,-0.0026,0.0,100.0,518.67,641.64,1587.81,1406.51,14.62,21.61,554.13,2388.04,9067.2,1.3,47.31,521.83,2388.01,8147.2,8.4091,0.03,392,2388,100.0,38.99,23.4693,259,250,Healthy,96.53,0
1,10,0.0019,-0.0002,100.0,518.67,642.42,1587.39,1402.25,14.62,21.61,554.78,2387.99,9070.04,1.3,47.35,521.96,2387.99,8152.86,8.3987,0.03,391,2388,100.0,38.94,23.4781,259,249,Healthy,96.14,0
1,11,0.0026,-0.0002,100.0,518.67,642.28,1582.38,1391.88,14.62,21.61,554.3,2388.01,9068.24,1.3,47.35,522.23,2388.03,8144.53,8.4235,0.03,392,2388,100.0,38.97,23.4127,259,248,Healthy,95.75,0
1,12,-0.0036,-0.0004,100.0,518.67,641.88,1583.24,1397.74,14.62,21.6,554.35,2388.04,9075.26,1.3,47.26,522.13,2387.98,8149.04,8.359,0.03,392,2388,100.0,39.09,23.366,259,247,Healthy,95.37,0
1,13,-0.0011,0.0001,100.0,518.67,641.92,1589.68,1395.55,14.62,21.61,554.52,2387.98,9066.53,1.3,47.14,522.06,2388.02,8151.88,8.3821,0.03,391,2388,100.0,39.04,23.4273,259,246,Healthy,94.98,0
1,14,0.0009,0.0001,100.0,518.67,642.66,1587.29,1400.9,14.62,21.61,555.17,2388.02,9067.34,1.3,47.28,522.54,2387.97,8148.13,8.4277,0.03,390,2388,100.0,39.03,23.386,259,245,Healthy,94.59,0
1,15,-0.005,0.0004,100.0,518.67,642.34,1580.8,1396.5,14.62,21.61,553.96,2387.95,9069.89,1.3,47.29,522.72,2388.0,8150.63,8.4007,0.03,390,2388,100.0,39.02,23.4556,259,244,Healthy,94.21,0
1,16,0.0024,0.0003,100.0,518.67,641.68,1587.32,1395.49,14.62,21.6,553.82,2388.02,9071.14,1.3,47.14,522.28,2387.98,8147.5,8.4197,0.03,391,2388,100.0,38.96,23.3717,259,243,Healthy,93.82,0
1,17,-0.0019,0.0001,100.0,518.67,641.9,1591.12,1395.08,14.62,21.61,555.06,2388.0,9060.74,1.3,47.0,521.98,2387.93,8154.66,8.3761,0.03,393,2388,100.0,39.04,23.3718,259,242,Healthy,93.44,0
1,18,-0.0036,0.0002,100.0,518.67,642.39,1578.96,1402.24,14.62,21.61,554.21,2387.97,9075.87,1.3,47.2,522.2,2388.01,8151.19,8.4205,0.03,392,2388,100.0,39.12,23.5448,259,241,Healthy,93.05,0
1,19,-0.001,-0.0,100.0,518.67,642.3,1584.04,1398.85,14.62,21.61,554.59,2387.98,9074.41,1.3,47.16,522.04,2387.98,8154.65,8.3727,0.03,391,2388,100.0,39.01,23.408,259,240,Healthy,92.66,0
1,20,-0.0028,0.0004,100.0,518.67,642.26,1579.65,1395.59,14.62,21.61,554.49,2387.97,9071.28,1.3,47.16,523.02,2388.03,8146.24,8.4252,0.03,391,2388,100.0,38.87,23.4903,259,239,Healthy,92.28,0
1,21,0.0001,-0.0002,100.0,518.67,642.62,1590.18,1398.01,14.62,21.61,554.0,2387.99,9074.66,1.3,47.26,522.77,2388.01,8148.33,8.422,0.03,391,2388,100.0,38.92,23.5088,259,238,Healthy,91.89,0
1,22,0.0011,0.0004,100.0,518.67,642.13,1586.21,1397.07,14.62,21.61,554.51,2387.98,9075.72,1.3,47.32,522.68,2388.03,8152.3,8.4134,0.03,392,2388,100.0,39.02,23.3533,259,237,Healthy,91.51,0
1,23,-0.0057,-0.0001,100.0,518.67,642.05,1586.03,1394.01,14.62,21.61,554.36,2387.99,9068.45,1.3,47.17,521.82,2388.03,8153.47,8.3946,0.03,391,2388,100.0,39.06,23.4476,259,236,Healthy,91.12,0
1,24,0.0057,0.0002,100.0,518.67,642.02,1585.13,1394.81,14.62,21.61,554.39,2387.96,9072.51,1.3,47.41,522.59,2388.02,8154.84,8.4162,0.03,391,2388,100.0,39.07,23.4648,259,235,Healthy,90.73,0
1,25,-0.0009,-0.0004,100.0,518.67,641.93,1586.82,1406.62,14.62,21.61,553.81,2387.99,9076.1,1.3,47.31,522.08,2388.04,8154.5,8.3952,0.03,391,2388,100.0,38.85,23.3842,259,234,Healthy,90.35,0
1,26,0.0009,-0.0001,100.0,518.67,642.37,1585.26,1398.77,14.62,21.6,554.79,2387.98,9065.37,1.3,47.28,522.06,2388.02,8150.15,8.3937,0.03,392,2388,100.0,38.93,23.3681,259,233,Healthy,89.96,0
1,27,0.0005,-0.0001,100.0,518.67,642.12,1582.77,1400.16,14.62,21.61,554.18,2387.98,9065.21,1.3,47.33,522.08,2388.03,8148.77,8.4132,0.03,390,2388,100.0,39.06,23.3763,259,232,Healthy,89.58,0
1,28,-0.0006,0.0004,100.0,518.67,643.01,1578.4,1400.24,14.62,21.61,554.66,2387.99,9055.81,1.3,47.17,522.19,2388.04,8149.12,8.4243,0.03,391,2388,100.0,39.02,23.4666,259,231,Healthy,89.19,0
1,29,-0.0012,-0.0001,100.0,518.67,642.04,1587.5,1393.05,14.62,21.61,554.1,2387.97,9068.18,1.3,47.22,521.81,2388.01,8153.95,8.4001,0.03,393,2388,100.0,39.04,23.4538,259,230,Healthy,88.8,0
1,30,-0.0016,-0.0004,100.0,518.67,642.53,1586.99,1396.67,14.62,21.6,554.78,2388.03,9068.92,1.3,47.34,522.45,2387.97,8149.55,8.4513,0.03,392,2388,100.0,39.12,23.4103,259,229,Healthy,88.42,0
1,31,-0.0004,0.0001,100.0,518.67,642.32,1586.13,1397.47,14.62,21.61,553.71,2387.95,9063.81,1.3,47.24,522.35,2388.01,8150.74,8.3766,0.03,390,2388,100.0,39.2,23.4302,259,228,Healthy,88.03,0
1,32,0.0018,-0.0005,100.0,518.67,642.11,1587.7,1392.44,14.62,21.61,555.28,2388.03,9066.15,1.3,47.17,522.72,2387.96,8151.57,8.4155,0.03,391,2388,100.0,39.02,23.3631,259,227,Healthy,87.64,0
1,33,0.0026,-0.0003,100.0,518.67,642.49,1579.54,1399.94,14.62,21.61,554.2,2388.0,9059.84,1.3,47.27,521.95,2388.0,8154.7,8.4126,0.03,392,2388,100.0,39.16,23.4065,259,226,Healthy,87.26,0
1,34,-0.0024,-0.0002,100.0,518.67,642.21,1586.42,1403.41,14.62,21.61,554.28,2387.96,9068.03,1.3,47.47,522.03,2388.02,8146.6,8.4218,0.03,391,2388,100.0,39.02,23.4787,259,225,Healthy,86.87,0
1,35,-0.0055,0.0003,100.0,518.67,641.8,1590.74,1396.33,14.62,21.61,553.75,2388.03,9069.69,1.3,47.55,522.09,2388.02,8148.97,8.4268,0.03,392,2388,100.0,38.9,23.2894,259,224,Healthy,86.49,0
1,36,0.0012,-0.0004,100.0,518.67,642.45,1581.86,1395.89,14.62,21.61,554.85,2388.02,9067.31,1.3,47.32,522.22,2388.03,8146.41,8.4141,0.03,393,2388,100.0,38.91,23.5297,259,223,Healthy,86.1,0
1,37,-0.004,-0.0001,100.0,518.67,642.06,1588.99,1396.98,14.62,21.61,554.82,2387.95,9073.55,1.3,47.33,522.58,2388.02,8151.59,8.3305,0.03,393,2388,100.0,39.03,23.4539,259,222,Healthy,85.71,0
1,38,0.004,-0.0004,100.0,518.67,642.49,1588.71,1401.57,14.62,21.61,555.03,2388.01,9071.77,1.3,47.3,522.62,2387.98,8148.72,8.3718,0.03,392,2388,100.0,38.83,23.4252,259,221,Healthy,85.33,0
1,39,0.0065,-0.0,100.0,518.67,641.6,1578.79,1400.48,14.62,21.61,554.31,2388.02,9074.51,1.3,47.19,522.26,2387.99,8155.39,8.4005,0.03,392,2388,100.0,38.91,23.3543,259,220,Healthy,84.94,0
1,40,0.0007,-0.0002,100.0,518.67,642.22,1583.9,1395.26,14.62,21.61,554.51,2387.96,9069.77,1.3,47.24,522.47,2388.02,8150.31,8.3948,0.03,394,2388,100.0,38.94,23.4083,259,219,Healthy,84.56,0
1,41,-0.0014,-0.0002,100.0,518.67,641.96,1582.54,1400.72,14.62,21.6,554.61,2387.97,9072.56,1.3,47.32,522.45,2387.97,8151.32,8.3559,0.03,392,2388,100.0,39.07,23.3239,259,218,Healthy,84.17,0
1,42,0.0018,-0.0002,100.0,518.67,642.06,1584.71,1403.21,14.62,21.61,554.31,2388.0,9071.68,1.3,47.26,522.2,2387.97,8148.7,8.4148,0.03,392,2388,100.0,38.86,23.4382,259,217,Healthy,83.78,0
1,43,0.0009,0.0004,100.0,518.67,642.71,1581.49,1399.38,14.62,21.61,553.96,2387.96,9072.52,1.3,47.1,522.42,2387.98,8144.75,8.4327,0.03,392,2388,100.0,39.14,23.4357,259,216,Healthy,83.4,0
1,44,0.002,0.0001,100.0,518.67,642.69,1585.54,1407.66,14.62,21.61,552.85,2387.99,9068.1,1.3,47.26,522.78,2387.94,8149.9,8.4334,0.03,389,2388,100.0,39.17,23.3515,259,215,Healthy,83.01,0
1,45,0.0019,0.0001,100.0,518.67,642.56,1584.23,1407.95,14.62,21.61,554.23,2387.96,9066.98,1.3,47.17,522.56,2387.98,8153.01,8.4343,0.03,391,2388,100.0,39.01,23.3131,259,214,Healthy,82.63,0
1,46,-0.0037,0.0003,100.0,518.67,642.02,1582.9,1400.5,14.62,21.61,554.61,2388.06,9071.26,1.3,47.21,522.04,2388.04,8145.17,8.4268,0.03,392,2388,100.0,38.88,23.5009,259,213,Healthy,82.24,0
1,47,-0.0019,0.0003,100.0,518.67,642.6,1592.1,1398.26,14.62,21.61,554.11,2388.01,9073.71,1.3,47.28,522.03,2387.97,8150.46,8.3755,0.03,392,2388,100.0,39.14,23.269,259,212,Healthy,81.85,0
1,48,0.0003,0.0,100.0,518.67,642.44,1583.27,1399.17,14.62,21.61,554.16,2388.02,9066.97,1.3,47.27,522.29,2388.04,8150.94,8.3998,0.03,394,2388,100.0,39.02,23.3188,259,211,Healthy,81.47,0
1,49,0.003,-0.0004,100.0,518.67,642.37,1586.75,1393.83,14.62,21.61,553.91,2388.04,9076.18,1.3,47.28,521.94,2388.01,8149.51,8.3804,0.03,390,2388,100.0,38.92,23.3822,259,210,Healthy,81.08,0
1,50,-0.0008,0.0004,100.0,518.67,642.41,1590.26,1398.51,14.62,21.61,554.27,2387.98,9068.53,1.3,47.08,522.01,2388.04,8148.25,8.4073,0.03,392,2388,100.0,38.97,23.3748,259,209,Healthy,80.69,0
2,1,0.0034,0.0003,100.0,518.67,642.38,1587.95,1393.65,14.62,21.58,553.62,2387.93,9050.35,1.3,47.12,521.56,2387.95,8134.28,8.3462,0.03,392,2388,100.0,39.04,23.3588,253,252,Healthy,99.6,0
2,2,0.0031,0.0003,100.0,518.67,641.9,1578.97,1396.59,14.62,21.58,554.0,2388.0,9052.14,1.3,47.02,521.98,2388.04,8139.61,8.4004,0.03,391,2388,100.0,38.96,23.4683,253,251,Healthy,99.21,0
2,3,-0.0007,0.0005,100.0,518.67,641.85,1583.91,1391.46,14.62,21.57,553.63,2387.97,9051.37,1.3,47.28,521.95,2387.96,8130.65,8.3675,0.03,392,2388,100.0,38.93,23.3825,253,250,Healthy,98.81,0
2,4,0.0049,-0.0004,100.0,518.67,642.07,1579.51,1391.48,14.62,21.58,553.26,2387.93,9051.87,1.3,47.14,521.12,2387.95,8139.57,8.377,0.03,389,2388,100.0,38.85,23.3706,253,249,Healthy,98.42,0
2,5,0.0003,-0.0001,100.0,518.67,642.16,1583.96,1395.68,14.62,21.58,553.82,2387.93,9047.34,1.3,46.84,521.62,2387.94,8135.4,8.3633,0.03,391,2388,100.0,39.23,23.4144,253,248,Healthy,98.02,0
2,6,-0.0012,0.0002,100.0,518.67,642.18,1583.45,1395.03,14.62,21.58,553.74,2388.0,9056.36,1.3,47.05,521.85,2387.95,8135.5,8.4047,0.03,392,2388,100.0,39.13,23.4867,253,247,Healthy,97.63,0
2,7,0.0051,-0.0004,100.0,518.67,642.75,1579.31,1393.29,14.62,21.58,553.28,2387.94,9041.23,1.3,47.09,521.56,2387.97,8136.95,8.3978,0.03,391,2388,100.0,39.05,23.3851,253,246,Healthy,97.23,0
2,8,0.0005,0.0001,100.0,518.67,642.43,1589.99,1396.6,14.62,21.58,553.87,2387.99,9052.21,1.3,46.94,521.74,2387.94,8129.21,8.3793,0.03,390,2388,100.0,39.03,23.4174,253,245,Healthy,96.84,0
2,9,-0.0004,0.0004,100.0,518.67,642.16,1577.07,1395.62,14.62,21.57,553.32,2387.98,9049.11,1.3,47.34,521.33,2387.99,8128.13,8.3744,0.03,392,2388,100.0,38.93,23.4609,253,244,Healthy,96.44,0
2,10,0.0006,-0.0001,100.0,518.67,641.85,1587.17,1400.51,14.62,21.58,553.92,2387.92,9056.11,1.3,47.02,522.06,2387.99,8135.68,8.4046,0.03,393,2388,100.0,39.11,23.4301,253,243,Healthy,96.05,0
2,11,-0.0018,0.0,100.0,518.67,641.97,1581.56,1384.74,14.62,21.58,553.03,2387.95,9046.22,1.3,47.09,521.84,2387.99,8130.78,8.3901,0.03,390,2388,100.0,39.01,23.3382,253,242,Healthy,95.65,0
2,12,0.0033,0.0004,100.0,518.67,642.02,1586.0,1391.8,14.62,21.57,553.41,2387.98,9046.77,1.3,47.14,521.62,2387.95,8130.23,8.3762,0.03,391,2388,100.0,39.04,23.4495,253,241,Healthy,95.26,0
2,13,0.0015,0.0002,100.0,518.67,642.04,1586.98,1396.97,14.62,21.58,553.28,2387.96,9054.85,1.3,46.91,521.42,2387.95,8132.7,8.384,0.03,391,2388,100.0,38.93,23.3283,253,240,Healthy,94.86,0
2,14,0.0018,0.0001,100.0,518.67,642.1,1582.02,1389.36,14.62,21.58,553.82,2388.0,9043.46,1.3,47.14,521.45,2387.97,8139.32,8.4271,0.03,391,2388,100.0,39.01,23.4402,253,239,Healthy,94.47,0
2,15,-0.0011,-0.0,100.0,518.67,641.65,1585.65,1397.7,14.62,21.57,553.45,2387.96,9044.96,1.3,47.05,521.73,2387.97,8132.71,8.3684,0.03,391,2388,100.0,39.19,23.5025,253,238,Healthy,94.07,0
2,16,0.0019,-0.0,100.0,518.67,641.93,1577.45,1394.98,14.62,21.58,553.58,2387.95,9045.62,1.3,47.06,521.55,2387.95,8133.26,8.3934,0.03,392,2388,100.0,39.22,23.4058,253,237,Healthy,93.68,0
2,17,0.0022,0.0005,100.0,518.67,642.03,1578.46,1397.59,14.62,21.57,553.75,2387.95,9049.59,1.3,47.04,521.14,2387.97,8138.48,8.429,0.03,391,2388,100.0,39.06,23.5077,253,236,Healthy,93.28,0
2,18,-0.0031,0.0004,100.0,518.67,641.87,1591.05,1396.81,14.62,21.58,553.32,2388.02,9050.22,1.3,47.08,522.01,2387.98,8135.9,8.3957,0.03,391,2388,100.0,39.14,23.4434,253,235,Healthy,92.89,0
2,19,0.0032,-0.0002,100.0,518.67,641.52,1576.3,1396.89,14.62,21.58,554.13,2387.92,9045.3,1.3,46.91,521.71,2387.93,8130.97,8.3587,0.03,391,2388,100.0,39.15,23.3773,253,234,Healthy,92.49,0
2,20,0.0048,0.0001,100.0,518.67,642.31,1575.09,1395.13,14.62,21.58,553.55,2387.93,9044.52,1.3,47.07,521.93,2387.98,8139.89,8.3953,0.03,390,2388,100.0,38.98,23.3479,253,233,Healthy,92.09,0
2,21,-0.003,-0.0002,100.0,518.67,642.09,1578.56,1394.7,14.62,21.58,553.34,2387.96,9044.37,1.3,47.21,521.37,2387.99,8136.5,8.4142,0.03,391,2388,100.0,39.1,23.4155,253,232,Healthy,91.7,0
2,22,0.0007,-0.0002,100.0,518.67,641.95,1573.48,1389.61,14.62,21.57,553.24,2388.01,9047.02,1.3,47.19,521.51,2387.99,8135.31,8.3799,0.03,391,2388,100.0,39.18,23.4589,253,231,Healthy,91.3,0
2,23,-0.0037,-0.0004,100.0,518.67,642.17,1580.91,1395.04,14.62,21.58,553.68,2388.01,9053.24,1.3,46.88,521.74,2387.98,8135.64,8.3688,0.03,391,2388,100.0,38.92,23.3916,253,230,Healthy,90.91,0
2,24,0.0019,-0.0003,100.0,518.67,642.1,1578.49,1395.34,14.62,21.57,553.92,2388.01,9050.62,1.3,46.99,521.18,2387.93,8137.88,8.3553,0.03,390,2388,100.0,39.1,23.3831,253,229,Healthy,90.51,0
2,25,-0.0058,-0.0002,100.0,518.67,642.12,1581.65,1399.58,14.62,21.58,554.27,2387.94,9050.52,1.3,46.88,521.81,2387.95,8139.23,8.3802,0.03,392,2388,100.0,39.16,23.448,253,228,Healthy,90.12,0
2,26,-0.0032,-0.0001,100.0,518.67,642.23,1584.15,1393.97,14.62,21.57,553.45,2387.98,9054.37,1.3,47.11,521.44,2387.94,8129.93,8.3943,0.03,392,2388,100.0,38.73,23.4559,253,227,Healthy,89.72,0
2,27,-0.0001,0.0001,100.0,518.67,641.54,1577.87,1391.71,14.62,21.58,554.09,2387.94,9041.13,1.3,46.93,521.67,2387.96,8136.63,8.3707,0.03,390,2388,100.0,39.08,23.3331,253,226,Healthy,89.33,0
2,28,0.0001,0.0002,100.0,518.67,641.82,1584.36,1397.54,14.62,21.58,553.36,2387.95,9059.43,1.3,47.24,521.39,2387.94,8131.07,8.4026,0.03,392,2388,100.0,39.24,23.4134,253,225,Healthy,88.93,0
2,29,-0.0028,-0.0003,100.0,518.67,642.4,1572.01,1394.2,14.62,21.58,553.63,2388.03,9052.54,1.3,47.1,521.81,2387.98,8129.73,8.4134,0.03,389,2388,100.0,39.03,23.3418,253,224,Healthy,88.54,0
2,30,-0.001,0.0003,100.0,518.67,642.06,1578.59,1387.6,14.62,21.57,553.16,2387.93,9053.52,1.3,47.03,521.62,2387.89,8131.1,8.3787,0.03,392,2388,100.0,38.87,23.448,253,223,Healthy,88.14,0
2,31,0.0027,-0.0,100.0,518.67,642.02,1586.97,1400.91,14.62,21.58,553.88,2388.02,9053.33,1.3,47.04,522.24,2387.95,8135.96,8.3974,0.03,393,2388,100.0,38.88,23.4164,253,222,Healthy,87.75,0
2,32,0.0004,-0.0003,100.0,518.67,642.73,1587.26,1397.02,14.62,21.58,553.14,2387.97,9048.48,1.3,47.13,521.64,2388.02,8136.26,8.397,0.03,393,2388,100.0,38.96,23.4165,253,221,Healthy,87.35,0
2,33,-0.0037,0.0004,100.0,518.67,642.19,1582.11,1393.73,14.62,21.58,552.91,2387.98,9047.02,1.3,47.17,521.69,2388.01,8135.93,8.3963,0.03,389,2388,100.0,39.21,23.4763,253,220,Healthy,86.96,0
2,34,-0.0001,0.0001,100.0,518.67,641.58,1576.89,1405.99,14.62,21.58,552.93,2387.92,9051.88,1.3,47.11,521.09,2388.01,8134.59,8.4008,0.03,390,2388,100.0,38.98,23.5187,253,219,Healthy,86.56,0
2,35,-0.0015,0.0001,100.0,518.67,642.13,1576.56,1395.42,14.62,21.57,552.39,2387.98,9051.72,1.3,47.0,522.02,2387.95,8136.53,8.3746,0.03,392,2388,100.0,38.94,23.4056,253,218,Healthy,86.17,0
2,36,-0.0012,-0.0001,100.0,518.67,641.99,1579.98,1395.61,14.62,21.58,553.7,2387.94,9053.43,1.3,46.97,521.81,2387.97,8137.96,8.3788,0.03,392,2388,100.0,39.04,23.4118,253,217,Healthy,85.77,0
2,37,0.0012,0.0005,100.0,518.67,642.04,1586.32,1394.57,14.62,21.57,553.66,2387.96,9052.97,1.3,47.06,521.23,2387.93,8131.23,8.4034,0.03,390,2388,100.0,39.16,23.3607,253,216,Healthy,85.38,0
2,38,0.0027,0.0005,100.0,518.67,642.38,1589.5,1399.06,14.62,21.58,553.77,2388.01,9047.96,1.3,47.05,522.23,2387.98,8138.75,8.3969,0.03,391,2388,100.0,39.15,23.5351,253,215,Healthy,84.98,0
2,39,-0.0003,0.0002,100.0,518.67,641.71,1583.24,1403.38,14.62,21.58,552.83,2387.96,9047.23,1.3,47.15,521.55,2387.99,8133.58,8.3526,0.03,391,2388,100.0,39.15,23.3745,253,214,Healthy,84.58,0
2,40,-0.0014,0.0003,100.0,518.67,641.91,1584.18,1384.36,14.62,21.57,553.5,2387.92,9050.25,1.3,46.92,521.52,2388.02,8132.61,8.4025,0.03,390,2388,100.0,38.88,23.366,253,213,Healthy,84.19,0
2,41,0.0012,-0.0001,100.0,518.67,641.53,1581.87,1392.19,14.62,21.58,554.14,2387.99,9048.4,1.3,47.08,522.01,2388.01,8137.06,8.384,0.03,391,2388,100.0,39.11,23.4565,253,212,Healthy,83.79,0
2,42,0.0014,0.0002,100.0,518.67,641.85,1579.7,1399.94,14.62,21.58,554.31,2387.96,9050.6,1.3,47.11,521.99,2388.04,8133.92,8.3664,0.03,392,2388,100.0,39.13,23.4376,253,211,Healthy,83.4,0
2,43,0.0017,0.0002,100.0,518.67,641.94,1577.89,1390.31,14.62,21.57,553.79,2387.95,9043.72,1.3,47.23,521.26,2387.92,8136.24,8.3886,0.03,391,2388,100.0,39.01,23.4593,253,210,Healthy,83.0,0
2,44,-0.0008,-0.0001,100.0,518.67,642.27,1581.8,1389.99,14.62,21.57,553.55,2387.92,9050.67,1.3,47.07,520.99,2387.93,8126.7,8.3748,0.03,391,2388,100.0,39.04,23.3138,253,209,Healthy,82.61,0
2,45,-0.0006,-0.0002,100.0,518.67,642.29,1585.29,1397.66,14.62,21.58,553.6,2387.98,9054.79,1.3,46.98,521.42,2387.94,8138.1,8.3716,0.03,391,2388,100.0,39.14,23.3739,253,208,Healthy,82.21,0
2,46,0.0029,0.0,100.0,518.67,641.83,1586.09,1389.6,14.62,21.57,553.09,2387.97,9050.52,1.3,46.93,520.99,2387.97,8136.07,8.3731,0.03,391,2388,100.0,38.97,23.3868,253,207,Healthy,81.82,0
2,47,-0.0044,0.0005,100.0,518.67,641.77,1583.5,1399.68,14.62,21.57,554.08,2387.96,9052.09,1.3,47.19,521.54,2387.97,8131.96,8.3751,0.03,390,2388,100.0,39.05,23.3963,253,206,Healthy,81.42,0
2,48,0.0011,0.0002,100.0,518.67,642.34,1582.19,1394.06,14.62,21.58,553.56,2388.0,9051.11,1.3,47.07,521.53,2388.01,8139.34,8.3531,0.03,388,2388,100.0,39.14,23.4012,253,205,Healthy,81.03,0
2,49,0.0018,0.0004,100.0,518.67,642.38,1581.01,1390.29,14.62,21.58,554.05,2388.02,9051.52,1.3,46.95,521.86,2387.99,8137.68,8.3633,0.03,392,2388,100.0,38.99,23.316,253,204,Healthy,80.63,0
2,50,0.0016,0.0002,100.0,518.67,641.88,1576.1,1398.4,14.62,21.58,554.12,2387.96,9051.19,1.3,47.25,522.54,2387.92,8133.21,8.3677,0.03,392,2388,100.0,39.05,23.4077,253,203,Healthy,80.24,0
3,1,0.0018,-0.0001,100.0,518.67,642.19,1585.49,1401.55,14.62,21.61,554.67,2387.98,9046.11,1.3,47.29,521.92,2388.0,8136.14,8.4111,0.03,391,2388,100.0,38.91,23.4896,222,221,Healthy,99.55,0
3,2,0.0003,-0.0002,100.0,518.67,642.0,1586.6,1393.99,14.62,21.6,553.73,2388.0,9057.38,1.3,47.3,522.48,2388.02,8139.91,8.3594,0.03,391,2388,100.0,39.0,23.2964,222,220,Healthy,99.1,0
3,3,-0.0002,0.0001,100.0,518.67,642.1,1582.43,1394.89,14.62,21.61,555.22,2388.06,9056.81,1.3,47.45,522.15,2388.06,8139.25,8.4182,0.03,391,2388,100.0,39.02,23.4047,222,219,Healthy,98.65,0
3,4,-0.0034,-0.0001,100.0,518.67,642.36,1582.8,1396.55,14.62,21.61,554.99,2388.05,9059.65,1.3,47.27,522.02,2388.0,8138.7,8.344,0.03,392,2388,100.0,39.05,23.3914,222,218,Healthy,98.2,0
3,5,0.0006,0.0003,100.0,518.67,642.73,1589.39,1397.12,14.62,21.6,554.97,2388.02,9055.29,1.3,47.16,522.46,2388.02,8132.29,8.3978,0.03,392,2388,100.0,39.08,23.5019,222,217,Healthy,97.75,0
3,6,0.0016,-0.0002,100.0,518.67,642.23,1572.14,1395.45,14.62,21.61,554.74,2388.01,9053.54,1.3,47.03,522.53,2388.04,8132.78,8.4483,0.03,391,2388,100.0,39.1,23.3827,222,216,Healthy,97.3,0
3,7,0.0033,-0.0002,100.0,518.67,642.13,1578.99,1398.35,14.62,21.61,555.11,2388.06,9063.66,1.3,47.37,522.84,2388.02,8142.66,8.4093,0.03,391,2388,100.0,38.99,23.3774,222,215,Healthy,96.85,0
3,8,0.0043,0.0005,100.0,518.67,642.48,1584.67,1390.74,14.62,21.61,554.36,2388.04,9048.72,1.3,47.32,522.31,2388.07,8134.5,8.3606,0.03,393,2388,100.0,38.91,23.4558,222,214,Healthy,96.4,0
3,9,0.0014,0.0002,100.0,518.67,642.08,1583.45,1398.01,14.62,21.61,554.07,2388.03,9052.38,1.3,47.08,522.44,2387.99,8136.61,8.4011,0.03,392,2388,100.0,39.02,23.4995,222,213,Healthy,95.95,0
3,10,-0.0009,0.0002,100.0,518.67,642.09,1593.27,1399.37,14.62,21.61,554.6,2388.01,9055.99,1.3,47.14,522.41,2388.0,8136.26,8.3841,0.03,392,2388,100.0,38.99,23.4497,222,212,Healthy,95.5,0
3,11,-0.0014,-0.0003,100.0,518.67,642.2,1579.24,1399.01,14.62,21.61,553.86,2388.03,9050.92,1.3,47.18,522.73,2388.05,8138.4,8.3922,0.03,391,2388,100.0,39.0,23.4544,222,211,Healthy,95.05,0
3,12,-0.001,-0.0001,100.0,518.67,642.33,1579.57,1402.45,14.62,21.61,554.01,2388.0,9054.75,1.3,47.23,522.02,2387.98,8136.28,8.4118,0.03,391,2388,100.0,38.99,23.3745,222,210,Healthy,94.59,0
3,13,0.0013,0.0002,100.0,518.67,641.96,1576.95,1396.48,14.62,21.61,554.87,2388.05,9058.7,1.3,47.2,522.17,2388.0,8137.56,8.4251,0.03,391,2388,100.0,39.06,23.4145,222,209,Healthy,94.14,0
3,14,0.0007,0.0004,100.0,518.67,642.1,1585.06,1400.81,14.62,21.61,555.45,2388.06,9060.37,1.3,47.34,522.34,2388.04,8141.87,8.413,0.03,391,2388,100.0,39.06,23.4663,222,208,Healthy,93.69,0
3,15,0.0011,-0.0002,100.0,518.67,642.03,1580.37,1405.0,14.62,21.61,554.51,2388.04,9048.08,1.3,47.21,521.84,2388.03,8134.34,8.4044,0.03,393,2388,100.0,39.02,23.4576,222,207,Healthy,93.24,0
3,16,0.0008,0.0003,100.0,518.67,642.13,1585.88,1402.51,14.62,21.61,554.21,2388.02,9049.13,1.3,47.3,522.48,2388.01,8139.4,8.3788,0.03,390,2388,100.0,39.01,23.3847,222,206,Healthy,92.79,0
3,17,0.0025,-0.0002,100.0,518.67,642.03,1583.74,1391.35,14.62,21.61,554.69,2388.01,9057.02,1.3,47.1,522.3,2388.02,8142.66,8.3999,0.03,395,2388,100.0,38.92,23.3649,222,205,Healthy,92.34,0
3,18,-0.0008,-0.0002,100.0,518.67,641.97,1581.23,1391.74,14.62,21.6,554.43,2388.05,9057.03,1.3,47.39,522.56,2388.0,8132.13,8.3955,0.03,391,2388,100.0,38.97,23.3724,222,204,Healthy,91.89,0
3,19,-0.0015,0.0004,100.0,518.67,642.09,1577.01,1398.31,14.62,21.61,555.31,2388.02,9052.57,1.3,46.98,522.72,2387.99,8142.03,8.427,0.03,390,2388,100.0,38.92,23.4644,222,203,Healthy,91.44,0
3,20,0.0001,0.0006,100.0,518.67,641.86,1585.84,1402.35,14.62,21.61,554.94,2388.04,9052.54,1.3,47.24,522.43,2387.97,8137.74,8.4123,0.03,392,2388,100.0,38.96,23.3318,222,202,Healthy,90.99,0
3,21,-0.0041,0.0002,100.0,518.67,642.3,1586.0,1391.72,14.62,21.61,554.76,2388.05,9061.34,1.3,47.36,522.29,2387.99,8143.11,8.3754,0.03,391,2388,100.0,38.91,23.2651,222,201,Healthy,90.54,0
3,22,-0.0027,-0.0004,100.0,518.67,642.0,1581.93,1399.98,14.62,21.6,554.23,2388.04,9050.05,1.3,47.23,521.9,2388.05,8134.2,8.414,0.03,391,2388,100.0,38.93,23.3709,222,200,Healthy,90.09,0
3,23,-0.0016,-0.0003,100.0,518.67,642.37,1589.42,1406.99,14.62,21.61,554.9,2387.97,9062.75,1.3,47.43,522.52,2388.04,8138.01,8.4177,0.03,392,2388,100.0,39.02,23.3656,222,199,Healthy,89.64,0
3,24,-0.0007,0.0005,100.0,518.67,641.78,1586.29,1396.27,14.62,21.61,553.88,2388.0,9059.04,1.3,47.31,522.48,2388.01,8132.58,8.3963,0.03,392,2388,100.0,39.03,23.4181,222,198,Healthy,89.19,0
3,25,0.0009,0.0003,100.0,518.67,642.42,1581.68,1399.3,14.62,21.61,554.15,2387.96,9049.66,1.3,47.32,522.02,2388.03,8142.49,8.3976,0.03,391,2388,100.0,38.87,23.4189,222,197,Healthy,88.74,0
3,26,-0.0007,-0.0004,100.0,518.67,642.28,1590.6,1396.54,14.62,21.61,554.11,2388.0,9058.1,1.3,47.21,521.93,2388.04,8137.46,8.4095,0.03,393,2388,100.0,38.85,23.3442,222,196,Healthy,88.29,0
3,27,0.0014,0.0003,100.0,518.67,642.17,1578.47,1401.69,14.62,21.61,553.83,2388.04,9057.1,1.3,47.27,522.19,2388.01,8131.59,8.379,0.03,392,2388,100.0,39.14,23.4504,222,195,Healthy,87.84,0
3,28,-0.0021,-0.0003,100.0,518.67,641.91,1576.92,1394.62,14.62,21.61,554.71,2388.06,9056.07,1.3,47.39,522.23,2388.04,8137.47,8.3836,0.03,390,2388,100.0,38.89,23.3448,222,194,Healthy,87.39,0
3,29,-0.0001,0.0006,100.0,518.67,642.46,1583.83,1392.09,14.62,21.61,555.31,2388.04,9061.93,1.3,47.16,521.55,2388.07,8142.99,8.4107,0.03,392,2388,100.0,38.95,23.5129,222,193,Healthy,86.94,0
3,30,0.0009,0.0005,100.0,518.67,641.73,1581.85,1390.3,14.62,21.61,554.6,2387.99,9052.46,1.3,47.22,522.21,2387.96,8133.57,8.3688,0.03,393,2388,100.0,39.12,23.4014,222,192,Healthy,86.49,0
3,31,0.0015,-0.0004,100.0,518.67,642.03,1588.87,1391.61,14.62,21.61,553.9,2388.02,9053.39,1.3,47.15,522.44,2387.96,8134.31,8.4332,0.03,391,2388,100.0,38.91,23.389,222,191,Healthy,86.04,0
3,32,0.0011,-0.0004,100.0,518.67,641.82,1586.63,1402.03,14.62,21.61,554.29,2388.05,9055.18,1.3,47.25,521.88,2388.04,8134.26,8.3925,0.03,393,2388,100.0,39.22,23.3788,222,190,Healthy,85.59,0
3,33,-0.0024,0.0,100.0,518.67,642.09,1586.86,1400.26,14.62,21.61,554.66,2388.05,9058.76,1.3,47.32,522.48,2388.01,8139.72,8.3989,0.03,392,2388,100.0,39.0,23.3811,222,189,Healthy,85.14,0
3,34,-0.0006,0.0003,100.0,518.67,642.69,1586.54,1399.44,14.62,21.61,554.4,2388.04,9056.35,1.3,47.4,522.46,2388.1,8144.7,8.4317,0.03,393,2388,100.0,38.9,23.4376,222,188,Healthy,84.68,0
3,35,0.0008,0.0,100.0,518.67,642.85,1587.14,1402.39,14.62,21.61,554.28,2387.91,9050.97,1.3,47.14,522.3,2388.06,8143.33,8.3721,0.03,391,2388,100.0,38.87,23.3805,222,187,Healthy,84.23,0
3,36,0.0018,-0.0002,100.0,518.67,642.56,1586.96,1402.59,14.62,21.61,554.21,2388.03,9062.27,1.3,47.25,522.26,2388.06,8138.05,8.415,0.03,393,2388,100.0,38.86,23.4402,222,186,Healthy,83.78,0
3,37,0.001,-0.0003,100.0,518.67,641.65,1586.5,1399.94,14.62,21.61,554.44,2388.05,9050.76,1.3,47.37,521.84,2388.09,8137.0,8.4407,0.03,390,2388,100.0,38.89,23.5158,222,185,Healthy,83.33,0
3,38,-0.0046,-0.0003,100.0,518.67,642.24,1588.66,1394.81,14.62,21.61,554.39,2388.02,9050.7,1.3,47.24,522.42,2387.99,8138.98,8.3947,0.03,392,2388,100.0,38.98,23.3312,222,184,Healthy,82.88,0
3,39,0.0023,-0.0,100.0,518.67,642.11,1595.32,1391.56,14.62,21.61,554.13,2388.05,9054.68,1.3,47.25,522.51,2388.05,8140.95,8.3862,0.03,390,2388,100.0,38.95,23.4459,222,183,Healthy,82.43,0
3,40,-0.0022,0.0004,100.0,518.67,641.99,1588.17,1407.17,14.62,21.61,553.86,2388.07,9052.29,1.3,47.2,522.44,2388.05,8133.54,8.399,0.03,391,2388,100.0,39.16,23.4429,222,182,Healthy,81.98,0
3,41,0.0034,-0.0002,100.0,518.67,642.2,1585.61,1401.74,14.62,21.61,554.06,2387.97,9055.24,1.3,47.13,522.17,2387.97,8141.91,8.3913,0.03,391,2388,100.0,38.87,23.3005,222,181,Healthy,81.53,0
3,42,-0.0008,0.0002,100.0,518.67,642.56,1586.43,1396.16,14.62,21.61,554.08,2388.09,9055.15,1.3,47.24,522.16,2388.04,8141.29,8.3874,0.03,390,2388,100.0,38.92,23.4227,222,180,Healthy,81.08,0
3,43,-0.002,0.0003,100.0,518.67,642.16,1584.84,1398.27,14.62,21.61,554.25,2388.06,9058.23,1.3,47.26,522.33,2388.07,8142.4,8.3877,0.03,391,2388,100.0,38.93,23.2673,222,179,Healthy,80.63,0
3,44,-0.0037,-0.0001,100.0,518.67,642.54,1583.0,1395.64,14.62,21.61,555.08,2388.04,9055.72,1.3,47.19,521.99,2388.03,8143.79,8.4078,0.03,392,2388,100.0,39.09,23.32,222,178,Healthy,80.18,0
3,45,0.0018,0.0002,100.0,518.67,642.22,1590.73,1406.04,14.62,21.61,554.11,2388.03,9055.44,1.3,47.19,522.07,2387.99,8134.92,8.3894,0.03,392,2388,100.0,38.93,23.4567,222,177,Healthy,79.73,0
3,46,-0.0026,0.0005,100.0,518.67,642.25,1587.67,1394.32,14.62,21.61,554.45,2388.04,9053.74,1.3,47.28,521.87,2388.01,8137.12,8.3784,0.03,391,2388,100.0,39.02,23.4084,222,176,Healthy,79.28,0
3,47,-0.0014,0.0,100.0,518.67,642.68,1580.95,1395.19,14.62,21.61,554.59,2388.04,9061.31,1.3,47.17,522.17,2388.04,8137.91,8.4536,0.03,391,2388,100.0,39.16,23.4179,222,175,Healthy,78.83,0
3,48,0.0008,0.0004,100.0,518.67,641.9,1581.26,1401.53,14.62,21.61,554.24,2388.02,9046.94,1.3,47.33,522.12,2388.0,8136.57,8.3852,0.03,393,2388,100.0,39.03,23.4948,222,174,Healthy,78.38,0
3,49,-0.0026,0.0006,100.0,518.67,642.46,1586.09,1401.91,14.62,21.61,554.01,2388.07,9049.95,1.3,47.21,522.51,2387.99,8136.29,8.4171,0.03,392,2388,100.0,39.13,23.3339,222,173,Healthy,77.93,0
3,50,0.0037,-0.0003,100.0,518.67,642.44,1580.18,1403.87,14.62,21.61,554.89,2388.01,9054.7,1.3,47.2,522.71,2388.03,8133.81,8.4204,0.03,390,2388,100.0,39.08,23.3735,222,172,Healthy,77.48,0
4,1,0.0019,-0.0004,100.0,518.67,642.03,1587.05,1414.42,14.62,21.61,553.57,2388.12,9048.2,1.3,47.53,521.24,2388.07,8130.24,8.4466,0.03,393,2388,100.0,38.64,23.298,272,271,Healthy,99.63,0
4,2,0.0056,0.0003,100.0,518.67,643.28,1587.31,1412.8,14.62,21.61,552.79,2388.07,9046.19,1.3,47.58,521.34,2388.17,8122.84,8.4382,0.03,394,2388,100.0,38.97,23.3651,272,270,Healthy,99.26,0
4,3,-0.002,0.0001,100.0,518.67,642.52,1586.97,1412.14,14.62,21.61,552.63,2388.07,9051.52,1.3,47.68,520.94,2388.14,8130.1,8.4747,0.03,392,2388,100.0,38.72,23.2927,272,269,Healthy,98.9,0
4,4,-0.0001,-0.0001,100.0,518.67,642.07,1595.43,1411.36,14.62,21.61,553.47,2388.14,9052.29,1.3,47.8,522.04,2388.11,8127.78,8.4948,0.03,393,2388,100.0,38.73,23.2552,272,268,Healthy,98.53,0
4,5,0.0029,-0.0003,100.0,518.67,643.07,1588.47,1410.3,14.62,21.61,554.03,2388.08,9047.32,1.3,47.53,521.58,2388.06,8127.2,8.3955,0.03,393,2388,100.0,38.73,23.2215,272,267,Healthy,98.16,0
4,6,-0.0013,-0.0001,100.0,518.67,643.0,1588.0,1411.93,14.62,21.61,553.48,2388.14,9046.48,1.3,47.48,521.77,2388.11,8132.55,8.4454,0.03,395,2388,100.0,38.83,23.3352,272,266,Healthy,97.79,0
4,7,-0.0032,0.0004,100.0,518.67,642.27,1591.86,1415.49,14.62,21.61,553.22,2388.16,9042.44,1.3,47.51,521.23,2388.09,8126.11,8.4666,0.03,392,2388,100.0,38.97,23.3082,272,265,Healthy,97.43,0
4,8,-0.001,-0.0001,100.0,518.67,643.11,1588.43,1407.3,14.62,21.61,553.43,2388.16,9052.08,1.3,47.64,521.49,2388.08,8125.26,8.4511,0.03,392,2388,100.0,38.81,23.2229,272,264,Healthy,97.06,0
4,9,0.0019,-0.0003,100.0,518.67,642.65,1590.56,1408.14,14.62,21.61,553.21,2388.11,9043.24,1.3,47.5,520.81,2388.17,8130.44,8.4359,0.03,392,2388,100.0,38.69,23.2045,272,263,Healthy,96.69,0
4,10,-0.0008,-0.0001,100.0,518.67,642.95,1594.74,1406.04,14.62,21.61,553.7,2388.15,9041.69,1.3,47.77,521.54,2388.06,8129.94,8.4199,0.03,391,2388,100.0,38.84,23.3087,272,262,Healthy,96.32,0
4,11,-0.001,-0.0002,100.0,518.67,642.64,1591.49,1416.25,14.62,21.61,553.18,2388.07,9047.26,1.3,47.49,521.79,2388.17,8132.8,8.4777,0.03,394,2388,100.0,39.0,23.3152,272,261,Healthy,95.96,0
4,12,0.0001,0.0002,100.0,518.67,642.79,1588.38,1414.33,14.62,21.61,553.52,2388.11,9049.99,1.3,47.55,521.21,2388.14,8131.39,8.4232,0.03,394,2388,100.0,38.75,23.2186,272,260,Healthy,95.59,0
4,13,0.0015,0.0001,100.0,518.67,642.59,1585.86,1407.23,14.62,21.61,553.32,2388.14,9043.61,1.3,47.43,521.57,2388.16,8122.75,8.4629,0.03,393,2388,100.0,39.03,23.1969,272,259,Healthy,95.22,0
4,14,-0.002,-0.0002,100.0,518.67,643.46,1590.52,1410.66,14.62,21.61,553.6,2388.1,9053.83,1.3,47.52,521.06,2388.15,8133.93,8.4487,0.03,393,2388,100.0,39.01,23.3425,272,258,Healthy,94.85,0
4,15,0.0022,0.0003,100.0,518.67,642.78,1589.37,1420.22,14.62,21.61,553.12,2388.1,9046.27,1.3,47.55,521.38,2388.09,8126.94,8.4547,0.03,394,2388,100.0,38.84,23.2888,272,257,Healthy,94.49,0
4,16,-0.0018,0.0002,100.0,518.67,642.97,1586.43,1410.81,14.62,21.61,553.2,2388.18,9056.8,1.3,47.53,521.76,2388.16,8129.4,8.4737,0.03,394,2388,100.0,38.8,23.2923,272,256,Healthy,94.12,0
4,17,-0.0018,-0.0004,100.0,518.67,643.0,1591.98,1404.23,14.62,21.61,552.76,2388.09,9052.17,1.3,47.59,521.35,2388.12,8127.78,8.4138,0.03,393,2388,100.0,38.84,23.2563,272,255,Healthy,93.75,0
4,18,-0.0033,-0.0004,100.0,518.67,642.99,1589.7,1407.38,14.62,21.61,554.12,2388.09,9055.18,1.3,47.65,520.65,2388.09,8128.02,8.468,0.03,394,2388,100.0,38.72,23.3197,272,254,Healthy,93.38,0
4,19,0.0005,-0.0004,100.0,518.67,642.74,1594.7,1410.74,14.62,21.61,554.05,2388.12,9051.2,1.3,47.72,521.42,2388.13,8131.76,8.4175,0.03,394,2388,100.0,39.03,23.3384,272,253,Healthy,93.01,0
4,20,-0.0003,-0.0003,100.0,518.67,642.29,1590.47,1399.25,14.62,21.61,553.54,2388.14,9048.53,1.3,47.67,521.27,2388.17,8131.52,8.4882,0.03,394,2388,100.0,38.75,23.333,272,252,Healthy,92.65,0
4,21,0.0014,-0.0003,100.0,518.67,642.55,1587.92,1407.26,14.62,21.61,552.89,2388.12,9047.25,1.3,47.49,521.45,2388.15,8123.83,8.4255,0.03,394,2388,100.0,38.57,23.2873,272,251,Healthy,92.28,0
4,22,-0.0015,0.0002,100.0,518.67,642.55,1584.91,1410.65,14.62,21.61,552.64,2388.17,9047.98,1.3,47.81,521.04,2388.1,8123.52,8.4576,0.03,394,2388,100.0,38.77,23.1929,272,250,Healthy,91.91,0
4,23,0.0016,-0.0005,100.0,518.67,642.73,1588.5,1406.1,14.62,21.61,553.73,2388.09,9047.75,1.3,47.66,521.07,2388.13,8124.6,8.4546,0.03,392,2388,100.0,38.73,23.3448,272,249,Healthy,91.54,0
4,24,-0.0032,-0.0001,100.0,518.67,642.71,1593.47,1413.72,14.62,21.61,552.54,2388.13,9049.66,1.3,47.55,520.7,2388.12,8128.26,8.4571,0.03,394,2388,100.0,38.62,23.2712,272,248,Healthy,91.18,0
4,25,-0.0048,-0.0001,100.0,518.67,642.9,1587.78,1409.01,14.62,21.61,552.89,2388.13,9056.07,1.3,47.66,521.78,2388.04,8133.51,8.4751,0.03,393,2388,100.0,39.01,23.3498,272,247,Healthy,90.81,0
4,26,0.0004,-0.0001,100.0,518.67,642.7,1591.21,1411.78,14.62,21.61,552.54,2388.14,9041.62,1.3,47.52,521.18,2388.09,8129.34,8.4415,0.03,391,2388,100.0,38.92,23.2608,272,246,Healthy,90.44,0
4,27,0.0014,0.0001,100.0,518.67,642.62,1588.47,1414.26,14.62,21.61,552.41,2388.13,9046.37,1.3,47.41,520.93,2388.12,8132.52,8.4232,0.03,392,2388,100.0,38.99,23.1938,272,245,Healthy,90.07,0
4,28,-0.0011,-0.0001,100.0,518.67,642.63,1585.97,1405.85,14.62,21.61,553.46,2388.15,9052.6,1.3,47.61,520.81,2388.13,8125.47,8.4776,0.03,392,2388,100.0,38.83,23.3546,272,244,Healthy,89.71,0
4,29,0.0041,-0.0005,100.0,518.67,643.11,1590.19,1409.88,14.62,21.61,552.63,2388.14,9052.87,1.3,47.46,521.15,2388.14,8132.11,8.4244,0.03,391,2388,100.0,38.81,23.2991,272,243,Healthy,89.34,0
4,30,0.001,0.0001,100.0,518.67,642.38,1592.77,1408.4,14.62,21.61,553.44,2388.13,9046.16,1.3,47.51,521.66,2388.11,8130.58,8.4515,0.03,394,2388,100.0,39.02,23.1688,272,242,Healthy,88.97,0
4,31,0.0008,0.0003,100.0,518.67,642.66,1585.4,1404.24,14.62,21.61,552.71,2388.08,9049.67,1.3,47.45,521.64,2388.1,8130.6,8.4496,0.03,394,2388,100.0,39.07,23.2197,272,241,Healthy,88.6,0
4,32,0.001,0.0005,100.0,518.67,642.9,1594.32,1411.81,14.62,21.61,553.59,2388.1,9047.19,1.3,47.56,521.51,2388.12,8128.89,8.4472,0.03,393,2388,100.0,38.76,23.1956,272,240,Healthy,88.24,0
4,33,0.0015,-0.0002,100.0,518.67,642.64,1592.27,1402.22,14.62,21.61,553.67,2388.16,9056.57,1.3,47.59,521.6,2388.07,8130.71,8.4357,0.03,394,2388,100.0,38.82,23.3529,272,239,Healthy,87.87,0
4,34,0.0007,0.0002,100.0,518.67,642.33,1594.74,1406.68,14.62,21.61,553.64,2388.06,9045.03,1.3,47.69,521.34,2388.09,8128.8,8.4417,0.03,391,2388,100.0,38.57,23.238,272,238,Healthy,87.5,0
4,35,0.0002,0.0004,100.0,518.67,642.52,1591.28,1404.47,14.62,21.61,552.91,2388.18,9048.94,1.3,47.48,521.51,2388.07,8127.68,8.4398,0.03,393,2388,100.0,38.65,23.3044,272,237,Healthy,87.13,0
4,36,0.0034,-0.0,100.0,518.67,642.68,1585.89,1411.85,14.62,21.61,553.72,2388.09,9052.15,1.3,47.64,521.07,2388.16,8126.34,8.4269,0.03,393,2388,100.0,38.95,23.3079,272,236,Healthy,86.76,0
4,37,0.0004,-0.0004,100.0,518.67,642.57,1590.69,1421.7,14.62,21.61,553.24,2388.13,9046.86,1.3,47.51,521.3,2388.12,8125.86,8.4084,0.03,393,2388,100.0,38.73,23.2838,272,235,Healthy,86.4,0
4,38,-0.0004,0.0004,100.0,518.67,642.28,1595.11,1405.53,14.62,21.61,553.1,2388.15,9052.69,1.3,47.56,521.34,2388.06,8132.7,8.4633,0.03,394,2388,100.0,38.86,23.1731,272,234,Healthy,86.03,0
4,39,-0.0001,0.0003,100.0,518.67,642.76,1584.31,1412.27,14.62,21.61,552.64,2388.1,9044.91,1.3,47.42,520.9,2388.16,8132.15,8.45,0.03,392,2388,100.0,38.82,23.3163,272,233,Healthy,85.66,0
4,40,0.0012,0.0001,100.0,518.67,642.68,1586.62,1410.98,14.62,21.61,553.49,2388.14,9049.17,1.3,47.59,521.0,2388.12,8127.51,8.4734,0.03,396,2388,100.0,38.82,23.302,272,232,Healthy,85.29,0
4,41,-0.0035,-0.0001,100.0,518.67,642.21,1596.08,1406.07,14.62,21.61,553.26,2388.13,9052.84,1.3,47.6,520.99,2388.13,8125.89,8.4377,0.03,393,2388,100.0,38.77,23.3673,272,231,Healthy,84.93,0
4,42,-0.0001,0.0003,100.0,518.67,642.85,1588.6,1406.72,14.62,21.61,553.73,2388.12,9053.77,1.3,47.4,520.81,2388.09,8126.64,8.4515,0.03,393,2388,100.0,38.93,23.2986,272,230,Healthy,84.56,0
4,43,0.003,-0.0003,100.0,518.67,642.56,1592.04,1408.01,14.62,21.61,553.48,2388.14,9041.73,1.3,47.58,521.11,2388.14,8128.52,8.4396,0.03,392,2388,100.0,38.78,23.2666,272,229,Healthy,84.19,0
4,44,0.0026,0.0004,100.0,518.67,643.01,1589.64,1408.3,14.62,21.61,553.53,2388.1,9045.52,1.3,47.81,521.15,2388.04,8126.78,8.4298,0.03,394,2388,100.0,38.76,23.3275,272,228,Healthy,83.82,0
4,45,-0.0016,0.0003,100.0,518.67,642.89,1597.53,1407.65,14.62,21.61,553.05,2388.12,9044.72,1.3,47.53,521.28,2388.11,8122.35,8.4446,0.03,393,2388,100.0,38.76,23.2387,272,227,Healthy,83.46,0
4,46,0.0013,-0.0004,100.0,518.67,643.08,1590.35,1407.3,14.62,21.61,553.2,2388.12,9050.22,1.3,47.6,521.72,2388.11,8132.3,8.4452,0.03,393,2388,100.0,38.69,23.1473,272,226,Healthy,83.09,0
4,47,0.0045,0.0,100.0,518.67,642.34,1583.37,1406.05,14.62,21.61,552.84,2388.13,9048.44,1.3,47.54,521.21,2388.18,8128.39,8.4693,0.03,392,2388,100.0,38.73,23.2166,272,225,Healthy,82.72,0
4,48,-0.0024,0.0002,100.0,518.67,642.79,1590.14,1411.2,14.62,21.61,552.73,2388.14,9040.91,1.3,47.6,521.43,2388.13,8127.1,8.4522,0.03,394,2388,100.0,38.79,23.2787,272,224,Healthy,82.35,0
4,49,-0.0039,0.0002,100.0,518.67,642.7,1592.73,1405.59,14.62,21.61,553.77,2388.12,9044.92,1.3,47.75,521.28,2388.16,8128.44,8.4435,0.03,393,2388,100.0,38.86,23.3558,272,223,Healthy,81.99,0
4,50,-0.0031,0.0002,100.0,518.67,642.53,1587.82,1411.66,14.62,21.61,553.14,2388.11,9055.68,1.3,47.5,521.65,2388.15,8130.81,8.4941,0.03,392,2388,100.0,38.97,23.2884,272,222,Healthy,81.62,0
5,1,0.0002,0.0001,100.0,518.67,643.4,1592.65,1408.75,14.62,21.61,554.06,2388.03,9048.88,1.3,47.54,521.54,2388.12,8127.96,8.436,0.03,392,2388,100.0,38.91,23.3088,213,212,Healthy,99.53,0
5,2,-0.0008,-0.0004,100.0,518.67,642.48,1589.88,1403.32,14.62,21.61,553.71,2388.1,9045.31,1.3,47.41,521.35,2388.14,8134.3,8.422,0.03,392,2388,100.0,38.84,23.3777,213,211,Healthy,99.06,0
5,3,-0.0018,-0.0,100.0,518.67,642.37,1587.49,1401.21,14.62,21.61,554.34,2388.08,9050.25,1.3,47.33,521.56,2388.07,8127.99,8.4232,0.03,392,2388,100.0,38.74,23.2717,213,210,Healthy,98.59,0
5,4,0.0015,0.0002,100.0,518.67,642.76,1587.26,1403.71,14.62,21.61,553.73,2388.11,9050.85,1.3,47.27,521.87,2388.13,8130.32,8.449,0.03,391,2388,100.0,38.91,23.2782,213,209,Healthy,98.12,0
5,5,-0.0015,-0.0001,100.0,518.67,643.07,1590.86,1404.03,14.62,21.61,553.73,2388.14,9047.56,1.3,47.51,521.72,2388.06,8132.45,8.4254,0.03,392,2388,100.0,38.81,23.3604,213,208,Healthy,97.65,0
5,6,0.0009,-0.0003,100.0,518.67,642.78,1592.96,1405.1,14.62,21.61,553.5,2388.13,9046.22,1.3,47.5,521.63,2388.1,8128.19,8.4391,0.03,391,2388,100.0,38.96,23.2102,213,207,Healthy,97.18,0
5,7,0.0022,0.0005,100.0,518.67,642.75,1581.64,1407.9,14.62,21.61,553.53,2388.09,9045.59,1.3,47.61,520.89,2388.07,8131.85,8.465,0.03,394,2388,100.0,38.84,23.3896,213,206,Healthy,96.71,0
5,8,-0.002,-0.0005,100.0,518.67,642.64,1582.76,1410.27,14.62,21.61,553.36,2388.08,9045.08,1.3,47.5,521.71,2388.14,8128.8,8.4665,0.03,392,2388,100.0,38.99,23.3508,213,205,Healthy,96.24,0
5,9,-0.0016,0.0001,100.0,518.67,642.93,1593.85,1404.69,14.62,21.61,553.47,2388.1,9047.58,1.3,47.39,521.23,2388.17,8125.28,8.4057,0.03,392,2388,100.0,38.79,23.2997,213,204,Healthy,95.77,0
5,10,-0.0003,-0.0001,100.0,518.67,642.83,1585.24,1408.43,14.62,21.61,553.36,2388.1,9049.99,1.3,47.47,521.07,2388.09,8124.13,8.4707,0.03,394,2388,100.0,38.78,23.4111,213,203,Healthy,95.31,0
5,11,-0.0026,-0.0003,100.0,518.67,642.29,1594.36,1406.39,14.62,21.61,554.18,2388.07,9048.76,1.3,47.61,521.68,2388.01,8126.85,8.4222,0.03,393,2388,100.0,39.03,23.3603,213,202,Healthy,94.84,0
5,12,0.0008,0.0004,100.0,518.67,642.57,1583.47,1406.59,14.62,21.61,553.81,2388.12,9053.94,1.3,47.42,521.45,2388.07,8130.72,8.4405,0.03,393,2388,100.0,38.76,23.2577,213,201,Healthy,94.37,0
5,13,-0.0012,-0.0004,100.0,518.67,642.34,1590.71,1410.61,14.62,21.61,553.72,2388.11,9044.27,1.3,47.57,521.72,2388.08,8126.76,8.4236,0.03,392,2388,100.0,38.94,23.2529,213,200,Healthy,93.9,0
5,14,0.0025,-0.0001,100.0,518.67,642.52,1592.3,1406.5,14.62,21.61,553.57,2388.16,9049.36,1.3,47.7,521.69,2388.17,8128.85,8.4278,0.03,393,2388,100.0,38.94,23.2255,213,199,Healthy,93.43,0
5,15,0.0006,-0.0002,100.0,518.67,642.22,1590.3,1404.62,14.62,21.61,553.18,2388.09,9045.27,1.3,47.65,521.14,2388.16,8129.06,8.4352,0.03,393,2388,100.0,38.88,23.2644,213,198,Healthy,92.96,0
5,16,0.0051,0.0001,100.0,518.67,642.57,1583.58,1403.57,14.62,21.61,553.39,2388.1,9041.02,1.3,47.45,521.74,2388.1,8125.99,8.4511,0.03,394,2388,100.0,38.88,23.337,213,197,Healthy,92.49,0
5,17,-0.0025,0.0004,100.0,518.67,642.96,1590.72,1410.89,14.62,21.61,553.21,2388.11,9044.84,1.3,47.59,521.76,2388.11,8126.19,8.4231,0.03,392,2388,100.0,38.85,23.3043,213,196,Healthy,92.02,0
5,18,0.0021,0.0002,100.0,518.67,642.54,1588.29,1402.49,14.62,21.61,553.82,2388.09,9054.31,1.3,47.55,521.72,2388.16,8131.35,8.4463,0.03,392,2388,100.0,38.73,23.4157,213,195,Healthy,91.55,0
5,19,0.0004,-0.0001,100.0,518.67,642.52,1585.1,1402.27,14.62,21.61,552.7,2388.13,9047.08,1.3,47.41,521.53,2388.11,8131.02,8.4612,0.03,394,2388,100.0,38.85,23.3409,213,194,Healthy,91.08,0
5,20,-0.0006,0.0004,100.0,518.67,642.22,1597.92,1403.13,14.62,21.61,554.11,2388.11,9049.46,1.3,47.53,521.43,2388.12,8125.72,8.4587,0.03,392,2388,100.0,38.86,23.3036,213,193,Healthy,90.61,0
5,21,-0.0015,-0.0005,100.0,518.67,642.36,1583.66,1403.17,14.62,21.61,553.51,2388.1,9053.5,1.3,47.55,521.69,2388.15,8128.09,8.4221,0.03,393,2388,100.0,38.78,23.3146,213,192,Healthy,90.14,0
5,22,-0.0026,0.0004,100.0,518.67,642.74,1591.08,1406.0,14.62,21.61,553.78,2388.06,9043.64,1.3,47.52,521.84,2388.05,8128.51,8.414,0.03,393,2388,100.0,38.84,23.3547,213,191,Healthy,89.67,0
5,23,0.0023,0.0005,100.0,518.67,642.44,1586.4,1408.05,14.62,21.61,553.47,2388.13,9040.29,1.3,47.45,521.45,2388.12,8122.66,8.464,0.03,394,2388,100.0,38.92,23.3348,213,190,Healthy,89.2,0
5,24,-0.0019,-0.0002,100.0,518.67,643.09,1584.64,1406.14,14.62,21.61,553.65,2388.08,9049.3,1.3,47.38,521.78,2388.08,8129.77,8.4048,0.03,390,2388,100.0,38.85,23.3423,213,189,Healthy,88.73,0
5,25,0.0015,0.0002,100.0,518.67,642.3,1586.18,1408.74,14.62,21.61,553.84,2388.14,9043.19,1.3,47.52,521.44,2388.09,8130.76,8.4188,0.03,392,2388,100.0,38.79,23.3352,213,188,Healthy,88.26,0
5,26,-0.0017,-0.0002,100.0,518.67,642.85,1592.91,1411.06,14.62,21.61,554.15,2388.07,9040.18,1.3,47.39,521.26,2388.14,8123.71,8.3952,0.03,393,2388,100.0,38.81,23.2583,213,187,Healthy,87.79,0
5,27,0.0041,-0.0003,100.0,518.67,642.85,1592.38,1400.08,14.62,21.61,553.22,2388.09,9051.01,1.3,47.27,521.4,2388.1,8129.22,8.4211,0.03,393,2388,100.0,39.02,23.3333,213,186,Healthy,87.32,0
5,28,-0.0052,-0.0001,100.0,518.67,642.97,1600.66,1403.2,14.62,21.61,554.25,2388.09,9052.8,1.3,47.45,521.88,2388.11,8134.97,8.4456,0.03,393,2388,100.0,38.95,23.2875,213,185,Healthy,86.85,0
5,29,0.0031,0.0003,100.0,518.67,642.62,1586.43,1400.12,14.62,21.61,553.71,2388.07,9051.9,1.3,47.48,521.51,2388.14,8128.26,8.4357,0.03,393,2388,100.0,38.95,23.2871,213,184,Healthy,86.38,0
5,30,-0.0002,0.0001,100.0,518.67,642.85,1593.22,1405.34,14.62,21.61,554.08,2388.06,9049.94,1.3,47.43,521.29,2388.13,8125.27,8.422,0.03,392,2388,100.0,38.85,23.3956,213,183,Healthy,85.92,0
5,31,-0.002,-0.0,100.0,518.67,642.63,1586.56,1408.91,14.62,21.61,553.09,2388.1,9044.18,1.3,47.4,521.74,2388.05,8129.03,8.4173,0.03,392,2388,100.0,38.78,23.2551,213,182,Healthy,85.45,0
5,32,-0.0004,-0.0004,100.0,518.67,642.72,1599.41,1400.45,14.62,21.61,553.28,2388.11,9049.73,1.3,47.48,522.21,2388.12,8125.39,8.4316,0.03,393,2388,100.0,38.74,23.2627,213,181,Healthy,84.98,0
5,33,0.0016,-0.0004,100.0,518.67,642.49,1589.53,1405.7,14.62,21.61,553.94,2388.1,9042.67,1.3,47.4,521.53,2388.03,8128.86,8.4139,0.03,391,2388,100.0,38.83,23.2945,213,180,Healthy,84.51,0
5,34,-0.0009,0.0004,100.0,518.67,643.13,1591.38,1401.01,14.62,21.61,553.71,2388.13,9039.86,1.3,47.4,521.87,2388.09,8123.81,8.4038,0.03,393,2388,100.0,38.96,23.3057,213,179,Healthy,84.04,0
5,35,0.0019,0.0002,100.0,518.67,642.72,1591.6,1406.83,14.62,21.61,553.15,2388.07,9045.4,1.3,47.31,521.56,2388.13,8131.96,8.4309,0.03,393,2388,100.0,38.95,23.2923,213,178,Healthy,83.57,0
5,36,-0.0025,0.0002,100.0,518.67,642.61,1589.71,1403.9,14.62,21.61,553.12,2388.08,9052.06,1.3,47.3,521.34,2388.14,8128.3,8.4396,0.03,392,2388,100.0,39.03,23.238,213,177,Healthy,83.1,0
5,37,0.0013,-0.0004,100.0,518.67,642.73,1585.41,1400.41,14.62,21.61,553.38,2388.13,9049.33,1.3,47.62,521.92,2388.09,8131.24,8.4075,0.03,393,2388,100.0,38.95,23.43,213,176,Healthy,82.63,0
5,38,0.0023,-0.0005,100.0,518.67,642.7,1593.8,1406.43,14.62,21.61,553.75,2388.08,9047.92,1.3,47.34,521.68,2388.08,8128.18,8.4767,0.03,392,2388,100.0,38.9,23.2909,213,175,Healthy,82.16,0
5,39,-0.0005,-0.0003,100.0,518.67,642.23,1594.45,1403.31,14.62,21.61,553.81,2388.14,9045.22,1.3,47.42,521.89,2388.1,8125.93,8.4225,0.03,393,2388,100.0,38.77,23.1912,213,174,Healthy,81.69,0
5,40,0.001,0.0003,100.0,518.67,642.6,1587.46,1400.93,14.62,21.61,553.35,2388.1,9043.83,1.3,47.48,521.2,2388.1,8127.08,8.4647,0.03,393,2388,100.0,38.79,23.3683,213,173,Healthy,81.22,0
5,41,-0.0018,-0.0004,100.0,518.67,642.85,1593.18,1398.87,14.62,21.61,553.65,2388.11,9047.0,1.3,47.56,521.59,2388.1,8132.34,8.4043,0.03,392,2388,100.0,38.78,23.3024,213,172,Healthy,80.75,0
5,42,0.001,-0.0002,100.0,518.67,642.67,1589.42,1409.11,14.62,21.61,553.72,2388.1,9044.62,1.3,47.48,521.5,2388.11,8128.03,8.4345,0.03,393,2388,100.0,39.01,23.2842,213,171,Healthy,80.28,0
5,43,-0.0002,-0.0003,100.0,518.67,642.15,1585.43,1410.59,14.62,21.61,553.8,2388.13,9051.76,1.3,47.29,521.75,2388.08,8132.3,8.4446,0.03,391,2388,100.0,38.77,23.2913,213,170,Healthy,79.81,0
5,44,0.0043,0.0002,100.0,518.67,642.29,1585.67,1399.55,14.62,21.61,553.59,2388.15,9040.68,1.3,47.57,521.18,2388.1,8126.06,8.4136,0.03,392,2388,100.0,38.83,23.3106,213,169,Healthy,79.34,0
5,45,-0.0038,-0.0002,100.0,518.67,642.54,1585.18,1404.19,14.62,21.61,553.61,2388.14,9046.59,1.3,47.66,521.97,2388.1,8131.72,8.4351,0.03,393,2388,100.0,38.91,23.2856,213,168,Healthy,78.87,0
5,46,0.0003,-0.0005,100.0,518.67,642.4,1588.26,1401.77,14.62,21.61,553.41,2388.08,9057.99,1.3,47.65,521.33,2388.08,8125.07,8.4727,0.03,394,2388,100.0,39.02,23.315,213,167,Healthy,78.4,0
5,47,-0.0003,0.0001,100.0,518.67,642.86,1584.46,1402.83,14.62,21.61,553.69,2388.1,9050.49,1.3,47.68,521.13,2388.12,8132.19,8.4346,0.03,393,2388,100.0,39.0,23.2806,213,166,Healthy,77.93,0
5,48,-0.0025,-0.0003,100.0,518.67,643.08,1595.38,1404.24,14.62,21.61,553.51,2388.08,9046.1,1.3,47.53,521.2,2388.09,8132.28,8.4396,0.03,393,2388,100.0,38.85,23.336,213,165,Healthy,77.46,0
5,49,-0.0011,-0.0002,100.0,518.67,642.55,1591.29,1411.31,14.62,21.61,553.61,2388.09,9048.74,1.3,47.46,521.53,2388.14,8128.02,8.3861,0.03,393,2388,100.0,38.79,23.3576,213,164,Healthy,77.0,0
5,50,-0.0013,-0.0002,100.0,518.67,642.53,1595.3,1402.14,14.62,21.61,553.31,2388.08,9044.31,1.3,47.33,521.98,2388.07,8134.7,8.431,0.03,394,2388,100.0,39.03,23.2765,213,163,Healthy,76.53,0
6,1,0.0014,-0.0,100.0,518.67,642.58,1585.73,1398.43,14.62,21.61,553.44,2388.05,9064.87,1.3,47.16,521.88,2388.05,8142.76,8.4195,0.03,392,2388,100.0,39.0,23.2726,278,277,Healthy,99.64,0
6,2,0.0034,-0.0005,100.0,518.67,641.97,1583.61,1394.49,14.62,21.61,553.58,2388.05,9058.83,1.3,47.26,521.43,2388.12,8146.91,8.4167,0.03,391,2388,100.0,38.81,23.3522,278,276,Healthy,99.28,0
6,3,-0.0004,0.0,100.0,518.67,642.81,1596.63,1401.59,14.62,21.61,553.41,2388.09,9059.72,1.3,47.63,521.19,2388.08,8142.36,8.4294,0.03,394,2388,100.0,38.86,23.3469,278,275,Healthy,98.92,0
6,4,-0.003,0.0002,100.0,518.67,642.76,1595.16,1403.99,14.62,21.61,554.21,2388.05,9064.82,1.3,47.38,522.15,2388.05,8140.66,8.3918,0.03,395,2388,100.0,38.99,23.2735,278,274,Healthy,98.56,0
6,5,0.0019,0.0004,100.0,518.67,642.87,1593.02,1407.91,14.62,21.61,553.76,2388.06,9066.83,1.3,47.26,521.68,2388.06,8141.66,8.4348,0.03,393,2388,100.0,38.86,23.4021,278,273,Healthy,98.2,0
6,6,-0.0003,0.0002,100.0,518.67,642.48,1584.52,1399.6,14.62,21.61,554.87,2388.08,9068.76,1.3,47.64,521.96,2388.01,8143.3,8.4257,0.03,390,2388,100.0,39.12,23.3245,278,272,Healthy,97.84,0
6,7,0.0005,-0.0005,100.0,518.67,642.79,1588.58,1404.87,14.62,21.61,553.74,2388.04,9061.64,1.3,47.22,521.9,2388.09,8136.98,8.4185,0.03,394,2388,100.0,38.94,23.2964,278,271,Healthy,97.48,0
6,8,-0.0003,0.0001,100.0,518.67,642.75,1591.89,1405.59,14.62,21.61,554.1,2388.06,9063.24,1.3,47.36,521.27,2388.13,8141.3,8.4265,0.03,392,2388,100.0,38.79,23.3355,278,270,Healthy,97.12,0
6,9,-0.0015,-0.0,100.0,518.67,642.93,1591.39,1408.23,14.62,21.61,553.88,2388.07,9050.43,1.3,47.49,521.52,2388.07,8139.74,8.4081,0.03,391,2388,100.0,38.83,23.4171,278,269,Healthy,96.76,0
6,10,0.001,0.0002,100.0,518.67,642.08,1588.11,1400.37,14.62,21.61,554.15,2388.03,9059.13,1.3,47.35,521.32,2388.1,8147.31,8.402,0.03,393,2388,100.0,39.11,23.3261,278,268,Healthy,96.4,0
6,11,0.001,0.0004,100.0,518.67,641.94,1593.66,1399.85,14.62,21.61,553.68,2388.12,9060.33,1.3,47.35,521.42,2388.09,8139.48,8.4248,0.03,394,2388,100.0,38.97,23.3632,278,267,Healthy,96.04,0
6,12,-0.0018,0.0004,100.0,518.67,642.48,1588.54,1406.77,14.62,21.61,553.25,2388.01,9060.92,1.3,47.46,522.02,2388.05,8136.45,8.4515,0.03,392,2388,100.0,38.89,23.2361,278,266,Healthy,95.68,0
6,13,0.0049,-0.0004,100.0,518.67,642.97,1579.43,1406.15,14.62,21.61,554.06,2388.02,9054.05,1.3,47.35,521.48,2388.04,8142.43,8.4253,0.03,393,2388,100.0,39.0,23.3894,278,265,Healthy,95.32,0
6,14,0.0003,0.0002,100.0,518.67,642.38,1585.56,1411.28,14.62,21.61,554.07,2388.07,9052.82,1.3,47.32,521.86,2388.07,8141.06,8.4098,0.03,390,2388,100.0,38.79,23.2463,278,264,Healthy,94.96,0
6,15,-0.0001,-0.0003,100.0,518.67,642.24,1581.93,1400.24,14.62,21.61,553.39,2388.07,9066.42,1.3,47.51,521.94,2388.02,8146.01,8.4172,0.03,393,2388,100.0,38.78,23.2859,278,263,Healthy,94.6,0
6,16,-0.0009,0.0004,100.0,518.67,642.04,1591.75,1399.06,14.62,21.61,553.5,2388.05,9060.38,1.3,47.31,522.31,2388.1,8143.03,8.4439,0.03,394,2388,100.0,38.88,23.3132,278,262,Healthy,94.24,0
6,17,0.001,-0.0004,100.0,518.67,642.72,1589.54,1400.63,14.62,21.61,554.3,2388.07,9058.81,1.3,47.29,521.62,2388.09,8141.89,8.4259,0.03,392,2388,100.0,38.91,23.4286,278,261,Healthy,93.88,0
6,18,0.0016,0.0003,100.0,518.67,642.24,1588.27,1402.1,14.62,21.61,553.58,2388.06,9065.0,1.3,47.47,521.69,2388.04,8140.46,8.4369,0.03,391,2388,100.0,38.85,23.3931,278,260,Healthy,93.53,0
6,19,0.0022,-0.0001,100.0,518.67,642.39,1586.74,1404.53,14.62,21.61,553.48,2388.09,9061.94,1.3,47.34,521.52,2388.09,8137.87,8.4093,0.03,393,2388,100.0,38.86,23.3345,278,259,Healthy,93.17,0
6,20,-0.0005,0.0005,100.0,518.67,642.67,1591.13,1399.58,14.62,21.61,554.03,2388.04,9057.47,1.3,47.32,521.94,2388.01,8144.54,8.4233,0.03,391,2388,100.0,38.8,23.3437,278,258,Healthy,92.81,0
6,21,-0.0024,0.0001,100.0,518.67,642.64,1584.7,1403.81,14.62,21.61,553.66,2388.02,9056.56,1.3,47.4,521.92,2388.05,8139.16,8.4174,0.03,392,2388,100.0,38.89,23.3544,278,257,Healthy,92.45,0
6,22,-0.0009,-0.0,100.0,518.67,642.65,1594.69,1405.92,14.62,21.61,553.44,2388.12,9060.39,1.3,47.37,521.73,2388.09,8144.45,8.4028,0.03,393,2388,100.0,39.04,23.3414,278,256,Healthy,92.09,0
6,23,-0.001,0.0,100.0,518.67,642.47,1589.94,1402.96,14.62,21.61,554.03,2388.11,9060.05,1.3,47.23,521.43,2388.09,8138.89,8.4263,0.03,391,2388,100.0,39.16,23.3814,278,255,Healthy,91.73,0
6,24,-0.0016,-0.0005,100.0,518.67,642.28,1582.18,1403.66,14.62,21.61,553.98,2388.06,9060.72,1.3,47.48,522.31,2388.14,8144.96,8.4589,0.03,392,2388,100.0,38.71,23.2756,278,254,Healthy,91.37,0
6,25,-0.0003,-0.0,100.0,518.67,642.4,1584.76,1402.96,14.62,21.61,553.42,2388.08,9066.84,1.3,47.51,521.36,2388.06,8143.88,8.4485,0.03,393,2388,100.0,38.88,23.2976,278,253,Healthy,91.01,0
6,26,0.0042,0.0004,100.0,518.67,642.52,1586.2,1405.4,14.62,21.61,553.74,2388.05,9063.49,1.3,47.18,521.7,2388.05,8143.93,8.4342,0.03,393,2388,100.0,39.04,23.3952,278,252,Healthy,90.65,0
6,27,-0.0026,0.0002,100.0,518.67,642.53,1587.35,1406.24,14.62,21.61,553.74,2388.02,9067.62,1.3,47.33,521.76,2388.1,8144.24,8.4444,0.03,394,2388,100.0,38.95,23.4668,278,251,Healthy,90.29,0
6,28,-0.0001,0.0001,100.0,518.67,642.49,1592.18,1401.25,14.62,21.61,553.47,2388.01,9057.98,1.3,47.44,522.32,2388.05,8137.28,8.4575,0.03,392,2388,100.0,38.9,23.2879,278,250,Healthy,89.93,0
6,29,0.0007,0.0005,100.0,518.67,642.61,1594.87,1402.48,14.62,21.61,553.76,2388.09,9059.91,1.3,47.33,522.11,2388.09,8138.95,8.4355,0.03,393,2388,100.0,38.96,23.4236,278,249,Healthy,89.57,0
6,30,0.0001,0.0002,100.0,518.67,642.7,1596.19,1398.8,14.62,21.61,554.14,2388.11,9065.86,1.3,47.54,521.08,2388.05,8140.03,8.3876,0.03,392,2388,100.0,38.74,23.3745,278,248,Healthy,89.21,0
6,31,0.0011,0.0005,100.0,518.67,642.07,1589.78,1413.23,14.62,21.61,554.09,2388.1,9057.43,1.3,47.33,521.92,2388.11,8139.92,8.4409,0.03,392,2388,100.0,38.94,23.3899,278,247,Healthy,88.85,0
6,32,-0.0006,-0.0004,100.0,518.67,642.39,1588.07,1396.38,14.62,21.61,553.79,2387.99,9061.88,1.3,47.41,521.26,2388.05,8142.42,8.4547,0.03,394,2388,100.0,38.87,23.2438,278,246,Healthy,88.49,0
6,33,0.0005,0.0004,100.0,518.67,642.7,1591.42,1399.65,14.62,21.61,554.11,2388.04,9064.15,1.3,47.51,521.64,2388.0,8142.79,8.4476,0.03,393,2388,100.0,38.94,23.3316,278,245,Healthy,88.13,0
6,34,0.0033,-0.0003,100.0,518.67,642.18,1587.15,1404.71,14.62,21.61,553.54,2388.11,9061.92,1.3,47.34,521.71,2388.07,8143.44,8.4205,0.03,393,2388,100.0,38.78,23.3564,278,244,Healthy,87.77,0
6,35,-0.0013,0.0005,100.0,518.67,642.58,1587.44,1397.43,14.62,21.61,553.65,2388.07,9060.5,1.3,47.25,521.86,2388.05,8141.98,8.3962,0.03,393,2388,100.0,38.95,23.378,278,243,Healthy,87.41,0
6,36,0.0003,-0.0001,100.0,518.67,642.88,1594.82,1404.22,14.62,21.61,553.24,2388.04,9060.51,1.3,47.55,522.11,2388.1,8137.49,8.3997,0.03,393,2388,100.0,39.09,23.2255,278,242,Healthy,87.05,0
6,37,0.0008,0.0003,100.0,518.67,642.65,1588.25,1399.14,14.62,21.61,553.64,2388.09,9056.34,1.3,47.45,521.82,2388.05,8144.21,8.3947,0.03,392,2388,100.0,38.94,23.3583,278,241,Healthy,86.69,0
6,38,-0.0001,-0.0001,100.0,518.67,642.35,1593.2,1401.73,14.62,21.61,553.09,2388.05,9060.62,1.3,47.29,521.67,2388.07,8139.66,8.4659,0.03,392,2388,100.0,39.06,23.4587,278,240,Healthy,86.33,0
6,39,0.0018,0.0001,100.0,518.67,642.73,1587.43,1398.96,14.62,21.61,554.32,2388.08,9058.3,1.3,47.45,521.78,2388.07,8136.92,8.4493,0.03,393,2388,100.0,38.81,23.3367,278,239,Healthy,85.97,0
6,40,0.002,-0.0004,100.0,518.67,642.6,1588.29,1403.04,14.62,21.6,554.02,2388.05,9066.03,1.3,47.33,521.43,2388.03,8146.05,8.4262,0.03,394,2388,100.0,38.86,23.3165,278,238,Healthy,85.61,0
6,41,0.0009,-0.0002,100.0,518.67,642.09,1584.88,1412.49,14.62,21.61,553.17,2388.07,9061.74,1.3,47.49,521.36,2388.07,8137.45,8.4269,0.03,393,2388,100.0,38.8,23.2873,278,237,Healthy,85.25,0
6,42,-0.0026,-0.0003,100.0,518.67,642.28,1587.66,1400.32,14.62,21.61,554.12,2388.07,9066.22,1.3,47.36,521.94,2388.01,8142.05,8.4467,0.03,395,2388,100.0,38.99,23.2826,278,236,Healthy,84.89,0
6,43,-0.0013,-0.0002,100.0,518.67,642.51,1583.15,1409.86,14.62,21.61,554.71,2388.1,9067.62,1.3,47.3,521.7,2388.09,8134.08,8.4711,0.03,394,2388,100.0,38.84,23.3609,278,235,Healthy,84.53,0
6,44,-0.0014,0.0003,100.0,518.67,641.82,1590.87,1405.87,14.62,21.61,554.05,2388.07,9062.22,1.3,47.57,521.6,2388.06,8141.26,8.4464,0.03,393,2388,100.0,38.8,23.37,278,234,Healthy,84.17,0
6,45,0.0007,-0.0003,100.0,518.67,642.48,1587.84,1409.42,14.62,21.61,553.94,2388.06,9063.57,1.3,47.4,522.0,2388.1,8141.58,8.4403,0.03,394,2388,100.0,38.86,23.3444,278,233,Healthy,83.81,0
6,46,-0.0027,0.0001,100.0,518.67,642.45,1585.26,1397.55,14.62,21.61,553.51,2388.06,9063.44,1.3,47.49,521.82,2388.03,8144.83,8.4506,0.03,393,2388,100.0,38.95,23.2388,278,232,Healthy,83.45,0
6,47,-0.0048,0.0005,100.0,518.67,642.44,1589.07,1408.28,14.62,21.61,553.65,2388.05,9059.28,1.3,47.63,521.72,2388.07,8143.31,8.4726,0.03,392,2388,100.0,38.88,23.3501,278,231,Healthy,83.09,0
6,48,0.0017,0.0002,100.0,518.67,642.31,1583.61,1400.22,14.62,21.61,553.42,2388.1,9064.66,1.3,47.33,521.93,2388.04,8143.46,8.386,0.03,394,2388,100.0,38.91,23.2733,278,230,Healthy,82.73,0
6,49,-0.0024,0.0001,100.0,518.67,642.11,1591.1,1413.09,14.62,21.61,553.79,2388.06,9068.25,1.3,47.64,521.91,2388.08,8138.27,8.4451,0.03,393,2388,100.0,39.03,23.374,278,229,Healthy,82.37,0
6,50,-0.0013,0.0001,100.0,518.67,642.39,1589.91,1406.4,14.62,21.61,553.64,2388.07,9065.03,1.3,47.48,521.54,2388.16,8139.03,8.4283,0.03,393,2388,100.0,39.14,23.3185,278,228,Healthy,82.01,0
7,1,-0.0024,0.0001,100.0,518.67,642.05,1581.59,1393.96,14.62,21.57,552.33,2387.93,9045.96,1.3,47.12,520.76,2387.91,8133.79,8.363,0.03,390,2388,100.0,38.78,23.2867,424,423,Healthy,99.76,0
7,2,0.0023,0.0003,100.0,518.67,642.59,1582.43,1394.16,14.62,21.58,553.02,2387.92,9039.56,1.3,46.94,520.51,2387.91,8128.98,8.3699,0.03,392,2388,100.0,38.96,23.3659,424,422,Healthy,99.53,0
7,3,0.0005,-0.0002,100.0,518.67,642.26,1577.76,1391.58,14.62,21.58,552.88,2387.95,9042.6,1.3,46.78,520.77,2387.9,8130.57,8.3924,0.03,391,2388,100.0,38.89,23.3181,424,421,Healthy,99.29,0
7,4,0.0022,0.0001,100.0,518.67,642.21,1581.46,1399.84,14.62,21.57,553.69,2387.91,9049.08,1.3,47.11,520.25,2387.85,8132.23,8.4044,0.03,391,2388,100.0,39.13,23.4146,424,420,Healthy,99.06,0
7,5,0.0013,0.0004,100.0,518.67,641.61,1581.69,1393.51,14.62,21.58,553.45,2387.96,9049.65,1.3,46.98,521.24,2387.95,8134.55,8.4017,0.03,392,2388,100.0,39.04,23.4039,424,419,Healthy,98.82,0
7,6,0.0019,0.0003,100.0,518.67,642.67,1578.3,1394.15,14.62,21.57,552.94,2387.89,9044.8,1.3,47.12,521.04,2387.9,8126.24,8.4279,0.03,391,2388,100.0,39.2,23.29,424,418,Healthy,98.58,0
7,7,0.002,-0.0002,100.0,518.67,642.01,1585.06,1396.1,14.62,21.57,552.65,2387.89,9053.43,1.3,47.06,520.68,2387.92,8129.49,8.4088,0.03,392,2388,100.0,38.91,23.3783,424,417,Healthy,98.35,0
7,8,-0.0025,-0.0005,100.0,518.67,641.49,1582.78,1391.09,14.62,21.57,553.11,2387.94,9046.02,1.3,47.13,520.63,2387.97,8130.54,8.3623,0.03,391,2388,100.0,38.82,23.3149,424,416,Healthy,98.11,0
7,9,-0.0006,-0.0001,100.0,518.67,641.58,1580.36,1388.22,14.62,21.57,552.74,2387.94,9041.23,1.3,47.16,520.45,2387.94,8130.88,8.3814,0.03,392,2388,100.0,39.04,23.355,424,415,Healthy,97.88,0
7,10,-0.0007,-0.0004,100.0,518.67,641.99,1580.64,1392.82,14.62,21.58,553.11,2387.96,9046.12,1.3,46.97,521.02,2387.99,8132.03,8.3628,0.03,391,2388,100.0,38.96,23.3925,424,414,Healthy,97.64,0
7,11,-0.0048,-0.0001,100.0,518.67,642.12,1579.15,1395.11,14.62,21.57,552.73,2387.96,9044.87,1.3,46.98,520.79,2387.94,8131.17,8.3762,0.03,390,2388,100.0,38.96,23.4389,424,413,Healthy,97.41,0
7,12,0.0015,-0.0002,100.0,518.67,642.01,1583.53,1398.16,14.62,21.57,553.07,2387.96,9041.72,1.3,47.02,520.15,2387.93,8133.69,8.4237,0.03,392,2388,100.0,38.92,23.5102,424,412,Healthy,97.17,0
7,13,-0.0013,0.0004,100.0,518.67,641.95,1580.25,1397.03,14.62,21.57,553.28,2387.93,9049.89,1.3,47.14,520.77,2387.92,8129.08,8.3888,0.03,391,2388,100.0,38.82,23.3318,424,411,Healthy,96.93,0
7,14,0.0032,-0.0,100.0,518.67,641.92,1576.1,1393.09,14.62,21.57,552.84,2387.93,9040.49,1.3,47.1,520.96,2387.94,8132.56,8.3709,0.03,391,2388,100.0,39.09,23.2672,424,410,Healthy,96.7,0
7,15,-0.0036,-0.0001,100.0,518.67,642.16,1574.38,1390.94,14.62,21.57,553.11,2387.94,9032.11,1.3,46.95,520.51,2387.94,8133.13,8.3841,0.03,390,2388,100.0,38.99,23.4047,424,409,Healthy,96.46,0
7,16,0.0021,0.0004,100.0,518.67,641.92,1575.47,1397.08,14.62,21.57,552.51,2387.93,9043.03,1.3,47.08,520.91,2387.94,8128.57,8.3825,0.03,392,2388,100.0,38.95,23.3979,424,408,Healthy,96.23,0
7,17,-0.0004,-0.0,100.0,518.67,642.15,1579.7,1386.59,14.62,21.58,552.48,2387.92,9051.07,1.3,47.19,521.41,2387.97,8132.07,8.3964,0.03,392,2388,100.0,38.94,23.3338,424,407,Healthy,95.99,0
7,18,0.0006,0.0004,100.0,518.67,642.19,1576.72,1400.05,14.62,21.58,552.69,2387.97,9049.62,1.3,47.01,520.63,2387.97,8131.81,8.3817,0.03,390,2388,100.0,39.0,23.3831,424,406,Healthy,95.75,0
7,19,0.0014,0.0003,100.0,518.67,641.69,1577.61,1394.93,14.62,21.57,552.72,2387.94,9043.89,1.3,46.9,520.73,2387.91,8130.08,8.4045,0.03,391,2388,100.0,38.85,23.4256,424,405,Healthy,95.52,0
7,20,-0.0005,0.0004,100.0,518.67,641.5,1579.45,1387.12,14.62,21.58,553.48,2387.98,9042.45,1.3,46.92,520.61,2387.94,8126.76,8.3606,0.03,389,2388,100.0,38.93,23.3858,424,404,Healthy,95.28,0
7,21,-0.0007,0.0001,100.0,518.67,641.89,1581.24,1392.66,14.62,21.57,552.75,2387.9,9045.28,1.3,47.08,520.83,2387.93,8133.63,8.3964,0.03,391,2388,100.0,39.03,23.3733,424,403,Healthy,95.05,0
7,22,0.0032,-0.0003,100.0,518.67,641.7,1587.08,1394.76,14.62,21.58,554.03,2387.93,9048.62,1.3,46.95,520.79,2387.94,8131.84,8.3783,0.03,390,2388,100.0,39.06,23.4532,424,402,Healthy,94.81,0
7,23,0.0035,0.0003,100.0,518.67,642.03,1582.44,1395.37,14.62,21.57,552.5,2387.9,9043.47,1.3,47.19,521.11,2387.89,8131.35,8.4249,0.03,390,2388,100.0,38.87,23.4857,424,401,Healthy,94.58,0
7,24,0.0023,0.0002,100.0,518.67,641.95,1580.48,1396.77,14.62,21.57,552.6,2387.95,9046.35,1.3,46.86,521.21,2387.93,8136.33,8.387,0.03,390,2388,100.0,38.94,23.429,424,400,Healthy,94.34,0
7,25,-0.0011,-0.0,100.0,518.67,641.61,1575.93,1393.0,14.62,21.58,552.94,2387.9,9044.91,1.3,46.98,521.24,2387.97,8131.31,8.3726,0.03,390,2388,100.0,39.09,23.3566,424,399,Healthy,94.1,0
7,26,-0.0006,-0.0004,100.0,518.67,641.37,1577.04,1393.22,14.62,21.57,553.15,2387.92,9046.15,1.3,47.09,520.67,2387.89,8134.57,8.404,0.03,389,2388,100.0,38.93,23.372,424,398,Healthy,93.87,0
7,27,-0.0003,-0.0004,100.0,518.67,641.88,1574.04,1392.08,14.62,21.57,552.47,2387.94,9042.6,1.3,47.05,519.46,2387.94,8127.55,8.3889,0.03,392,2388,100.0,38.97,23.3456,424,397,Healthy,93.63,0
7,28,-0.0002,-0.0002,100.0,518.67,642.42,1587.46,1392.87,14.62,21.58,553.69,2387.93,9050.25,1.3,47.01,521.19,2387.97,8129.35,8.3563,0.03,393,2388,100.0,38.84,23.4234,424,396,Healthy,93.4,0
7,29,0.0035,0.0002,100.0,518.67,642.66,1578.44,1397.52,14.62,21.58,553.47,2387.89,9046.31,1.3,47.2,521.48,2387.95,8132.36,8.4364,0.03,391,2388,100.0,38.88,23.4444,424,395,Healthy,93.16,0
7,30,0.0005,0.0004,100.0,518.67,642.09,1586.1,1388.93,14.62,21.57,551.57,2387.96,9051.15,1.3,46.96,521.18,2387.87,8137.55,8.4252,0.03,390,2388,100.0,38.81,23.2666,424,394,Healthy,92.92,0
7,31,0.0001,-0.0005,100.0,518.67,641.45,1586.17,1387.29,14.62,21.58,552.9,2387.88,9049.3,1.3,47.01,520.83,2387.86,8135.91,8.3701,0.03,390,2388,100.0,39.0,23.4571,424,393,Healthy,92.69,0
7,32,0.0045,-0.0003,100.0,518.67,641.76,1584.36,1389.26,14.62,21.58,552.62,2387.93,9043.53,1.3,47.14,520.97,2387.92,8134.86,8.3651,0.03,389,2388,100.0,39.08,23.3923,424,392,Healthy,92.45,0
7,33,0.0038,0.0002,100.0,518.67,641.65,1581.32,1395.42,14.62,21.57,552.95,2387.93,9042.55,1.3,47.16,520.3,2387.88,8130.92,8.3688,0.03,390,2388,100.0,38.99,23.4942,424,391,Healthy,92.22,0
7,34,-0.0033,-0.0005,100.0,518.67,641.88,1580.91,1390.58,14.62,21.58,553.23,2387.98,9048.57,1.3,47.02,520.42,2387.96,8129.93,8.4057,0.03,390,2388,100.0,39.01,23.4464,424,390,Healthy,91.98,0
7,35,0.0025,-0.0001,100.0,518.67,641.48,1580.68,1386.5,14.62,21.57,552.37,2387.92,9051.65,1.3,46.98,520.36,2387.98,8134.26,8.3915,0.03,389,2388,100.0,39.06,23.4056,424,389,Healthy,91.75,0
7,36,-0.0017,-0.0001,100.0,518.67,641.58,1577.93,1393.63,14.62,21.57,553.2,2387.91,9042.03,1.3,47.01,520.59,2387.97,8132.28,8.4026,0.03,392,2388,100.0,39.01,23.3786,424,388,Healthy,91.51,0
7,37,0.0014,-0.0001,100.0,518.67,642.37,1589.66,1386.32,14.62,21.57,552.25,2387.91,9042.14,1.3,46.9,520.33,2387.97,8129.38,8.398,0.03,389,2388,100.0,38.97,23.4251,424,387,Healthy,91.27,0
7,38,0.0013,-0.0003,100.0,518.67,641.89,1579.75,1385.37,14.62,21.57,552.34,2387.91,9049.35,1.3,47.39,520.38,2387.94,8124.72,8.369,0.03,391,2388,100.0,39.19,23.4979,424,386,Healthy,91.04,0
7,39,0.001,0.0004,100.0,518.67,641.78,1574.68,1394.84,14.62,21.57,552.53,2387.95,9050.56,1.3,47.1,520.65,2387.97,8126.46,8.4305,0.03,388,2388,100.0,39.04,23.3656,424,385,Healthy,90.8,0
7,40,-0.0043,-0.0005,100.0,518.67,641.73,1579.49,1387.98,14.62,21.57,552.56,2387.95,9044.82,1.3,46.86,520.44,2387.95,8133.55,8.3597,0.03,392,2388,100.0,38.97,23.4034,424,384,Healthy,90.57,0
7,41,-0.003,-0.0001,100.0,518.67,641.25,1579.2,1392.5,14.62,21.57,551.6,2387.9,9045.22,1.3,47.13,520.25,2387.92,8131.48,8.4013,0.03,390,2388,100.0,38.9,23.3921,424,383,Healthy,90.33,0
7,42,0.0026,0.0,100.0,518.67,641.97,1579.6,1389.55,14.62,21.57,553.31,2387.9,9048.1,1.3,47.1,521.19,2387.94,8133.86,8.4165,0.03,389,2388,100.0,39.12,23.4047,424,382,Healthy,90.09,0
7,43,-0.0029,0.0,100.0,518.67,641.72,1578.71,1399.02,14.62,21.57,551.97,2387.95,9040.98,1.3,47.01,521.61,2387.91,8136.23,8.3957,0.03,391,2388,100.0,38.98,23.3279,424,381,Healthy,89.86,0
7,44,-0.001,-0.0004,100.0,518.67,641.7,1585.26,1398.07,14.62,21.57,552.12,2387.94,9049.92,1.3,47.17,520.79,2387.94,8125.78,8.3976,0.03,391,2388,100.0,39.01,23.3391,424,380,Healthy,89.62,0
7,45,-0.0009,0.0004,100.0,518.67,641.58,1577.74,1395.6,14.62,21.57,552.26,2387.92,9048.99,1.3,46.89,520.47,2387.94,8130.8,8.3893,0.03,392,2388,100.0,38.84,23.392,424,379,Healthy,89.39,0
7,46,-0.0008,-0.0001,100.0,518.67,641.61,1575.37,1396.81,14.62,21.57,553.51,2387.95,9054.9,1.3,46.9,520.09,2387.91,8131.35,8.4085,0.03,390,2388,100.0,38.97,23.358,424,378,Healthy,89.15,0
7,47,-0.0013,-0.0001,100.0,518.67,642.1,1579.57,1393.42,14.62,21.57,551.87,2387.93,9046.93,1.3,47.06,520.41,2387.93,8135.56,8.4103,0.03,392,2388,100.0,39.05,23.3417,424,377,Healthy,88.92,0
7,48,0.0042,0.0,100.0,518.67,641.79,1578.59,1395.27,14.62,21.57,553.68,2387.95,9052.15,1.3,47.03,520.17,2387.92,8130.05,8.4027,0.03,391,2388,100.0,38.85,23.3884,424,376,Healthy,88.68,0
7,49,-0.0033,0.0003,100.0,518.67,642.22,1581.45,1387.24,14.62,21.57,553.17,2387.94,9046.96,1.3,47.18,520.95,2387.96,8134.0,8.4069,0.03,392,2388,100.0,39.07,23.439,424,375,Healthy,88.44,0
7,50,-0.0004,-0.0003,100.0,518.67,642.08,1584.42,1393.48,14.62,21.57,552.63,2387.99,9046.67,1.3,46.97,520.52,2387.96,8128.41,8.3492,0.03,391,2388,100.0,38.91,23.3455,424,374,Healthy,88.21,0
8,1,0.0007,0.0002,100.0,518.67,642.51,1591.68,1408.16,14.62,21.61,553.94,2388.11,9046.77,1.3,47.64,521.59,2388.1,8134.63,8.4365,0.03,392,2388,100.0,38.74,23.2188,267,266,Healthy,99.63,0
8,2,0.0013,0.0001,100.0,518.67,643.01,1595.81,1409.86,14.62,21.61,553.53,2388.11,9051.81,1.3,47.46,521.13,2388.17,8125.27,8.4563,0.03,396,2388,100.0,38.94,23.3295,267,265,Healthy,99.25,0
8,3,-0.0031,-0.0004,100.0,518.67,642.43,1589.4,1412.71,14.62,21.61,553.0,2388.13,9045.44,1.3,47.4,521.39,2388.13,8127.34,8.4047,0.03,394,2388,100.0,38.88,23.3553,267,264,Healthy,98.88,0
8,4,0.0016,0.0,100.0,518.67,642.45,1597.2,1412.97,14.62,21.61,552.98,2388.11,9046.98,1.3,47.64,521.4,2388.17,8125.11,8.4573,0.03,393,2388,100.0,38.66,23.198,267,263,Healthy,98.5,0
8,5,-0.0012,-0.0002,100.0,518.67,642.94,1590.13,1403.08,14.62,21.61,553.51,2388.13,9048.94,1.3,47.63,521.21,2388.11,8132.22,8.4249,0.03,393,2388,100.0,38.88,23.4002,267,262,Healthy,98.13,0
8,6,0.0049,0.0003,100.0,518.67,642.78,1588.7,1407.8,14.62,21.61,553.37,2388.08,9048.52,1.3,47.5,521.55,2388.11,8127.08,8.4221,0.03,393,2388,100.0,38.9,23.3678,267,261,Healthy,97.75,0
8,7,-0.0026,-0.0,100.0,518.67,642.99,1590.72,1411.12,14.62,21.61,553.23,2388.11,9054.4,1.3,47.52,521.48,2388.09,8128.13,8.46,0.03,394,2388,100.0,38.75,23.2862,267,260,Healthy,97.38,0
8,8,0.0001,-0.0,100.0,518.67,642.95,1592.83,1409.87,14.62,21.61,552.82,2388.12,9049.84,1.3,47.47,521.44,2388.15,8124.37,8.4254,0.03,394,2388,100.0,38.59,23.3184,267,259,Healthy,97.0,0
8,9,-0.0007,-0.0002,100.0,518.67,642.18,1583.95,1413.0,14.62,21.61,552.81,2388.04,9045.8,1.3,47.77,521.58,2388.14,8126.37,8.4537,0.03,394,2388,100.0,38.78,23.4104,267,258,Healthy,96.63,0
8,10,0.0012,0.0003,100.0,518.67,642.31,1586.33,1413.28,14.62,21.61,553.43,2388.08,9048.96,1.3,47.49,521.07,2388.12,8128.67,8.4572,0.03,393,2388,100.0,38.56,23.2349,267,257,Healthy,96.25,0
8,11,0.0031,0.0003,100.0,518.67,643.43,1588.63,1411.49,14.62,21.61,552.55,2388.16,9052.13,1.3,47.52,520.94,2388.15,8130.46,8.4712,0.03,393,2388,100.0,38.58,23.2738,267,256,Healthy,95.88,0
8,12,-0.0017,-0.0002,100.0,518.67,643.34,1587.03,1415.12,14.62,21.61,553.85,2388.15,9037.59,1.3,47.66,521.5,2388.11,8127.32,8.4689,0.03,393,2388,100.0,38.76,23.2164,267,255,Healthy,95.51,0
8,13,0.0002,-0.0002,100.0,518.67,642.39,1584.4,1410.68,14.62,21.61,552.81,2388.16,9046.4,1.3,47.5,521.25,2388.11,8123.77,8.4602,0.03,392,2388,100.0,38.73,23.2792,267,254,Healthy,95.13,0
8,14,-0.0009,-0.0001,100.0,518.67,642.77,1585.77,1416.19,14.62,21.61,553.41,2388.07,9043.25,1.3,47.4,522.18,2388.11,8130.2,8.4134,0.03,392,2388,100.0,39.08,23.245,267,253,Healthy,94.76,0
8,15,0.0007,0.0003,100.0,518.67,642.53,1592.75,1400.01,14.62,21.61,552.98,2388.13,9049.88,1.3,47.59,521.47,2388.11,8126.52,8.474,0.03,392,2388,100.0,38.81,23.3567,267,252,Healthy,94.38,0
8,16,0.0004,-0.0001,100.0,518.67,642.71,1590.12,1407.64,14.62,21.61,552.95,2388.13,9048.1,1.3,47.62,521.88,2388.13,8123.07,8.4014,0.03,392,2388,100.0,38.64,23.2101,267,251,Healthy,94.01,0
8,17,-0.0045,-0.0002,100.0,518.67,643.16,1591.06,1404.42,14.62,21.61,553.56,2388.11,9045.09,1.3,47.69,520.82,2388.04,8131.14,8.4241,0.03,394,2388,100.0,38.85,23.1917,267,250,Healthy,93.63,0
8,18,-0.0029,-0.0004,100.0,518.67,642.66,1593.23,1406.88,14.62,21.61,553.88,2388.16,9041.41,1.3,47.44,521.23,2388.11,8128.53,8.4306,0.03,392,2388,100.0,38.71,23.2256,267,249,Healthy,93.26,0
8,19,-0.0032,0.0004,100.0,518.67,642.4,1588.93,1403.72,14.62,21.61,553.51,2388.13,9045.63,1.3,47.53,521.14,2388.15,8127.24,8.4348,0.03,395,2388,100.0,38.88,23.3873,267,248,Healthy,92.88,0
8,20,0.0008,-0.0005,100.0,518.67,643.06,1588.6,1406.45,14.62,21.61,553.57,2388.18,9043.83,1.3,47.48,520.92,2388.12,8125.89,8.478,0.03,393,2388,100.0,38.72,23.2036,267,247,Healthy,92.51,0
8,21,-0.0017,0.0004,100.0,518.67,642.64,1593.68,1413.34,14.62,21.61,552.86,2388.18,9044.25,1.3,47.71,521.44,2388.16,8124.16,8.4334,0.03,393,2388,100.0,38.95,23.2649,267,246,Healthy,92.13,0
8,22,-0.0019,0.0002,100.0,518.67,642.38,1586.35,1410.32,14.62,21.61,554.18,2388.15,9046.3,1.3,47.62,521.39,2388.11,8127.37,8.4154,0.03,393,2388,100.0,38.94,23.2434,267,245,Healthy,91.76,0
8,23,0.0003,0.0002,100.0,518.67,642.74,1602.29,1409.21,14.62,21.61,553.36,2388.12,9052.15,1.3,47.69,521.22,2388.15,8127.96,8.4697,0.03,393,2388,100.0,38.76,23.2815,267,244,Healthy,91.39,0
8,24,-0.0003,0.0001,100.0,518.67,642.27,1593.7,1416.72,14.62,21.61,553.19,2388.12,9044.13,1.3,47.55,521.8,2388.12,8126.5,8.4426,0.03,393,2388,100.0,38.85,23.3861,267,243,Healthy,91.01,0
8,25,-0.001,-0.0002,100.0,518.67,642.5,1586.79,1406.01,14.62,21.61,553.47,2388.15,9047.47,1.3,47.61,521.58,2388.1,8129.62,8.4448,0.03,393,2388,100.0,38.86,23.3135,267,242,Healthy,90.64,0
8,26,0.0014,-0.0004,100.0,518.67,642.91,1586.95,1402.73,14.62,21.61,552.42,2388.09,9042.5,1.3,47.56,521.42,2388.16,8125.93,8.4084,0.03,394,2388,100.0,38.84,23.3001,267,241,Healthy,90.26,0
8,27,0.0051,-0.0001,100.0,518.67,643.06,1583.99,1410.31,14.62,21.61,553.49,2388.13,9046.36,1.3,47.56,521.66,2388.12,8126.24,8.4465,0.03,393,2388,100.0,38.9,23.2684,267,240,Healthy,89.89,0
8,28,-0.0042,0.0,100.0,518.67,643.11,1589.69,1405.84,14.62,21.61,553.24,2388.13,9049.34,1.3,47.58,521.12,2388.15,8128.15,8.4184,0.03,393,2388,100.0,38.73,23.2681,267,239,Healthy,89.51,0
8,29,0.0046,0.0001,100.0,518.67,642.45,1589.92,1405.35,14.62,21.61,553.34,2388.2,9042.24,1.3,47.34,521.56,2388.09,8128.6,8.4093,0.03,393,2388,100.0,38.84,23.3157,267,238,Healthy,89.14,0
8,30,0.0005,0.0003,100.0,518.67,643.14,1587.53,1409.31,14.62,21.61,553.85,2388.14,9057.28,1.3,47.48,521.44,2388.12,8129.59,8.4585,0.03,393,2388,100.0,38.92,23.3561,267,237,Healthy,88.76,0
8,31,-0.0019,-0.0001,100.0,518.67,642.65,1593.07,1406.38,14.62,21.61,553.64,2388.1,9046.51,1.3,47.51,521.41,2388.15,8126.3,8.4525,0.03,394,2388,100.0,38.75,23.1496,267,236,Healthy,88.39,0
8,32,-0.0043,-0.0003,100.0,518.67,642.84,1592.99,1403.77,14.62,21.61,552.77,2388.1,9048.28,1.3,47.58,521.6,2388.18,8126.92,8.4335,0.03,393,2388,100.0,38.88,23.2998,267,235,Healthy,88.01,0
8,33,-0.0004,-0.0005,100.0,518.67,642.55,1592.39,1410.46,14.62,21.61,553.55,2388.13,9047.07,1.3,47.49,521.48,2388.1,8128.26,8.442,0.03,394,2388,100.0,38.73,23.2392,267,234,Healthy,87.64,0
8,34,0.0014,0.0001,100.0,518.67,642.38,1600.56,1409.45,14.62,21.61,553.04,2388.12,9045.27,1.3,47.45,521.21,2388.17,8128.72,8.4397,0.03,392,2388,100.0,38.59,23.2876,267,233,Healthy,87.27,0
8,35,-0.0035,-0.0003,100.0,518.67,642.65,1587.55,1407.78,14.62,21.61,552.74,2388.19,9042.4,1.3,47.63,521.29,2388.13,8135.24,8.4443,0.03,392,2388,100.0,38.63,23.3444,267,232,Healthy,86.89,0
8,36,0.0021,-0.0003,100.0,518.67,642.5,1590.79,1411.58,14.62,21.61,553.44,2388.17,9048.98,1.3,47.75,521.18,2388.16,8135.51,8.4483,0.03,392,2388,100.0,38.69,23.3673,267,231,Healthy,86.52,0
8,37,0.0012,-0.0001,100.0,518.67,642.96,1587.26,1407.73,14.62,21.61,553.57,2388.09,9051.93,1.3,47.65,521.21,2388.05,8127.46,8.4601,0.03,393,2388,100.0,38.96,23.2613,267,230,Healthy,86.14,0
8,38,-0.0014,0.0,100.0,518.67,642.19,1581.38,1410.06,14.62,21.61,552.89,2388.06,9047.53,1.3,47.52,521.48,2388.09,8131.92,8.4671,0.03,393,2388,100.0,38.8,23.2873,267,229,Healthy,85.77,0
8,39,-0.0015,0.0004,100.0,518.67,642.83,1588.06,1411.69,14.62,21.61,553.38,2388.14,9044.49,1.3,47.68,521.14,2388.14,8132.8,8.4211,0.03,393,2388,100.0,38.82,23.3033,267,228,Healthy,85.39,0
8,40,-0.0023,-0.0001,100.0,518.67,643.24,1588.12,1402.5,14.62,21.61,553.29,2388.12,9048.98,1.3,47.53,521.13,2388.17,8125.43,8.4541,0.03,394,2388,100.0,38.86,23.3722,267,227,Healthy,85.02,0
8,41,-0.0,0.0001,100.0,518.67,643.15,1580.24,1403.37,14.62,21.61,553.66,2388.11,9048.99,1.3,47.44,521.51,2388.12,8127.7,8.4647,0.03,396,2388,100.0,38.7,23.2252,267,226,Healthy,84.64,0
8,42,0.0017,-0.0001,100.0,518.67,642.52,1587.13,1411.62,14.62,21.61,553.97,2388.08,9046.65,1.3,47.65,521.35,2388.14,8124.88,8.4564,0.03,394,2388,100.0,38.76,23.3143,267,225,Healthy,84.27,0
8,43,0.0006,0.0004,100.0,518.67,642.36,1596.63,1413.51,14.62,21.61,553.13,2388.07,9047.86,1.3,47.64,520.88,2388.12,8126.7,8.4268,0.03,393,2388,100.0,38.87,23.2693,267,224,Healthy,83.9,0
8,44,0.0005,-0.0003,100.0,518.67,643.17,1587.74,1416.94,14.62,21.61,553.39,2388.09,9048.66,1.3,47.59,521.12,2388.16,8124.67,8.4642,0.03,395,2388,100.0,38.74,23.2113,267,223,Healthy,83.52,0
8,45,-0.0,0.0003,100.0,518.67,642.66,1588.94,1405.45,14.62,21.61,552.79,2388.16,9047.39,1.3,47.48,521.54,2388.14,8126.23,8.4335,0.03,393,2388,100.0,38.91,23.2703,267,222,Healthy,83.15,0
8,46,-0.0003,0.0002,100.0,518.67,643.19,1591.08,1403.41,14.62,21.61,553.86,2388.14,9054.64,1.3,47.6,521.19,2388.12,8128.54,8.4744,0.03,392,2388,100.0,38.66,23.2817,267,221,Healthy,82.77,0
8,47,-0.0037,0.0001,100.0,518.67,643.06,1585.54,1402.98,14.62,21.61,553.56,2388.12,9051.53,1.3,47.46,521.15,2388.13,8131.16,8.4358,0.03,391,2388,100.0,38.76,23.3214,267,220,Healthy,82.4,0
8,48,-0.0034,0.0001,100.0,518.67,642.61,1589.35,1410.32,14.62,21.61,552.44,2388.16,9049.94,1.3,47.49,520.81,2388.13,8127.14,8.4279,0.03,394,2388,100.0,38.71,23.228,267,219,Healthy,82.02,0
8,49,0.0011,0.0003,100.0,518.67,642.58,1589.12,1413.81,14.62,21.61,553.69,2388.15,9041.82,1.3,47.49,520.89,2388.12,8130.3,8.4443,0.03,393,2388,100.0,39.03,23.3245,267,218,Healthy,81.65,0
8,50,-0.0033,0.0002,100.0,518.67,643.33,1585.43,1408.06,14.62,21.61,553.38,2388.08,9047.22,1.3,47.62,521.27,2388.11,8131.78,8.4435,0.03,392,2388,100.0,38.81,23.2637,267,217,Healthy,81.27,0
9,1,0.0005,-0.0004,100.0,518.67,642.22,1583.46,1398.97,14.62,21.6,556.86,2388.09,9070.67,1.3,47.21,524.63,2388.08,8145.74,8.3212,0.03,393,2388,100.0,39.13,23.462,406,405,Healthy,99.75,0
9,2,-0.0041,0.0001,100.0,518.67,641.81,1580.46,1393.79,14.62,21.6,557.12,2388.12,9060.03,1.3,47.24,524.74,2388.1,8141.84,8.3697,0.03,392,2388,100.0,39.06,23.3787,406,404,Healthy,99.51,0
9,3,0.0003,0.0003,100.0,518.67,642.35,1582.95,1400.76,14.62,21.6,557.11,2388.06,9065.3,1.3,47.48,525.48,2388.08,8139.1,8.377,0.03,392,2388,100.0,39.33,23.44,406,403,Healthy,99.26,0
9,4,0.0004,-0.0003,100.0,518.67,642.58,1585.75,1389.09,14.62,21.6,557.08,2388.12,9060.13,1.3,47.16,524.8,2388.08,8147.54,8.3771,0.03,393,2388,100.0,39.16,23.5005,406,402,Healthy,99.01,0
9,5,-0.0013,-0.0003,100.0,518.67,642.37,1589.62,1398.5,14.62,21.6,557.97,2388.04,9066.33,1.3,47.29,525.03,2388.04,8151.33,8.3698,0.03,392,2388,100.0,39.16,23.4595,406,401,Healthy,98.77,0
9,6,0.0015,0.0004,100.0,518.67,642.1,1585.65,1400.16,14.62,21.6,556.11,2388.11,9061.44,1.3,47.13,524.87,2388.02,8140.16,8.3974,0.03,392,2388,100.0,39.25,23.5179,406,400,Healthy,98.52,0
9,7,-0.0005,-0.0003,100.0,518.67,642.25,1582.22,1398.62,14.62,21.6,556.96,2388.07,9056.69,1.3,47.15,524.36,2388.09,8141.87,8.3702,0.03,392,2388,100.0,39.18,23.4076,406,399,Healthy,98.28,0
9,8,0.0032,0.0002,100.0,518.67,641.76,1583.63,1400.4,14.62,21.6,556.39,2388.04,9065.65,1.3,47.33,524.85,2388.14,8139.54,8.3699,0.03,392,2388,100.0,39.1,23.4447,406,398,Healthy,98.03,0
9,9,-0.0017,0.0005,100.0,518.67,642.44,1587.6,1402.06,14.62,21.6,556.89,2388.08,9060.34,1.3,47.08,524.51,2388.04,8145.27,8.3477,0.03,392,2388,100.0,38.87,23.4324,406,397,Healthy,97.78,0
9,10,0.0004,0.0001,100.0,518.67,642.23,1584.04,1402.18,14.62,21.6,556.55,2388.11,9058.56,1.3,47.23,524.24,2388.05,8144.93,8.4063,0.03,393,2388,100.0,39.09,23.4342,406,396,Healthy,97.54,0
9,11,0.0,-0.0002,100.0,518.67,642.3,1580.84,1404.42,14.62,21.6,556.32,2388.09,9062.58,1.3,47.38,524.15,2388.1,8144.35,8.3054,0.03,390,2388,100.0,39.17,23.5543,406,395,Healthy,97.29,0
9,12,0.0023,-0.0001,100.0,518.67,641.94,1584.25,1403.16,14.62,21.6,555.98,2388.03,9059.05,1.3,47.14,524.07,2388.05,8143.42,8.3996,0.03,392,2388,100.0,39.12,23.495,406,394,Healthy,97.04,0
9,13,-0.0002,0.0002,100.0,518.67,642.24,1590.64,1400.29,14.62,21.6,556.23,2388.11,9061.35,1.3,47.43,524.43,2388.08,8138.34,8.3506,0.03,393,2388,100.0,39.18,23.4428,406,393,Healthy,96.8,0
9,14,-0.0029,-0.0003,100.0,518.67,642.19,1591.14,1399.3,14.62,21.6,557.06,2388.1,9060.34,1.3,47.39,524.83,2388.1,8148.98,8.3527,0.03,391,2388,100.0,39.09,23.5475,406,392,Healthy,96.55,0
9,15,-0.0001,-0.0001,100.0,518.67,642.54,1583.55,1405.49,14.62,21.6,557.04,2388.08,9059.59,1.3,47.23,524.73,2388.13,8146.46,8.355,0.03,392,2388,100.0,39.13,23.5152,406,391,Healthy,96.31,0
9,16,-0.0008,-0.0001,100.0,518.67,642.43,1589.01,1395.9,14.62,21.6,556.64,2388.1,9056.51,1.3,47.23,524.83,2388.09,8149.08,8.3506,0.03,391,2388,100.0,39.1,23.5487,406,390,Healthy,96.06,0
9,17,-0.0006,0.0002,100.0,518.67,642.04,1577.05,1404.26,14.62,21.6,556.8,2388.01,9058.81,1.3,47.41,524.87,2388.08,8144.74,8.3835,0.03,390,2388,100.0,39.37,23.498,406,389,Healthy,95.81,0
9,18,0.0007,0.0,100.0,518.67,642.39,1583.03,1402.34,14.62,21.6,557.35,2388.09,9061.75,1.3,47.18,524.47,2388.09,8146.63,8.3399,0.03,392,2388,100.0,39.21,23.4608,406,388,Healthy,95.57,0
9,19,0.0027,0.0005,100.0,518.67,642.08,1579.04,1394.35,14.62,21.6,556.32,2388.13,9058.25,1.3,47.16,524.47,2388.05,8142.21,8.3316,0.03,392,2388,100.0,39.11,23.5156,406,387,Healthy,95.32,0
9,20,0.0005,0.0004,100.0,518.67,642.25,1587.1,1395.71,14.62,21.6,557.27,2388.09,9057.14,1.3,47.45,525.0,2388.07,8142.72,8.3203,0.03,393,2388,100.0,38.95,23.5592,406,386,Healthy,95.07,0
9,21,0.0006,0.0004,100.0,518.67,642.32,1585.03,1403.84,14.62,21.6,556.89,2388.1,9059.19,1.3,47.19,524.18,2388.07,8149.0,8.3723,0.03,391,2388,100.0,39.27,23.5706,406,385,Healthy,94.83,0
9,22,-0.0004,0.0002,100.0,518.67,642.48,1577.61,1399.59,14.62,21.6,556.85,2388.03,9059.99,1.3,47.2,523.97,2388.11,8148.26,8.3868,0.03,394,2388,100.0,39.38,23.444,406,384,Healthy,94.58,0
9,23,-0.001,0.0005,100.0,518.67,641.89,1577.96,1398.31,14.62,21.6,556.3,2388.01,9064.56,1.3,47.24,524.16,2388.06,8138.77,8.3859,0.03,393,2388,100.0,39.09,23.4444,406,383,Healthy,94.33,0
9,24,0.0035,0.0,100.0,518.67,642.32,1585.19,1398.48,14.62,21.6,556.16,2388.05,9060.46,1.3,47.11,524.61,2388.07,8141.9,8.376,0.03,392,2388,100.0,39.11,23.5685,406,382,Healthy,94.09,0
9,25,0.0018,-0.0004,100.0,518.67,641.33,1586.73,1403.41,14.62,21.6,556.55,2388.07,9064.3,1.3,47.11,524.02,2388.11,8143.77,8.3383,0.03,393,2388,100.0,39.04,23.5292,406,381,Healthy,93.84,0
9,26,-0.0011,0.0003,100.0,518.67,642.41,1590.89,1403.13,14.62,21.6,557.58,2388.09,9073.14,1.3,47.3,525.56,2388.07,8142.88,8.3122,0.03,391,2388,100.0,39.16,23.3622,406,380,Healthy,93.6,0
9,27,0.0039,-0.0001,100.0,518.67,642.89,1587.01,1395.72,14.62,21.6,556.97,2388.09,9063.75,1.3,47.24,525.13,2388.12,8142.76,8.3472,0.03,391,2388,100.0,39.22,23.52,406,379,Healthy,93.35,0
9,28,-0.0015,0.0001,100.0,518.67,642.2,1589.36,1406.02,14.62,21.6,557.25,2388.09,9058.33,1.3,47.39,524.63,2388.05,8143.45,8.3252,0.03,391,2388,100.0,39.16,23.4417,406,378,Healthy,93.1,0
9,29,0.0002,-0.0003,100.0,518.67,641.93,1582.6,1401.94,14.62,21.6,556.46,2388.09,9063.22,1.3,47.22,524.54,2388.02,8142.72,8.3749,0.03,393,2388,100.0,39.14,23.5437,406,377,Healthy,92.86,0
9,30,-0.0008,0.0001,100.0,518.67,641.86,1581.55,1396.51,14.62,21.6,557.4,2388.07,9063.22,1.3,47.19,524.75,2388.08,8146.24,8.3854,0.03,392,2388,100.0,39.15,23.4989,406,376,Healthy,92.61,0
9,31,0.0021,-0.0002,100.0,518.67,642.16,1588.33,1397.82,14.62,21.6,556.57,2388.07,9056.83,1.3,47.17,525.05,2388.07,8143.66,8.3453,0.03,393,2388,100.0,39.2,23.526,406,375,Healthy,92.36,0
9,32,0.0003,0.0004,100.0,518.67,642.1,1582.4,1395.26,14.62,21.6,556.83,2388.05,9065.36,1.3,47.25,524.4,2388.09,8141.15,8.3525,0.03,393,2388,100.0,39.22,23.4903,406,374,Healthy,92.12,0
9,33,0.0017,0.0005,100.0,518.67,642.3,1586.09,1388.22,14.62,21.6,556.37,2388.1,9060.35,1.3,47.45,524.2,2388.14,8145.29,8.3411,0.03,392,2388,100.0,39.16,23.4603,406,373,Healthy,91.87,0
9,34,0.0026,0.0,100.0,518.67,642.09,1581.49,1396.21,14.62,21.6,557.62,2388.07,9067.39,1.3,47.29,524.59,2388.07,8149.57,8.3685,0.03,391,2388,100.0,39.19,23.5449,406,372,Healthy,91.63,0
9,35,0.0036,-0.0002,100.0,518.67,642.15,1588.14,1399.29,14.62,21.6,557.45,2388.12,9056.7,1.3,47.09,524.51,2388.08,8147.87,8.3707,0.03,394,2388,100.0,39.08,23.4639,406,371,Healthy,91.38,0
9,36,0.0008,-0.0004,100.0,518.67,642.55,1580.25,1394.4,14.62,21.6,557.06,2388.1,9061.42,1.3,47.39,525.03,2388.06,8145.39,8.3881,0.03,393,2388,100.0,39.32,23.4422,406,370,Healthy,91.13,0
9,37,-0.0019,0.0002,100.0,518.67,642.81,1585.49,1399.75,14.62,21.6,557.0,2388.1,9052.51,1.3,47.39,524.34,2388.11,8144.43,8.4097,0.03,392,2388,100.0,39.13,23.4742,406,369,Healthy,90.89,0
9,38,-0.0034,-0.0004,100.0,518.67,641.61,1581.89,1395.9,14.62,21.6,556.49,2388.03,9057.82,1.3,47.37,524.45,2388.08,8137.31,8.334,0.03,392,2388,100.0,39.22,23.5559,406,368,Healthy,90.64,0
9,39,-0.0021,-0.0002,100.0,518.67,642.14,1583.51,1397.11,14.62,21.6,557.14,2388.06,9064.66,1.3,47.23,524.81,2388.09,8148.99,8.3781,0.03,393,2388,100.0,39.13,23.6394,406,367,Healthy,90.39,0
9,40,-0.001,0.0005,100.0,518.67,642.49,1590.57,1392.2,14.62,21.6,556.79,2388.08,9056.64,1.3,47.39,525.02,2388.06,8142.99,8.3418,0.03,393,2388,100.0,39.3,23.519,406,366,Healthy,90.15,0
9,41,-0.0001,0.0001,100.0,518.67,642.7,1589.45,1402.43,14.62,21.6,557.13,2388.08,9057.44,1.3,47.14,525.05,2388.07,8149.13,8.3797,0.03,392,2388,100.0,39.06,23.5543,406,365,Healthy,89.9,0
9,42,-0.0018,-0.0002,100.0,518.67,642.11,1582.59,1406.56,14.62,21.6,556.86,2388.11,9067.48,1.3,47.3,524.7,2388.05,8142.08,8.3135,0.03,392,2388,100.0,38.98,23.5144,406,364,Healthy,89.66,0
9,43,-0.0039,-0.0001,100.0,518.67,642.15,1578.91,1399.33,14.62,21.6,556.91,2388.13,9062.12,1.3,47.42,524.73,2388.11,8145.92,8.3606,0.03,392,2388,100.0,39.11,23.5776,406,363,Healthy,89.41,0
9,44,0.0017,0.0,100.0,518.67,642.42,1584.4,1395.38,14.62,21.6,556.38,2388.05,9054.93,1.3,47.02,524.63,2388.1,8144.24,8.3535,0.03,393,2388,100.0,39.18,23.4856,406,362,Healthy,89.16,0
9,45,0.0007,0.0001,100.0,518.67,641.8,1580.01,1401.03,14.62,21.6,557.21,2388.12,9060.58,1.3,47.11,525.25,2388.04,8147.14,8.3514,0.03,392,2388,100.0,39.24,23.497,406,361,Healthy,88.92,0
9,46,0.0015,-0.0003,100.0,518.67,641.96,1590.51,1400.37,14.62,21.6,556.65,2388.11,9061.66,1.3,47.31,524.8,2388.07,8151.58,8.3697,0.03,392,2388,100.0,39.29,23.3763,406,360,Healthy,88.67,0
9,47,0.0026,-0.0004,100.0,518.67,641.83,1581.1,1393.23,14.62,21.6,556.86,2388.06,9056.14,1.3,47.33,524.67,2388.11,8143.18,8.3434,0.03,392,2388,100.0,39.22,23.4792,406,359,Healthy,88.42,0
9,48,-0.0026,-0.0,100.0,518.67,642.23,1589.43,1397.01,14.62,21.6,557.08,2387.98,9070.01,1.3,47.08,524.02,2388.08,8149.99,8.3457,0.03,392,2388,100.0,39.12,23.5554,406,358,Healthy,88.18,0
9,49,0.0045,-0.0003,100.0,518.67,642.04,1579.1,1404.84,14.62,21.6,556.91,2388.11,9059.61,1.3,47.13,524.99,2388.04,8141.68,8.3699,0.03,391,2388,100.0,39.22,23.5315,406,357,Healthy,87.93,0
9,50,0.0028,-0.0005,100.0,518.67,642.03,1581.35,1394.73,14.62,21.6,557.16,2388.06,9069.74,1.3,47.48,524.19,2388.07,8145.6,8.3593,0.03,392,2388,100.0,39.18,23.4518,406,356,Healthy,87.68,0
10,1,0.0032,0.0004,100.0,518.67,642.41,1575.31,1389.25,14.62,21.58,552.31,2387.9,9047.24,1.3,47.09,520.5,2387.93,8125.88,8.4238,0.03,391,2388,100.0,38.98,23.3372,481,480,Healthy,99.79,0
10,2,0.0016,0.0003,100.0,518.67,641.52,1576.48,1394.47,14.62,21.58,553.06,2387.93,9049.48,1.3,46.97,520.6,2387.91,8129.26,8.4102,0.03,390,2388,100.0,38.9,23.3111,481,479,Healthy,99.58,0
10,3,0.0003,-0.0002,100.0,518.67,642.34,1578.1,1391.15,14.62,21.58,551.51,2387.37,9035.36,1.3,47.14,519.14,2387.37,8120.25,8.4304,0.03,391,2388,100.0,38.88,23.29,481,478,Healthy,99.38,0
10,4,-0.0005,-0.0003,100.0,518.67,642.13,1585.91,1397.87,14.62,21.57,550.89,2387.32,9033.43,1.3,47.22,518.89,2387.31,8123.51,8.4356,0.03,389,2388,100.0,38.88,23.2272,481,477,Healthy,99.17,0
10,5,0.004,-0.0003,100.0,518.67,641.55,1581.09,1398.28,14.62,21.58,552.13,2387.92,9043.19,1.3,47.19,521.02,2387.9,8130.43,8.3987,0.03,391,2388,100.0,38.94,23.4613,481,476,Healthy,98.96,0
10,6,-0.0006,-0.0001,100.0,518.67,641.78,1579.59,1392.42,14.62,21.58,553.65,2387.89,9042.75,1.3,46.91,520.97,2387.94,8137.96,8.3707,0.03,391,2388,100.0,38.74,23.3472,481,475,Healthy,98.75,0
10,7,-0.0017,-0.0003,100.0,518.67,641.9,1578.81,1393.57,14.62,21.58,552.83,2387.9,9044.73,1.3,46.98,520.72,2388.0,8130.61,8.3988,0.03,393,2388,100.0,39.08,23.363,481,474,Healthy,98.54,0
10,8,-0.0019,0.0001,100.0,518.67,641.76,1570.59,1394.54,14.62,21.58,552.75,2387.93,9042.25,1.3,47.16,520.5,2387.96,8127.21,8.3701,0.03,390,2388,100.0,39.06,23.3464,481,473,Healthy,98.34,0
10,9,-0.002,0.0001,100.0,518.67,641.76,1576.42,1395.28,14.62,21.58,552.81,2387.98,9047.48,1.3,46.99,520.84,2387.91,8130.03,8.3829,0.03,391,2388,100.0,39.07,23.3437,481,472,Healthy,98.13,0
10,10,-0.0018,-0.0004,100.0,518.67,641.77,1579.96,1392.3,14.62,21.58,553.44,2387.95,9040.8,1.3,46.9,520.62,2387.93,8133.1,8.4395,0.03,390,2388,100.0,38.94,23.3977,481,471,Healthy,97.92,0
10,11,0.0025,-0.0,100.0,518.67,642.62,1586.29,1407.85,14.62,21.58,551.37,2386.99,9032.63,1.3,47.47,518.92,2387.0,8119.33,8.4946,0.03,391,2388,100.0,38.75,23.3233,481,470,Healthy,97.71,0
10,12,0.0023,0.0,100.0,518.67,642.22,1590.87,1393.04,14.62,21.59,553.27,2387.95,9045.22,1.3,47.03,521.31,2387.96,8125.68,8.359,0.03,390,2388,100.0,39.07,23.3911,481,469,Healthy,97.51,0
10,13,-0.0031,0.0001,100.0,518.67,641.78,1586.96,1397.04,14.62,21.58,552.14,2387.95,9050.11,1.3,46.99,520.27,2387.91,8129.94,8.3823,0.03,391,2388,100.0,39.03,23.2542,481,468,Healthy,97.3,0
10,14,-0.0037,-0.0001,100.0,518.67,642.05,1582.99,1394.81,14.62,21.58,552.56,2387.96,9048.22,1.3,46.95,520.74,2387.9,8133.68,8.3955,0.03,390,2388,100.0,39.13,23.4066,481,467,Healthy,97.09,0
10,15,0.0005,0.0005,100.0,518.67,642.05,1582.01,1401.55,14.62,21.58,552.72,2387.91,9052.49,1.3,47.08,520.67,2387.93,8128.82,8.4433,0.03,391,2388,100.0,38.99,23.331,481,466,Healthy,96.88,0
10,16,-0.0032,0.0005,100.0,518.67,642.06,1579.53,1394.98,14.62,21.58,552.82,2387.92,9050.8,1.3,46.89,521.06,2387.93,8125.77,8.3704,0.03,389,2388,100.0,38.92,23.348,481,465,Healthy,96.67,0
10,17,0.0021,-0.0001,100.0,518.67,642.88,1574.8,1397.67,14.62,21.58,551.2,2387.2,9030.59,1.3,47.17,518.61,2387.18,8121.79,8.4446,0.03,390,2388,100.0,38.62,23.2422,481,464,Healthy,96.47,0
10,18,0.0019,0.0004,100.0,518.67,641.62,1584.82,1396.5,14.62,21.58,552.27,2387.99,9035.48,1.3,47.0,520.61,2387.97,8129.74,8.3911,0.03,391,2388,100.0,38.83,23.2801,481,463,Healthy,96.26,0
10,19,-0.0005,-0.0002,100.0,518.67,642.44,1576.92,1391.94,14.62,21.58,551.71,2387.92,9054.7,1.3,47.09,520.37,2387.93,8135.43,8.4,0.03,391,2388,100.0,38.92,23.3271,481,462,Healthy,96.05,0
10,20,-0.004,0.0001,100.0,518.67,641.55,1579.1,1393.01,14.62,21.58,552.42,2387.93,9052.15,1.3,47.21,520.62,2387.88,8136.37,8.3982,0.03,390,2388,100.0,38.87,23.3672,481,461,Healthy,95.84,0
10,21,0.0013,0.0005,100.0,518.67,641.84,1578.95,1390.63,14.62,21.58,552.51,2387.87,9043.34,1.3,46.8,520.79,2387.92,8136.32,8.4077,0.03,392,2388,100.0,39.01,23.3444,481,460,Healthy,95.63,0
10,22,0.0011,0.0004,100.0,518.67,641.84,1583.63,1401.44,14.62,21.57,550.88,2386.99,9033.64,1.3,47.18,519.01,2387.0,8121.49,8.4308,0.03,389,2388,100.0,38.69,23.2577,481,459,Healthy,95.43,0
10,23,0.0031,0.0002,100.0,518.67,641.86,1576.98,1390.61,14.62,21.59,552.89,2387.95,9051.59,1.3,47.13,520.68,2387.94,8131.85,8.4038,0.03,392,2388,100.0,38.87,23.4146,481,458,Healthy,95.22,0
10,24,-0.0001,-0.0001,100.0,518.67,642.25,1588.02,1387.54,14.62,21.58,552.24,2387.93,9042.88,1.3,47.21,520.12,2387.89,8127.28,8.3973,0.03,391,2388,100.0,38.78,23.3933,481,457,Healthy,95.01,0
10,25,-0.0001,-0.0004,100.0,518.67,641.72,1580.53,1389.94,14.62,21.59,553.19,2387.95,9047.5,1.3,47.08,520.48,2387.89,8133.01,8.3909,0.03,391,2388,100.0,39.17,23.3489,481,456,Healthy,94.8,0
10,26,0.0037,-0.0004,100.0,518.67,641.89,1585.06,1395.28,14.62,21.58,552.27,2387.98,9048.98,1.3,46.98,520.26,2387.94,8129.05,8.37,0.03,390,2388,100.0,38.93,23.4302,481,455,Healthy,94.59,0
10,27,0.0027,0.0002,100.0,518.67,641.33,1581.18,1389.75,14.62,21.58,552.35,2387.96,9046.96,1.3,46.78,520.57,2387.95,8129.93,8.42,0.03,391,2388,100.0,39.08,23.3416,481,454,Healthy,94.39,0
10,28,0.0038,-0.0003,100.0,518.67,641.77,1583.46,1393.83,14.62,21.58,550.89,2387.23,9037.45,1.3,47.12,519.06,2387.27,8122.06,8.4116,0.03,390,2388,100.0,38.85,23.3203,481,453,Healthy,94.18,0
10,29,-0.001,0.0004,100.0,518.67,641.72,1581.34,1399.69,14.62,21.58,552.54,2387.92,9040.09,1.3,46.94,521.59,2387.95,8132.01,8.369,0.03,390,2388,100.0,38.83,23.3864,481,452,Healthy,93.97,0
10,30,-0.0031,-0.0004,100.0,518.67,641.68,1582.22,1393.43,14.62,21.59,553.22,2387.95,9049.25,1.3,47.11,521.3,2387.97,8136.74,8.4144,0.03,391,2388,100.0,38.91,23.42,481,451,Healthy,93.76,0
10,31,-0.0005,0.0006,100.0,518.67,641.49,1584.08,1391.76,14.62,21.58,553.28,2387.94,9046.15,1.3,47.16,521.0,2387.94,8129.01,8.3853,0.03,390,2388,100.0,38.94,23.3659,481,450,Healthy,93.56,0
10,32,-0.0018,0.0002,100.0,518.67,642.18,1581.26,1380.43,14.62,21.58,552.75,2387.89,9048.62,1.3,46.93,521.11,2387.9,8131.52,8.4177,0.03,391,2388,100.0,39.21,23.4102,481,449,Healthy,93.35,0
10,33,0.0013,0.0001,100.0,518.67,641.82,1577.76,1388.23,14.62,21.59,552.61,2387.96,9051.72,1.3,47.07,520.82,2387.93,8136.92,8.3777,0.03,391,2388,100.0,38.82,23.4912,481,448,Healthy,93.14,0
10,34,-0.0014,0.0003,100.0,518.67,642.24,1584.92,1397.58,14.62,21.58,550.6,2387.2,9037.78,1.3,47.23,519.02,2387.27,8120.94,8.4429,0.03,391,2388,100.0,38.8,23.3281,481,447,Healthy,92.93,0
10,35,0.0008,-0.0002,100.0,518.67,642.13,1577.12,1393.4,14.62,21.57,551.68,2387.32,9039.09,1.3,47.28,519.45,2387.34,8123.96,8.4021,0.03,390,2388,100.0,38.82,23.359,481,446,Healthy,92.72,0
10,36,0.0004,0.0004,100.0,518.67,641.63,1580.34,1393.06,14.62,21.58,553.11,2387.96,9049.05,1.3,46.97,520.94,2387.95,8129.1,8.3863,0.03,391,2388,100.0,38.89,23.2865,481,445,Healthy,92.52,0
10,37,-0.0002,0.0005,100.0,518.67,642.33,1579.9,1396.19,14.62,21.58,553.03,2387.94,9043.66,1.3,47.07,520.58,2387.95,8132.17,8.3387,0.03,389,2388,100.0,38.98,23.438,481,444,Healthy,92.31,0
10,38,-0.0012,0.0005,100.0,518.67,641.6,1582.42,1402.18,14.62,21.58,553.22,2387.89,9037.5,1.3,47.06,521.25,2387.9,8134.09,8.4059,0.03,391,2388,100.0,38.96,23.4848,481,443,Healthy,92.1,0
10,39,0.0004,-0.0,100.0,518.67,642.0,1574.44,1393.46,14.62,21.58,552.89,2387.99,9042.09,1.3,46.99,520.57,2387.93,8128.91,8.3134,0.03,389,2388,100.0,39.05,23.3449,481,442,Healthy,91.89,0
10,40,-0.0006,-0.0001,100.0,518.67,641.32,1578.27,1393.74,14.62,21.58,553.84,2387.98,9046.01,1.3,46.95,521.58,2387.97,8128.23,8.4172,0.03,390,2388,100.0,39.08,23.4751,481,441,Healthy,91.68,0
10,41,0.0022,0.0002,100.0,518.67,642.33,1570.64,1396.78,14.62,21.58,550.9,2387.32,9035.08,1.3,47.11,519.18,2387.26,8119.79,8.4167,0.03,389,2388,100.0,38.66,23.1853,481,440,Healthy,91.48,0
10,42,-0.0011,-0.0003,100.0,518.67,642.23,1582.87,1392.81,14.62,21.59,552.9,2387.96,9047.66,1.3,46.97,521.11,2387.92,8133.28,8.3772,0.03,391,2388,100.0,39.15,23.3952,481,439,Healthy,91.27,0
10,43,0.0021,0.0,100.0,518.67,641.85,1585.65,1393.59,14.62,21.58,551.87,2387.91,9041.23,1.3,47.03,519.98,2387.97,8123.68,8.382,0.03,390,2388,100.0,39.11,23.363,481,438,Healthy,91.06,0
10,44,0.0033,-0.0002,100.0,518.67,641.77,1585.66,1391.01,14.62,21.58,552.44,2387.93,9047.51,1.3,47.13,520.82,2387.93,8131.75,8.3956,0.03,390,2388,100.0,38.95,23.3531,481,437,Healthy,90.85,0
10,45,0.0003,0.0005,100.0,518.67,642.26,1575.39,1389.1,14.62,21.59,552.66,2387.92,9043.84,1.3,47.09,521.69,2387.96,8126.52,8.3921,0.03,389,2388,100.0,39.02,23.4405,481,436,Healthy,90.64,0
10,46,0.0013,0.0001,100.0,518.67,642.19,1585.39,1398.54,14.62,21.58,552.75,2387.92,9045.66,1.3,47.1,520.98,2387.93,8132.41,8.3857,0.03,389,2388,100.0,39.2,23.4494,481,435,Healthy,90.44,0
10,47,-0.0039,-0.0002,100.0,518.67,641.69,1577.48,1399.82,14.62,21.58,552.52,2387.89,9039.7,1.3,47.07,520.68,2387.92,8134.89,8.4407,0.03,390,2388,100.0,38.86,23.4379,481,434,Healthy,90.23,0
10,48,-0.0014,0.0004,100.0,518.67,642.14,1576.03,1391.59,14.62,21.58,552.66,2387.95,9046.71,1.3,46.95,520.43,2387.94,8135.29,8.4157,0.03,391,2388,100.0,39.1,23.5709,481,433,Healthy,90.02,0
10,49,0.002,-0.0004,100.0,518.67,642.37,1579.96,1390.82,14.62,21.58,552.63,2387.88,9042.16,1.3,47.06,520.82,2387.91,8132.66,8.3679,0.03,389,2388,100.0,39.02,23.3293,481,432,Healthy,89.81,0
10,50,0.001,0.0,100.0,518.67,641.58,1585.12,1385.01,14.62,21.58,553.04,2387.94,9038.33,1.3,46.97,520.15,2387.9,8132.53,8.394,0.03,391,2388,100.0,39.02,23.3189,481,431,Healthy,89.6,0
11,1,-0.0008,-0.0003,100.0,518.67,641.92,1578.17,1388.08,14.62,21.57,552.46,2387.93,9041.62,1.3,47.08,520.33,2387.91,8130.82,8.3995,0.03,392,2388,100.0,38.99,23.3944,197,196,Healthy,99.49,0
11,2,0.0021,-0.0001,100.0,518.67,642.36,1578.11,1394.54,14.62,21.57,553.19,2387.89,9042.75,1.3,46.8,520.77,2387.92,8134.39,8.4031,0.03,392,2388,100.0,38.75,23.3847,197,195,Healthy,98.98,0
11,3,0.0002,0.0004,100.0,518.67,642.41,1577.11,1393.95,14.62,21.57,553.22,2387.91,9044.9,1.3,47.16,521.11,2387.96,8130.54,8.4177,0.03,391,2388,100.0,38.88,23.345,197,194,Healthy,98.48,0
11,4,0.0005,0.0001,100.0,518.67,642.13,1579.2,1393.89,14.62,21.57,552.44,2387.93,9044.14,1.3,46.98,520.35,2387.93,8127.01,8.362,0.03,392,2388,100.0,38.99,23.2986,197,193,Healthy,97.97,0
11,5,0.0023,-0.0001,100.0,518.67,642.31,1580.63,1395.15,14.62,21.57,552.74,2387.97,9046.19,1.3,47.04,521.32,2387.96,8129.47,8.3711,0.03,391,2388,100.0,38.95,23.2908,197,192,Healthy,97.46,0
11,6,-0.0002,0.0,100.0,518.67,641.9,1583.64,1390.86,14.62,21.57,552.76,2387.94,9047.01,1.3,47.16,520.05,2387.91,8134.7,8.4048,0.03,391,2388,100.0,38.94,23.3329,197,191,Healthy,96.95,0
11,7,-0.0033,-0.0004,100.0,518.67,641.61,1580.5,1390.66,14.62,21.57,552.39,2387.92,9044.21,1.3,47.04,520.2,2387.95,8124.65,8.3919,0.03,391,2388,100.0,39.1,23.3022,197,190,Healthy,96.45,0
11,8,0.001,0.0005,100.0,518.67,641.55,1581.67,1395.16,14.62,21.57,552.03,2387.92,9049.53,1.3,47.06,520.62,2387.93,8135.91,8.4157,0.03,391,2388,100.0,38.91,23.3685,197,189,Healthy,95.94,0
11,9,0.001,-0.0005,100.0,518.67,642.16,1582.24,1396.42,14.62,21.57,552.33,2387.89,9048.56,1.3,47.0,520.29,2387.92,8133.66,8.4054,0.03,390,2388,100.0,39.01,23.4004,197,188,Healthy,95.43,0
11,10,-0.0003,-0.0001,100.0,518.67,641.63,1578.71,1388.46,14.62,21.57,552.93,2387.9,9044.66,1.3,47.03,520.57,2387.93,8134.78,8.3906,0.03,390,2388,100.0,39.02,23.4238,197,187,Healthy,94.92,0
11,11,-0.0016,-0.0004,100.0,518.67,641.18,1583.73,1390.67,14.62,21.57,551.86,2387.99,9051.34,1.3,46.87,520.12,2387.97,8132.0,8.3671,0.03,390,2388,100.0,38.8,23.3688,197,186,Healthy,94.42,0
11,12,-0.0003,-0.0002,100.0,518.67,642.05,1586.59,1394.2,14.62,21.57,552.71,2387.91,9044.45,1.3,47.0,520.31,2387.93,8130.13,8.3952,0.03,390,2388,100.0,39.14,23.3593,197,185,Healthy,93.91,0
11,13,-0.0024,0.0002,100.0,518.67,642.22,1570.27,1395.72,14.62,21.58,553.65,2387.86,9051.75,1.3,46.95,521.03,2387.93,8135.67,8.3868,0.03,392,2388,100.0,38.81,23.3241,197,184,Healthy,93.4,0
11,14,-0.0009,0.0003,100.0,518.67,641.94,1577.84,1392.68,14.62,21.58,552.81,2387.95,9047.11,1.3,47.02,521.47,2387.99,8134.41,8.3893,0.03,393,2388,100.0,38.97,23.3672,197,183,Healthy,92.89,0
11,15,-0.0026,0.0,100.0,518.67,641.96,1577.62,1392.81,14.62,21.57,553.53,2387.9,9046.08,1.3,47.03,519.96,2387.91,8129.4,8.3827,0.03,392,2388,100.0,39.02,23.3825,197,182,Healthy,92.39,0
11,16,-0.0003,0.0003,100.0,518.67,641.81,1578.22,1395.91,14.62,21.57,552.16,2387.93,9043.31,1.3,46.95,520.57,2387.96,8136.29,8.3832,0.03,392,2388,100.0,39.05,23.3638,197,181,Healthy,91.88,0
11,17,-0.0006,-0.0,100.0,518.67,642.11,1575.79,1390.61,14.62,21.58,552.95,2387.96,9042.19,1.3,47.06,520.48,2387.9,8130.21,8.3796,0.03,391,2388,100.0,38.92,23.3826,197,180,Healthy,91.37,0
11,18,-0.0006,-0.0002,100.0,518.67,641.69,1584.6,1393.7,14.62,21.58,553.45,2387.99,9045.73,1.3,46.69,520.92,2387.96,8128.19,8.4188,0.03,391,2388,100.0,38.76,23.3478,197,179,Healthy,90.86,0
11,19,-0.0006,0.0002,100.0,518.67,641.88,1574.47,1397.28,14.62,21.57,552.05,2387.94,9049.0,1.3,47.0,520.48,2387.87,8130.06,8.3865,0.03,391,2388,100.0,38.91,23.4238,197,178,Healthy,90.36,0
11,20,-0.0021,0.0003,100.0,518.67,642.5,1575.56,1388.73,14.62,21.57,552.45,2387.93,9044.86,1.3,47.18,520.77,2387.92,8130.68,8.402,0.03,390,2388,100.0,38.96,23.3803,197,177,Healthy,89.85,0
11,21,-0.0003,-0.0003,100.0,518.67,641.73,1576.39,1388.42,14.62,21.57,552.62,2387.98,9053.21,1.3,47.2,520.04,2387.88,8129.21,8.403,0.03,391,2388,100.0,39.0,23.4028,197,176,Healthy,89.34,0
11,22,0.0018,-0.0003,100.0,518.67,641.85,1577.93,1391.7,14.62,21.57,552.65,2387.89,9042.16,1.3,47.19,520.49,2387.91,8126.92,8.4103,0.03,391,2388,100.0,38.83,23.4136,197,175,Healthy,88.83,0
11,23,-0.0004,-0.0005,100.0,518.67,641.86,1582.65,1394.39,14.62,21.58,552.94,2387.99,9041.94,1.3,46.88,520.63,2387.93,8131.82,8.3614,0.03,392,2388,100.0,38.96,23.4279,197,174,Healthy,88.32,0
11,24,-0.0001,-0.0002,100.0,518.67,641.75,1578.58,1399.71,14.62,21.57,552.19,2387.98,9047.4,1.3,46.99,520.72,2387.87,8128.89,8.3892,0.03,391,2388,100.0,39.12,23.4262,197,173,Healthy,87.82,0
11,25,0.0025,-0.0001,100.0,518.67,642.01,1582.36,1394.64,14.62,21.57,552.83,2387.98,9042.34,1.3,47.14,520.63,2387.95,8128.88,8.4088,0.03,391,2388,100.0,38.98,23.3647,197,172,Healthy,87.31,0
11,26,-0.0003,-0.0003,100.0,518.67,641.96,1584.85,1390.5,14.62,21.58,552.98,2387.92,9040.99,1.3,47.09,520.58,2387.83,8129.49,8.4119,0.03,390,2388,100.0,39.08,23.3812,197,171,Healthy,86.8,0
11,27,0.0003,0.0002,100.0,518.67,641.8,1579.64,1395.93,14.62,21.57,553.56,2387.94,9046.03,1.3,47.01,520.86,2387.99,8133.04,8.414,0.03,391,2388,100.0,38.83,23.4806,197,170,Healthy,86.29,0
11,28,0.0026,-0.0004,100.0,518.67,641.84,1584.86,1392.25,14.62,21.57,552.79,2387.97,9046.3,1.3,47.1,520.86,2387.97,8131.9,8.3805,0.03,390,2388,100.0,38.88,23.3731,197,169,Healthy,85.79,0
11,29,-0.0008,0.0004,100.0,518.67,642.2,1585.29,1392.55,14.62,21.57,551.99,2387.89,9038.77,1.3,46.97,520.56,2387.9,8132.29,8.4202,0.03,393,2388,100.0,38.97,23.402,197,168,Healthy,85.28,0
11,30,-0.0023,-0.0002,100.0,518.67,641.6,1588.36,1392.46,14.62,21.57,552.66,2387.92,9048.55,1.3,46.94,520.19,2387.92,8125.81,8.4271,0.03,391,2388,100.0,38.95,23.4107,197,167,Healthy,84.77,0
11,31,-0.0029,0.0005,100.0,518.67,642.12,1581.62,1394.47,14.62,21.57,552.56,2387.96,9044.69,1.3,47.2,520.57,2387.91,8128.09,8.4158,0.03,390,2388,100.0,39.03,23.2887,197,166,Healthy,84.26,0
11,32,0.0004,0.0001,100.0,518.67,641.61,1581.93,1395.55,14.62,21.57,552.78,2387.96,9049.96,1.3,46.83,520.6,2387.95,8130.47,8.3839,0.03,391,2388,100.0,39.03,23.4333,197,165,Healthy,83.76,0
11,33,0.0004,0.0001,100.0,518.67,641.97,1583.51,1395.66,14.62,21.57,552.32,2387.92,9046.09,1.3,46.99,520.34,2387.93,8131.59,8.4037,0.03,391,2388,100.0,39.14,23.2493,197,164,Healthy,83.25,0
11,34,-0.005,-0.0004,100.0,518.67,641.7,1583.73,1385.3,14.62,21.58,552.45,2387.92,9054.74,1.3,46.9,520.27,2387.93,8127.21,8.4173,0.03,390,2388,100.0,38.93,23.2786,197,163,Healthy,82.74,0
11,35,0.0016,-0.0002,100.0,518.67,641.89,1576.84,1392.38,14.62,21.57,553.02,2387.93,9048.65,1.3,46.94,520.27,2387.99,8137.48,8.3922,0.03,391,2388,100.0,39.05,23.3251,197,162,Healthy,82.23,0
11,36,-0.001,-0.0004,100.0,518.67,641.88,1583.71,1388.97,14.62,21.57,552.25,2387.92,9053.38,1.3,46.98,520.69,2387.86,8127.61,8.4119,0.03,391,2388,100.0,38.92,23.4284,197,161,Healthy,81.73,0
11,37,0.0001,-0.0002,100.0,518.67,641.56,1583.72,1387.65,14.62,21.57,552.24,2387.91,9042.46,1.3,46.87,520.47,2387.9,8136.1,8.4189,0.03,392,2388,100.0,39.03,23.3893,197,160,Healthy,81.22,0
11,38,0.0008,-0.0005,100.0,518.67,641.59,1574.04,1392.2,14.62,21.57,552.83,2387.87,9046.48,1.3,47.08,520.17,2387.87,8134.13,8.3779,0.03,389,2388,100.0,39.12,23.3664,197,159,Healthy,80.71,0
11,39,0.0013,-0.0001,100.0,518.67,641.9,1586.92,1391.1,14.62,21.57,552.48,2387.92,9040.67,1.3,47.05,520.06,2387.87,8134.17,8.415,0.03,390,2388,100.0,38.91,23.3033,197,158,Healthy,80.2,0
11,40,0.0029,0.0004,100.0,518.67,642.14,1583.85,1397.25,14.62,21.57,552.39,2387.94,9042.99,1.3,47.0,520.76,2387.94,8131.87,8.385,0.03,390,2388,100.0,38.82,23.3607,197,157,Healthy,79.7,0
11,41,0.0012,-0.0001,100.0,518.67,642.06,1577.86,1391.29,14.62,21.57,552.83,2387.95,9046.96,1.3,47.02,521.03,2387.91,8133.25,8.3984,0.03,392,2388,100.0,38.95,23.3479,197,156,Healthy,79.19,0
11,42,-0.0013,0.0002,100.0,518.67,641.38,1578.02,1394.29,14.62,21.57,552.59,2387.91,9047.22,1.3,46.9,520.57,2387.92,8140.0,8.3957,0.03,391,2388,100.0,38.91,23.4231,197,155,Healthy,78.68,0
11,43,0.0032,-0.0003,100.0,518.67,641.72,1581.77,1396.96,14.62,21.57,552.21,2387.88,9042.15,1.3,47.19,520.2,2387.92,8132.89,8.3824,0.03,391,2388,100.0,38.94,23.3068,197,154,Healthy,78.17,0
11,44,0.0006,-0.0004,100.0,518.67,641.75,1582.58,1384.07,14.62,21.57,552.25,2387.86,9040.06,1.3,46.88,520.12,2387.98,8137.42,8.3595,0.03,391,2388,100.0,38.93,23.3989,197,153,Healthy,77.66,0
11,45,0.0034,0.0001,100.0,518.67,641.96,1581.9,1388.19,14.62,21.57,552.86,2387.88,9043.38,1.3,46.98,520.87,2387.91,8129.49,8.3983,0.03,391,2388,100.0,38.97,23.3337,197,152,Healthy,77.16,0
11,46,-0.0021,-0.0003,100.0,518.67,642.03,1578.24,1398.51,14.62,21.57,553.12,2387.96,9048.49,1.3,46.95,520.87,2387.88,8127.45,8.3874,0.03,390,2388,100.0,38.84,23.4249,197,151,Healthy,76.65,0
11,47,-0.0001,-0.0003,100.0,518.67,642.06,1579.24,1391.75,14.62,21.57,553.08,2387.89,9044.57,1.3,47.18,520.99,2387.93,8132.38,8.372,0.03,391,2388,100.0,39.1,23.3687,197,150,Healthy,76.14,0
11,48,-0.0012,0.0004,100.0,518.67,641.68,1578.1,1398.38,14.62,21.57,552.1,2387.9,9051.17,1.3,47.23,520.99,2387.94,8132.0,8.3748,0.03,391,2388,100.0,38.79,23.3954,197,149,Healthy,75.63,0
11,49,-0.0013,0.0005,100.0,518.67,641.85,1585.46,1387.64,14.62,21.57,552.38,2387.95,9047.64,1.3,47.01,519.99,2387.88,8132.29,8.362,0.03,390,2388,100.0,39.16,23.3903,197,148,Healthy,75.13,0
11,50,0.0029,-0.0004,100.0,518.67,641.95,1579.81,1388.84,14.62,21.57,553.03,2387.93,9045.22,1.3,47.04,521.2,2387.97,8129.19,8.4231,0.03,392,2388,100.0,38.85,23.335,197,147,Healthy,74.62,0
12,1,-0.0023,0.0002,100.0,518.67,642.07,1581.03,1405.21,14.62,21.6,553.82,2388.07,9056.12,1.3,47.51,521.59,2388.04,8135.63,8.4094,0.03,392,2388,100.0,38.98,23.3799,170,169,Healthy,99.41,0
12,2,-0.0004,0.0004,100.0,518.67,642.63,1587.65,1405.3,14.62,21.61,554.96,2388.08,9056.47,1.3,47.31,522.12,2388.07,8138.03,8.4327,0.03,392,2388,100.0,38.91,23.3484,170,168,Healthy,98.82,0
12,3,-0.0042,-0.0003,100.0,518.67,642.39,1584.13,1407.73,14.62,21.61,554.5,2388.07,9052.78,1.3,47.41,521.35,2388.14,8142.04,8.4215,0.03,394,2388,100.0,38.66,23.3816,170,167,Healthy,98.24,0
12,4,0.0028,0.0001,100.0,518.67,642.86,1587.16,1397.7,14.62,21.61,553.65,2388.03,9056.77,1.3,47.29,522.53,2388.04,8137.45,8.428,0.03,392,2388,100.0,38.95,23.2631,170,166,Healthy,97.65,0
12,5,0.0002,0.0002,100.0,518.67,642.8,1589.28,1404.94,14.62,21.61,554.33,2388.11,9052.2,1.3,47.3,521.93,2388.02,8132.69,8.4139,0.03,392,2388,100.0,38.87,23.3215,170,165,Healthy,97.06,0
12,6,-0.0001,-0.0003,100.0,518.67,642.61,1585.73,1403.8,14.62,21.61,553.44,2388.02,9059.16,1.3,47.44,521.86,2388.05,8136.58,8.3965,0.03,393,2388,100.0,38.74,23.2921,170,164,Healthy,96.47,0
12,7,0.0017,0.0004,100.0,518.67,642.37,1591.8,1408.04,14.62,21.61,554.56,2388.04,9059.06,1.3,47.34,522.26,2388.06,8139.71,8.4114,0.03,393,2388,100.0,38.94,23.2916,170,163,Healthy,95.88,0
12,8,0.0007,-0.0003,100.0,518.67,642.67,1585.55,1402.41,14.62,21.61,553.47,2388.09,9058.46,1.3,47.53,521.98,2388.1,8135.79,8.3864,0.03,394,2388,100.0,38.66,23.29,170,162,Healthy,95.29,0
12,9,-0.0048,0.0003,100.0,518.67,642.5,1589.4,1406.7,14.62,21.61,554.64,2388.03,9047.65,1.3,47.37,521.17,2388.04,8135.63,8.4217,0.03,392,2388,100.0,39.02,23.4001,170,161,Healthy,94.71,0
12,10,0.0017,0.0001,100.0,518.67,642.9,1588.23,1408.84,14.62,21.61,554.0,2388.05,9061.15,1.3,47.44,521.87,2388.05,8136.35,8.4303,0.03,391,2388,100.0,38.87,23.3565,170,160,Healthy,94.12,0
12,11,0.0021,-0.0003,100.0,518.67,642.13,1586.1,1407.77,14.62,21.61,554.1,2388.08,9053.64,1.3,47.4,521.64,2388.08,8138.55,8.416,0.03,393,2388,100.0,38.99,23.3053,170,159,Healthy,93.53,0
12,12,-0.0002,-0.0003,100.0,518.67,642.94,1589.89,1403.65,14.62,21.61,553.93,2388.07,9050.49,1.3,47.35,521.96,2388.06,8133.39,8.4479,0.03,394,2388,100.0,38.9,23.2834,170,158,Healthy,92.94,0
12,13,-0.0012,-0.0001,100.0,518.67,642.65,1593.23,1411.14,14.62,21.61,554.25,2388.06,9049.57,1.3,47.37,521.82,2388.05,8133.46,8.4185,0.03,392,2388,100.0,38.88,23.2695,170,157,Healthy,92.35,0
12,14,-0.0019,-0.0003,100.0,518.67,642.71,1591.01,1406.81,14.62,21.61,553.64,2388.01,9061.2,1.3,47.29,521.47,2388.04,8136.02,8.4115,0.03,392,2388,100.0,38.72,23.2751,170,156,Healthy,91.76,0
12,15,-0.0016,0.0003,100.0,518.67,642.57,1589.93,1408.41,14.62,21.61,553.97,2388.11,9054.98,1.3,47.53,521.57,2388.05,8138.92,8.4224,0.03,393,2388,100.0,38.93,23.4089,170,155,Healthy,91.18,0
12,16,0.0004,0.0004,100.0,518.67,641.77,1590.03,1405.74,14.62,21.61,553.71,2388.09,9062.29,1.3,47.23,521.94,2388.08,8137.18,8.423,0.03,390,2388,100.0,38.84,23.3247,170,154,Healthy,90.59,0
12,17,-0.0024,-0.0,100.0,518.67,642.29,1580.63,1404.62,14.62,21.61,553.82,2388.11,9050.25,1.3,47.52,521.49,2388.05,8134.21,8.4151,0.03,393,2388,100.0,38.81,23.2976,170,153,Healthy,90.0,0
12,18,0.0021,0.0,100.0,518.67,642.24,1586.49,1397.58,14.62,21.61,554.23,2388.04,9065.42,1.3,47.45,521.43,2388.05,8135.02,8.4881,0.03,391,2388,100.0,38.73,23.4226,170,152,Healthy,89.41,0
12,19,-0.0024,-0.0002,100.0,518.67,643.03,1590.79,1408.29,14.62,21.61,553.69,2388.08,9054.43,1.3,47.38,521.76,2388.08,8140.91,8.3812,0.03,393,2388,100.0,38.84,23.3519,170,151,Healthy,88.82,0
12,20,-0.0019,0.0,100.0,518.67,642.4,1599.91,1401.64,14.62,21.61,553.17,2388.11,9056.22,1.3,47.51,522.0,2388.08,8140.71,8.419,0.03,391,2388,100.0,38.94,23.2576,170,150,Healthy,88.24,0
12,21,-0.0021,-0.0002,100.0,518.67,642.89,1589.18,1405.67,14.62,21.61,553.3,2388.01,9055.16,1.3,47.27,521.83,2388.07,8132.44,8.4127,0.03,394,2388,100.0,38.9,23.414,170,149,Healthy,87.65,0
12,22,-0.0035,-0.0004,100.0,518.67,642.05,1584.66,1405.69,14.62,21.61,554.26,2388.1,9066.71,1.3,47.53,521.76,2388.04,8141.19,8.3938,0.03,392,2388,100.0,38.93,23.2825,170,148,Healthy,87.06,0
12,23,0.0007,0.0004,100.0,518.67,641.93,1582.76,1401.57,14.62,21.61,553.85,2388.07,9051.4,1.3,47.41,521.71,2388.07,8133.72,8.4532,0.03,393,2388,100.0,38.88,23.1455,170,147,Healthy,86.47,0
12,24,0.0048,-0.0002,100.0,518.67,642.39,1588.81,1402.75,14.62,21.61,553.85,2388.08,9056.51,1.3,47.45,521.6,2388.06,8134.12,8.4456,0.03,393,2388,100.0,38.82,23.4128,170,146,Healthy,85.88,0
12,25,-0.0037,-0.0003,100.0,518.67,642.2,1589.02,1401.23,14.62,21.61,554.61,2388.09,9058.14,1.3,47.52,521.68,2388.0,8139.81,8.426,0.03,391,2388,100.0,38.99,23.3421,170,145,Healthy,85.29,0
12,26,0.0006,0.0004,100.0,518.67,642.33,1586.72,1402.2,14.62,21.61,554.14,2388.08,9057.72,1.3,47.47,521.11,2388.03,8136.07,8.4379,0.03,391,2388,100.0,39.01,23.2874,170,144,Healthy,84.71,0
12,27,0.0004,0.0002,100.0,518.67,642.29,1575.18,1399.29,14.62,21.61,553.65,2388.04,9057.94,1.3,47.55,521.68,2388.05,8141.7,8.46,0.03,392,2388,100.0,38.88,23.3581,170,143,Healthy,84.12,0
12,28,0.0017,-0.0,100.0,518.67,642.31,1583.44,1396.14,14.62,21.61,553.54,2388.1,9056.73,1.3,47.37,521.83,2388.06,8140.16,8.4335,0.03,392,2388,100.0,39.0,23.4579,170,142,Healthy,83.53,0
12,29,-0.0019,0.0002,100.0,518.67,642.44,1585.18,1403.54,14.62,21.61,553.54,2388.06,9056.72,1.3,47.19,522.2,2388.11,8138.02,8.425,0.03,392,2388,100.0,38.86,23.3602,170,141,Healthy,82.94,0
12,30,0.0011,0.0002,100.0,518.67,642.68,1593.77,1401.79,14.62,21.61,554.44,2388.08,9060.03,1.3,47.42,521.98,2388.14,8142.19,8.4097,0.03,392,2388,100.0,39.04,23.2806,170,140,Healthy,82.35,0
12,31,0.0011,0.0003,100.0,518.67,642.28,1586.43,1404.75,14.62,21.61,553.68,2388.07,9056.8,1.3,47.3,521.78,2388.03,8143.18,8.41,0.03,392,2388,100.0,38.99,23.389,170,139,Healthy,81.76,0
12,32,0.0014,0.0002,100.0,518.67,642.47,1592.37,1410.15,14.62,21.61,553.48,2388.03,9060.7,1.3,47.41,521.93,2388.14,8135.03,8.4292,0.03,390,2388,100.0,39.03,23.2423,170,138,Healthy,81.18,0
12,33,-0.0004,-0.0004,100.0,518.67,642.87,1595.3,1407.11,14.62,21.61,553.56,2388.13,9053.92,1.3,47.42,522.35,2388.11,8135.72,8.4131,0.03,393,2388,100.0,38.92,23.4104,170,137,Healthy,80.59,0
12,34,0.0023,0.0002,100.0,518.67,641.92,1580.91,1400.94,14.62,21.61,553.83,2388.09,9059.26,1.3,47.39,522.17,2388.05,8133.76,8.4302,0.03,393,2388,100.0,39.15,23.3426,170,136,Healthy,80.0,0
12,35,0.0014,0.0003,100.0,518.67,643.04,1589.11,1403.78,14.62,21.61,552.86,2388.12,9059.42,1.3,47.37,521.24,2388.09,8136.81,8.4041,0.03,393,2388,100.0,39.0,23.3107,170,135,Healthy,79.41,0
12,36,0.0013,-0.0004,100.0,518.67,642.58,1587.15,1405.39,14.62,21.61,553.53,2388.07,9052.77,1.3,47.33,521.92,2388.09,8139.21,8.442,0.03,392,2388,100.0,38.85,23.3526,170,134,Healthy,78.82,0
12,37,-0.0027,0.0003,100.0,518.67,642.77,1587.46,1408.7,14.62,21.61,554.52,2388.07,9050.32,1.3,47.48,521.6,2388.07,8137.12,8.4301,0.03,393,2388,100.0,38.94,23.2114,170,133,Healthy,78.24,0
12,38,0.0022,0.0004,100.0,518.67,642.73,1583.45,1407.37,14.62,21.61,553.82,2388.09,9059.34,1.3,47.3,521.62,2388.07,8135.33,8.4202,0.03,392,2388,100.0,38.8,23.3074,170,132,Healthy,77.65,0
12,39,-0.0,-0.0002,100.0,518.67,642.11,1589.78,1410.86,14.62,21.61,553.36,2388.08,9056.68,1.3,47.44,522.18,2388.05,8139.8,8.4328,0.03,394,2388,100.0,38.67,23.4003,170,131,Healthy,77.06,0
12,40,0.0,-0.0001,100.0,518.67,642.26,1588.34,1400.62,14.62,21.61,554.24,2388.01,9052.98,1.3,47.3,521.6,2388.09,8135.03,8.4281,0.03,393,2388,100.0,39.01,23.3658,170,130,Healthy,76.47,0
12,41,-0.0016,-0.0001,100.0,518.67,642.58,1597.3,1404.7,14.62,21.61,553.83,2388.07,9057.85,1.3,47.32,521.6,2388.09,8138.21,8.4405,0.03,392,2388,100.0,38.77,23.3739,170,129,Healthy,75.88,0
12,42,0.0014,0.0004,100.0,518.67,642.37,1588.88,1396.36,14.62,21.61,553.5,2388.04,9051.61,1.3,47.31,522.04,2388.05,8136.38,8.4156,0.03,393,2388,100.0,38.92,23.3558,170,128,Healthy,75.29,0
12,43,0.0023,0.0001,100.0,518.67,642.1,1588.21,1405.98,14.62,21.61,553.9,2388.06,9058.87,1.3,47.45,521.69,2388.0,8135.55,8.3964,0.03,393,2388,100.0,38.66,23.2824,170,127,Healthy,74.71,0
12,44,0.0031,-0.0002,100.0,518.67,642.35,1590.98,1403.15,14.62,21.61,554.02,2388.05,9062.39,1.3,47.37,521.82,2388.08,8140.57,8.4104,0.03,392,2388,100.0,38.95,23.3621,170,126,Healthy,74.12,0
12,45,0.0006,-0.0001,100.0,518.67,642.36,1594.01,1408.7,14.62,21.61,553.7,2388.14,9056.68,1.3,47.25,521.58,2388.08,8137.85,8.4516,0.03,393,2388,100.0,38.96,23.3559,170,125,Healthy,73.53,0
12,46,-0.0029,-0.0002,100.0,518.67,642.18,1586.41,1402.75,14.62,21.61,553.37,2388.06,9058.38,1.3,47.29,521.78,2388.03,8137.55,8.4215,0.03,393,2388,100.0,39.03,23.3918,170,124,Healthy,72.94,0
12,47,0.0015,-0.0002,100.0,518.67,642.15,1589.3,1412.5,14.62,21.61,553.48,2388.1,9061.52,1.3,47.54,522.04,2388.06,8133.24,8.4109,0.03,393,2388,100.0,38.81,23.2975,170,123,Healthy,72.35,0
12,48,0.0005,-0.0002,100.0,518.67,642.03,1587.09,1404.27,14.62,21.61,553.9,2388.12,9050.74,1.3,47.65,521.91,2388.13,8134.6,8.4559,0.03,392,2388,100.0,39.02,23.2472,170,122,Healthy,71.76,0
12,49,0.0001,-0.0004,100.0,518.67,641.85,1588.59,1399.82,14.62,21.61,553.23,2388.06,9053.53,1.3,47.28,521.28,2388.08,8136.44,8.4237,0.03,393,2388,100.0,38.83,23.2883,170,121,Healthy,71.18,0
12,50,0.0013,-0.0002,100.0,518.67,641.98,1582.19,1406.28,14.62,21.61,554.21,2388.07,9055.96,1.3,47.31,521.38,2388.16,8140.14,8.4228,0.03,391,2388,100.0,38.8,23.2923,170,120,Early_Wear,70.59,0
13,1,-0.0037,0.0002,100.0,518.67,642.83,1585.29,1408.93,14.62,21.61,553.42,2388.11,9048.2,1.3,47.45,521.45,2388.13,8132.09,8.4285,0.03,392,2388,100.0,38.98,23.242,185,184,Healthy,99.46,0
13,2,0.0008,-0.0001,100.0,518.67,642.91,1586.78,1410.92,14.62,21.61,553.53,2388.08,9058.73,1.3,47.66,520.87,2388.09,8133.03,8.4303,0.03,393,2388,100.0,38.8,23.1838,185,183,Healthy,98.92,0
13,3,0.0004,-0.0005,100.0,518.67,642.66,1589.91,1409.85,14.62,21.61,553.69,2388.12,9057.3,1.3,47.36,520.85,2388.15,8133.33,8.4294,0.03,391,2388,100.0,38.77,23.3545,185,182,Healthy,98.38,0
13,4,0.0007,-0.0003,100.0,518.67,642.77,1591.48,1407.43,14.62,21.61,553.56,2388.12,9048.0,1.3,47.47,521.86,2388.08,8133.96,8.4261,0.03,392,2388,100.0,38.89,23.3078,185,181,Healthy,97.84,0
13,5,-0.0032,-0.0001,100.0,518.67,642.12,1599.48,1407.37,14.62,21.61,553.27,2388.12,9058.01,1.3,47.47,521.68,2388.07,8139.6,8.4281,0.03,393,2388,100.0,38.75,23.3059,185,180,Healthy,97.3,0
13,6,0.0011,0.0003,100.0,518.67,642.53,1589.24,1411.26,14.62,21.61,553.17,2388.14,9046.37,1.3,47.81,521.13,2388.09,8127.19,8.4733,0.03,395,2388,100.0,38.66,23.2547,185,179,Healthy,96.76,0
13,7,0.0028,0.0005,100.0,518.67,642.67,1587.74,1411.81,14.62,21.61,553.8,2388.14,9056.34,1.3,47.57,521.26,2388.08,8131.89,8.4789,0.03,394,2388,100.0,38.73,23.3015,185,178,Healthy,96.22,0
13,8,-0.0022,-0.0004,100.0,518.67,642.28,1586.41,1410.83,14.62,21.61,552.75,2388.12,9057.34,1.3,47.62,521.75,2388.12,8137.89,8.4427,0.03,394,2388,100.0,38.85,23.1677,185,177,Healthy,95.68,0
13,9,0.0023,-0.0003,100.0,518.67,642.24,1581.23,1414.01,14.62,21.61,553.63,2388.09,9048.82,1.3,47.65,521.37,2388.05,8131.25,8.4259,0.03,393,2388,100.0,39.02,23.2994,185,176,Healthy,95.14,0
13,10,0.0015,-0.0004,100.0,518.67,642.08,1585.63,1409.88,14.62,21.61,553.68,2388.11,9047.98,1.3,47.54,521.54,2388.07,8140.26,8.4284,0.03,395,2388,100.0,38.67,23.2718,185,175,Healthy,94.59,0
13,11,-0.0028,0.0001,100.0,518.67,642.74,1585.26,1407.6,14.62,21.61,553.79,2388.12,9057.94,1.3,47.44,521.23,2388.12,8134.96,8.4208,0.03,394,2388,100.0,38.77,23.3433,185,174,Healthy,94.05,0
13,12,-0.003,-0.0003,100.0,518.67,642.91,1588.12,1408.49,14.62,21.61,553.35,2388.11,9057.37,1.3,47.31,521.46,2388.1,8128.82,8.4138,0.03,395,2388,100.0,38.93,23.2375,185,173,Healthy,93.51,0
13,13,-0.0002,0.0003,100.0,518.67,642.62,1591.71,1400.82,14.62,21.61,553.39,2388.07,9053.25,1.3,47.55,521.45,2388.11,8130.44,8.403,0.03,393,2388,100.0,38.94,23.3352,185,172,Healthy,92.97,0
13,14,-0.0006,0.0001,100.0,518.67,642.84,1595.57,1409.67,14.62,21.61,553.36,2388.13,9054.2,1.3,47.58,520.95,2388.04,8128.78,8.4283,0.03,395,2388,100.0,38.64,23.2699,185,171,Healthy,92.43,0
13,15,0.0023,0.0002,100.0,518.67,642.55,1592.54,1408.28,14.62,21.61,553.86,2388.05,9054.22,1.3,47.54,521.52,2388.1,8129.17,8.4462,0.03,394,2388,100.0,38.98,23.2354,185,170,Healthy,91.89,0
13,16,-0.0,0.0003,100.0,518.67,642.62,1592.58,1407.29,14.62,21.61,553.56,2388.09,9063.34,1.3,47.58,521.19,2388.09,8136.52,8.4545,0.03,393,2388,100.0,38.75,23.276,185,169,Healthy,91.35,0
13,17,-0.0003,0.0001,100.0,518.67,642.12,1591.91,1413.96,14.62,21.61,552.95,2388.15,9046.09,1.3,47.32,521.72,2388.1,8131.73,8.4389,0.03,393,2388,100.0,38.82,23.2483,185,168,Healthy,90.81,0
13,18,0.0025,-0.0002,100.0,518.67,643.0,1594.79,1400.2,14.62,21.61,553.99,2388.14,9053.22,1.3,47.31,521.15,2388.15,8133.63,8.4253,0.03,393,2388,100.0,38.76,23.164,185,167,Healthy,90.27,0
13,19,0.0,0.0003,100.0,518.67,642.99,1586.36,1410.04,14.62,21.61,553.24,2388.14,9057.96,1.3,47.62,521.64,2388.07,8134.93,8.4077,0.03,392,2388,100.0,38.9,23.2376,185,166,Healthy,89.73,0
13,20,-0.002,-0.0001,100.0,518.67,642.85,1583.39,1411.76,14.62,21.61,553.49,2388.11,9054.89,1.3,47.57,521.21,2388.15,8136.58,8.4655,0.03,394,2388,100.0,38.74,23.3674,185,165,Healthy,89.19,0
13,21,0.0008,-0.0003,100.0,518.67,642.78,1593.25,1400.59,14.62,21.61,553.44,2388.14,9054.16,1.3,47.63,521.61,2388.16,8132.91,8.4217,0.03,396,2388,100.0,38.58,23.3341,185,164,Healthy,88.65,0
13,22,-0.0007,0.0001,100.0,518.67,642.83,1585.93,1419.67,14.62,21.61,554.09,2388.14,9045.55,1.3,47.65,520.95,2388.06,8140.05,8.4539,0.03,393,2388,100.0,38.9,23.2944,185,163,Healthy,88.11,0
13,23,0.0006,0.0002,100.0,518.67,642.7,1589.55,1405.95,14.62,21.61,553.48,2388.01,9054.66,1.3,47.48,521.04,2388.13,8127.53,8.4671,0.03,393,2388,100.0,38.69,23.2419,185,162,Healthy,87.57,0
13,24,0.0016,0.0002,100.0,518.67,642.24,1586.19,1414.53,14.62,21.61,553.07,2388.11,9046.3,1.3,47.47,521.37,2388.06,8132.88,8.4753,0.03,392,2388,100.0,38.78,23.3436,185,161,Healthy,87.03,0
13,25,-0.0021,0.0001,100.0,518.67,642.71,1594.24,1407.47,14.62,21.61,553.3,2388.08,9050.3,1.3,47.59,521.14,2388.09,8130.37,8.4559,0.03,394,2388,100.0,38.82,23.2352,185,160,Healthy,86.49,0
13,26,-0.0003,-0.0005,100.0,518.67,642.68,1586.23,1404.17,14.62,21.61,552.69,2388.14,9053.36,1.3,47.55,521.32,2388.12,8132.68,8.4657,0.03,393,2388,100.0,38.92,23.3092,185,159,Healthy,85.95,0
13,27,0.0047,-0.0005,100.0,518.67,642.4,1598.2,1409.43,14.62,21.61,553.34,2388.09,9053.73,1.3,47.49,522.0,2388.13,8130.88,8.4349,0.03,393,2388,100.0,38.86,23.3738,185,158,Healthy,85.41,0
13,28,-0.0002,-0.0001,100.0,518.67,642.04,1585.27,1412.24,14.62,21.61,553.01,2388.11,9055.22,1.3,47.48,521.33,2388.08,8135.63,8.407,0.03,392,2388,100.0,38.75,23.2864,185,157,Healthy,84.86,0
13,29,0.0018,-0.0003,100.0,518.67,642.43,1593.29,1405.38,14.62,21.61,552.92,2388.1,9050.66,1.3,47.62,521.58,2388.16,8134.02,8.4257,0.03,395,2388,100.0,39.0,23.2575,185,156,Healthy,84.32,0
13,30,-0.005,0.0003,100.0,518.67,642.65,1585.22,1409.87,14.62,21.61,553.39,2388.14,9054.27,1.3,47.44,521.01,2388.18,8135.04,8.4252,0.03,394,2388,100.0,38.82,23.2978,185,155,Healthy,83.78,0
13,31,-0.002,0.0003,100.0,518.67,642.32,1588.28,1402.89,14.62,21.61,553.55,2388.09,9054.69,1.3,47.41,521.87,2388.07,8142.42,8.4523,0.03,393,2388,100.0,38.98,23.2404,185,154,Healthy,83.24,0
13,32,0.0006,0.0,100.0,518.67,642.61,1587.77,1405.49,14.62,21.61,553.11,2388.13,9056.13,1.3,47.71,521.49,2388.12,8134.95,8.4368,0.03,394,2388,100.0,38.87,23.2924,185,153,Healthy,82.7,0
13,33,0.0016,-0.0003,100.0,518.67,642.69,1589.38,1408.94,14.62,21.61,553.97,2388.11,9055.45,1.3,47.48,521.69,2388.11,8136.76,8.4756,0.03,393,2388,100.0,38.83,23.3016,185,152,Healthy,82.16,0
13,34,-0.0004,0.0001,100.0,518.67,642.36,1591.8,1409.41,14.62,21.61,553.53,2388.09,9057.57,1.3,47.53,521.38,2388.07,8134.11,8.4462,0.03,393,2388,100.0,38.96,23.3451,185,151,Healthy,81.62,0
13,35,0.0012,0.0001,100.0,518.67,642.49,1596.29,1410.51,14.62,21.61,553.3,2388.12,9056.47,1.3,47.66,521.29,2388.12,8134.6,8.436,0.03,394,2388,100.0,38.78,23.2236,185,150,Healthy,81.08,0
13,36,0.0025,-0.0001,100.0,518.67,642.79,1590.07,1412.37,14.62,21.61,552.83,2388.14,9056.13,1.3,47.34,521.22,2388.12,8136.88,8.4489,0.03,394,2388,100.0,38.84,23.3891,185,149,Healthy,80.54,0
13,37,-0.0055,-0.0003,100.0,518.67,642.65,1585.29,1408.99,14.62,21.61,553.89,2388.11,9055.54,1.3,47.53,521.16,2388.14,8133.29,8.3766,0.03,394,2388,100.0,38.83,23.3848,185,148,Healthy,80.0,0
13,38,-0.0011,0.0003,100.0,518.67,642.47,1600.75,1411.91,14.62,21.61,552.44,2388.15,9042.3,1.3,47.61,521.89,2388.12,8133.05,8.3847,0.03,392,2388,100.0,38.71,23.212,185,147,Healthy,79.46,0
13,39,-0.002,-0.0001,100.0,518.67,642.01,1589.55,1409.0,14.62,21.61,554.06,2388.08,9058.02,1.3,47.52,521.25,2388.13,8137.3,8.46,0.03,393,2388,100.0,38.87,23.3394,185,146,Healthy,78.92,0
13,40,0.0002,-0.0005,100.0,518.67,642.92,1596.62,1411.44,14.62,21.61,553.36,2388.1,9053.24,1.3,47.41,521.48,2388.12,8136.41,8.4486,0.03,392,2388,100.0,38.63,23.2568,185,145,Healthy,78.38,0
13,41,0.0049,0.0003,100.0,518.67,642.59,1587.68,1407.63,14.62,21.61,554.46,2388.05,9048.25,1.3,47.46,521.72,2388.15,8131.41,8.4377,0.03,393,2388,100.0,38.96,23.344,185,144,Healthy,77.84,0
13,42,0.0029,-0.0001,100.0,518.67,642.75,1588.63,1406.1,14.62,21.61,553.54,2388.03,9056.93,1.3,47.48,521.41,2388.08,8142.08,8.4596,0.03,395,2388,100.0,38.84,23.2831,185,143,Healthy,77.3,0
13,43,-0.004,-0.0005,100.0,518.67,642.82,1587.94,1417.03,14.62,21.61,553.49,2388.15,9054.74,1.3,47.6,521.48,2388.13,8140.84,8.4597,0.03,393,2388,100.0,38.89,23.3035,185,142,Healthy,76.76,0
13,44,-0.0016,-0.0001,100.0,518.67,642.41,1585.77,1402.53,14.62,21.61,552.84,2388.13,9052.22,1.3,47.55,520.88,2388.1,8133.69,8.4405,0.03,394,2388,100.0,38.76,23.359,185,141,Healthy,76.22,0
13,45,0.0029,-0.0005,100.0,518.67,643.1,1595.17,1403.15,14.62,21.61,553.03,2388.1,9049.19,1.3,47.71,521.31,2388.1,8133.52,8.4648,0.03,392,2388,100.0,38.78,23.1844,185,140,Healthy,75.68,0
13,46,0.003,0.0003,100.0,518.67,643.08,1584.27,1404.39,14.62,21.61,553.45,2388.16,9056.37,1.3,47.38,521.53,2388.08,8136.98,8.4332,0.03,392,2388,100.0,38.74,23.4359,185,139,Healthy,75.14,0
13,47,-0.0004,0.0,100.0,518.67,643.0,1588.77,1409.3,14.62,21.61,553.97,2388.12,9059.76,1.3,47.8,521.58,2388.13,8137.6,8.414,0.03,394,2388,100.0,38.58,23.2714,185,138,Healthy,74.59,0
13,48,-0.0031,-0.0002,100.0,518.67,642.75,1592.05,1405.31,14.62,21.61,553.44,2388.12,9058.34,1.3,47.5,521.83,2388.05,8128.52,8.4275,0.03,396,2388,100.0,38.7,23.2476,185,137,Healthy,74.05,0
13,49,0.0001,0.0003,100.0,518.67,642.76,1584.01,1406.84,14.62,21.61,553.19,2388.12,9053.1,1.3,47.47,521.69,2388.14,8133.28,8.4063,0.03,394,2388,100.0,38.79,23.3711,185,136,Healthy,73.51,0
13,50,-0.0038,-0.0002,100.0,518.67,643.1,1586.89,1407.28,14.62,21.61,553.57,2388.11,9057.98,1.3,47.58,520.95,2388.11,8138.61,8.4595,0.03,394,2388,100.0,38.92,23.2084,185,135,Healthy,72.97,0
14,1,-0.0007,-0.0004,100.0,518.67,642.55,1584.93,1395.73,14.62,21.6,553.88,2388.02,9053.21,1.3,47.19,522.29,2388.02,8138.49,8.4401,0.03,392,2388,100.0,38.97,23.4079,207,206,Healthy,99.52,0
14,2,0.0019,-0.0005,100.0,518.67,642.22,1584.26,1399.53,14.62,21.61,555.17,2387.98,9057.23,1.3,47.39,522.37,2387.98,8141.97,8.3927,0.03,393,2388,100.0,39.08,23.3756,207,205,Healthy,99.03,0
14,3,-0.0008,-0.0004,100.0,518.67,642.12,1585.09,1403.36,14.62,21.61,554.6,2388.02,9058.04,1.3,47.17,522.69,2388.05,8134.3,8.4074,0.03,391,2388,100.0,38.87,23.4295,207,204,Healthy,98.55,0
14,4,0.001,-0.0003,100.0,518.67,642.44,1585.89,1400.5,14.62,21.61,553.83,2388.02,9063.19,1.3,47.07,522.34,2387.98,8142.98,8.3932,0.03,392,2388,100.0,39.1,23.3264,207,203,Healthy,98.07,0
14,5,-0.0041,0.0002,100.0,518.67,642.59,1585.67,1396.07,14.62,21.61,554.41,2388.0,9054.82,1.3,47.17,522.07,2387.97,8139.54,8.3834,0.03,391,2388,100.0,38.94,23.3947,207,202,Healthy,97.58,0
14,6,-0.0005,-0.0005,100.0,518.67,642.4,1582.04,1398.75,14.62,21.61,553.72,2387.97,9058.98,1.3,47.28,521.91,2388.03,8141.36,8.3957,0.03,390,2388,100.0,39.11,23.4501,207,201,Healthy,97.1,0
14,7,-0.0006,0.0004,100.0,518.67,642.56,1587.84,1392.71,14.62,21.61,554.69,2387.96,9048.64,1.3,47.09,521.88,2388.03,8140.97,8.434,0.03,391,2388,100.0,38.9,23.3448,207,200,Healthy,96.62,0
14,8,-0.0001,-0.0005,100.0,518.67,642.27,1581.71,1394.43,14.62,21.61,554.87,2388.04,9054.87,1.3,47.28,522.82,2388.02,8144.41,8.4154,0.03,390,2388,100.0,38.98,23.3456,207,199,Healthy,96.14,0
14,9,0.0045,-0.0001,100.0,518.67,642.38,1579.3,1399.16,14.62,21.61,554.33,2388.01,9058.79,1.3,47.14,522.01,2388.03,8138.9,8.3767,0.03,391,2388,100.0,38.85,23.3732,207,198,Healthy,95.65,0
14,10,0.0005,-0.0,100.0,518.67,642.21,1590.81,1398.37,14.62,21.61,554.48,2388.03,9055.46,1.3,47.24,522.25,2388.02,8135.82,8.4178,0.03,391,2388,100.0,39.12,23.4111,207,197,Healthy,95.17,0
14,11,0.0015,0.0002,100.0,518.67,641.99,1581.91,1399.07,14.62,21.61,554.5,2387.99,9046.34,1.3,47.18,522.3,2388.01,8138.2,8.3795,0.03,391,2388,100.0,39.11,23.4157,207,196,Healthy,94.69,0
14,12,0.0005,-0.0,100.0,518.67,641.91,1579.57,1395.63,14.62,21.61,554.54,2388.06,9057.71,1.3,47.12,522.0,2388.06,8137.76,8.3768,0.03,391,2388,100.0,39.07,23.4449,207,195,Healthy,94.2,0
14,13,-0.0034,0.0003,100.0,518.67,642.39,1581.06,1402.67,14.62,21.61,554.05,2388.01,9047.29,1.3,47.27,522.56,2388.09,8140.17,8.3821,0.03,392,2388,100.0,39.27,23.4964,207,194,Healthy,93.72,0
14,14,-0.0015,0.0003,100.0,518.67,642.27,1588.36,1399.08,14.62,21.61,555.01,2388.03,9056.27,1.3,47.36,522.57,2388.06,8141.37,8.372,0.03,392,2388,100.0,38.91,23.4755,207,193,Healthy,93.24,0
14,15,-0.0007,0.0002,100.0,518.67,641.67,1585.65,1394.96,14.62,21.61,555.52,2387.98,9051.53,1.3,47.32,522.08,2388.0,8138.82,8.3833,0.03,392,2388,100.0,39.15,23.4278,207,192,Healthy,92.75,0
14,16,-0.001,0.0002,100.0,518.67,642.27,1582.1,1393.32,14.62,21.61,554.48,2388.03,9058.14,1.3,47.21,522.33,2388.05,8139.46,8.4079,0.03,392,2388,100.0,38.94,23.4896,207,191,Healthy,92.27,0
14,17,-0.0024,-0.0004,100.0,518.67,641.8,1585.88,1401.61,14.62,21.61,554.25,2388.05,9054.87,1.3,47.08,522.49,2387.96,8137.07,8.3883,0.03,393,2388,100.0,38.83,23.4194,207,190,Healthy,91.79,0
14,18,-0.0022,-0.0001,100.0,518.67,642.19,1585.93,1402.7,14.62,21.61,554.53,2388.02,9054.19,1.3,47.15,522.14,2388.04,8137.84,8.3896,0.03,392,2388,100.0,39.04,23.3562,207,189,Healthy,91.3,0
14,19,0.0035,0.0002,100.0,518.67,642.11,1584.56,1398.55,14.62,21.6,554.09,2387.99,9051.22,1.3,47.02,522.4,2388.01,8144.41,8.4037,0.03,392,2388,100.0,39.09,23.4574,207,188,Healthy,90.82,0
14,20,-0.0,-0.0003,100.0,518.67,642.0,1583.52,1390.04,14.62,21.6,554.88,2388.03,9059.22,1.3,47.26,522.23,2388.08,8140.08,8.3713,0.03,390,2388,100.0,39.01,23.4179,207,187,Healthy,90.34,0
14,21,0.002,-0.0003,100.0,518.67,642.53,1582.92,1397.76,14.62,21.6,554.96,2388.02,9055.88,1.3,47.05,522.43,2388.02,8137.45,8.3769,0.03,391,2388,100.0,39.12,23.5102,207,186,Healthy,89.86,0
14,22,-0.0001,0.0002,100.0,518.67,642.0,1590.54,1390.89,14.62,21.61,554.67,2387.98,9057.21,1.3,47.21,521.92,2388.02,8141.55,8.3932,0.03,392,2388,100.0,38.98,23.3177,207,185,Healthy,89.37,0
14,23,0.0025,0.0001,100.0,518.67,642.12,1582.45,1398.72,14.62,21.61,554.16,2388.02,9053.77,1.3,47.22,521.86,2388.02,8139.79,8.4191,0.03,391,2388,100.0,39.05,23.4793,207,184,Healthy,88.89,0
14,24,-0.0045,-0.0005,100.0,518.67,642.18,1582.54,1408.26,14.62,21.61,554.43,2388.12,9058.05,1.3,47.26,522.18,2388.04,8134.16,8.4023,0.03,393,2388,100.0,39.14,23.5222,207,183,Healthy,88.41,0
14,25,-0.0025,0.0003,100.0,518.67,641.99,1587.42,1404.55,14.62,21.61,553.66,2388.08,9053.45,1.3,47.27,522.7,2388.03,8137.17,8.4097,0.03,391,2388,100.0,38.99,23.4163,207,182,Healthy,87.92,0
14,26,-0.0008,0.0004,100.0,518.67,642.38,1582.63,1401.04,14.62,21.61,554.3,2388.0,9055.24,1.3,47.41,522.1,2388.04,8141.18,8.3962,0.03,392,2388,100.0,39.12,23.4757,207,181,Healthy,87.44,0
14,27,0.0033,-0.0002,100.0,518.67,642.05,1590.56,1398.57,14.62,21.61,554.54,2388.0,9057.86,1.3,47.1,522.43,2387.99,8137.99,8.3728,0.03,391,2388,100.0,38.88,23.422,207,180,Healthy,86.96,0
14,28,0.0007,0.0001,100.0,518.67,641.79,1580.4,1391.63,14.62,21.61,554.06,2388.02,9053.6,1.3,47.31,521.91,2388.07,8135.14,8.4161,0.03,391,2388,100.0,39.04,23.383,207,179,Healthy,86.47,0
14,29,0.0016,0.0001,100.0,518.67,642.32,1586.16,1399.91,14.62,21.61,554.64,2388.01,9059.39,1.3,47.1,522.65,2387.97,8141.11,8.4241,0.03,391,2388,100.0,38.91,23.342,207,178,Healthy,85.99,0
14,30,0.0017,0.0003,100.0,518.67,642.24,1584.44,1395.16,14.62,21.6,554.2,2388.05,9057.55,1.3,47.21,522.5,2388.01,8136.54,8.4025,0.03,393,2388,100.0,39.21,23.4098,207,177,Healthy,85.51,0
14,31,0.0014,-0.0,100.0,518.67,642.53,1587.46,1392.86,14.62,21.61,554.19,2388.07,9056.69,1.3,47.19,522.07,2388.04,8129.4,8.396,0.03,391,2388,100.0,39.02,23.5095,207,176,Healthy,85.02,0
14,32,-0.0047,0.0003,100.0,518.67,642.8,1579.61,1391.19,14.62,21.61,554.06,2388.05,9053.77,1.3,47.28,522.94,2387.96,8138.87,8.3831,0.03,392,2388,100.0,39.04,23.3525,207,175,Healthy,84.54,0
14,33,-0.0007,0.0004,100.0,518.67,642.55,1587.37,1396.22,14.62,21.61,554.38,2388.04,9057.64,1.3,47.14,522.62,2388.03,8135.6,8.3911,0.03,392,2388,100.0,39.02,23.4581,207,174,Healthy,84.06,0
14,34,-0.0031,0.0004,100.0,518.67,642.51,1590.06,1388.1,14.62,21.61,554.42,2388.04,9063.2,1.3,47.27,522.26,2388.04,8140.44,8.4262,0.03,391,2388,100.0,39.14,23.4646,207,173,Healthy,83.57,0
14,35,-0.0042,-0.0004,100.0,518.67,641.62,1588.32,1403.51,14.62,21.61,554.77,2388.04,9059.01,1.3,47.19,522.2,2388.04,8141.82,8.3807,0.03,391,2388,100.0,39.0,23.4223,207,172,Healthy,83.09,0
14,36,0.0005,-0.0001,100.0,518.67,642.74,1580.34,1393.95,14.62,21.61,554.62,2388.04,9062.73,1.3,47.17,522.45,2388.01,8140.96,8.4141,0.03,391,2388,100.0,38.94,23.3252,207,171,Healthy,82.61,0
14,37,0.0046,-0.0003,100.0,518.67,642.4,1591.57,1402.53,14.62,21.61,553.41,2388.01,9051.1,1.3,47.1,522.65,2388.06,8136.03,8.4043,0.03,391,2388,100.0,38.99,23.4192,207,170,Healthy,82.13,0
14,38,0.0023,-0.0004,100.0,518.67,642.85,1580.48,1394.79,14.62,21.61,554.42,2388.01,9054.36,1.3,47.11,522.4,2388.04,8137.0,8.4144,0.03,392,2388,100.0,38.77,23.4077,207,169,Healthy,81.64,0
14,39,-0.0029,-0.0001,100.0,518.67,642.52,1587.76,1397.81,14.62,21.61,554.04,2388.03,9058.27,1.3,47.12,522.29,2388.01,8139.79,8.4536,0.03,392,2388,100.0,39.15,23.3968,207,168,Healthy,81.16,0
14,40,-0.0004,0.0003,100.0,518.67,641.9,1584.62,1403.48,14.62,21.61,553.91,2388.04,9050.22,1.3,47.32,522.39,2388.02,8136.42,8.4219,0.03,391,2388,100.0,39.1,23.5587,207,167,Healthy,80.68,0
14,41,0.0003,0.0004,100.0,518.67,642.44,1591.83,1398.76,14.62,21.61,554.05,2388.01,9057.03,1.3,47.21,522.35,2388.06,8137.46,8.3898,0.03,392,2388,100.0,39.0,23.2899,207,166,Healthy,80.19,0
14,42,0.0015,-0.0004,100.0,518.67,642.15,1586.49,1391.02,14.62,21.61,554.69,2388.04,9055.53,1.3,47.32,521.9,2388.03,8136.52,8.3749,0.03,392,2388,100.0,38.84,23.394,207,165,Healthy,79.71,0
14,43,-0.001,0.0002,100.0,518.67,642.3,1583.66,1397.15,14.62,21.61,553.84,2388.04,9053.61,1.3,47.19,522.14,2388.02,8133.1,8.4192,0.03,393,2388,100.0,39.17,23.475,207,164,Healthy,79.23,0
14,44,0.001,0.0003,100.0,518.67,641.95,1581.84,1397.23,14.62,21.6,554.39,2388.01,9058.36,1.3,47.33,522.48,2387.95,8135.29,8.3919,0.03,389,2388,100.0,39.04,23.2263,207,163,Healthy,78.74,0
14,45,0.0047,0.0002,100.0,518.67,641.66,1580.56,1401.55,14.62,21.61,554.08,2388.0,9048.52,1.3,47.16,522.32,2387.99,8144.16,8.3917,0.03,392,2388,100.0,39.02,23.39,207,162,Healthy,78.26,0
14,46,-0.0006,-0.0002,100.0,518.67,642.2,1590.55,1400.51,14.62,21.61,554.59,2388.06,9049.55,1.3,47.33,522.0,2388.03,8137.07,8.4336,0.03,392,2388,100.0,39.12,23.3893,207,161,Healthy,77.78,0
14,47,-0.0004,-0.0,100.0,518.67,642.47,1594.04,1402.46,14.62,21.61,554.5,2388.05,9056.76,1.3,47.28,521.69,2388.02,8140.99,8.4043,0.03,390,2388,100.0,39.05,23.3537,207,160,Healthy,77.29,0
14,48,-0.0047,-0.0004,100.0,518.67,642.02,1587.68,1397.53,14.62,21.61,554.51,2388.07,9050.42,1.3,47.14,522.19,2388.04,8140.76,8.413,0.03,391,2388,100.0,39.0,23.4119,207,159,Healthy,76.81,0
14,49,0.0019,0.0001,100.0,518.67,642.37,1582.11,1400.06,14.62,21.61,555.14,2388.03,9054.01,1.3,47.35,521.74,2388.06,8143.87,8.3896,0.03,391,2388,100.0,38.96,23.4403,207,158,Healthy,76.33,0
14,50,0.0035,0.0002,100.0,518.67,642.16,1589.48,1400.32,14.62,21.61,554.14,2388.05,9053.32,1.3,47.13,522.09,2388.0,8138.89,8.4263,0.03,393,2388,100.0,39.1,23.4414,207,157,Healthy,75.85,0
15,1,0.0018,-0.0003,100.0,518.67,642.51,1589.9,1407.33,14.62,21.61,552.74,2388.12,9057.17,1.3,47.74,521.66,2388.06,8136.59,8.4428,0.03,394,2388,100.0,38.79,23.2583,202,201,Healthy,99.5,0
15,2,-0.0012,0.0,100.0,518.67,642.47,1591.78,1413.42,14.62,21.61,553.55,2388.15,9051.46,1.3,47.65,521.1,2388.16,8137.52,8.4127,0.03,394,2388,100.0,38.88,23.192,202,200,Healthy,99.01,0
15,3,0.0017,0.0004,100.0,518.67,642.71,1594.08,1406.59,14.62,21.61,553.03,2388.08,9059.1,1.3,47.64,521.4,2388.12,8137.02,8.478,0.03,393,2388,100.0,38.68,23.2699,202,199,Healthy,98.51,0
15,4,0.0002,0.0,100.0,518.67,643.01,1587.71,1414.2,14.62,21.61,554.0,2388.12,9056.53,1.3,47.62,521.34,2388.09,8139.37,8.4513,0.03,393,2388,100.0,38.52,23.353,202,198,Healthy,98.02,0
15,5,-0.0004,-0.0001,100.0,518.67,643.05,1587.36,1404.69,14.62,21.61,553.01,2388.12,9058.03,1.3,47.45,521.32,2388.1,8132.02,8.4529,0.03,393,2388,100.0,38.74,23.2412,202,197,Healthy,97.52,0
15,6,0.0023,-0.0004,100.0,518.67,642.44,1588.73,1417.56,14.62,21.61,553.12,2388.07,9058.41,1.3,47.5,520.66,2388.16,8138.18,8.4404,0.03,393,2388,100.0,38.79,23.3692,202,196,Healthy,97.03,0
15,7,-0.0006,0.0003,100.0,518.67,642.6,1592.91,1411.79,14.62,21.61,552.51,2388.1,9062.55,1.3,47.5,521.55,2388.09,8136.57,8.448,0.03,394,2388,100.0,39.0,23.2617,202,195,Healthy,96.53,0
15,8,0.0001,-0.0002,100.0,518.67,642.68,1590.22,1402.52,14.62,21.61,553.5,2388.1,9059.58,1.3,47.52,521.31,2388.12,8137.51,8.4505,0.03,395,2388,100.0,38.77,23.2676,202,194,Healthy,96.04,0
15,9,-0.0014,-0.0004,100.0,518.67,642.35,1595.22,1411.18,14.62,21.61,553.52,2388.12,9050.75,1.3,47.48,521.43,2388.07,8138.42,8.4572,0.03,392,2388,100.0,38.8,23.3025,202,193,Healthy,95.54,0
15,10,-0.0006,0.0001,100.0,518.67,643.11,1594.08,1415.99,14.62,21.61,553.08,2388.09,9063.67,1.3,47.51,521.14,2388.13,8139.13,8.4354,0.03,394,2388,100.0,38.6,23.2165,202,192,Healthy,95.05,0
15,11,0.002,0.0005,100.0,518.67,642.43,1590.54,1413.38,14.62,21.61,552.84,2388.1,9056.58,1.3,47.65,521.07,2388.14,8138.83,8.4421,0.03,393,2388,100.0,38.74,23.2988,202,191,Healthy,94.55,0
15,12,-0.0018,-0.0002,100.0,518.67,642.07,1591.51,1412.65,14.62,21.61,552.7,2388.17,9064.82,1.3,47.46,521.31,2388.1,8139.59,8.4412,0.03,394,2388,100.0,38.66,23.2339,202,190,Healthy,94.06,0
15,13,-0.0018,-0.0001,100.0,518.67,642.84,1599.0,1412.77,14.62,21.61,553.36,2388.11,9054.7,1.3,47.77,521.51,2388.11,8135.88,8.4451,0.03,394,2388,100.0,38.78,23.2599,202,189,Healthy,93.56,0
15,14,-0.0019,-0.0004,100.0,518.67,642.37,1586.02,1405.02,14.62,21.61,553.28,2388.13,9059.32,1.3,47.35,521.65,2388.14,8138.14,8.4689,0.03,394,2388,100.0,38.74,23.2551,202,188,Healthy,93.07,0
15,15,-0.0034,-0.0001,100.0,518.67,642.45,1586.38,1410.45,14.62,21.61,552.85,2388.12,9054.71,1.3,47.63,521.04,2388.12,8135.54,8.4088,0.03,393,2388,100.0,38.82,23.3263,202,187,Healthy,92.57,0
15,16,-0.0045,0.0002,100.0,518.67,642.61,1596.39,1408.61,14.62,21.61,553.45,2388.13,9052.4,1.3,47.66,521.72,2388.1,8135.58,8.4802,0.03,394,2388,100.0,38.71,23.2571,202,186,Healthy,92.08,0
15,17,0.0033,0.0001,100.0,518.67,643.14,1593.07,1409.92,14.62,21.61,553.9,2388.15,9057.82,1.3,47.57,521.8,2388.11,8142.0,8.444,0.03,394,2388,100.0,38.76,23.2318,202,185,Healthy,91.58,0
15,18,0.0032,0.0003,100.0,518.67,642.75,1596.05,1409.22,14.62,21.61,552.92,2388.14,9057.64,1.3,47.55,521.65,2388.12,8131.51,8.4644,0.03,393,2388,100.0,38.76,23.3294,202,184,Healthy,91.09,0
15,19,0.0035,0.0003,100.0,518.67,642.59,1587.44,1406.8,14.62,21.61,552.87,2388.06,9056.04,1.3,47.57,520.97,2388.1,8139.05,8.458,0.03,393,2388,100.0,38.65,23.1842,202,183,Healthy,90.59,0
15,20,0.0037,0.0003,100.0,518.67,643.17,1595.95,1403.23,14.62,21.61,552.74,2388.1,9061.58,1.3,47.66,521.17,2388.12,8134.1,8.4345,0.03,395,2388,100.0,38.71,23.365,202,182,Healthy,90.1,0
15,21,-0.0022,-0.0004,100.0,518.67,643.07,1593.6,1412.48,14.62,21.61,553.06,2388.12,9060.44,1.3,47.74,521.88,2388.13,8140.97,8.4776,0.03,394,2388,100.0,38.85,23.3033,202,181,Healthy,89.6,0
15,22,0.0013,-0.0003,100.0,518.67,642.42,1587.2,1412.99,14.62,21.61,552.61,2388.16,9060.48,1.3,47.65,521.51,2388.13,8135.06,8.4576,0.03,393,2388,100.0,38.63,23.2599,202,180,Healthy,89.11,0
15,23,0.0017,0.0004,100.0,518.67,642.68,1584.75,1407.0,14.62,21.61,553.33,2388.12,9060.55,1.3,47.52,521.48,2388.11,8140.73,8.4597,0.03,394,2388,100.0,38.88,23.2396,202,179,Healthy,88.61,0
15,24,0.0016,-0.0002,100.0,518.67,642.76,1588.59,1398.02,14.62,21.61,553.71,2388.12,9062.35,1.3,47.51,521.17,2388.13,8138.41,8.4538,0.03,391,2388,100.0,38.85,23.2116,202,178,Healthy,88.12,0
15,25,-0.0022,-0.0004,100.0,518.67,642.12,1595.12,1415.62,14.62,21.61,553.4,2388.09,9056.42,1.3,47.83,521.47,2388.11,8138.95,8.4616,0.03,393,2388,100.0,38.53,23.3127,202,177,Healthy,87.62,0
15,26,-0.0029,0.0001,100.0,518.67,642.43,1595.41,1417.74,14.62,21.61,553.87,2388.13,9064.46,1.3,47.34,521.18,2388.08,8145.83,8.4399,0.03,394,2388,100.0,38.96,23.3749,202,176,Healthy,87.13,0
15,27,-0.0003,-0.0002,100.0,518.67,642.53,1591.8,1418.13,14.62,21.61,553.51,2388.13,9053.22,1.3,47.53,521.3,2388.17,8139.95,8.4552,0.03,393,2388,100.0,38.66,23.2789,202,175,Healthy,86.63,0
15,28,-0.0019,-0.0002,100.0,518.67,642.88,1579.99,1413.64,14.62,21.61,552.94,2388.11,9060.22,1.3,47.77,520.98,2388.14,8139.97,8.4507,0.03,395,2388,100.0,38.78,23.2599,202,174,Healthy,86.14,0
15,29,-0.0003,-0.0002,100.0,518.67,642.59,1588.33,1414.44,14.62,21.61,552.78,2388.1,9061.51,1.3,47.59,520.93,2388.09,8131.1,8.4282,0.03,395,2388,100.0,38.85,23.3366,202,173,Healthy,85.64,0
15,30,-0.0028,0.0005,100.0,518.67,642.09,1578.99,1416.51,14.62,21.61,552.52,2388.13,9050.71,1.3,47.53,521.35,2388.12,8136.91,8.4339,0.03,394,2388,100.0,38.84,23.2356,202,172,Healthy,85.15,0
15,31,-0.0017,-0.0001,100.0,518.67,642.31,1597.52,1406.69,14.62,21.61,553.01,2388.12,9055.05,1.3,47.65,520.56,2388.17,8143.92,8.4521,0.03,394,2388,100.0,38.86,23.2374,202,171,Healthy,84.65,0
15,32,0.0012,0.0002,100.0,518.67,642.63,1592.75,1413.89,14.62,21.61,552.82,2388.09,9056.43,1.3,47.59,521.34,2388.18,8138.16,8.4388,0.03,393,2388,100.0,38.69,23.3078,202,170,Healthy,84.16,0
15,33,0.001,0.0001,100.0,518.67,642.92,1587.72,1408.94,14.62,21.61,553.37,2388.12,9057.02,1.3,47.73,521.2,2388.09,8136.36,8.4314,0.03,393,2388,100.0,38.5,23.2066,202,169,Healthy,83.66,0
15,34,0.002,-0.0,100.0,518.67,643.01,1586.56,1414.15,14.62,21.61,553.32,2388.12,9057.6,1.3,47.51,521.5,2388.1,8138.45,8.4803,0.03,392,2388,100.0,38.8,23.1989,202,168,Healthy,83.17,0
15,35,-0.003,0.0002,100.0,518.67,642.65,1592.04,1413.19,14.62,21.61,553.94,2388.16,9055.96,1.3,47.55,521.22,2388.11,8138.28,8.4593,0.03,393,2388,100.0,38.72,23.3308,202,167,Healthy,82.67,0
15,36,-0.0036,0.0004,100.0,518.67,642.97,1585.71,1406.04,14.62,21.61,553.37,2388.11,9053.44,1.3,47.53,521.14,2388.18,8136.94,8.4645,0.03,393,2388,100.0,38.87,23.2278,202,166,Healthy,82.18,0
15,37,0.0028,0.0003,100.0,518.67,643.17,1590.83,1413.49,14.62,21.61,552.86,2388.11,9056.97,1.3,47.57,520.89,2388.14,8131.8,8.4635,0.03,394,2388,100.0,38.71,23.2551,202,165,Healthy,81.68,0
15,38,-0.0038,0.0002,100.0,518.67,642.97,1593.02,1407.08,14.62,21.61,553.2,2388.1,9065.38,1.3,47.6,521.58,2388.1,8138.82,8.4958,0.03,393,2388,100.0,38.83,23.3563,202,164,Healthy,81.19,0
15,39,-0.0057,-0.0001,100.0,518.67,642.77,1592.74,1407.71,14.62,21.61,552.67,2388.11,9058.46,1.3,47.52,521.06,2388.13,8136.97,8.4337,0.03,395,2388,100.0,38.76,23.266,202,163,Healthy,80.69,0
15,40,0.003,0.0003,100.0,518.67,642.76,1594.17,1417.29,14.62,21.61,553.54,2388.13,9056.91,1.3,47.59,521.37,2388.16,8136.49,8.4535,0.03,393,2388,100.0,38.82,23.2868,202,162,Healthy,80.2,0
15,41,-0.0031,0.0005,100.0,518.67,642.39,1589.03,1414.03,14.62,21.61,553.37,2388.11,9055.36,1.3,47.53,521.5,2388.08,8135.13,8.4397,0.03,393,2388,100.0,38.86,23.2576,202,161,Healthy,79.7,0
15,42,-0.0004,0.0002,100.0,518.67,643.24,1593.09,1412.26,14.62,21.61,553.29,2388.12,9054.05,1.3,47.7,521.37,2388.17,8137.66,8.4334,0.03,394,2388,100.0,38.94,23.3154,202,160,Healthy,79.21,0
15,43,-0.0014,0.0002,100.0,518.67,642.17,1593.13,1413.11,14.62,21.61,552.97,2388.12,9056.73,1.3,47.59,521.47,2388.11,8139.79,8.4553,0.03,394,2388,100.0,38.97,23.243,202,159,Healthy,78.71,0
15,44,-0.0007,0.0004,100.0,518.67,642.54,1596.14,1412.0,14.62,21.61,553.01,2388.09,9057.24,1.3,47.44,521.42,2388.08,8131.01,8.4481,0.03,393,2388,100.0,38.75,23.3489,202,158,Healthy,78.22,0
15,45,0.0001,0.0003,100.0,518.67,642.88,1591.44,1412.98,14.62,21.61,552.74,2388.17,9056.6,1.3,47.36,520.94,2388.12,8134.83,8.4624,0.03,392,2388,100.0,38.93,23.1487,202,157,Healthy,77.72,0
15,46,0.0041,0.0002,100.0,518.67,642.84,1586.58,1413.18,14.62,21.61,553.16,2388.11,9050.91,1.3,47.56,521.49,2388.09,8142.07,8.449,0.03,392,2388,100.0,38.79,23.3394,202,156,Healthy,77.23,0
15,47,-0.0016,-0.0,100.0,518.67,643.59,1594.24,1405.54,14.62,21.61,553.19,2388.11,9051.12,1.3,47.55,521.24,2388.09,8137.04,8.4468,0.03,394,2388,100.0,38.88,23.2342,202,155,Healthy,76.73,0
15,48,-0.0016,0.0003,100.0,518.67,643.08,1592.5,1412.73,14.62,21.61,552.91,2388.11,9058.66,1.3,47.52,521.57,2388.08,8140.3,8.4553,0.03,393,2388,100.0,39.0,23.3252,202,154,Healthy,76.24,0
15,49,0.0014,0.0,100.0,518.67,642.58,1586.79,1405.19,14.62,21.61,553.01,2388.18,9062.55,1.3,47.51,520.66,2388.13,8133.28,8.4618,0.03,394,2388,100.0,38.74,23.2866,202,153,Healthy,75.74,0
15,50,-0.0049,0.0001,100.0,518.67,642.71,1588.27,1413.66,14.62,21.61,552.51,2388.11,9062.52,1.3,47.56,520.53,2388.14,8135.69,8.4517,0.03,393,2388,100.0,38.76,23.165,202,152,Healthy,75.25,0
16,1,0.003,0.0,100.0,518.67,641.65,1583.04,1399.4,14.62,21.6,554.45,2388.07,9056.7,1.3,47.32,523.24,2388.0,8136.37,8.3736,0.03,392,2388,100.0,39.02,23.6291,344,343,Healthy,99.71,0
16,2,0.0,0.0004,100.0,518.67,641.93,1576.38,1396.36,14.62,21.6,554.82,2388.07,9056.2,1.3,47.34,523.2,2388.03,8137.83,8.3774,0.03,393,2388,100.0,38.97,23.4892,344,342,Healthy,99.42,0
16,3,0.0024,0.0002,100.0,518.67,642.14,1582.66,1398.16,14.62,21.6,555.68,2387.95,9059.76,1.3,47.13,523.26,2388.01,8137.38,8.4025,0.03,391,2388,100.0,39.18,23.563,344,341,Healthy,99.13,0
16,4,-0.0029,0.0002,100.0,518.67,641.9,1583.35,1400.62,14.62,21.6,555.76,2388.07,9064.65,1.3,47.2,523.28,2388.01,8143.03,8.3606,0.03,392,2388,100.0,39.19,23.4517,344,340,Healthy,98.84,0
16,5,-0.0008,-0.0002,100.0,518.67,642.42,1582.2,1396.05,14.62,21.61,556.0,2388.06,9059.97,1.3,47.21,523.64,2388.01,8141.01,8.355,0.03,391,2388,100.0,39.18,23.4476,344,339,Healthy,98.55,0
16,6,-0.0036,-0.0003,100.0,518.67,642.14,1582.14,1395.01,14.62,21.6,556.05,2388.1,9053.17,1.3,47.06,523.27,2388.05,8140.89,8.3864,0.03,391,2388,100.0,39.07,23.4587,344,338,Healthy,98.26,0
16,7,0.0001,0.0004,100.0,518.67,642.17,1582.96,1391.51,14.62,21.61,555.64,2388.03,9060.32,1.3,47.15,523.11,2388.06,8140.31,8.3746,0.03,391,2388,100.0,38.83,23.438,344,337,Healthy,97.97,0
16,8,0.0017,0.0005,100.0,518.67,641.27,1578.61,1390.99,14.62,21.61,555.85,2387.98,9050.79,1.3,47.07,523.32,2388.0,8144.69,8.4068,0.03,392,2388,100.0,39.09,23.465,344,336,Healthy,97.67,0
16,9,0.0012,0.0003,100.0,518.67,642.1,1585.58,1396.58,14.62,21.6,555.81,2388.0,9059.62,1.3,47.11,523.48,2387.97,8140.16,8.3968,0.03,391,2388,100.0,39.08,23.446,344,335,Healthy,97.38,0
16,10,0.0055,0.0005,100.0,518.67,641.87,1572.46,1395.19,14.62,21.61,555.73,2388.05,9058.46,1.3,47.25,523.51,2387.99,8143.85,8.3791,0.03,391,2388,100.0,38.98,23.4468,344,334,Healthy,97.09,0
16,11,-0.0032,0.0003,100.0,518.67,642.18,1584.03,1398.75,14.62,21.6,555.64,2388.04,9055.88,1.3,47.34,522.91,2388.05,8140.61,8.3414,0.03,391,2388,100.0,39.22,23.4733,344,333,Healthy,96.8,0
16,12,-0.004,0.0,100.0,518.67,642.28,1580.81,1403.07,14.62,21.61,556.2,2388.06,9050.64,1.3,47.05,523.52,2388.04,8137.52,8.4139,0.03,392,2388,100.0,38.99,23.4319,344,332,Healthy,96.51,0
16,13,0.0006,-0.0003,100.0,518.67,641.41,1589.23,1396.96,14.62,21.6,555.51,2388.02,9054.88,1.3,47.03,523.83,2388.01,8141.61,8.3788,0.03,390,2388,100.0,39.08,23.4825,344,331,Healthy,96.22,0
16,14,0.002,0.0005,100.0,518.67,642.02,1584.48,1390.07,14.62,21.61,554.98,2388.04,9055.16,1.3,47.29,523.6,2388.06,8141.23,8.3922,0.03,393,2388,100.0,39.01,23.3939,344,330,Healthy,95.93,0
16,15,-0.0029,0.0003,100.0,518.67,642.1,1580.28,1406.45,14.62,21.6,555.94,2387.98,9059.6,1.3,47.23,523.23,2388.01,8137.5,8.3856,0.03,390,2388,100.0,39.07,23.5629,344,329,Healthy,95.64,0
16,16,0.0035,0.0005,100.0,518.67,642.25,1580.91,1396.51,14.62,21.61,555.95,2388.01,9057.74,1.3,47.28,523.62,2388.03,8138.08,8.3517,0.03,390,2388,100.0,39.29,23.4627,344,328,Healthy,95.35,0
16,17,0.0045,0.0005,100.0,518.67,642.42,1585.3,1393.6,14.62,21.61,555.29,2388.09,9055.03,1.3,47.16,522.89,2388.07,8132.48,8.3713,0.03,391,2388,100.0,39.09,23.3938,344,327,Healthy,95.06,0
16,18,0.0007,0.0005,100.0,518.67,641.79,1583.03,1395.65,14.62,21.61,555.73,2388.07,9059.56,1.3,47.11,523.59,2388.07,8141.73,8.3681,0.03,391,2388,100.0,39.21,23.3335,344,326,Healthy,94.77,0
16,19,-0.0007,0.0002,100.0,518.67,641.93,1581.75,1395.36,14.62,21.61,556.1,2388.09,9054.05,1.3,47.2,523.37,2388.09,8138.24,8.3955,0.03,392,2388,100.0,39.16,23.498,344,325,Healthy,94.48,0
16,20,-0.0026,-0.0002,100.0,518.67,642.17,1584.39,1391.4,14.62,21.61,556.2,2388.04,9054.33,1.3,47.25,523.22,2388.05,8133.51,8.371,0.03,391,2388,100.0,39.18,23.4166,344,324,Healthy,94.19,0
16,21,0.0012,-0.0002,100.0,518.67,642.06,1583.14,1389.81,14.62,21.61,555.38,2388.02,9056.47,1.3,47.11,523.37,2388.05,8136.64,8.3967,0.03,391,2388,100.0,38.97,23.4286,344,323,Healthy,93.9,0
16,22,0.0012,0.0005,100.0,518.67,642.06,1588.48,1399.41,14.62,21.61,555.9,2388.08,9051.56,1.3,47.14,523.08,2388.05,8144.05,8.4079,0.03,391,2388,100.0,39.03,23.3079,344,322,Healthy,93.6,0
16,23,-0.0006,-0.0003,100.0,518.67,642.44,1589.48,1392.92,14.62,21.61,555.69,2387.92,9058.52,1.3,47.14,523.61,2388.03,8136.59,8.3568,0.03,391,2388,100.0,39.22,23.3608,344,321,Healthy,93.31,0
16,24,-0.0019,0.0005,100.0,518.67,642.02,1583.97,1398.97,14.62,21.6,554.77,2388.06,9058.81,1.3,47.2,522.75,2387.98,8136.14,8.3876,0.03,392,2388,100.0,39.13,23.4073,344,320,Healthy,93.02,0
16,25,0.008,-0.0,100.0,518.67,641.82,1583.61,1395.92,14.62,21.61,555.36,2387.98,9052.0,1.3,47.07,524.34,2388.05,8136.02,8.37,0.03,391,2388,100.0,39.24,23.425,344,319,Healthy,92.73,0
16,26,-0.0002,-0.0002,100.0,518.67,642.15,1576.21,1398.41,14.62,21.6,555.0,2388.04,9055.97,1.3,47.34,523.11,2388.01,8135.66,8.3751,0.03,391,2388,100.0,39.12,23.4579,344,318,Healthy,92.44,0
16,27,-0.0003,0.0002,100.0,518.67,641.83,1583.7,1397.83,14.62,21.61,556.13,2388.1,9049.38,1.3,46.96,523.39,2387.98,8135.97,8.3819,0.03,391,2388,100.0,39.13,23.4768,344,317,Healthy,92.15,0
16,28,-0.0042,-0.0004,100.0,518.67,642.17,1579.49,1398.44,14.62,21.6,555.33,2388.04,9055.18,1.3,47.19,523.39,2388.0,8136.54,8.3647,0.03,392,2388,100.0,39.1,23.4835,344,316,Healthy,91.86,0
16,29,-0.0009,-0.0001,100.0,518.67,641.95,1583.08,1403.12,14.62,21.61,554.99,2388.03,9058.89,1.3,47.11,523.0,2388.01,8138.72,8.3954,0.03,391,2388,100.0,39.19,23.5544,344,315,Healthy,91.57,0
16,30,-0.0003,0.0,100.0,518.67,641.66,1585.33,1394.38,14.62,21.6,555.34,2388.08,9053.37,1.3,47.2,523.17,2388.07,8139.42,8.367,0.03,391,2388,100.0,39.14,23.3916,344,314,Healthy,91.28,0
16,31,0.004,-0.0003,100.0,518.67,642.0,1584.26,1394.57,14.62,21.6,556.39,2387.99,9058.62,1.3,47.11,523.71,2388.02,8141.01,8.3729,0.03,391,2388,100.0,39.2,23.4267,344,313,Healthy,90.99,0
16,32,0.0012,-0.0001,100.0,518.67,642.46,1580.96,1392.87,14.62,21.6,555.49,2388.03,9056.11,1.3,47.06,523.45,2388.01,8142.96,8.3274,0.03,392,2388,100.0,39.22,23.3872,344,312,Healthy,90.7,0
16,33,-0.0032,0.0004,100.0,518.67,642.36,1589.0,1395.17,14.62,21.61,555.28,2388.01,9052.99,1.3,47.24,524.0,2388.01,8142.07,8.3983,0.03,392,2388,100.0,39.04,23.3807,344,311,Healthy,90.41,0
16,34,-0.0013,-0.0004,100.0,518.67,642.42,1582.46,1393.03,14.62,21.61,556.14,2388.03,9064.48,1.3,47.27,523.77,2388.07,8136.58,8.3743,0.03,392,2388,100.0,39.15,23.6292,344,310,Healthy,90.12,0
16,35,0.0014,0.0001,100.0,518.67,641.85,1588.38,1395.05,14.62,21.6,555.2,2388.02,9060.85,1.3,46.87,522.97,2388.01,8138.98,8.3776,0.03,390,2388,100.0,39.1,23.4587,344,309,Healthy,89.83,0
16,36,-0.0005,0.0,100.0,518.67,642.15,1583.39,1398.24,14.62,21.61,555.66,2388.04,9051.35,1.3,47.18,523.52,2388.02,8138.97,8.364,0.03,392,2388,100.0,39.1,23.5248,344,308,Healthy,89.53,0
16,37,-0.0026,-0.0001,100.0,518.67,641.96,1583.68,1392.82,14.62,21.6,555.29,2388.04,9053.66,1.3,47.19,522.96,2388.01,8142.42,8.3905,0.03,390,2388,100.0,39.09,23.4303,344,307,Healthy,89.24,0
16,38,-0.0017,0.0002,100.0,518.67,642.36,1582.6,1394.78,14.62,21.61,556.07,2387.99,9050.84,1.3,47.28,523.5,2388.04,8142.6,8.3827,0.03,391,2388,100.0,39.0,23.4823,344,306,Healthy,88.95,0
16,39,-0.0059,-0.0,100.0,518.67,642.75,1582.77,1391.56,14.62,21.61,555.41,2388.06,9063.39,1.3,47.29,523.69,2388.05,8141.29,8.3489,0.03,392,2388,100.0,39.22,23.5371,344,305,Healthy,88.66,0
16,40,0.0009,0.0006,100.0,518.67,642.08,1582.51,1401.33,14.62,21.61,556.17,2388.03,9058.37,1.3,47.41,523.77,2388.07,8136.0,8.3657,0.03,391,2388,100.0,39.17,23.5271,344,304,Healthy,88.37,0
16,41,0.001,-0.0004,100.0,518.67,642.21,1589.69,1399.01,14.62,21.61,556.2,2388.05,9054.78,1.3,47.14,523.44,2388.04,8139.07,8.3805,0.03,391,2388,100.0,39.23,23.4528,344,303,Healthy,88.08,0
16,42,-0.0008,-0.0001,100.0,518.67,642.12,1593.95,1398.11,14.62,21.61,555.6,2388.01,9057.15,1.3,47.11,523.44,2388.02,8135.97,8.3804,0.03,392,2388,100.0,39.15,23.4444,344,302,Healthy,87.79,0
16,43,0.002,-0.0002,100.0,518.67,642.28,1583.47,1401.76,14.62,21.6,555.27,2388.03,9055.82,1.3,47.2,523.66,2388.01,8141.26,8.3976,0.03,392,2388,100.0,39.26,23.5354,344,301,Healthy,87.5,0
16,44,0.0,-0.0004,100.0,518.67,641.65,1578.34,1396.87,14.62,21.6,556.18,2388.03,9052.17,1.3,47.19,523.32,2388.03,8141.14,8.3691,0.03,391,2388,100.0,39.13,23.5146,344,300,Healthy,87.21,0
16,45,0.0024,0.0005,100.0,518.67,641.69,1580.7,1395.64,14.62,21.61,555.66,2388.05,9052.0,1.3,47.13,523.32,2388.06,8145.26,8.3579,0.03,391,2388,100.0,38.98,23.4709,344,299,Healthy,86.92,0
16,46,-0.001,-0.0,100.0,518.67,641.97,1583.34,1397.49,14.62,21.61,555.87,2388.0,9050.74,1.3,47.25,522.94,2388.04,8142.35,8.3911,0.03,391,2388,100.0,39.08,23.4903,344,298,Healthy,86.63,0
16,47,-0.0028,0.0,100.0,518.67,642.18,1591.15,1396.89,14.62,21.61,556.26,2388.05,9056.03,1.3,47.25,523.5,2388.01,8143.22,8.3576,0.03,394,2388,100.0,39.15,23.4421,344,297,Healthy,86.34,0
16,48,-0.0006,0.0003,100.0,518.67,642.02,1586.84,1399.55,14.62,21.61,555.51,2388.01,9055.22,1.3,47.3,523.26,2387.97,8139.13,8.3588,0.03,391,2388,100.0,39.12,23.4155,344,296,Healthy,86.05,0
16,49,-0.0022,0.0,100.0,518.67,641.87,1592.53,1398.62,14.62,21.6,555.31,2388.05,9051.92,1.3,47.04,523.06,2388.05,8133.1,8.3437,0.03,391,2388,100.0,39.17,23.4218,344,295,Healthy,85.76,0
16,50,0.0021,-0.0001,100.0,518.67,642.53,1582.8,1400.24,14.62,21.61,555.91,2388.04,9056.05,1.3,47.14,523.88,2388.06,8142.59,8.3917,0.03,392,2388,100.0,39.13,23.5518,344,294,Healthy,85.47,0
17,1,-0.0026,0.0002,100.0,518.67,642.44,1578.26,1399.18,14.62,21.58,551.09,2387.56,9036.77,1.3,47.14,518.85,2387.57,8124.21,8.4442,0.03,392,2388,100.0,38.84,23.1834,312,311,Healthy,99.68,0
17,2,0.0018,-0.0002,100.0,518.67,641.81,1583.07,1389.34,14.62,21.58,552.6,2387.96,9043.89,1.3,46.71,520.35,2387.92,8128.05,8.3677,0.03,392,2388,100.0,38.85,23.4503,312,310,Healthy,99.36,0
17,3,-0.0009,0.0001,100.0,518.67,642.43,1576.88,1401.96,14.62,21.58,550.32,2387.16,9033.02,1.3,47.24,519.14,2387.2,8116.64,8.4138,0.03,390,2388,100.0,38.75,23.3103,312,309,Healthy,99.04,0
17,4,-0.0034,0.0003,100.0,518.67,642.09,1577.74,1394.63,14.62,21.58,552.92,2387.9,9041.33,1.3,46.88,520.51,2387.94,8129.05,8.3837,0.03,390,2388,100.0,38.94,23.4916,312,308,Healthy,98.72,0
17,5,-0.0036,-0.0003,100.0,518.67,641.69,1577.9,1391.33,14.62,21.58,552.84,2387.98,9035.77,1.3,47.11,520.41,2387.92,8125.28,8.4147,0.03,390,2388,100.0,39.02,23.3676,312,307,Healthy,98.4,0
17,6,-0.0012,-0.0005,100.0,518.67,641.57,1580.73,1396.19,14.62,21.58,550.84,2387.33,9044.25,1.3,47.15,519.65,2387.38,8120.48,8.4022,0.03,392,2388,100.0,38.73,23.2659,312,306,Healthy,98.08,0
17,7,0.0003,0.0001,100.0,518.67,641.88,1579.53,1400.99,14.62,21.58,551.89,2387.06,9038.83,1.3,47.39,519.38,2387.1,8121.58,8.3914,0.03,388,2388,100.0,38.74,23.3735,312,305,Healthy,97.76,0
17,8,0.0004,0.0004,100.0,518.67,641.43,1583.6,1392.41,14.62,21.58,552.53,2387.95,9043.7,1.3,47.13,520.72,2387.92,8132.35,8.4061,0.03,390,2388,100.0,38.97,23.4599,312,304,Healthy,97.44,0
17,9,0.0019,0.0003,100.0,518.67,641.35,1583.99,1390.31,14.62,21.58,553.01,2387.97,9044.1,1.3,47.18,520.32,2387.92,8129.02,8.3849,0.03,391,2388,100.0,38.8,23.3898,312,303,Healthy,97.12,0
17,10,0.0033,-0.0001,100.0,518.67,641.98,1577.0,1402.1,14.62,21.57,551.16,2387.62,9036.29,1.3,47.36,519.72,2387.59,8118.32,8.4748,0.03,389,2388,100.0,38.78,23.1842,312,302,Healthy,96.79,0
17,11,0.0045,0.0003,100.0,518.67,641.81,1582.07,1391.99,14.62,21.58,552.42,2387.94,9049.49,1.3,47.16,521.24,2387.91,8134.91,8.3642,0.03,391,2388,100.0,38.93,23.4743,312,301,Healthy,96.47,0
17,12,0.0027,-0.0,100.0,518.67,642.03,1582.28,1388.8,14.62,21.58,552.25,2387.96,9047.88,1.3,47.03,520.89,2387.93,8133.32,8.3936,0.03,390,2388,100.0,39.0,23.4233,312,300,Healthy,96.15,0
17,13,-0.001,0.0001,100.0,518.67,641.64,1576.06,1389.44,14.62,21.59,553.13,2387.95,9046.34,1.3,46.95,520.41,2387.91,8130.5,8.349,0.03,391,2388,100.0,38.98,23.4221,312,299,Healthy,95.83,0
17,14,-0.0012,-0.0002,100.0,518.67,643.01,1574.48,1399.61,14.62,21.58,550.92,2387.52,9029.04,1.3,47.24,518.88,2387.5,8118.54,8.4476,0.03,391,2388,100.0,38.97,23.2734,312,298,Healthy,95.51,0
17,15,-0.0027,0.0002,100.0,518.67,641.44,1579.13,1399.93,14.62,21.58,552.67,2387.86,9039.01,1.3,46.85,520.85,2387.94,8131.53,8.3857,0.03,390,2388,100.0,38.95,23.3612,312,297,Healthy,95.19,0
17,16,-0.0016,0.0003,100.0,518.67,642.72,1577.8,1403.37,14.62,21.58,550.61,2387.53,9034.8,1.3,47.17,518.73,2387.57,8126.04,8.4349,0.03,390,2388,100.0,38.59,23.2329,312,296,Healthy,94.87,0
17,17,0.0022,-0.0001,100.0,518.67,642.13,1583.63,1391.62,14.62,21.58,553.14,2387.91,9049.32,1.3,46.96,520.49,2387.91,8126.61,8.4047,0.03,390,2388,100.0,38.98,23.3419,312,295,Healthy,94.55,0
17,18,-0.0001,0.0004,100.0,518.67,642.23,1578.04,1388.7,14.62,21.58,552.77,2388.01,9053.39,1.3,46.97,520.63,2387.89,8130.3,8.3995,0.03,391,2388,100.0,39.0,23.3904,312,294,Healthy,94.23,0
17,19,-0.0008,-0.0004,100.0,518.67,642.55,1577.37,1406.07,14.62,21.57,551.56,2387.47,9031.06,1.3,47.34,518.72,2387.42,8117.84,8.3896,0.03,390,2388,100.0,38.67,23.192,312,293,Healthy,93.91,0
17,20,0.0009,0.0001,100.0,518.67,641.86,1583.97,1395.89,14.62,21.58,552.55,2388.0,9044.36,1.3,46.89,519.97,2387.91,8131.86,8.357,0.03,391,2388,100.0,39.01,23.3114,312,292,Healthy,93.59,0
17,21,0.0024,0.0002,100.0,518.67,641.73,1581.18,1394.61,14.62,21.58,552.78,2387.93,9047.47,1.3,47.13,520.52,2387.91,8132.67,8.3476,0.03,390,2388,100.0,38.9,23.3598,312,291,Healthy,93.27,0
17,22,0.0008,0.0003,100.0,518.67,641.66,1582.76,1396.28,14.62,21.58,552.52,2387.99,9043.47,1.3,46.88,520.76,2387.95,8129.41,8.3975,0.03,389,2388,100.0,38.85,23.4094,312,290,Healthy,92.95,0
17,23,-0.0009,-0.0003,100.0,518.67,642.11,1575.02,1391.87,14.62,21.58,551.2,2387.52,9039.33,1.3,47.51,519.19,2387.54,8117.36,8.4142,0.03,390,2388,100.0,38.84,23.3233,312,289,Healthy,92.63,0
17,24,0.0047,-0.0003,100.0,518.67,641.46,1582.86,1393.41,14.62,21.58,552.68,2387.93,9052.36,1.3,46.85,521.17,2387.94,8129.02,8.4358,0.03,391,2388,100.0,39.11,23.3724,312,288,Healthy,92.31,0
17,25,-0.0002,-0.0001,100.0,518.67,642.22,1580.03,1400.17,14.62,21.57,550.59,2387.04,9038.99,1.3,47.36,518.94,2387.08,8125.0,8.4038,0.03,391,2388,100.0,38.93,23.3434,312,287,Healthy,91.99,0
17,26,-0.0001,-0.0003,100.0,518.67,641.68,1580.72,1393.45,14.62,21.58,552.3,2387.92,9041.87,1.3,47.13,520.62,2387.9,8131.62,8.3995,0.03,392,2388,100.0,39.05,23.457,312,286,Healthy,91.67,0
17,27,-0.0011,-0.0001,100.0,518.67,642.09,1570.89,1396.25,14.62,21.58,550.46,2387.0,9036.54,1.3,47.43,518.41,2387.03,8121.67,8.4503,0.03,391,2388,100.0,38.66,23.336,312,285,Healthy,91.35,0
17,28,0.0023,-0.0003,100.0,518.67,641.69,1581.56,1391.53,14.62,21.58,552.07,2387.97,9045.24,1.3,46.9,520.53,2387.91,8129.72,8.4171,0.03,392,2388,100.0,39.03,23.4616,312,284,Healthy,91.03,0
17,29,0.001,-0.0001,100.0,518.67,641.93,1584.49,1391.73,14.62,21.59,553.23,2387.93,9046.27,1.3,46.99,521.03,2387.97,8131.24,8.3637,0.03,392,2388,100.0,38.96,23.3679,312,283,Healthy,90.71,0
17,30,0.0004,-0.0004,100.0,518.67,641.63,1580.23,1393.17,14.62,21.58,553.09,2387.95,9042.54,1.3,47.14,520.53,2387.92,8135.53,8.3761,0.03,390,2388,100.0,39.09,23.4319,312,282,Healthy,90.38,0
17,31,0.0017,0.0002,100.0,518.67,641.85,1573.8,1392.19,14.62,21.58,552.5,2387.93,9044.84,1.3,47.19,520.4,2387.93,8135.71,8.424,0.03,391,2388,100.0,38.99,23.2691,312,281,Healthy,90.06,0
17,32,-0.0025,-0.0001,100.0,518.67,642.4,1579.23,1401.77,14.62,21.58,550.76,2387.34,9036.65,1.3,47.4,518.84,2387.38,8120.3,8.453,0.03,389,2388,100.0,38.77,23.199,312,280,Healthy,89.74,0
17,33,0.0009,-0.0002,100.0,518.67,641.66,1583.7,1393.13,14.62,21.58,552.43,2387.97,9045.03,1.3,47.05,519.86,2387.98,8133.26,8.4166,0.03,391,2388,100.0,38.97,23.3214,312,279,Healthy,89.42,0
17,34,-0.0004,-0.0002,100.0,518.67,641.93,1580.2,1394.43,14.62,21.58,552.9,2387.9,9049.35,1.3,46.96,520.83,2387.93,8134.95,8.4293,0.03,390,2388,100.0,38.92,23.3392,312,278,Healthy,89.1,0
17,35,-0.0012,-0.0001,100.0,518.67,641.8,1580.76,1392.01,14.62,21.58,552.57,2387.94,9048.7,1.3,47.19,520.26,2387.92,8130.25,8.3773,0.03,391,2388,100.0,39.02,23.4965,312,277,Healthy,88.78,0
17,36,0.0013,0.0001,100.0,518.67,641.61,1579.38,1391.37,14.62,21.58,552.88,2387.95,9041.86,1.3,47.06,520.17,2387.94,8128.9,8.4185,0.03,391,2388,100.0,39.11,23.429,312,276,Healthy,88.46,0
17,37,-0.0007,-0.0001,100.0,518.67,642.02,1572.44,1392.99,14.62,21.59,553.45,2387.93,9044.48,1.3,47.03,521.11,2387.94,8133.42,8.4095,0.03,390,2388,100.0,38.96,23.3519,312,275,Healthy,88.14,0
17,38,-0.0013,0.0,100.0,518.67,642.17,1582.78,1402.47,14.62,21.58,550.11,2387.36,9034.42,1.3,47.32,518.92,2387.38,8117.41,8.4015,0.03,390,2388,100.0,38.66,23.2618,312,274,Healthy,87.82,0
17,39,0.0026,0.0004,100.0,518.67,642.2,1575.43,1388.41,14.62,21.58,552.58,2387.92,9042.44,1.3,47.0,520.01,2387.95,8129.52,8.3974,0.03,390,2388,100.0,38.97,23.3762,312,273,Healthy,87.5,0
17,40,-0.0011,0.0001,100.0,518.67,641.98,1581.48,1397.07,14.62,21.58,551.28,2387.4,9034.31,1.3,47.19,518.66,2387.46,8117.26,8.4603,0.03,391,2388,100.0,38.8,23.3016,312,272,Healthy,87.18,0
17,41,-0.0021,-0.0,100.0,518.67,641.48,1576.16,1395.79,14.62,21.58,552.39,2387.9,9046.64,1.3,47.06,520.45,2387.9,8129.98,8.4063,0.03,391,2388,100.0,38.92,23.3984,312,271,Healthy,86.86,0
17,42,-0.0015,0.0003,100.0,518.67,641.84,1575.53,1387.06,14.62,21.58,552.57,2387.93,9039.81,1.3,47.11,520.15,2387.92,8130.49,8.3903,0.03,391,2388,100.0,39.14,23.3785,312,270,Healthy,86.54,0
17,43,-0.0013,0.0003,100.0,518.67,642.18,1584.38,1399.64,14.62,21.58,550.44,2387.26,9029.61,1.3,47.4,519.02,2387.31,8121.16,8.4327,0.03,391,2388,100.0,38.65,23.329,312,269,Healthy,86.22,0
17,44,-0.0002,0.0004,100.0,518.67,641.99,1575.12,1402.13,14.62,21.57,550.65,2387.03,9043.7,1.3,47.28,519.19,2387.05,8117.6,8.4356,0.03,390,2388,100.0,38.74,23.2866,312,268,Healthy,85.9,0
17,45,-0.0001,-0.0002,100.0,518.67,641.99,1576.82,1392.15,14.62,21.58,553.06,2387.88,9043.15,1.3,47.05,520.72,2387.89,8131.54,8.3859,0.03,390,2388,100.0,38.84,23.4,312,267,Healthy,85.58,0
17,46,0.0013,0.0002,100.0,518.67,641.95,1586.49,1395.2,14.62,21.58,552.76,2387.96,9044.57,1.3,47.11,520.96,2387.92,8131.23,8.4035,0.03,391,2388,100.0,39.19,23.4141,312,266,Healthy,85.26,0
17,47,0.0017,0.0004,100.0,518.67,642.21,1579.95,1404.21,14.62,21.58,549.87,2387.32,9029.72,1.3,47.16,519.07,2387.29,8117.35,8.4525,0.03,390,2388,100.0,38.93,23.3503,312,265,Healthy,84.94,0
17,48,-0.0027,0.0003,100.0,518.67,642.01,1576.47,1400.37,14.62,21.58,551.13,2387.34,9035.95,1.3,47.41,518.94,2387.31,8120.73,8.4216,0.03,390,2388,100.0,38.66,23.2386,312,264,Healthy,84.62,0
17,49,0.0004,-0.0002,100.0,518.67,641.56,1586.86,1399.36,14.62,21.58,553.41,2387.89,9042.08,1.3,46.8,520.55,2387.91,8128.97,8.3776,0.03,390,2388,100.0,38.95,23.3337,312,263,Healthy,84.29,0
17,50,0.0031,-0.0003,100.0,518.67,641.68,1579.2,1390.17,14.62,21.58,552.61,2387.89,9044.13,1.3,47.17,520.79,2387.96,8132.37,8.3809,0.03,391,2388,100.0,39.04,23.3785,312,262,Healthy,83.97,0
18,1,0.0011,-0.0001,100.0,518.67,641.46,1579.64,1396.45,14.62,21.57,552.04,2387.93,9048.8,1.3,46.95,520.64,2387.88,8128.18,8.3874,0.03,391,2388,100.0,39.04,23.3923,447,446,Healthy,99.78,0
18,2,0.001,-0.0004,100.0,518.67,641.66,1584.21,1392.57,14.62,21.57,551.93,2387.87,9038.21,1.3,46.92,520.39,2387.94,8131.1,8.3964,0.03,393,2388,100.0,38.94,23.4199,447,445,Healthy,99.55,0
18,3,-0.0035,0.0003,100.0,518.67,642.23,1585.39,1388.77,14.62,21.57,552.94,2387.93,9044.59,1.3,47.05,520.2,2387.93,8127.74,8.4131,0.03,392,2388,100.0,38.88,23.3759,447,444,Healthy,99.33,0
18,4,-0.0022,-0.0,100.0,518.67,642.3,1583.02,1403.57,14.62,21.58,553.14,2387.9,9050.96,1.3,46.9,520.59,2387.93,8134.68,8.3936,0.03,390,2388,100.0,38.86,23.2834,447,443,Healthy,99.11,0
18,5,-0.0004,-0.0002,100.0,518.67,641.13,1580.72,1389.03,14.62,21.58,552.74,2387.93,9036.9,1.3,46.91,520.75,2387.95,8132.6,8.3994,0.03,391,2388,100.0,38.93,23.4567,447,442,Healthy,98.88,0
18,6,-0.0024,0.0002,100.0,518.67,641.29,1587.18,1388.23,14.62,21.57,553.47,2387.94,9047.41,1.3,46.97,520.94,2387.96,8132.1,8.3907,0.03,390,2388,100.0,38.94,23.4533,447,441,Healthy,98.66,0
18,7,-0.0033,-0.0,100.0,518.67,641.85,1585.43,1396.27,14.62,21.57,552.52,2387.91,9048.76,1.3,46.95,520.7,2387.91,8133.65,8.4012,0.03,388,2388,100.0,39.01,23.5161,447,440,Healthy,98.43,0
18,8,-0.0028,-0.0004,100.0,518.67,642.4,1578.51,1397.49,14.62,21.57,551.42,2387.26,9034.25,1.3,47.14,518.94,2387.28,8124.32,8.4011,0.03,391,2388,100.0,38.8,23.2403,447,439,Healthy,98.21,0
18,9,-0.0044,0.0,100.0,518.67,641.74,1573.85,1392.31,14.62,21.58,553.28,2387.95,9041.47,1.3,47.1,520.94,2387.91,8131.63,8.3911,0.03,388,2388,100.0,38.89,23.3503,447,438,Healthy,97.99,0
18,10,-0.004,0.0002,100.0,518.67,642.16,1582.86,1393.94,14.62,21.57,552.24,2387.92,9058.82,1.3,46.96,520.53,2387.88,8129.11,8.4175,0.03,390,2388,100.0,38.95,23.3736,447,437,Healthy,97.76,0
18,11,0.001,0.0001,100.0,518.67,641.88,1583.62,1393.49,14.62,21.57,552.13,2387.9,9050.98,1.3,47.0,519.58,2387.89,8134.55,8.4081,0.03,391,2388,100.0,38.84,23.4062,447,436,Healthy,97.54,0
18,12,0.0032,0.0003,100.0,518.67,642.03,1576.93,1403.08,14.62,21.57,550.71,2387.35,9033.74,1.3,47.27,518.64,2387.35,8121.28,8.4432,0.03,389,2388,100.0,38.65,23.2629,447,435,Healthy,97.32,0
18,13,0.0004,-0.0005,100.0,518.67,641.79,1586.25,1390.08,14.62,21.57,552.48,2387.89,9041.71,1.3,46.96,520.44,2387.9,8125.29,8.3907,0.03,390,2388,100.0,39.09,23.3702,447,434,Healthy,97.09,0
18,14,-0.0008,-0.0,100.0,518.67,641.96,1574.35,1404.18,14.62,21.57,550.34,2387.15,9029.58,1.3,47.24,519.02,2387.18,8120.37,8.4284,0.03,390,2388,100.0,38.94,23.2337,447,433,Healthy,96.87,0
18,15,0.0006,-0.0,100.0,518.67,641.32,1580.29,1386.23,14.62,21.57,552.1,2387.9,9046.52,1.3,47.25,520.36,2387.92,8135.16,8.4054,0.03,393,2388,100.0,38.95,23.3464,447,432,Healthy,96.64,0
18,16,-0.0014,-0.0001,100.0,518.67,641.89,1579.7,1391.4,14.62,21.57,551.84,2387.9,9044.19,1.3,46.92,520.46,2387.95,8133.48,8.3934,0.03,391,2388,100.0,39.1,23.365,447,431,Healthy,96.42,0
18,17,-0.0021,-0.0003,100.0,518.67,641.12,1584.24,1389.61,14.62,21.57,552.64,2387.91,9045.0,1.3,47.0,520.8,2387.88,8127.9,8.4274,0.03,392,2388,100.0,38.97,23.3393,447,430,Healthy,96.2,0
18,18,-0.0019,-0.0004,100.0,518.67,642.02,1573.44,1381.45,14.62,21.57,552.24,2387.9,9045.23,1.3,46.82,520.73,2387.91,8131.24,8.3648,0.03,390,2388,100.0,39.02,23.3748,447,429,Healthy,95.97,0
18,19,0.0002,-0.0005,100.0,518.67,641.86,1567.22,1386.7,14.62,21.57,551.86,2388.0,9036.85,1.3,46.91,520.08,2387.87,8128.46,8.3901,0.03,389,2388,100.0,38.89,23.2346,447,428,Healthy,95.75,0
18,20,0.0018,0.0004,100.0,518.67,641.99,1580.4,1404.04,14.62,21.57,550.31,2387.61,9035.95,1.3,47.08,518.82,2387.56,8125.48,8.4494,0.03,389,2388,100.0,38.89,23.3124,447,427,Healthy,95.53,0
18,21,0.0037,-0.0004,100.0,518.67,641.86,1579.06,1389.72,14.62,21.57,552.1,2387.89,9042.06,1.3,46.87,520.53,2387.93,8127.26,8.374,0.03,392,2388,100.0,38.91,23.438,447,426,Healthy,95.3,0
18,22,-0.0007,-0.0003,100.0,518.67,641.9,1586.9,1387.95,14.62,21.57,552.28,2387.94,9048.64,1.3,46.87,520.62,2387.86,8127.82,8.3646,0.03,390,2388,100.0,38.94,23.4211,447,425,Healthy,95.08,0
18,23,-0.0023,-0.0002,100.0,518.67,642.33,1580.9,1403.01,14.62,21.56,550.06,2387.46,9044.86,1.3,47.26,518.84,2387.35,8120.05,8.4401,0.03,389,2388,100.0,38.78,23.3325,447,424,Healthy,94.85,0
18,24,-0.002,0.0002,100.0,518.67,641.92,1585.29,1391.05,14.62,21.57,552.4,2387.99,9049.79,1.3,47.12,521.1,2387.89,8131.18,8.3847,0.03,390,2388,100.0,38.84,23.3981,447,423,Healthy,94.63,0
18,25,-0.0032,-0.0,100.0,518.67,642.15,1582.02,1390.28,14.62,21.57,552.78,2387.92,9043.13,1.3,46.96,520.09,2387.91,8128.95,8.4093,0.03,390,2388,100.0,38.84,23.3694,447,422,Healthy,94.41,0
18,26,0.0,-0.0005,100.0,518.67,641.38,1578.94,1391.18,14.62,21.57,552.56,2387.93,9042.25,1.3,46.9,520.11,2387.92,8126.96,8.4089,0.03,390,2388,100.0,39.04,23.3705,447,421,Healthy,94.18,0
18,27,0.0004,-0.0004,100.0,518.67,641.89,1578.37,1392.84,14.62,21.57,552.6,2387.87,9043.1,1.3,47.15,520.14,2387.97,8130.79,8.3945,0.03,391,2388,100.0,38.85,23.2664,447,420,Healthy,93.96,0
18,28,0.0011,0.0002,100.0,518.67,641.87,1571.7,1394.35,14.62,21.57,551.77,2387.96,9047.54,1.3,47.13,519.93,2387.9,8129.91,8.3999,0.03,389,2388,100.0,38.99,23.3451,447,419,Healthy,93.74,0
18,29,-0.0003,0.0001,100.0,518.67,641.45,1576.55,1397.68,14.62,21.57,552.05,2387.95,9038.56,1.3,47.03,520.17,2387.91,8125.02,8.3609,0.03,392,2388,100.0,39.16,23.3868,447,418,Healthy,93.51,0
18,30,0.0024,-0.0004,100.0,518.67,642.09,1582.82,1406.46,14.62,21.57,550.07,2387.33,9036.65,1.3,47.27,518.92,2387.29,8116.32,8.4197,0.03,389,2388,100.0,38.71,23.3272,447,417,Healthy,93.29,0
18,31,0.002,0.0002,100.0,518.67,641.64,1572.89,1393.16,14.62,21.57,553.47,2387.89,9039.25,1.3,46.99,520.41,2387.94,8132.21,8.3887,0.03,392,2388,100.0,38.93,23.3033,447,416,Healthy,93.06,0
18,32,0.0001,-0.0,100.0,518.67,641.58,1580.82,1390.25,14.62,21.57,552.64,2387.96,9038.16,1.3,47.25,520.08,2387.89,8128.18,8.3666,0.03,389,2388,100.0,39.06,23.4219,447,415,Healthy,92.84,0
18,33,-0.004,0.0002,100.0,518.67,641.91,1584.63,1395.59,14.62,21.57,552.03,2387.93,9047.18,1.3,47.01,520.66,2387.92,8131.53,8.3797,0.03,389,2388,100.0,39.03,23.4306,447,414,Healthy,92.62,0
18,34,0.0022,-0.0005,100.0,518.67,641.94,1580.93,1392.55,14.62,21.57,552.3,2387.87,9048.49,1.3,47.08,520.34,2387.95,8133.08,8.3968,0.03,389,2388,100.0,39.16,23.3549,447,413,Healthy,92.39,0
18,35,0.0,0.0004,100.0,518.67,641.73,1586.26,1401.03,14.62,21.58,552.62,2387.95,9041.14,1.3,46.95,520.67,2387.93,8131.79,8.3825,0.03,388,2388,100.0,39.09,23.3466,447,412,Healthy,92.17,0
18,36,-0.0025,0.0004,100.0,518.67,641.91,1583.74,1391.68,14.62,21.57,553.06,2387.96,9045.19,1.3,47.0,520.45,2387.92,8130.7,8.3808,0.03,390,2388,100.0,38.78,23.3968,447,411,Healthy,91.95,0
18,37,-0.0029,0.0001,100.0,518.67,642.17,1576.22,1398.11,14.62,21.57,552.41,2387.88,9044.76,1.3,46.9,520.32,2387.88,8131.32,8.3699,0.03,391,2388,100.0,38.8,23.3776,447,410,Healthy,91.72,0
18,38,0.0025,-0.0004,100.0,518.67,641.34,1576.02,1388.96,14.62,21.57,551.84,2387.9,9046.51,1.3,46.92,519.61,2387.91,8128.11,8.4296,0.03,389,2388,100.0,38.86,23.4379,447,409,Healthy,91.5,0
18,39,0.0011,-0.0001,100.0,518.67,641.54,1583.51,1404.58,14.62,21.57,553.03,2387.92,9051.04,1.3,46.84,520.91,2387.92,8131.9,8.4243,0.03,390,2388,100.0,38.99,23.2908,447,408,Healthy,91.28,0
18,40,0.0025,-0.0,100.0,518.67,642.24,1580.57,1407.69,14.62,21.57,550.88,2387.49,9034.28,1.3,47.29,518.5,2387.44,8125.27,8.4451,0.03,389,2388,100.0,38.72,23.2765,447,407,Healthy,91.05,0
18,41,0.0029,-0.0002,100.0,518.67,642.5,1584.85,1389.29,14.62,21.57,552.77,2387.91,9046.22,1.3,47.23,520.49,2387.93,8131.79,8.3777,0.03,391,2388,100.0,38.98,23.371,447,406,Healthy,90.83,0
18,42,-0.0019,-0.0,100.0,518.67,641.66,1586.16,1387.75,14.62,21.57,552.9,2387.91,9036.97,1.3,47.05,520.57,2387.87,8140.57,8.4177,0.03,391,2388,100.0,38.83,23.2767,447,405,Healthy,90.6,0
18,43,-0.0014,0.0,100.0,518.67,642.4,1576.55,1396.39,14.62,21.57,551.03,2387.5,9034.98,1.29,47.33,518.16,2387.54,8114.87,8.4542,0.03,391,2388,100.0,38.93,23.2553,447,404,Healthy,90.38,0
18,44,0.0027,-0.0001,100.0,518.67,641.74,1579.85,1402.89,14.62,21.57,550.18,2387.14,9037.72,1.3,47.24,518.59,2387.08,8123.23,8.4292,0.03,390,2388,100.0,38.61,23.2704,447,403,Healthy,90.16,0
18,45,0.0009,-0.0005,100.0,518.67,642.21,1579.74,1399.59,14.62,21.57,549.86,2387.0,9034.18,1.3,47.2,518.87,2387.0,8122.78,8.4198,0.03,392,2388,100.0,38.76,23.2423,447,402,Healthy,89.93,0
18,46,0.0002,-0.0001,100.0,518.67,642.3,1580.61,1390.92,14.62,21.58,553.41,2387.91,9044.51,1.3,47.03,521.4,2387.97,8134.39,8.411,0.03,390,2388,100.0,39.03,23.3435,447,401,Healthy,89.71,0
18,47,0.0001,0.0004,100.0,518.67,642.67,1578.48,1404.52,14.62,21.56,550.44,2387.18,9042.27,1.3,47.31,518.77,2387.12,8118.61,8.4472,0.03,389,2388,100.0,38.66,23.3572,447,400,Healthy,89.49,0
18,48,-0.0014,0.0003,100.0,518.67,642.14,1583.13,1392.8,14.62,21.57,553.14,2387.99,9048.54,1.3,46.92,520.31,2387.97,8127.69,8.3654,0.03,390,2388,100.0,39.16,23.311,447,399,Healthy,89.26,0
18,49,-0.0019,-0.0003,100.0,518.67,642.31,1577.77,1395.31,14.62,21.56,550.7,2387.37,9036.77,1.3,47.34,519.53,2387.41,8125.72,8.4073,0.03,390,2388,100.0,38.64,23.3008,447,398,Healthy,89.04,0
18,50,0.0021,-0.0002,100.0,518.67,641.86,1584.94,1386.53,14.62,21.57,552.3,2387.95,9049.38,1.3,47.27,520.26,2387.92,8129.9,8.4152,0.03,391,2388,100.0,39.08,23.364,447,397,Healthy,88.81,0
19,1,0.0008,-0.0002,100.0,518.67,641.68,1593.2,1388.67,14.62,21.61,557.29,2388.15,9064.7,1.3,47.3,525.45,2388.01,8144.76,8.3362,0.03,393,2388,100.0,39.26,23.5685,229,228,Healthy,99.56,0
19,2,0.0002,-0.0003,100.0,518.67,642.52,1586.32,1398.84,14.62,21.61,558.09,2388.13,9065.54,1.3,47.4,525.31,2388.11,8142.44,8.3704,0.03,393,2388,100.0,39.22,23.4788,229,227,Healthy,99.13,0
19,3,0.0044,-0.0003,100.0,518.67,642.51,1585.67,1394.41,14.62,21.61,557.35,2388.04,9063.49,1.3,47.19,525.18,2388.06,8142.33,8.3804,0.03,390,2388,100.0,39.29,23.5408,229,226,Healthy,98.69,0
19,4,-0.0005,0.0001,100.0,518.67,641.77,1581.69,1398.39,14.62,21.61,558.0,2388.1,9061.37,1.3,47.36,525.13,2388.08,8139.16,8.3726,0.03,392,2388,100.0,39.12,23.5471,229,225,Healthy,98.25,0
19,5,-0.0009,0.0003,100.0,518.67,642.07,1577.34,1407.12,14.62,21.6,557.26,2388.05,9060.38,1.3,47.22,524.93,2388.08,8144.67,8.3568,0.03,391,2388,100.0,38.99,23.5032,229,224,Healthy,97.82,0
19,6,-0.0003,-0.0003,100.0,518.67,642.36,1592.52,1394.43,14.62,21.61,557.27,2388.11,9066.98,1.3,47.24,525.67,2388.11,8147.62,8.342,0.03,394,2388,100.0,39.23,23.4584,229,223,Healthy,97.38,0
19,7,0.0028,0.0002,100.0,518.67,642.26,1587.39,1397.37,14.62,21.61,556.57,2388.08,9066.28,1.3,47.47,525.01,2388.01,8143.48,8.3756,0.03,390,2388,100.0,39.07,23.4947,229,222,Healthy,96.94,0
19,8,-0.0003,-0.0005,100.0,518.67,642.24,1581.69,1398.56,14.62,21.61,556.47,2388.08,9056.87,1.3,47.32,524.98,2388.03,8146.08,8.3479,0.03,394,2388,100.0,39.12,23.421,229,221,Healthy,96.51,0
19,9,-0.0024,-0.0003,100.0,518.67,642.02,1587.6,1401.73,14.62,21.61,556.62,2388.06,9058.37,1.3,47.28,525.17,2388.11,8145.14,8.3587,0.03,392,2388,100.0,39.31,23.4406,229,220,Healthy,96.07,0
19,10,-0.0027,-0.0003,100.0,518.67,642.33,1577.16,1402.96,14.62,21.61,557.35,2388.09,9060.14,1.3,47.05,524.68,2388.11,8144.9,8.3539,0.03,392,2388,100.0,39.33,23.478,229,219,Healthy,95.63,0
19,11,-0.0023,-0.0001,100.0,518.67,642.34,1573.1,1400.2,14.62,21.61,557.61,2388.1,9061.09,1.3,47.34,524.66,2388.12,8148.02,8.3368,0.03,393,2388,100.0,39.1,23.5319,229,218,Healthy,95.2,0
19,12,0.001,-0.0004,100.0,518.67,642.13,1589.42,1393.19,14.62,21.61,557.55,2388.06,9064.24,1.3,47.3,525.77,2388.11,8148.8,8.3571,0.03,393,2388,100.0,39.17,23.6412,229,217,Healthy,94.76,0
19,13,0.0025,-0.0002,100.0,518.67,642.29,1586.83,1404.48,14.62,21.61,557.03,2388.13,9067.46,1.3,47.22,525.23,2388.08,8143.09,8.3801,0.03,392,2388,100.0,39.13,23.567,229,216,Healthy,94.32,0
19,14,0.0004,-0.0005,100.0,518.67,642.03,1580.22,1403.22,14.62,21.61,557.89,2388.08,9066.87,1.3,47.3,524.75,2388.13,8142.76,8.3704,0.03,393,2388,100.0,39.14,23.4802,229,215,Healthy,93.89,0
19,15,0.0004,0.0002,100.0,518.67,642.26,1577.65,1391.58,14.62,21.61,557.86,2388.07,9065.66,1.3,47.23,524.82,2388.11,8140.75,8.3566,0.03,391,2388,100.0,39.19,23.3557,229,214,Healthy,93.45,0
19,16,-0.0012,-0.0004,100.0,518.67,642.56,1586.48,1392.3,14.62,21.61,557.47,2388.12,9065.28,1.3,47.46,525.52,2388.09,8143.17,8.3585,0.03,391,2388,100.0,39.26,23.6245,229,213,Healthy,93.01,0
19,17,0.0038,0.0,100.0,518.67,642.39,1586.24,1395.28,14.62,21.61,557.56,2388.1,9066.52,1.3,47.18,525.12,2388.15,8140.34,8.3667,0.03,393,2388,100.0,39.4,23.5002,229,212,Healthy,92.58,0
19,18,-0.0009,0.0001,100.0,518.67,642.25,1586.14,1405.35,14.62,21.61,557.13,2388.12,9065.56,1.3,47.34,525.04,2388.05,8145.34,8.3452,0.03,391,2388,100.0,39.28,23.525,229,211,Healthy,92.14,0
19,19,0.0029,0.0002,100.0,518.67,641.69,1579.46,1401.8,14.62,21.61,557.82,2388.16,9067.56,1.3,47.38,525.97,2388.05,8145.25,8.3642,0.03,392,2388,100.0,39.17,23.377,229,210,Healthy,91.7,0
19,20,-0.0023,-0.0004,100.0,518.67,642.34,1589.18,1400.4,14.62,21.61,557.86,2388.1,9060.0,1.3,47.39,525.07,2388.09,8145.34,8.3591,0.03,392,2388,100.0,39.3,23.5092,229,209,Healthy,91.27,0
19,21,-0.0027,-0.0003,100.0,518.67,642.19,1583.43,1404.22,14.62,21.61,557.51,2388.07,9061.9,1.3,47.44,525.32,2388.04,8143.07,8.3682,0.03,393,2388,100.0,39.17,23.5785,229,208,Healthy,90.83,0
19,22,-0.001,-0.0003,100.0,518.67,643.03,1586.83,1404.41,14.62,21.61,557.45,2388.13,9061.87,1.3,47.36,525.02,2388.12,8144.28,8.349,0.03,392,2388,100.0,39.21,23.5296,229,207,Healthy,90.39,0
19,23,-0.0034,0.0002,100.0,518.67,642.62,1582.2,1396.42,14.62,21.6,556.27,2388.06,9059.19,1.3,47.26,525.12,2388.12,8145.72,8.3642,0.03,395,2388,100.0,39.18,23.5913,229,206,Healthy,89.96,0
19,24,-0.0013,0.0001,100.0,518.67,642.59,1582.11,1393.18,14.62,21.6,556.76,2388.05,9072.12,1.3,47.19,524.44,2388.13,8145.91,8.3441,0.03,393,2388,100.0,39.35,23.5307,229,205,Healthy,89.52,0
19,25,-0.0009,-0.0,100.0,518.67,641.97,1580.48,1400.44,14.62,21.61,557.67,2388.11,9069.43,1.3,47.33,525.35,2388.11,8150.69,8.3314,0.03,393,2388,100.0,39.33,23.448,229,204,Healthy,89.08,0
19,26,0.0044,-0.0004,100.0,518.67,642.12,1582.67,1402.38,14.62,21.61,557.44,2388.07,9065.43,1.3,47.35,524.88,2388.11,8143.98,8.3642,0.03,392,2388,100.0,39.19,23.4913,229,203,Healthy,88.65,0
19,27,-0.0004,-0.0004,100.0,518.67,642.19,1586.48,1400.04,14.62,21.6,555.97,2388.05,9059.36,1.3,47.26,524.84,2388.09,8138.96,8.3136,0.03,391,2388,100.0,39.06,23.469,229,202,Healthy,88.21,0
19,28,-0.0023,-0.0005,100.0,518.67,642.23,1588.41,1403.98,14.62,21.61,557.49,2388.08,9062.06,1.3,47.39,524.78,2388.12,8143.71,8.3965,0.03,390,2388,100.0,39.08,23.4159,229,201,Healthy,87.77,0
19,29,-0.0001,-0.0005,100.0,518.67,641.96,1586.71,1400.54,14.62,21.61,556.5,2388.08,9066.37,1.3,47.09,524.57,2388.1,8145.76,8.3695,0.03,392,2388,100.0,39.09,23.4901,229,200,Healthy,87.34,0
19,30,-0.0037,0.0,100.0,518.67,642.64,1588.51,1401.65,14.62,21.61,557.68,2388.11,9068.59,1.3,47.24,525.11,2388.09,8146.62,8.3774,0.03,392,2388,100.0,39.03,23.5432,229,199,Healthy,86.9,0
19,31,0.0035,-0.0004,100.0,518.67,642.64,1587.25,1397.81,14.62,21.61,557.51,2388.1,9057.93,1.3,47.59,525.18,2388.09,8143.37,8.3532,0.03,392,2388,100.0,39.18,23.4255,229,198,Healthy,86.46,0
19,32,0.0006,-0.0002,100.0,518.67,641.97,1588.41,1394.08,14.62,21.61,556.77,2388.07,9058.09,1.3,47.27,524.76,2388.1,8147.83,8.348,0.03,392,2388,100.0,39.29,23.3221,229,197,Healthy,86.03,0
19,33,-0.0027,-0.0003,100.0,518.67,642.43,1585.27,1396.97,14.62,21.61,557.75,2388.11,9063.41,1.3,47.23,525.1,2388.13,8148.69,8.3317,0.03,393,2388,100.0,39.33,23.4669,229,196,Healthy,85.59,0
19,34,0.0021,-0.0001,100.0,518.67,642.29,1586.53,1399.23,14.62,21.61,557.25,2388.1,9055.2,1.3,47.45,525.26,2388.15,8150.78,8.3439,0.03,390,2388,100.0,39.22,23.5529,229,195,Healthy,85.15,0
19,35,0.0011,-0.0001,100.0,518.67,642.0,1584.89,1401.49,14.62,21.61,557.53,2388.14,9066.22,1.3,47.26,525.26,2388.09,8147.84,8.342,0.03,393,2388,100.0,39.08,23.5085,229,194,Healthy,84.72,0
19,36,0.0001,-0.0004,100.0,518.67,642.56,1585.66,1394.07,14.62,21.61,556.9,2388.12,9064.59,1.3,47.18,524.82,2388.06,8143.51,8.3657,0.03,391,2388,100.0,39.22,23.4997,229,193,Healthy,84.28,0
19,37,-0.0026,-0.0001,100.0,518.67,642.15,1588.05,1404.06,14.62,21.61,556.76,2388.02,9063.31,1.3,47.35,524.62,2388.06,8143.12,8.3877,0.03,392,2388,100.0,39.25,23.4225,229,192,Healthy,83.84,0
19,38,-0.0017,0.0003,100.0,518.67,642.68,1592.71,1405.47,14.62,21.61,558.14,2388.08,9059.92,1.3,47.35,525.35,2388.12,8144.34,8.3701,0.03,392,2388,100.0,39.11,23.4872,229,191,Healthy,83.41,0
19,39,0.0011,-0.0002,100.0,518.67,642.57,1586.92,1395.02,14.62,21.61,557.31,2388.11,9060.13,1.3,47.23,524.78,2388.08,8145.85,8.3185,0.03,392,2388,100.0,39.18,23.4363,229,190,Healthy,82.97,0
19,40,-0.0008,-0.0005,100.0,518.67,642.48,1588.17,1402.3,14.62,21.61,557.11,2388.09,9065.8,1.3,47.42,525.29,2388.08,8141.71,8.3257,0.03,392,2388,100.0,39.14,23.5135,229,189,Healthy,82.53,0
19,41,-0.0032,-0.0005,100.0,518.67,642.16,1581.63,1403.33,14.62,21.6,557.04,2388.07,9063.73,1.3,47.44,525.41,2388.11,8147.61,8.3455,0.03,392,2388,100.0,39.3,23.5402,229,188,Healthy,82.1,0
19,42,0.0018,0.0003,100.0,518.67,642.49,1587.52,1397.53,14.62,21.61,556.96,2388.02,9059.55,1.3,47.22,524.86,2388.11,8146.63,8.3546,0.03,391,2388,100.0,39.1,23.4734,229,187,Healthy,81.66,0
19,43,-0.0013,0.0003,100.0,518.67,642.17,1584.64,1397.23,14.62,21.61,556.95,2388.15,9064.47,1.3,47.39,524.39,2388.13,8153.23,8.3769,0.03,392,2388,100.0,39.04,23.5237,229,186,Healthy,81.22,0
19,44,-0.0007,0.0003,100.0,518.67,642.53,1591.69,1397.21,14.62,21.6,557.52,2388.09,9066.17,1.3,47.33,525.29,2388.14,8140.56,8.3564,0.03,390,2388,100.0,39.07,23.451,229,185,Healthy,80.79,0
19,45,0.0008,0.0003,100.0,518.67,642.29,1583.03,1398.11,14.62,21.61,557.54,2388.1,9053.34,1.3,47.2,525.53,2388.08,8143.13,8.3501,0.03,392,2388,100.0,39.2,23.5139,229,184,Healthy,80.35,0
19,46,-0.0002,0.0004,100.0,518.67,641.87,1591.58,1404.67,14.62,21.61,556.87,2388.09,9058.15,1.3,47.34,525.28,2388.15,8143.97,8.3743,0.03,392,2388,100.0,39.09,23.4351,229,183,Healthy,79.91,0
19,47,-0.0009,-0.0002,100.0,518.67,642.09,1582.92,1405.39,14.62,21.61,557.56,2388.07,9055.07,1.3,47.38,525.26,2388.11,8145.52,8.3138,0.03,392,2388,100.0,39.07,23.5458,229,182,Healthy,79.48,0
19,48,0.0005,0.0001,100.0,518.67,642.18,1582.81,1402.56,14.62,21.61,557.96,2388.06,9063.77,1.3,47.38,525.24,2388.1,8148.04,8.3592,0.03,391,2388,100.0,39.21,23.4863,229,181,Healthy,79.04,0
19,49,-0.0007,-0.0003,100.0,518.67,642.13,1591.53,1400.06,14.62,21.61,556.67,2388.08,9062.18,1.3,47.32,525.53,2388.08,8140.76,8.3753,0.03,390,2388,100.0,39.25,23.5099,229,180,Healthy,78.6,0
19,50,0.0002,0.0004,100.0,518.67,641.66,1589.48,1396.12,14.62,21.61,557.22,2388.01,9058.17,1.3,47.39,524.79,2388.07,8143.65,8.3609,0.03,392,2388,100.0,39.21,23.5535,229,179,Healthy,78.17,0
20,1,0.0002,0.0,100.0,518.67,642.14,1588.39,1394.66,14.62,21.6,555.44,2388.02,9052.57,1.3,47.29,523.07,2388.02,8143.47,8.3748,0.03,390,2388,100.0,39.07,23.5551,338,337,Healthy,99.7,0
20,2,0.0029,0.0004,100.0,518.67,642.22,1582.28,1393.97,14.62,21.6,555.57,2388.0,9058.93,1.3,47.03,523.32,2388.01,8135.32,8.3726,0.03,391,2388,100.0,39.06,23.5163,338,336,Healthy,99.41,0
20,3,0.0,0.0,100.0,518.67,642.04,1580.78,1395.05,14.62,21.6,555.78,2388.03,9056.51,1.3,47.29,523.25,2388.06,8132.14,8.3514,0.03,391,2388,100.0,39.07,23.5379,338,335,Healthy,99.11,0
20,4,0.0035,-0.0004,100.0,518.67,642.59,1579.03,1393.4,14.62,21.6,555.92,2388.04,9053.63,1.3,47.33,523.83,2388.04,8138.49,8.3732,0.03,390,2388,100.0,39.17,23.4119,338,334,Healthy,98.82,0
20,5,0.001,-0.0003,100.0,518.67,641.98,1585.6,1394.45,14.62,21.6,555.49,2388.0,9058.25,1.3,47.13,522.58,2388.05,8137.16,8.383,0.03,392,2388,100.0,39.07,23.4331,338,333,Healthy,98.52,0
20,6,0.0003,-0.0002,100.0,518.67,641.63,1590.75,1390.29,14.62,21.61,556.16,2388.06,9057.16,1.3,47.0,523.57,2388.04,8142.02,8.374,0.03,391,2388,100.0,39.04,23.4287,338,332,Healthy,98.22,0
20,7,-0.0,0.0002,100.0,518.67,642.11,1588.33,1397.76,14.62,21.6,555.56,2388.04,9057.26,1.3,47.14,523.7,2387.95,8146.61,8.4163,0.03,390,2388,100.0,39.03,23.4678,338,331,Healthy,97.93,0
20,8,0.0029,0.0003,100.0,518.67,641.96,1582.62,1394.22,14.62,21.6,556.02,2388.03,9057.07,1.3,47.06,523.28,2388.04,8139.67,8.384,0.03,391,2388,100.0,39.04,23.4015,338,330,Healthy,97.63,0
20,9,-0.001,-0.0004,100.0,518.67,642.32,1588.05,1400.49,14.62,21.6,554.86,2388.06,9052.41,1.3,47.27,523.48,2388.04,8135.96,8.3997,0.03,392,2388,100.0,39.07,23.5636,338,329,Healthy,97.34,0
20,10,0.0009,-0.0004,100.0,518.67,642.36,1584.21,1391.62,14.62,21.6,556.26,2388.02,9063.02,1.3,47.07,523.36,2388.02,8139.04,8.3895,0.03,391,2388,100.0,39.18,23.4808,338,328,Healthy,97.04,0
20,11,-0.0002,-0.0001,100.0,518.67,641.94,1594.55,1395.77,14.62,21.6,555.78,2388.06,9061.59,1.3,47.12,524.02,2388.05,8140.52,8.411,0.03,392,2388,100.0,39.03,23.5713,338,327,Healthy,96.75,0
20,12,-0.0027,-0.0001,100.0,518.67,641.76,1578.45,1399.9,14.62,21.6,555.55,2387.96,9062.11,1.3,47.33,523.76,2388.05,8133.9,8.3731,0.03,391,2388,100.0,39.15,23.4415,338,326,Healthy,96.45,0
20,13,-0.0012,-0.0003,100.0,518.67,641.86,1585.23,1402.62,14.62,21.6,555.94,2388.04,9054.35,1.3,47.18,523.19,2388.02,8143.7,8.326,0.03,392,2388,100.0,39.32,23.4485,338,325,Healthy,96.15,0
20,14,-0.0005,0.0003,100.0,518.67,642.23,1577.93,1399.2,14.62,21.6,556.19,2388.05,9059.17,1.3,47.21,523.6,2388.13,8139.83,8.3987,0.03,393,2388,100.0,39.16,23.449,338,324,Healthy,95.86,0
20,15,-0.0013,-0.0002,100.0,518.67,642.33,1583.52,1402.71,14.62,21.6,555.18,2388.1,9062.28,1.3,47.09,523.49,2388.02,8140.78,8.405,0.03,391,2388,100.0,39.05,23.5465,338,323,Healthy,95.56,0
20,16,0.0022,0.0001,100.0,518.67,642.24,1580.34,1399.65,14.62,21.61,556.14,2388.08,9057.78,1.3,47.04,523.71,2387.98,8136.23,8.4047,0.03,392,2388,100.0,39.0,23.397,338,322,Healthy,95.27,0
20,17,0.0013,-0.0004,100.0,518.67,642.31,1584.79,1394.96,14.62,21.6,555.58,2388.06,9056.32,1.3,47.13,523.37,2387.99,8140.18,8.3689,0.03,391,2388,100.0,39.1,23.5251,338,321,Healthy,94.97,0
20,18,0.0006,0.0002,100.0,518.67,641.8,1583.33,1403.43,14.62,21.6,555.59,2388.04,9057.17,1.3,47.08,523.56,2388.01,8136.66,8.3681,0.03,391,2388,100.0,39.1,23.5184,338,320,Healthy,94.67,0
20,19,0.0023,-0.0002,100.0,518.67,641.84,1583.9,1398.75,14.62,21.6,555.06,2388.02,9058.28,1.3,47.29,523.33,2388.03,8138.4,8.3729,0.03,392,2388,100.0,38.97,23.5209,338,319,Healthy,94.38,0
20,20,0.0028,0.0001,100.0,518.67,641.95,1585.48,1394.97,14.62,21.6,555.17,2388.07,9054.07,1.3,47.03,523.8,2388.0,8142.56,8.3443,0.03,391,2388,100.0,38.98,23.3689,338,318,Healthy,94.08,0
20,21,0.0021,-0.0001,100.0,518.67,642.39,1580.73,1400.65,14.62,21.6,555.43,2388.05,9056.28,1.3,47.34,523.43,2388.06,8139.81,8.3829,0.03,392,2388,100.0,39.29,23.4201,338,317,Healthy,93.79,0
20,22,0.0025,0.0,100.0,518.67,641.95,1579.12,1394.31,14.62,21.6,555.26,2388.01,9059.0,1.3,47.07,522.96,2388.02,8137.72,8.3563,0.03,392,2388,100.0,39.24,23.4951,338,316,Healthy,93.49,0
20,23,-0.001,0.0004,100.0,518.67,642.15,1583.51,1397.64,14.62,21.6,555.85,2388.01,9062.31,1.3,46.93,523.12,2388.02,8135.19,8.358,0.03,390,2388,100.0,39.12,23.4084,338,315,Healthy,93.2,0
20,24,0.0019,-0.0001,100.0,518.67,641.61,1586.3,1391.2,14.62,21.6,554.89,2388.02,9054.4,1.3,47.3,522.65,2388.09,8144.0,8.374,0.03,390,2388,100.0,39.19,23.4782,338,314,Healthy,92.9,0
20,25,0.0027,0.0004,100.0,518.67,642.31,1578.0,1398.01,14.62,21.61,556.13,2387.98,9055.49,1.3,47.21,523.74,2388.12,8140.73,8.343,0.03,392,2388,100.0,39.13,23.5303,338,313,Healthy,92.6,0
20,26,0.0029,0.0004,100.0,518.67,642.3,1587.81,1402.96,14.62,21.6,555.19,2387.98,9058.78,1.3,47.35,523.66,2388.01,8141.73,8.3716,0.03,390,2388,100.0,39.18,23.5147,338,312,Healthy,92.31,0
20,27,0.0002,-0.0,100.0,518.67,642.08,1588.68,1398.35,14.62,21.6,557.08,2388.0,9056.92,1.3,47.09,523.66,2388.02,8140.13,8.384,0.03,391,2388,100.0,38.92,23.4581,338,311,Healthy,92.01,0
20,28,-0.0024,0.0005,100.0,518.67,642.39,1591.51,1403.57,14.62,21.6,556.04,2388.01,9049.33,1.3,47.15,523.41,2388.06,8139.44,8.3636,0.03,391,2388,100.0,39.06,23.3999,338,310,Healthy,91.72,0
20,29,-0.0015,-0.0004,100.0,518.67,642.26,1590.92,1390.89,14.62,21.6,555.44,2388.07,9062.31,1.3,46.97,523.55,2387.98,8136.19,8.3549,0.03,391,2388,100.0,39.16,23.5503,338,309,Healthy,91.42,0
20,30,0.0003,-0.0005,100.0,518.67,642.23,1581.41,1402.77,14.62,21.6,555.7,2387.99,9066.63,1.3,46.95,522.84,2387.99,8141.3,8.3862,0.03,391,2388,100.0,39.06,23.5337,338,308,Healthy,91.12,0
20,31,0.0004,-0.0004,100.0,518.67,642.31,1585.01,1394.53,14.62,21.61,556.2,2388.0,9059.43,1.3,47.18,523.76,2388.03,8141.84,8.3677,0.03,392,2388,100.0,38.94,23.515,338,307,Healthy,90.83,0
20,32,0.0026,0.0,100.0,518.67,642.87,1581.46,1390.98,14.62,21.6,555.49,2388.06,9055.21,1.3,47.06,523.36,2388.07,8137.97,8.3421,0.03,391,2388,100.0,39.0,23.4181,338,306,Healthy,90.53,0
20,33,0.0009,-0.0002,100.0,518.67,641.9,1582.61,1388.69,14.62,21.6,555.53,2388.01,9058.1,1.3,47.24,523.87,2388.05,8134.45,8.3921,0.03,392,2388,100.0,38.87,23.4697,338,305,Healthy,90.24,0
20,34,-0.0038,0.0005,100.0,518.67,642.63,1587.29,1398.71,14.62,21.6,554.91,2388.08,9056.49,1.3,47.12,523.4,2387.98,8138.0,8.3977,0.03,391,2388,100.0,39.26,23.408,338,304,Healthy,89.94,0
20,35,0.0007,-0.0004,100.0,518.67,642.18,1576.5,1401.21,14.62,21.6,555.13,2388.08,9057.73,1.3,47.21,523.98,2387.99,8140.87,8.3735,0.03,392,2388,100.0,39.01,23.4535,338,303,Healthy,89.64,0
20,36,-0.002,-0.0004,100.0,518.67,642.48,1582.76,1394.41,14.62,21.6,555.87,2388.01,9056.22,1.3,47.2,523.24,2388.06,8138.96,8.4184,0.03,391,2388,100.0,39.12,23.458,338,302,Healthy,89.35,0
20,37,-0.0013,0.0001,100.0,518.67,642.47,1584.0,1400.73,14.62,21.6,554.78,2387.98,9056.88,1.3,47.08,523.61,2388.0,8142.85,8.3705,0.03,390,2388,100.0,39.11,23.5084,338,301,Healthy,89.05,0
20,38,0.0024,0.0002,100.0,518.67,642.29,1577.0,1387.62,14.62,21.61,556.83,2388.06,9058.5,1.3,47.27,523.47,2388.13,8139.42,8.3571,0.03,392,2388,100.0,39.17,23.4937,338,300,Healthy,88.76,0
20,39,-0.003,-0.0004,100.0,518.67,642.47,1584.21,1393.56,14.62,21.6,555.5,2388.05,9056.6,1.3,47.26,523.68,2388.03,8138.77,8.3757,0.03,392,2388,100.0,39.12,23.5348,338,299,Healthy,88.46,0
20,40,-0.0029,0.0,100.0,518.67,642.09,1587.62,1389.96,14.62,21.6,555.13,2387.98,9056.55,1.3,47.0,523.11,2388.02,8139.02,8.3615,0.03,390,2388,100.0,39.15,23.4896,338,298,Healthy,88.17,0
20,41,-0.0016,-0.0001,100.0,518.67,641.72,1584.53,1393.96,14.62,21.6,555.44,2387.99,9055.56,1.3,47.22,523.4,2388.01,8141.22,8.3852,0.03,392,2388,100.0,39.27,23.487,338,297,Healthy,87.87,0
20,42,0.0025,0.0002,100.0,518.67,642.39,1587.38,1391.11,14.62,21.6,555.68,2388.0,9054.59,1.3,47.1,523.5,2388.04,8142.52,8.3517,0.03,392,2388,100.0,39.07,23.4194,338,296,Healthy,87.57,0
20,43,0.0028,0.0002,100.0,518.67,641.95,1582.11,1393.46,14.62,21.6,556.05,2387.99,9061.43,1.3,47.2,523.88,2388.02,8141.84,8.3852,0.03,392,2388,100.0,39.07,23.5162,338,295,Healthy,87.28,0
20,44,-0.0003,-0.0003,100.0,518.67,642.16,1586.35,1391.11,14.62,21.6,556.08,2387.99,9056.93,1.3,47.16,523.33,2387.98,8140.76,8.3809,0.03,391,2388,100.0,38.86,23.5343,338,294,Healthy,86.98,0
20,45,-0.001,-0.0003,100.0,518.67,642.73,1592.44,1394.35,14.62,21.6,555.2,2388.04,9054.43,1.3,47.13,523.38,2388.09,8139.6,8.3507,0.03,392,2388,100.0,39.15,23.4485,338,293,Healthy,86.69,0
20,46,-0.0035,0.0001,100.0,518.67,641.81,1579.8,1398.68,14.62,21.6,555.8,2388.01,9050.44,1.3,47.38,523.94,2388.07,8138.71,8.3815,0.03,392,2388,100.0,39.18,23.4363,338,292,Healthy,86.39,0
20,47,0.0007,0.0001,100.0,518.67,641.78,1582.71,1398.43,14.62,21.6,555.72,2388.07,9061.04,1.3,47.32,523.11,2388.01,8143.84,8.3905,0.03,392,2388,100.0,39.13,23.4421,338,291,Healthy,86.09,0
20,48,-0.0006,0.0003,100.0,518.67,642.26,1585.75,1387.7,14.62,21.6,555.37,2388.0,9050.71,1.3,47.2,522.85,2388.02,8137.37,8.3785,0.03,391,2388,100.0,38.99,23.5009,338,290,Healthy,85.8,0
20,49,0.0005,0.0003,100.0,518.67,642.55,1584.96,1390.39,14.62,21.6,555.55,2387.99,9057.59,1.3,47.13,523.39,2388.04,8140.56,8.3854,0.03,391,2388,100.0,39.17,23.5023,338,289,Healthy,85.5,0
20,50,-0.0031,0.0002,100.0,518.67,642.17,1581.21,1397.23,14.62,21.6,556.49,2387.97,9059.61,1.3,47.09,523.66,2387.98,8139.33,8.3828,0.03,391,2388,100.0,39.13,23.4248,338,288,Healthy,85.21,0
21,1,-0.0069,0.0,100.0,518.67,642.5,1579.04,1402.37,14.62,21.58,554.31,2388.0,9052.66,1.3,47.16,522.53,2388.0,8140.59,8.3408,0.03,392,2388,100.0,38.95,23.4621,220,219,Healthy,99.55,0
21,2,-0.0004,0.0002,100.0,518.67,641.82,1592.36,1403.24,14.62,21.58,555.32,2388.01,9058.07,1.3,47.29,522.93,2387.98,8142.53,8.3774,0.03,390,2388,100.0,39.34,23.4485,220,218,Healthy,99.09,0
21,3,0.0018,-0.0004,100.0,518.67,641.59,1589.82,1396.41,14.62,21.58,554.42,2388.01,9053.34,1.3,47.04,522.73,2387.98,8137.8,8.3667,0.03,390,2388,100.0,39.26,23.3988,220,217,Healthy,98.64,0
21,4,0.0035,0.0005,100.0,518.67,641.97,1582.44,1388.69,14.62,21.58,554.34,2388.02,9049.2,1.3,47.42,522.31,2387.98,8133.78,8.4259,0.03,392,2388,100.0,39.17,23.311,220,216,Healthy,98.18,0
21,5,-0.0008,-0.0005,100.0,518.67,641.98,1580.88,1402.26,14.62,21.58,554.44,2387.98,9060.4,1.3,47.42,522.49,2387.95,8139.87,8.3553,0.03,389,2388,100.0,38.93,23.4301,220,215,Healthy,97.73,0
21,6,0.0012,0.0004,100.0,518.67,642.12,1588.57,1399.7,14.62,21.58,554.26,2388.01,9054.68,1.3,47.23,522.33,2387.94,8140.77,8.3684,0.03,393,2388,100.0,39.11,23.4336,220,214,Healthy,97.27,0
21,7,-0.0018,-0.0002,100.0,518.67,641.59,1583.93,1396.86,14.62,21.58,554.36,2388.01,9052.52,1.3,47.22,521.99,2388.0,8136.65,8.3927,0.03,391,2388,100.0,39.01,23.4267,220,213,Healthy,96.82,0
21,8,0.0028,0.0,100.0,518.67,642.56,1586.11,1404.0,14.62,21.58,554.98,2388.01,9053.69,1.3,47.24,522.99,2387.99,8132.91,8.3752,0.03,391,2388,100.0,38.87,23.419,220,212,Healthy,96.36,0
21,9,-0.0022,0.0004,100.0,518.67,641.96,1581.37,1393.55,14.62,21.58,554.54,2388.01,9056.11,1.3,47.31,522.61,2388.0,8143.24,8.3649,0.03,391,2388,100.0,39.25,23.4028,220,211,Healthy,95.91,0
21,10,0.0028,-0.0003,100.0,518.67,641.82,1585.23,1395.86,14.62,21.58,554.57,2388.0,9048.46,1.3,46.98,521.95,2387.99,8136.53,8.3763,0.03,392,2388,100.0,39.12,23.4351,220,210,Healthy,95.45,0
21,11,0.0,-0.0005,100.0,518.67,642.78,1582.4,1401.48,14.62,21.58,554.89,2387.99,9055.65,1.3,47.17,522.12,2388.05,8136.5,8.3739,0.03,391,2388,100.0,39.03,23.3594,220,209,Healthy,95.0,0
21,12,0.0002,-0.0003,100.0,518.67,641.98,1580.79,1392.11,14.62,21.58,554.22,2387.98,9053.38,1.3,47.22,522.15,2387.99,8139.74,8.3667,0.03,391,2388,100.0,39.1,23.3887,220,208,Healthy,94.55,0
21,13,0.0005,0.0,100.0,518.67,642.37,1583.26,1400.05,14.62,21.58,554.79,2387.98,9062.22,1.3,47.1,522.49,2387.96,8138.2,8.3992,0.03,392,2388,100.0,39.2,23.504,220,207,Healthy,94.09,0
21,14,0.0035,0.0004,100.0,518.67,642.1,1582.43,1400.11,14.62,21.58,554.66,2387.98,9055.93,1.3,47.21,522.49,2388.01,8143.34,8.3766,0.03,392,2388,100.0,39.24,23.4534,220,206,Healthy,93.64,0
21,15,-0.0028,0.0005,100.0,518.67,641.81,1582.11,1387.68,14.62,21.58,554.96,2387.96,9060.21,1.3,47.13,523.37,2388.01,8137.2,8.3892,0.03,392,2388,100.0,39.28,23.3871,220,205,Healthy,93.18,0
21,16,-0.0023,-0.0001,100.0,518.67,641.95,1587.9,1394.5,14.62,21.58,554.37,2387.97,9054.41,1.3,47.15,521.69,2388.0,8138.09,8.3749,0.03,391,2388,100.0,39.17,23.4241,220,204,Healthy,92.73,0
21,17,0.0011,-0.0,100.0,518.67,641.55,1580.14,1396.99,14.62,21.58,554.91,2388.0,9053.41,1.3,47.22,522.11,2387.97,8136.19,8.3946,0.03,392,2388,100.0,39.03,23.3881,220,203,Healthy,92.27,0
21,18,-0.0001,0.0003,100.0,518.67,642.36,1581.4,1403.0,14.62,21.58,554.62,2388.0,9057.1,1.3,47.13,521.73,2387.97,8136.98,8.3661,0.03,392,2388,100.0,39.21,23.4447,220,202,Healthy,91.82,0
21,19,-0.0029,0.0004,100.0,518.67,641.76,1582.21,1390.04,14.62,21.58,554.22,2387.98,9049.46,1.3,47.17,522.3,2387.99,8133.33,8.393,0.03,391,2388,100.0,38.88,23.4022,220,201,Healthy,91.36,0
21,20,0.0003,-0.0004,100.0,518.67,642.15,1589.12,1394.01,14.62,21.58,554.8,2387.99,9057.77,1.3,47.11,522.58,2387.99,8140.38,8.4046,0.03,391,2388,100.0,39.13,23.3413,220,200,Healthy,90.91,0
21,21,-0.0018,-0.0002,100.0,518.67,641.79,1584.68,1401.37,14.62,21.58,554.21,2387.96,9051.74,1.3,47.3,521.97,2387.99,8139.51,8.3527,0.03,391,2388,100.0,39.07,23.4693,220,199,Healthy,90.45,0
21,22,-0.0006,0.0003,100.0,518.67,641.77,1583.93,1400.52,14.62,21.58,554.54,2388.03,9053.24,1.3,47.12,521.91,2387.97,8138.3,8.3714,0.03,390,2388,100.0,39.16,23.3446,220,198,Healthy,90.0,0
21,23,-0.0004,-0.0002,100.0,518.67,642.34,1579.57,1392.48,14.62,21.58,554.38,2388.04,9055.5,1.3,47.2,522.85,2388.0,8135.77,8.3651,0.03,390,2388,100.0,39.0,23.4123,220,197,Healthy,89.55,0
21,24,-0.0019,0.0004,100.0,518.67,642.11,1587.75,1397.83,14.62,21.58,554.7,2388.02,9048.24,1.3,47.09,522.45,2388.02,8135.15,8.3575,0.03,392,2388,100.0,38.98,23.3579,220,196,Healthy,89.09,0
21,25,0.0014,0.0002,100.0,518.67,642.67,1583.8,1394.86,14.62,21.58,554.97,2388.06,9055.57,1.3,47.36,522.77,2388.0,8140.16,8.3706,0.03,392,2388,100.0,39.17,23.4259,220,195,Healthy,88.64,0
21,26,0.0003,-0.0002,100.0,518.67,642.04,1585.7,1388.84,14.62,21.58,554.74,2387.97,9052.18,1.3,47.23,522.24,2387.96,8143.07,8.3584,0.03,392,2388,100.0,38.93,23.5121,220,194,Healthy,88.18,0
21,27,-0.0041,-0.0001,100.0,518.67,642.43,1581.03,1399.88,14.62,21.58,554.84,2388.0,9054.06,1.3,47.2,522.41,2388.07,8135.54,8.3931,0.03,390,2388,100.0,39.05,23.4713,220,193,Healthy,87.73,0
21,28,-0.0038,-0.0003,100.0,518.67,642.26,1588.37,1396.94,14.62,21.58,554.55,2388.02,9053.27,1.3,47.27,522.88,2387.97,8134.6,8.3654,0.03,392,2388,100.0,39.28,23.3778,220,192,Healthy,87.27,0
21,29,0.0007,0.0004,100.0,518.67,641.64,1590.83,1391.43,14.62,21.58,555.09,2387.97,9044.76,1.3,47.09,522.45,2388.02,8139.19,8.3582,0.03,390,2388,100.0,39.11,23.451,220,191,Healthy,86.82,0
21,30,0.0026,-0.0002,100.0,518.67,641.82,1588.19,1386.77,14.62,21.59,554.75,2387.98,9054.48,1.3,47.1,522.97,2388.06,8135.38,8.4013,0.03,391,2388,100.0,39.16,23.4785,220,190,Healthy,86.36,0
21,31,-0.0007,0.0004,100.0,518.67,641.68,1574.31,1396.27,14.62,21.58,554.04,2388.01,9061.34,1.3,47.07,522.7,2387.97,8140.28,8.3951,0.03,391,2388,100.0,39.12,23.4071,220,189,Healthy,85.91,0
21,32,0.0002,-0.0002,100.0,518.67,642.13,1590.67,1388.28,14.62,21.58,554.95,2387.96,9056.86,1.3,47.1,522.19,2388.02,8133.72,8.3796,0.03,392,2388,100.0,39.03,23.3742,220,188,Healthy,85.45,0
21,33,0.0027,-0.0003,100.0,518.67,642.2,1587.14,1394.81,14.62,21.58,554.51,2387.92,9059.36,1.3,47.11,522.51,2388.02,8135.13,8.3751,0.03,391,2388,100.0,39.18,23.5091,220,187,Healthy,85.0,0
21,34,-0.0039,0.0003,100.0,518.67,642.22,1581.95,1398.18,14.62,21.58,555.21,2388.02,9053.09,1.3,47.25,522.54,2387.98,8135.8,8.3997,0.03,393,2388,100.0,39.08,23.3843,220,186,Healthy,84.55,0
21,35,-0.0019,0.0004,100.0,518.67,641.96,1577.59,1394.72,14.62,21.58,554.3,2387.97,9053.39,1.3,47.31,522.17,2387.98,8139.84,8.415,0.03,391,2388,100.0,39.12,23.4813,220,185,Healthy,84.09,0
21,36,0.0012,0.0005,100.0,518.67,642.25,1580.05,1401.28,14.62,21.58,555.04,2388.02,9057.81,1.3,47.11,522.44,2387.97,8135.86,8.3353,0.03,391,2388,100.0,38.97,23.3972,220,184,Healthy,83.64,0
21,37,0.0018,-0.0004,100.0,518.67,641.83,1583.29,1405.5,14.62,21.58,555.28,2387.98,9053.57,1.3,47.18,521.83,2387.98,8137.3,8.3977,0.03,391,2388,100.0,39.12,23.4503,220,183,Healthy,83.18,0
21,38,0.0029,-0.0002,100.0,518.67,641.88,1591.12,1398.47,14.62,21.58,555.16,2388.03,9055.91,1.3,46.98,523.23,2388.03,8135.08,8.361,0.03,391,2388,100.0,39.1,23.4451,220,182,Healthy,82.73,0
21,39,0.002,-0.0003,100.0,518.67,641.64,1576.2,1403.74,14.62,21.58,553.52,2387.96,9061.28,1.3,47.27,521.56,2388.0,8137.0,8.3645,0.03,391,2388,100.0,39.11,23.4227,220,181,Healthy,82.27,0
21,40,-0.0029,0.0005,100.0,518.67,642.61,1576.76,1390.85,14.62,21.58,553.96,2388.0,9052.27,1.3,47.2,522.15,2388.0,8128.05,8.431,0.03,392,2388,100.0,39.08,23.4866,220,180,Healthy,81.82,0
21,41,0.0008,0.0005,100.0,518.67,641.98,1575.37,1398.31,14.62,21.58,553.87,2388.03,9058.31,1.3,47.01,522.15,2388.01,8143.28,8.3865,0.03,391,2388,100.0,39.11,23.3835,220,179,Healthy,81.36,0
21,42,0.0006,-0.0,100.0,518.67,642.09,1583.13,1395.51,14.62,21.58,554.46,2388.02,9058.86,1.3,47.35,523.03,2388.02,8137.77,8.3692,0.03,393,2388,100.0,39.06,23.4676,220,178,Healthy,80.91,0
21,43,0.0009,0.0003,100.0,518.67,641.96,1588.33,1406.66,14.62,21.58,554.52,2387.99,9056.95,1.3,47.15,523.09,2388.0,8135.97,8.3639,0.03,392,2388,100.0,38.91,23.4399,220,177,Healthy,80.45,0
21,44,-0.0044,0.0001,100.0,518.67,642.61,1578.12,1395.69,14.62,21.58,555.19,2387.97,9052.18,1.3,47.24,522.51,2388.02,8135.47,8.4234,0.03,390,2388,100.0,39.0,23.4353,220,176,Healthy,80.0,0
21,45,0.0028,0.0001,100.0,518.67,642.01,1584.5,1395.79,14.62,21.58,554.57,2387.97,9047.58,1.3,47.11,522.46,2388.01,8137.52,8.3811,0.03,393,2388,100.0,39.06,23.3918,220,175,Healthy,79.55,0
21,46,0.0003,0.0003,100.0,518.67,642.06,1589.49,1395.8,14.62,21.58,554.7,2387.98,9056.69,1.3,47.25,522.29,2388.04,8136.67,8.3745,0.03,392,2388,100.0,39.04,23.4623,220,174,Healthy,79.09,0
21,47,0.0008,-0.0003,100.0,518.67,642.19,1582.82,1403.71,14.62,21.58,554.12,2387.99,9056.44,1.3,47.19,522.19,2388.03,8137.18,8.3918,0.03,390,2388,100.0,38.86,23.4835,220,173,Healthy,78.64,0
21,48,-0.0013,0.0003,100.0,518.67,642.23,1583.69,1398.84,14.62,21.58,554.39,2387.95,9058.12,1.3,47.09,522.28,2387.98,8141.44,8.3923,0.03,393,2388,100.0,39.14,23.5075,220,172,Healthy,78.18,0
21,49,-0.0001,0.0001,100.0,518.67,641.87,1578.71,1392.24,14.62,21.58,554.18,2388.03,9046.42,1.3,47.12,522.46,2388.04,8140.76,8.336,0.03,393,2388,100.0,39.15,23.4588,220,171,Healthy,77.73,0
21,50,0.0046,-0.0002,100.0,518.67,641.83,1585.39,1395.95,14.62,21.58,554.82,2388.04,9054.95,1.3,47.24,522.86,2388.03,8134.46,8.3398,0.03,393,2388,100.0,39.03,23.5105,220,170,Healthy,77.27,0
22,1,-0.0004,0.0004,100.0,518.67,642.08,1587.15,1397.92,14.62,21.61,554.28,2387.95,9064.65,1.3,47.2,522.96,2387.98,8143.15,8.3918,0.03,392,2388,100.0,38.91,23.4093,192,191,Healthy,99.48,0
22,2,0.0009,-0.0004,100.0,518.67,642.27,1585.01,1397.15,14.62,21.61,554.27,2388.01,9068.77,1.3,47.1,521.98,2387.95,8148.55,8.4009,0.03,393,2388,100.0,38.99,23.4082,192,190,Healthy,98.96,0
22,3,0.0022,-0.0003,100.0,518.67,642.16,1584.76,1406.5,14.62,21.61,554.78,2388.01,9066.18,1.3,47.25,522.52,2388.01,8146.57,8.3706,0.03,392,2388,100.0,38.91,23.3763,192,189,Healthy,98.44,0
22,4,0.0012,0.0003,100.0,518.67,642.94,1591.86,1397.65,14.62,21.61,554.43,2388.02,9064.51,1.3,47.08,522.4,2387.99,8145.58,8.3772,0.03,393,2388,100.0,39.05,23.342,192,188,Healthy,97.92,0
22,5,-0.0003,0.0,100.0,518.67,641.79,1586.51,1393.99,14.62,21.61,554.8,2388.04,9060.22,1.3,47.22,522.35,2387.97,8147.6,8.4264,0.03,393,2388,100.0,39.03,23.2784,192,187,Healthy,97.4,0
22,6,0.0021,-0.0002,100.0,518.67,641.97,1581.67,1396.71,14.62,21.61,554.8,2387.99,9071.49,1.3,47.36,521.91,2388.01,8149.2,8.4026,0.03,391,2388,100.0,39.05,23.3797,192,186,Healthy,96.88,0
22,7,0.0036,-0.0005,100.0,518.67,642.8,1590.07,1402.49,14.62,21.6,554.87,2388.0,9060.4,1.3,47.35,522.48,2387.99,8147.42,8.4261,0.03,392,2388,100.0,38.98,23.4178,192,185,Healthy,96.35,0
22,8,0.0023,0.0004,100.0,518.67,641.9,1580.66,1397.08,14.62,21.6,554.4,2387.99,9074.92,1.3,47.2,522.25,2388.01,8146.65,8.3602,0.03,392,2388,100.0,38.95,23.3606,192,184,Healthy,95.83,0
22,9,0.0008,-0.0,100.0,518.67,641.82,1585.75,1398.64,14.62,21.61,554.73,2388.01,9069.07,1.3,47.39,521.65,2388.01,8149.52,8.4255,0.03,392,2388,100.0,39.05,23.3005,192,183,Healthy,95.31,0
22,10,0.001,-0.0001,100.0,518.67,642.4,1587.3,1396.83,14.62,21.61,555.0,2388.0,9067.65,1.3,47.32,522.62,2388.05,8150.77,8.3784,0.03,391,2388,100.0,38.88,23.576,192,182,Healthy,94.79,0
22,11,0.0005,0.0004,100.0,518.67,642.79,1590.46,1393.56,14.62,21.61,554.6,2388.01,9064.73,1.3,47.19,522.26,2388.04,8152.17,8.3861,0.03,391,2388,100.0,39.19,23.4028,192,181,Healthy,94.27,0
22,12,-0.0007,0.0004,100.0,518.67,642.03,1581.43,1399.63,14.62,21.61,554.93,2387.95,9064.41,1.3,47.01,521.85,2387.99,8147.87,8.4035,0.03,392,2388,100.0,39.06,23.4641,192,180,Healthy,93.75,0
22,13,-0.0029,0.0003,100.0,518.67,642.03,1580.9,1398.59,14.62,21.61,554.05,2388.06,9064.81,1.3,47.4,521.73,2387.98,8145.69,8.4037,0.03,392,2388,100.0,39.1,23.4322,192,179,Healthy,93.23,0
22,14,-0.0,-0.0001,100.0,518.67,642.03,1586.08,1395.57,14.62,21.61,553.95,2388.02,9069.55,1.3,47.16,522.65,2388.0,8152.67,8.3975,0.03,393,2388,100.0,39.04,23.4381,192,178,Healthy,92.71,0
22,15,0.0037,-0.0004,100.0,518.67,641.95,1583.42,1400.37,14.62,21.61,553.96,2388.07,9061.75,1.3,47.21,522.02,2388.04,8146.13,8.4355,0.03,391,2388,100.0,39.0,23.4769,192,177,Healthy,92.19,0
22,16,-0.0017,0.0,100.0,518.67,641.97,1589.3,1394.11,14.62,21.6,553.86,2388.0,9065.34,1.3,47.21,522.2,2388.0,8148.3,8.3794,0.03,392,2388,100.0,38.98,23.4337,192,176,Healthy,91.67,0
22,17,0.0039,-0.0001,100.0,518.67,642.27,1583.39,1391.87,14.62,21.61,554.21,2388.03,9071.93,1.3,47.38,522.47,2387.95,8152.57,8.4021,0.03,393,2388,100.0,39.06,23.2991,192,175,Healthy,91.15,0
22,18,0.0045,0.0002,100.0,518.67,642.76,1586.45,1403.05,14.62,21.6,554.78,2387.97,9068.53,1.3,47.3,521.78,2388.02,8146.36,8.3628,0.03,390,2388,100.0,39.19,23.4217,192,174,Healthy,90.62,0
22,19,-0.0008,-0.0001,100.0,518.67,642.51,1580.53,1406.27,14.62,21.6,553.92,2388.01,9061.85,1.3,47.01,522.1,2388.01,8145.14,8.4206,0.03,392,2388,100.0,38.97,23.3346,192,173,Healthy,90.1,0
22,20,0.0012,0.0003,100.0,518.67,642.12,1586.32,1399.54,14.62,21.61,554.13,2388.02,9067.29,1.3,47.39,522.96,2387.99,8143.94,8.3898,0.03,392,2388,100.0,39.11,23.3751,192,172,Healthy,89.58,0
22,21,0.0026,-0.0001,100.0,518.67,641.78,1590.72,1396.26,14.62,21.61,553.69,2388.0,9064.38,1.3,47.33,522.03,2388.04,8141.78,8.4308,0.03,393,2388,100.0,39.04,23.3568,192,171,Healthy,89.06,0
22,22,0.0,-0.0005,100.0,518.67,642.76,1584.13,1400.24,14.62,21.61,554.16,2388.01,9068.95,1.3,47.25,521.44,2387.99,8144.83,8.3694,0.03,392,2388,100.0,39.02,23.4149,192,170,Healthy,88.54,0
22,23,-0.0002,-0.0002,100.0,518.67,642.05,1586.98,1399.04,14.62,21.61,554.55,2388.0,9062.66,1.3,47.09,522.09,2387.97,8146.83,8.4061,0.03,393,2388,100.0,38.98,23.3789,192,169,Healthy,88.02,0
22,24,-0.0029,-0.0005,100.0,518.67,642.33,1589.77,1402.34,14.62,21.61,554.04,2387.95,9070.96,1.3,47.33,522.47,2388.0,8153.71,8.4062,0.03,391,2388,100.0,38.98,23.4486,192,168,Healthy,87.5,0
22,25,0.0021,0.0005,100.0,518.67,642.13,1586.3,1400.71,14.62,21.6,554.67,2388.04,9068.58,1.3,47.15,522.42,2387.93,8154.57,8.4024,0.03,391,2388,100.0,39.05,23.3821,192,167,Healthy,86.98,0
22,26,-0.0005,0.0003,100.0,518.67,642.32,1582.52,1400.85,14.62,21.61,554.02,2388.01,9061.8,1.3,47.42,521.95,2388.0,8148.51,8.3907,0.03,392,2388,100.0,38.86,23.4008,192,166,Healthy,86.46,0
22,27,-0.0036,-0.0003,100.0,518.67,642.16,1592.01,1398.42,14.62,21.61,554.11,2388.02,9066.25,1.3,47.19,522.53,2388.02,8147.49,8.4011,0.03,393,2388,100.0,39.1,23.2959,192,165,Healthy,85.94,0
22,28,-0.005,0.0001,100.0,518.67,642.26,1585.93,1401.33,14.62,21.61,553.84,2387.99,9061.29,1.3,47.21,522.38,2388.09,8148.96,8.4357,0.03,392,2388,100.0,39.0,23.3272,192,164,Healthy,85.42,0
22,29,-0.0013,-0.0004,100.0,518.67,642.37,1582.91,1394.16,14.62,21.6,554.89,2388.04,9065.62,1.3,47.25,522.2,2388.03,8147.76,8.4115,0.03,391,2388,100.0,38.97,23.2994,192,163,Healthy,84.9,0
22,30,0.0005,-0.0002,100.0,518.67,642.23,1588.68,1399.42,14.62,21.61,553.43,2387.95,9066.2,1.3,47.04,522.44,2387.99,8149.23,8.4041,0.03,393,2388,100.0,38.85,23.3843,192,162,Healthy,84.38,0
22,31,0.0008,-0.0,100.0,518.67,642.45,1584.77,1398.35,14.62,21.61,554.33,2388.03,9063.32,1.3,47.09,522.29,2388.02,8149.23,8.4247,0.03,393,2388,100.0,38.93,23.4926,192,161,Healthy,83.85,0
22,32,-0.0025,-0.0001,100.0,518.67,641.84,1583.44,1400.11,14.62,21.6,553.4,2388.05,9069.9,1.3,47.25,522.39,2388.04,8144.06,8.3861,0.03,392,2388,100.0,38.79,23.4026,192,160,Healthy,83.33,0
22,33,0.0003,0.0003,100.0,518.67,641.95,1581.38,1399.18,14.62,21.61,554.31,2387.98,9058.91,1.3,47.18,522.15,2388.01,8145.8,8.4162,0.03,392,2388,100.0,39.01,23.3422,192,159,Healthy,82.81,0
22,34,-0.0006,-0.0001,100.0,518.67,642.91,1584.27,1399.26,14.62,21.61,553.73,2388.01,9063.01,1.3,47.29,522.67,2388.02,8144.87,8.4035,0.03,391,2388,100.0,39.01,23.4163,192,158,Healthy,82.29,0
22,35,0.0035,0.0,100.0,518.67,642.56,1580.41,1399.1,14.62,21.61,554.43,2388.04,9058.93,1.3,47.19,522.28,2387.99,8147.49,8.4251,0.03,392,2388,100.0,39.03,23.2892,192,157,Healthy,81.77,0
22,36,0.0024,-0.0005,100.0,518.67,642.36,1590.17,1397.01,14.62,21.61,554.8,2387.98,9072.91,1.3,47.11,523.03,2387.99,8145.96,8.4427,0.03,393,2388,100.0,38.99,23.317,192,156,Healthy,81.25,0
22,37,-0.0012,0.0002,100.0,518.67,642.28,1585.39,1402.44,14.62,21.61,554.28,2388.04,9063.16,1.3,47.34,522.3,2387.99,8139.68,8.4016,0.03,392,2388,100.0,39.01,23.2967,192,155,Healthy,80.73,0
22,38,0.0002,0.0003,100.0,518.67,642.19,1583.15,1392.58,14.62,21.61,554.86,2388.0,9061.63,1.3,47.34,522.21,2387.97,8148.3,8.4081,0.03,393,2388,100.0,38.91,23.3909,192,154,Healthy,80.21,0
22,39,0.0012,-0.0003,100.0,518.67,642.46,1581.72,1399.22,14.62,21.61,553.88,2388.03,9069.87,1.3,47.35,521.93,2387.98,8149.3,8.414,0.03,392,2388,100.0,38.88,23.3891,192,153,Healthy,79.69,0
22,40,-0.0033,0.0003,100.0,518.67,642.41,1589.04,1394.9,14.62,21.61,554.36,2387.99,9059.36,1.3,47.37,522.15,2388.04,8140.9,8.4095,0.03,391,2388,100.0,39.03,23.4315,192,152,Healthy,79.17,0
22,41,-0.0032,0.0004,100.0,518.67,642.08,1582.64,1408.35,14.62,21.61,554.2,2388.01,9069.55,1.3,47.23,522.16,2388.0,8147.89,8.4112,0.03,391,2388,100.0,39.17,23.3635,192,151,Healthy,78.65,0
22,42,0.0005,-0.0002,100.0,518.67,642.36,1580.85,1398.06,14.62,21.61,553.86,2388.04,9060.01,1.3,47.03,521.85,2388.01,8151.42,8.4166,0.03,391,2388,100.0,39.19,23.4506,192,150,Healthy,78.12,0
22,43,-0.0006,0.0003,100.0,518.67,642.33,1587.21,1396.18,14.62,21.61,554.23,2388.05,9066.36,1.3,47.09,522.56,2388.03,8146.07,8.3734,0.03,393,2388,100.0,38.96,23.367,192,149,Healthy,77.6,0
22,44,-0.0026,-0.0001,100.0,518.67,642.47,1583.92,1396.51,14.62,21.61,554.76,2388.0,9067.69,1.3,47.26,522.19,2388.02,8151.75,8.3999,0.03,390,2388,100.0,38.84,23.3238,192,148,Healthy,77.08,0
22,45,-0.0041,0.0004,100.0,518.67,642.03,1586.89,1398.71,14.62,21.61,553.96,2388.0,9063.26,1.3,47.15,522.12,2388.06,8149.44,8.4371,0.03,392,2388,100.0,39.01,23.3783,192,147,Healthy,76.56,0
22,46,-0.0008,0.0003,100.0,518.67,642.33,1591.28,1404.8,14.62,21.61,554.24,2387.98,9070.49,1.3,47.36,522.08,2388.04,8142.82,8.4252,0.03,391,2388,100.0,38.93,23.3686,192,146,Healthy,76.04,0
22,47,-0.0012,0.0002,100.0,518.67,642.19,1586.57,1399.14,14.62,21.61,554.04,2388.03,9067.44,1.3,47.26,522.61,2387.99,8151.85,8.3893,0.03,394,2388,100.0,38.91,23.3573,192,145,Healthy,75.52,0
22,48,-0.0002,-0.0001,100.0,518.67,642.01,1583.59,1400.45,14.62,21.61,554.19,2387.97,9066.98,1.3,47.32,521.75,2388.01,8147.3,8.3802,0.03,392,2388,100.0,39.18,23.3535,192,144,Healthy,75.0,0
22,49,0.0024,-0.0001,100.0,518.67,642.26,1587.31,1401.72,14.62,21.61,554.3,2387.95,9069.72,1.3,47.17,522.53,2387.99,8144.05,8.4476,0.03,392,2388,100.0,38.93,23.3184,192,143,Healthy,74.48,0
22,50,0.0002,-0.0002,100.0,518.67,642.04,1590.11,1395.75,14.62,21.61,554.16,2388.01,9068.02,1.3,47.3,522.61,2388.07,8151.13,8.3972,0.03,392,2388,100.0,39.0,23.3617,192,142,Healthy,73.96,0
23,1,0.0026,0.0,100.0,518.67,641.91,1581.92,1395.19,14.62,21.61,554.58,2388.02,9050.2,1.3,47.27,522.27,2388.04,8130.64,8.4366,0.03,393,2388,100.0,39.02,23.369,196,195,Healthy,99.49,0
23,2,0.0072,-0.0001,100.0,518.67,642.15,1584.97,1395.39,14.62,21.61,553.88,2388.05,9050.93,1.3,47.36,521.71,2388.08,8131.65,8.4048,0.03,392,2388,100.0,38.89,23.4429,196,194,Healthy,98.98,0
23,3,-0.0019,-0.0001,100.0,518.67,641.83,1587.64,1406.81,14.62,21.61,553.29,2388.05,9044.08,1.3,47.2,522.01,2388.1,8127.14,8.415,0.03,391,2388,100.0,38.96,23.2897,196,193,Healthy,98.47,0
23,4,-0.0022,0.0002,100.0,518.67,642.49,1586.51,1396.68,14.62,21.61,554.41,2388.03,9047.67,1.3,47.37,522.24,2388.1,8135.17,8.391,0.03,392,2388,100.0,39.14,23.3204,196,192,Healthy,97.96,0
23,5,-0.0016,-0.0001,100.0,518.67,641.98,1584.45,1409.15,14.62,21.61,553.53,2388.05,9052.35,1.3,47.23,522.41,2388.06,8136.53,8.3956,0.03,391,2388,100.0,38.98,23.3574,196,191,Healthy,97.45,0
23,6,-0.003,-0.0,100.0,518.67,641.99,1589.04,1400.29,14.62,21.61,553.49,2388.07,9052.49,1.3,47.48,522.23,2388.02,8139.81,8.3697,0.03,390,2388,100.0,38.94,23.3912,196,190,Healthy,96.94,0
23,7,0.0006,-0.0005,100.0,518.67,642.42,1583.45,1399.62,14.62,21.61,554.28,2388.09,9052.03,1.3,47.02,521.93,2388.03,8139.14,8.3754,0.03,392,2388,100.0,38.95,23.4372,196,189,Healthy,96.43,0
23,8,0.0024,0.0004,100.0,518.67,642.65,1582.21,1400.59,14.62,21.61,554.59,2388.1,9055.97,1.3,47.3,522.01,2388.06,8132.64,8.4594,0.03,393,2388,100.0,38.83,23.4109,196,188,Healthy,95.92,0
23,9,0.0019,-0.0,100.0,518.67,642.11,1588.98,1398.78,14.62,21.61,554.84,2388.04,9052.24,1.3,47.21,522.21,2388.03,8135.2,8.4124,0.03,390,2388,100.0,38.86,23.4624,196,187,Healthy,95.41,0
23,10,0.0002,-0.0003,100.0,518.67,642.14,1588.97,1402.47,14.62,21.61,553.36,2388.03,9046.58,1.3,47.42,522.32,2388.06,8132.56,8.415,0.03,392,2388,100.0,38.83,23.3403,196,186,Healthy,94.9,0
23,11,-0.0002,0.0003,100.0,518.67,641.99,1586.04,1406.38,14.62,21.61,554.36,2388.06,9047.65,1.3,47.31,522.26,2388.07,8134.34,8.4066,0.03,391,2388,100.0,39.14,23.4047,196,185,Healthy,94.39,0
23,12,-0.0019,0.0,100.0,518.67,641.99,1586.22,1392.1,14.62,21.61,553.9,2388.08,9047.1,1.3,47.32,522.29,2388.09,8127.83,8.4093,0.03,392,2388,100.0,39.06,23.4074,196,184,Healthy,93.88,0
23,13,0.0008,-0.0002,100.0,518.67,642.21,1585.35,1409.12,14.62,21.61,554.43,2388.05,9049.33,1.3,47.43,521.9,2388.04,8134.56,8.3809,0.03,391,2388,100.0,38.98,23.3795,196,183,Healthy,93.37,0
23,14,0.0003,-0.0002,100.0,518.67,642.75,1591.05,1400.09,14.62,21.61,553.84,2388.07,9052.12,1.3,47.47,522.02,2388.07,8132.78,8.419,0.03,389,2388,100.0,38.87,23.3341,196,182,Healthy,92.86,0
23,15,-0.0017,0.0001,100.0,518.67,642.13,1581.69,1400.53,14.62,21.61,553.51,2388.02,9050.58,1.3,47.4,522.15,2388.02,8136.81,8.4151,0.03,394,2388,100.0,39.18,23.4411,196,181,Healthy,92.35,0
23,16,0.0011,0.0001,100.0,518.67,643.09,1591.69,1400.2,14.62,21.61,553.66,2388.05,9054.67,1.3,47.35,521.35,2388.03,8135.97,8.3905,0.03,393,2388,100.0,39.04,23.4177,196,180,Healthy,91.84,0
23,17,-0.0031,-0.0005,100.0,518.67,642.2,1586.46,1398.43,14.62,21.61,553.68,2388.04,9055.41,1.3,47.45,522.38,2388.07,8134.15,8.4252,0.03,392,2388,100.0,38.93,23.4201,196,179,Healthy,91.33,0
23,18,-0.0002,0.0001,100.0,518.67,642.58,1590.16,1390.51,14.62,21.61,554.42,2388.06,9050.71,1.3,47.4,522.33,2388.09,8134.05,8.4369,0.03,391,2388,100.0,38.82,23.3429,196,178,Healthy,90.82,0
23,19,0.0005,-0.0002,100.0,518.67,642.15,1584.32,1400.38,14.62,21.61,554.16,2388.06,9051.01,1.3,47.45,522.08,2388.08,8138.64,8.4027,0.03,393,2388,100.0,38.99,23.4202,196,177,Healthy,90.31,0
23,20,-0.0014,0.0001,100.0,518.67,642.41,1586.89,1405.61,14.62,21.61,553.28,2388.04,9045.48,1.3,47.34,522.05,2388.13,8133.37,8.4221,0.03,392,2388,100.0,39.01,23.4124,196,176,Healthy,89.8,0
23,21,-0.0001,0.0002,100.0,518.67,642.45,1587.99,1396.95,14.62,21.61,555.01,2388.01,9054.64,1.3,47.25,521.64,2388.08,8136.09,8.3781,0.03,393,2388,100.0,39.15,23.4656,196,175,Healthy,89.29,0
23,22,-0.0006,-0.0001,100.0,518.67,642.6,1590.62,1402.85,14.62,21.61,553.83,2388.07,9046.59,1.3,47.32,521.9,2388.06,8124.47,8.3774,0.03,391,2388,100.0,38.97,23.4742,196,174,Healthy,88.78,0
23,23,-0.0036,-0.0005,100.0,518.67,641.88,1587.52,1406.56,14.62,21.61,554.23,2388.03,9052.74,1.3,47.32,521.96,2388.04,8130.68,8.3829,0.03,393,2388,100.0,38.82,23.3523,196,173,Healthy,88.27,0
23,24,0.004,0.0003,100.0,518.67,642.15,1583.98,1403.1,14.62,21.61,554.28,2388.07,9059.3,1.3,47.15,522.35,2388.05,8130.27,8.4162,0.03,391,2388,100.0,38.95,23.4358,196,172,Healthy,87.76,0
23,25,0.0047,-0.0001,100.0,518.67,642.58,1589.89,1399.37,14.62,21.61,554.37,2388.04,9049.28,1.3,47.42,521.92,2388.0,8136.6,8.4165,0.03,390,2388,100.0,39.06,23.3347,196,171,Healthy,87.24,0
23,26,0.0029,0.0,100.0,518.67,642.56,1588.06,1399.56,14.62,21.61,554.44,2388.07,9045.18,1.3,47.32,522.37,2388.07,8126.58,8.4336,0.03,392,2388,100.0,39.0,23.3496,196,170,Healthy,86.73,0
23,27,-0.0001,-0.0005,100.0,518.67,642.16,1590.71,1400.21,14.62,21.61,554.55,2388.05,9054.49,1.3,47.27,522.24,2388.03,8134.67,8.4149,0.03,391,2388,100.0,38.99,23.3228,196,169,Healthy,86.22,0
23,28,0.0004,-0.0005,100.0,518.67,642.05,1584.63,1404.49,14.62,21.61,554.06,2388.02,9049.76,1.3,47.41,522.05,2388.08,8131.76,8.3807,0.03,392,2388,100.0,38.86,23.364,196,168,Healthy,85.71,0
23,29,0.0041,0.0004,100.0,518.67,641.9,1587.15,1403.0,14.62,21.61,554.02,2388.05,9054.17,1.3,47.18,522.31,2388.08,8133.72,8.4425,0.03,391,2388,100.0,38.9,23.4208,196,167,Healthy,85.2,0
23,30,0.0008,-0.0005,100.0,518.67,642.38,1585.95,1398.08,14.62,21.61,554.41,2388.03,9046.98,1.3,47.35,522.12,2388.04,8133.91,8.3796,0.03,392,2388,100.0,38.94,23.4164,196,166,Healthy,84.69,0
23,31,0.0006,0.0002,100.0,518.67,641.87,1586.56,1398.45,14.62,21.61,554.31,2388.06,9048.67,1.3,47.4,522.25,2388.08,8128.04,8.3775,0.03,391,2388,100.0,38.98,23.4386,196,165,Healthy,84.18,0
23,32,0.0027,-0.0005,100.0,518.67,642.12,1586.99,1404.9,14.62,21.61,554.21,2388.05,9047.73,1.3,47.26,522.17,2388.06,8133.35,8.4117,0.03,394,2388,100.0,38.94,23.3536,196,164,Healthy,83.67,0
23,33,-0.0017,-0.0002,100.0,518.67,642.56,1586.25,1398.8,14.62,21.61,554.57,2388.05,9050.91,1.3,47.34,521.91,2388.06,8127.52,8.4316,0.03,391,2388,100.0,38.94,23.3215,196,163,Healthy,83.16,0
23,34,-0.0033,-0.0005,100.0,518.67,642.22,1593.62,1409.82,14.62,21.61,554.09,2388.05,9056.02,1.3,47.36,522.11,2388.02,8135.15,8.4063,0.03,392,2388,100.0,38.89,23.2883,196,162,Healthy,82.65,0
23,35,-0.0001,-0.0004,100.0,518.67,642.16,1584.79,1404.51,14.62,21.61,553.63,2388.02,9043.86,1.3,47.37,522.27,2388.1,8136.92,8.4093,0.03,391,2388,100.0,39.11,23.3879,196,161,Healthy,82.14,0
23,36,0.0037,-0.0,100.0,518.67,642.28,1585.16,1404.84,14.62,21.61,554.01,2388.11,9048.51,1.3,47.32,522.19,2388.02,8129.95,8.4232,0.03,393,2388,100.0,38.88,23.3188,196,160,Healthy,81.63,0
23,37,0.003,-0.0001,100.0,518.67,642.54,1590.64,1410.97,14.62,21.61,554.24,2388.04,9047.98,1.3,47.22,522.38,2388.09,8137.86,8.4377,0.03,393,2388,100.0,38.89,23.408,196,159,Healthy,81.12,0
23,38,-0.003,-0.0,100.0,518.67,641.59,1590.75,1406.43,14.62,21.61,553.76,2388.0,9048.57,1.3,47.57,522.06,2388.06,8139.2,8.407,0.03,393,2388,100.0,38.88,23.1948,196,158,Healthy,80.61,0
23,39,-0.0021,0.0002,100.0,518.67,641.8,1586.62,1395.7,14.62,21.61,553.58,2388.03,9055.7,1.3,47.43,522.27,2388.03,8130.62,8.4037,0.03,393,2388,100.0,39.23,23.2941,196,157,Healthy,80.1,0
23,40,0.0008,0.0002,100.0,518.67,642.79,1585.02,1403.26,14.62,21.61,553.99,2387.97,9053.66,1.3,47.3,522.38,2388.03,8133.86,8.4342,0.03,391,2388,100.0,39.02,23.354,196,156,Healthy,79.59,0
23,41,0.0015,0.0003,100.0,518.67,641.5,1589.78,1407.3,14.62,21.61,554.27,2388.07,9047.8,1.3,47.17,521.56,2388.06,8132.75,8.413,0.03,391,2388,100.0,38.9,23.4232,196,155,Healthy,79.08,0
23,42,-0.0006,0.0,100.0,518.67,642.28,1594.11,1401.03,14.62,21.61,553.66,2388.05,9041.91,1.3,47.5,522.35,2388.04,8135.06,8.4133,0.03,390,2388,100.0,38.96,23.3649,196,154,Healthy,78.57,0
23,43,0.0026,-0.0002,100.0,518.67,641.89,1584.09,1406.17,14.62,21.61,553.65,2388.07,9051.71,1.3,47.23,521.95,2388.07,8130.15,8.4132,0.03,392,2388,100.0,38.97,23.3576,196,153,Healthy,78.06,0
23,44,0.005,0.0003,100.0,518.67,642.04,1585.31,1395.91,14.62,21.61,554.5,2388.06,9054.87,1.3,47.19,522.06,2388.13,8136.96,8.4086,0.03,392,2388,100.0,38.99,23.3602,196,152,Healthy,77.55,0
23,45,0.0004,-0.0001,100.0,518.67,642.57,1584.25,1397.33,14.62,21.61,554.39,2388.06,9056.6,1.3,47.3,521.96,2388.02,8134.98,8.4057,0.03,392,2388,100.0,39.01,23.3837,196,151,Healthy,77.04,0
23,46,0.0001,-0.0005,100.0,518.67,642.14,1582.83,1398.02,14.62,21.61,553.9,2388.04,9058.3,1.3,47.48,522.14,2388.05,8136.87,8.4238,0.03,391,2388,100.0,38.93,23.3424,196,150,Healthy,76.53,0
23,47,-0.0024,0.0001,100.0,518.67,641.66,1579.03,1404.13,14.62,21.61,554.6,2388.06,9053.34,1.3,47.35,522.11,2388.05,8129.35,8.4166,0.03,391,2388,100.0,38.85,23.336,196,149,Healthy,76.02,0
23,48,-0.0009,0.0003,100.0,518.67,642.03,1587.9,1398.16,14.62,21.61,554.06,2388.06,9053.3,1.3,47.29,522.28,2388.06,8131.8,8.4173,0.03,392,2388,100.0,39.0,23.2729,196,148,Healthy,75.51,0
23,49,-0.0027,0.0002,100.0,518.67,642.22,1580.22,1401.62,14.62,21.61,553.16,2388.05,9046.68,1.3,47.23,521.92,2388.05,8132.66,8.4138,0.03,391,2388,100.0,38.91,23.2955,196,147,Healthy,75.0,0
23,50,0.0035,-0.0002,100.0,518.67,642.0,1585.65,1396.64,14.62,21.61,554.06,2388.06,9048.79,1.3,47.54,522.17,2388.06,8135.19,8.4036,0.03,392,2388,100.0,38.99,23.2779,196,146,Healthy,74.49,0
24,1,-0.0003,-0.0001,100.0,518.67,641.55,1579.97,1396.86,14.62,21.59,550.41,2387.54,9041.15,1.3,47.28,519.25,2387.65,8116.67,8.4219,0.03,390,2388,100.0,38.78,23.2995,494,493,Healthy,99.8,0
24,2,-0.0025,-0.0001,100.0,518.67,641.78,1577.83,1390.03,14.62,21.59,553.33,2387.95,9040.55,1.3,46.97,520.6,2387.91,8124.89,8.4022,0.03,391,2388,100.0,39.12,23.3948,494,492,Healthy,99.6,0
24,3,-0.0024,0.0004,100.0,518.67,642.03,1585.89,1397.09,14.62,21.59,551.14,2387.35,9036.25,1.3,47.06,519.26,2387.35,8112.68,8.4065,0.03,390,2388,100.0,38.89,23.342,494,491,Healthy,99.39,0
24,4,0.0002,0.0003,100.0,518.67,641.93,1583.73,1397.19,14.62,21.58,551.04,2387.48,9031.77,1.3,47.21,518.61,2387.48,8119.49,8.4702,0.03,389,2388,100.0,38.83,23.2713,494,490,Healthy,99.19,0
24,5,-0.0014,0.0002,100.0,518.67,642.17,1586.38,1392.98,14.62,21.58,551.57,2387.45,9033.42,1.3,47.22,519.9,2387.49,8121.72,8.4158,0.03,389,2388,100.0,38.93,23.3693,494,489,Healthy,98.99,0
24,6,0.0001,0.0003,100.0,518.67,642.11,1580.46,1397.49,14.62,21.58,551.77,2387.2,9034.89,1.3,47.15,519.45,2387.18,8117.56,8.4376,0.03,389,2388,100.0,38.9,23.3896,494,488,Healthy,98.79,0
24,7,0.003,0.0003,100.0,518.67,642.38,1574.71,1404.37,14.62,21.58,550.51,2387.49,9035.59,1.3,47.22,519.52,2387.51,8116.5,8.4087,0.03,389,2388,100.0,38.94,23.2509,494,487,Healthy,98.58,0
24,8,-0.0037,-0.0003,100.0,518.67,642.31,1573.7,1397.96,14.62,21.58,550.75,2387.55,9037.8,1.3,47.41,518.93,2387.56,8115.24,8.4446,0.03,391,2388,100.0,38.82,23.2532,494,486,Healthy,98.38,0
24,9,0.0038,-0.0001,100.0,518.67,642.22,1572.06,1395.82,14.62,21.59,550.65,2387.46,9030.78,1.3,47.09,519.28,2387.47,8120.63,8.4606,0.03,391,2388,100.0,38.71,23.3422,494,485,Healthy,98.18,0
24,10,-0.0004,0.0002,100.0,518.67,642.31,1578.41,1401.14,14.62,21.58,551.17,2387.16,9035.22,1.3,47.28,519.16,2387.15,8116.71,8.4706,0.03,392,2388,100.0,38.85,23.2056,494,484,Healthy,97.98,0
24,11,-0.0006,0.0004,100.0,518.67,641.67,1579.84,1390.44,14.62,21.58,551.19,2387.9,9042.92,1.3,47.1,519.01,2387.86,8117.27,8.4524,0.03,391,2388,100.0,38.92,23.2498,494,483,Healthy,97.77,0
24,12,0.0024,-0.0002,100.0,518.67,641.83,1582.73,1394.94,14.62,21.58,551.4,2387.35,9040.72,1.3,47.21,519.52,2387.36,8119.83,8.4252,0.03,390,2388,100.0,38.87,23.2686,494,482,Healthy,97.57,0
24,13,0.0014,-0.0002,100.0,518.67,642.34,1579.46,1388.82,14.62,21.58,550.93,2387.58,9037.75,1.3,47.12,518.38,2387.52,8123.05,8.4449,0.03,390,2388,100.0,38.74,23.3129,494,481,Healthy,97.37,0
24,14,0.0049,0.0003,100.0,518.67,641.54,1581.68,1391.72,14.62,21.59,552.61,2387.9,9043.19,1.3,47.04,520.41,2387.93,8130.56,8.3972,0.03,390,2388,100.0,39.11,23.3111,494,480,Healthy,97.17,0
24,15,-0.0013,0.0005,100.0,518.67,642.21,1578.06,1403.95,14.62,21.58,551.23,2387.67,9035.69,1.3,47.2,519.52,2387.74,8128.64,8.4394,0.03,389,2388,100.0,38.72,23.373,494,479,Healthy,96.96,0
24,16,-0.0009,0.0005,100.0,518.67,641.62,1582.79,1403.03,14.62,21.58,551.08,2387.6,9037.03,1.29,47.13,519.41,2387.6,8118.36,8.4316,0.03,392,2388,100.0,38.97,23.243,494,478,Healthy,96.76,0
24,17,-0.0008,0.0005,100.0,518.67,642.11,1577.48,1398.51,14.62,21.58,551.59,2387.7,9038.88,1.3,47.15,518.66,2387.68,8126.53,8.4531,0.03,389,2388,100.0,38.75,23.3506,494,477,Healthy,96.56,0
24,18,-0.0013,0.0004,100.0,518.67,642.32,1571.73,1406.67,14.62,21.58,550.77,2387.37,9032.42,1.3,47.29,519.21,2387.38,8118.19,8.4543,0.03,391,2388,100.0,38.82,23.2129,494,476,Healthy,96.36,0
24,19,-0.0009,0.0001,100.0,518.67,641.87,1584.4,1389.37,14.62,21.59,552.83,2387.92,9037.91,1.3,47.21,520.3,2387.93,8130.7,8.339,0.03,391,2388,100.0,39.06,23.3707,494,475,Healthy,96.15,0
24,20,0.0018,-0.0002,100.0,518.67,641.66,1580.03,1401.08,14.62,21.58,551.53,2387.47,9034.46,1.3,47.4,519.14,2387.5,8120.81,8.4404,0.03,391,2388,100.0,38.66,23.2896,494,474,Healthy,95.95,0
24,21,-0.0017,0.0003,100.0,518.67,642.46,1576.59,1404.9,14.62,21.58,550.59,2387.48,9031.91,1.3,47.25,519.28,2387.49,8116.71,8.4388,0.03,391,2388,100.0,38.66,23.3329,494,473,Healthy,95.75,0
24,22,0.0042,-0.0003,100.0,518.67,642.27,1583.37,1395.33,14.62,21.58,551.64,2387.6,9035.98,1.3,47.03,519.19,2387.66,8124.08,8.4048,0.03,391,2388,100.0,38.89,23.3156,494,472,Healthy,95.55,0
24,23,0.0009,-0.0003,100.0,518.67,642.28,1579.66,1390.34,14.62,21.58,551.53,2387.71,9042.13,1.3,47.28,519.76,2387.68,8120.81,8.3934,0.03,391,2388,100.0,38.86,23.3711,494,471,Healthy,95.34,0
24,24,0.0002,-0.0003,100.0,518.67,642.61,1579.99,1395.33,14.62,21.59,550.87,2387.54,9033.49,1.3,47.17,519.0,2387.48,8120.39,8.4509,0.03,390,2388,100.0,38.78,23.3458,494,470,Healthy,95.14,0
24,25,0.001,-0.0002,100.0,518.67,642.19,1579.19,1405.67,14.62,21.59,551.25,2387.57,9032.57,1.3,47.27,519.52,2387.54,8119.54,8.4493,0.03,390,2388,100.0,38.95,23.2063,494,469,Healthy,94.94,0
24,26,0.0019,-0.0002,100.0,518.67,641.81,1575.14,1393.97,14.62,21.59,551.47,2387.5,9035.49,1.3,47.21,519.49,2387.51,8116.66,8.4003,0.03,391,2388,100.0,38.73,23.1785,494,468,Healthy,94.74,0
24,27,0.0015,-0.0002,100.0,518.67,642.39,1585.89,1397.02,14.62,21.58,550.64,2387.57,9037.22,1.3,47.29,518.58,2387.61,8118.7,8.4024,0.03,390,2388,100.0,38.75,23.2724,494,467,Healthy,94.53,0
24,28,-0.003,0.0001,100.0,518.67,642.18,1580.87,1403.4,14.62,21.58,550.73,2387.58,9034.53,1.3,47.34,518.38,2387.55,8119.17,8.4195,0.03,389,2388,100.0,38.77,23.3785,494,466,Healthy,94.33,0
24,29,-0.0058,0.0002,100.0,518.67,642.19,1578.67,1399.05,14.62,21.59,551.11,2387.38,9039.64,1.3,47.26,519.43,2387.45,8121.33,8.4203,0.03,391,2388,100.0,38.68,23.2396,494,465,Healthy,94.13,0
24,30,0.0037,-0.0002,100.0,518.67,642.07,1573.59,1395.58,14.62,21.59,551.3,2387.5,9037.94,1.3,47.12,519.32,2387.56,8120.12,8.4611,0.03,390,2388,100.0,38.85,23.3284,494,464,Healthy,93.93,0
24,31,-0.002,0.0001,100.0,518.67,642.41,1581.96,1402.33,14.62,21.58,551.48,2387.41,9040.67,1.3,47.22,518.69,2387.42,8120.43,8.4551,0.03,390,2388,100.0,38.84,23.2935,494,463,Healthy,93.72,0
24,32,-0.0038,-0.0003,100.0,518.67,642.18,1578.57,1403.64,14.62,21.59,550.32,2387.5,9034.98,1.3,47.19,519.27,2387.54,8126.82,8.4477,0.03,389,2388,100.0,38.84,23.3317,494,462,Healthy,93.52,0
24,33,-0.0008,0.0003,100.0,518.67,642.44,1579.42,1405.88,14.62,21.58,550.04,2387.33,9034.23,1.3,47.33,518.97,2387.25,8117.74,8.4619,0.03,389,2388,100.0,38.73,23.2881,494,461,Healthy,93.32,0
24,34,0.0027,0.0001,100.0,518.67,642.47,1578.41,1402.4,14.62,21.58,551.13,2387.56,9038.44,1.3,47.05,518.81,2387.49,8120.57,8.429,0.03,388,2388,100.0,38.87,23.2297,494,460,Healthy,93.12,0
24,35,-0.0002,-0.0001,100.0,518.67,641.92,1578.15,1396.19,14.62,21.58,551.61,2387.53,9034.18,1.3,47.29,519.22,2387.51,8113.96,8.4237,0.03,391,2388,100.0,38.83,23.3818,494,459,Healthy,92.91,0
24,36,-0.0018,-0.0003,100.0,518.67,641.88,1572.79,1392.48,14.62,21.58,551.63,2387.52,9044.13,1.3,47.48,519.39,2387.54,8125.67,8.4011,0.03,390,2388,100.0,38.86,23.39,494,458,Healthy,92.71,0
24,37,0.0016,0.0001,100.0,518.67,642.11,1589.63,1407.44,14.62,21.58,550.82,2387.54,9038.29,1.3,47.29,518.9,2387.54,8119.0,8.4312,0.03,389,2388,100.0,38.78,23.3242,494,457,Healthy,92.51,0
24,38,0.0033,-0.0004,100.0,518.67,642.3,1576.67,1400.34,14.62,21.58,551.11,2387.73,9031.31,1.3,47.36,519.25,2387.75,8121.87,8.416,0.03,390,2388,100.0,38.77,23.3393,494,456,Healthy,92.31,0
24,39,0.0007,-0.0001,100.0,518.67,642.63,1575.99,1397.38,14.62,21.58,550.96,2387.54,9034.14,1.3,47.1,519.43,2387.53,8119.68,8.4382,0.03,389,2388,100.0,39.02,23.3212,494,455,Healthy,92.11,0
24,40,0.0011,0.0002,100.0,518.67,642.08,1575.74,1395.67,14.62,21.58,551.12,2387.19,9035.12,1.3,47.37,519.55,2387.24,8123.86,8.4401,0.03,390,2388,100.0,38.93,23.3145,494,454,Healthy,91.9,0
24,41,0.0011,0.0004,100.0,518.67,642.27,1571.86,1398.43,14.62,21.59,551.49,2387.55,9042.13,1.3,47.17,519.01,2387.56,8119.18,8.425,0.03,390,2388,100.0,38.75,23.2697,494,453,Healthy,91.7,0
24,42,0.0039,-0.0001,100.0,518.67,641.74,1582.4,1392.51,14.62,21.59,552.48,2387.98,9048.33,1.3,46.87,520.35,2387.97,8129.95,8.3803,0.03,390,2388,100.0,38.97,23.3671,494,452,Healthy,91.5,0
24,43,-0.0016,0.0002,100.0,518.67,642.17,1575.79,1398.51,14.62,21.58,550.88,2387.72,9035.18,1.3,47.24,518.86,2387.76,8122.82,8.4551,0.03,390,2388,100.0,38.78,23.3009,494,451,Healthy,91.3,0
24,44,0.0007,-0.0004,100.0,518.67,641.76,1574.69,1406.15,14.62,21.58,551.15,2387.21,9029.99,1.3,47.31,518.73,2387.21,8125.68,8.3876,0.03,390,2388,100.0,38.89,23.2486,494,450,Healthy,91.09,0
24,45,-0.0003,0.0005,100.0,518.67,642.5,1583.84,1405.32,14.62,21.58,551.04,2387.57,9030.04,1.3,47.07,519.13,2387.62,8118.46,8.4496,0.03,391,2388,100.0,38.64,23.2526,494,449,Healthy,90.89,0
24,46,-0.0027,-0.0005,100.0,518.67,642.38,1577.92,1396.21,14.62,21.58,551.49,2387.31,9028.76,1.3,47.12,519.2,2387.37,8126.59,8.4338,0.03,390,2388,100.0,38.85,23.2998,494,448,Healthy,90.69,0
24,47,0.0014,-0.0002,100.0,518.67,641.6,1579.79,1399.92,14.62,21.58,551.03,2387.31,9039.66,1.3,47.25,519.46,2387.3,8121.04,8.4264,0.03,390,2388,100.0,38.73,23.4012,494,447,Healthy,90.49,0
24,48,-0.0024,0.0001,100.0,518.67,641.97,1583.37,1407.75,14.62,21.58,551.3,2387.5,9032.27,1.3,47.07,519.16,2387.54,8124.33,8.4307,0.03,392,2388,100.0,38.69,23.3102,494,446,Healthy,90.28,0
24,49,0.0014,-0.0001,100.0,518.67,641.96,1582.54,1400.62,14.62,21.58,551.41,2387.51,9038.74,1.3,47.07,519.25,2387.49,8123.24,8.4651,0.03,391,2388,100.0,38.69,23.325,494,445,Healthy,90.08,0
24,50,0.0023,0.0005,100.0,518.67,642.27,1579.25,1402.71,14.62,21.58,551.02,2387.42,9035.06,1.3,47.16,519.8,2387.45,8123.97,8.3964,0.03,391,2388,100.0,38.89,23.3034,494,444,Healthy,89.88,0
25,1,-0.0006,0.0004,100.0,518.67,642.24,1576.57,1400.36,14.62,21.61,554.66,2387.94,9076.32,1.3,47.16,522.3,2387.99,8150.29,8.3819,0.03,391,2388,100.0,38.8,23.4033,193,192,Healthy,99.48,0
25,2,-0.0015,-0.0004,100.0,518.67,641.94,1582.54,1389.58,14.62,21.61,555.09,2387.93,9069.69,1.3,47.25,522.3,2387.99,8144.38,8.3818,0.03,393,2388,100.0,39.1,23.3609,193,191,Healthy,98.96,0
25,3,0.0022,0.0001,100.0,518.67,642.1,1580.34,1394.66,14.62,21.61,555.08,2388.03,9065.61,1.3,47.14,523.05,2388.02,8147.71,8.4129,0.03,391,2388,100.0,39.02,23.2968,193,190,Healthy,98.45,0
25,4,0.0026,0.0003,100.0,518.67,641.81,1583.64,1396.08,14.62,21.61,554.26,2387.93,9065.87,1.3,47.31,522.37,2387.99,8147.44,8.3637,0.03,392,2388,100.0,38.96,23.3915,193,189,Healthy,97.93,0
25,5,0.0017,0.0004,100.0,518.67,641.94,1586.49,1394.73,14.62,21.61,554.4,2388.0,9065.79,1.3,47.17,522.57,2387.94,8147.64,8.4066,0.03,392,2388,100.0,39.28,23.4097,193,188,Healthy,97.41,0
25,6,0.0009,-0.0002,100.0,518.67,641.49,1588.89,1398.04,14.62,21.61,554.92,2388.0,9069.22,1.3,47.09,522.72,2387.94,8153.39,8.4222,0.03,391,2388,100.0,39.02,23.4346,193,187,Healthy,96.89,0
25,7,-0.0029,0.0002,100.0,518.67,642.69,1583.08,1384.08,14.62,21.61,554.72,2387.97,9071.23,1.3,47.34,522.22,2387.99,8147.78,8.3621,0.03,391,2388,100.0,38.98,23.449,193,186,Healthy,96.37,0
25,8,-0.0001,0.0,100.0,518.67,642.36,1581.99,1389.18,14.62,21.61,553.94,2387.99,9070.3,1.3,47.18,522.1,2388.02,8150.28,8.3971,0.03,391,2388,100.0,39.06,23.4652,193,185,Healthy,95.85,0
25,9,0.0041,-0.0003,100.0,518.67,642.07,1587.21,1402.17,14.62,21.6,554.23,2388.04,9070.1,1.3,47.21,522.11,2387.97,8154.13,8.36,0.03,391,2388,100.0,38.74,23.4903,193,184,Healthy,95.34,0
25,10,0.0004,-0.0002,100.0,518.67,642.02,1582.39,1394.58,14.62,21.61,553.78,2388.0,9073.58,1.3,47.03,522.47,2387.97,8150.11,8.4053,0.03,392,2388,100.0,39.09,23.5858,193,183,Healthy,94.82,0
25,11,-0.0019,-0.0002,100.0,518.67,641.66,1579.3,1394.95,14.62,21.61,554.72,2388.0,9063.31,1.3,47.25,522.3,2387.93,8154.14,8.3713,0.03,391,2388,100.0,38.99,23.4192,193,182,Healthy,94.3,0
25,12,0.0042,-0.0003,100.0,518.67,642.02,1581.42,1396.91,14.62,21.61,554.34,2388.03,9074.61,1.3,47.05,522.32,2387.95,8146.16,8.401,0.03,391,2388,100.0,39.08,23.4453,193,181,Healthy,93.78,0
25,13,0.001,0.0004,100.0,518.67,642.61,1583.0,1400.99,14.62,21.61,555.01,2388.03,9070.13,1.3,47.03,522.18,2387.92,8147.98,8.4007,0.03,391,2388,100.0,39.05,23.3087,193,180,Healthy,93.26,0
25,14,0.0001,-0.0003,100.0,518.67,642.45,1581.11,1393.21,14.62,21.61,554.19,2387.95,9072.24,1.3,47.13,522.42,2388.03,8151.72,8.4087,0.03,392,2388,100.0,39.06,23.4605,193,179,Healthy,92.75,0
25,15,0.0005,0.0005,100.0,518.67,642.04,1580.22,1396.03,14.62,21.61,554.35,2388.0,9071.64,1.3,47.27,522.23,2388.03,8149.54,8.3757,0.03,391,2388,100.0,39.04,23.5103,193,178,Healthy,92.23,0
25,16,-0.0002,0.0005,100.0,518.67,641.86,1585.54,1397.75,14.62,21.61,555.02,2388.02,9067.41,1.3,47.17,522.33,2388.0,8145.24,8.3991,0.03,391,2388,100.0,39.13,23.4732,193,177,Healthy,91.71,0
25,17,-0.0016,0.0005,100.0,518.67,642.55,1578.33,1399.4,14.62,21.61,554.81,2387.97,9076.98,1.3,47.35,522.54,2387.98,8149.55,8.3967,0.03,390,2388,100.0,39.02,23.3973,193,176,Healthy,91.19,0
25,18,-0.0001,0.0005,100.0,518.67,641.71,1586.48,1392.09,14.62,21.61,555.03,2387.94,9066.23,1.3,47.24,522.01,2388.02,8153.03,8.3564,0.03,391,2388,100.0,39.21,23.464,193,175,Healthy,90.67,0
25,19,0.0033,0.0004,100.0,518.67,642.45,1579.48,1402.43,14.62,21.61,554.15,2387.97,9067.4,1.3,47.2,522.75,2388.0,8154.89,8.397,0.03,392,2388,100.0,39.23,23.4432,193,174,Healthy,90.16,0
25,20,0.0002,-0.0003,100.0,518.67,642.03,1584.12,1393.96,14.62,21.61,554.68,2388.01,9068.32,1.3,47.29,521.71,2387.97,8147.75,8.3857,0.03,392,2388,100.0,39.0,23.5554,193,173,Healthy,89.64,0
25,21,0.0012,0.0002,100.0,518.67,642.45,1577.85,1396.84,14.62,21.61,554.69,2388.03,9072.02,1.3,46.95,522.61,2387.99,8153.99,8.4211,0.03,392,2388,100.0,38.96,23.3826,193,172,Healthy,89.12,0
25,22,0.0022,0.0002,100.0,518.67,642.28,1581.12,1398.64,14.62,21.61,555.07,2387.98,9064.57,1.3,47.23,522.14,2388.0,8146.67,8.4031,0.03,391,2388,100.0,39.22,23.425,193,171,Healthy,88.6,0
25,23,0.0036,0.0003,100.0,518.67,641.92,1584.18,1390.22,14.62,21.61,554.85,2388.02,9070.12,1.3,47.14,523.0,2387.97,8147.6,8.3891,0.03,391,2388,100.0,39.15,23.5315,193,170,Healthy,88.08,0
25,24,0.0006,0.0001,100.0,518.67,641.95,1580.69,1388.72,14.62,21.61,554.17,2388.02,9066.92,1.3,47.05,522.34,2388.0,8151.77,8.3745,0.03,391,2388,100.0,38.92,23.4965,193,169,Healthy,87.56,0
25,25,0.0014,0.0003,100.0,518.67,642.03,1582.5,1398.93,14.62,21.61,555.02,2388.05,9075.13,1.3,47.23,522.5,2388.01,8149.43,8.3874,0.03,392,2388,100.0,39.12,23.4506,193,168,Healthy,87.05,0
25,26,0.0003,0.0005,100.0,518.67,641.93,1590.52,1395.07,14.62,21.61,554.03,2388.05,9065.24,1.3,47.11,522.81,2388.0,8147.92,8.408,0.03,392,2388,100.0,38.92,23.3718,193,167,Healthy,86.53,0
25,27,0.0053,0.0003,100.0,518.67,641.43,1580.2,1392.44,14.62,21.6,554.41,2388.01,9068.86,1.3,47.17,522.75,2387.96,8148.53,8.407,0.03,391,2388,100.0,39.08,23.3904,193,166,Healthy,86.01,0
25,28,-0.0026,-0.0003,100.0,518.67,642.16,1582.72,1396.65,14.62,21.61,555.71,2387.99,9069.15,1.3,47.36,522.72,2388.01,8146.39,8.348,0.03,392,2388,100.0,39.09,23.3242,193,165,Healthy,85.49,0
25,29,-0.0017,0.0002,100.0,518.67,642.46,1588.45,1397.15,14.62,21.61,553.92,2388.01,9073.09,1.3,47.13,522.06,2387.94,8150.65,8.3968,0.03,391,2388,100.0,39.03,23.5791,193,164,Healthy,84.97,0
25,30,0.0038,-0.0004,100.0,518.67,641.9,1589.38,1404.28,14.62,21.61,554.23,2387.97,9067.67,1.3,47.09,522.43,2388.07,8146.79,8.417,0.03,391,2388,100.0,39.22,23.4504,193,163,Healthy,84.46,0
25,31,-0.0016,-0.0002,100.0,518.67,641.45,1577.63,1392.41,14.62,21.61,555.14,2387.97,9072.36,1.3,47.15,522.8,2387.91,8148.18,8.3789,0.03,391,2388,100.0,39.08,23.3921,193,162,Healthy,83.94,0
25,32,-0.0031,-0.0003,100.0,518.67,642.04,1583.45,1395.8,14.62,21.61,554.76,2387.96,9066.3,1.3,47.17,522.14,2388.0,8156.3,8.4133,0.03,393,2388,100.0,39.0,23.4215,193,161,Healthy,83.42,0
25,33,-0.0002,-0.0002,100.0,518.67,641.8,1580.76,1393.63,14.62,21.61,554.02,2388.0,9062.24,1.3,47.19,522.48,2387.97,8153.56,8.3654,0.03,391,2388,100.0,39.18,23.5487,193,160,Healthy,82.9,0
25,34,-0.001,0.0004,100.0,518.67,641.99,1580.63,1390.16,14.62,21.6,554.12,2387.99,9070.69,1.3,47.07,522.61,2387.99,8149.37,8.4129,0.03,389,2388,100.0,39.04,23.3376,193,159,Healthy,82.38,0
25,35,-0.0029,-0.0003,100.0,518.67,642.25,1583.07,1396.93,14.62,21.6,554.8,2387.97,9071.25,1.3,47.21,521.91,2388.02,8149.27,8.3872,0.03,391,2388,100.0,38.99,23.397,193,158,Healthy,81.87,0
25,36,-0.0003,0.0002,100.0,518.67,642.17,1596.79,1398.07,14.62,21.61,554.32,2387.98,9064.86,1.3,47.12,522.83,2387.95,8152.01,8.3829,0.03,392,2388,100.0,38.96,23.4552,193,157,Healthy,81.35,0
25,37,-0.0028,0.0002,100.0,518.67,641.97,1577.28,1397.59,14.62,21.61,554.69,2388.03,9069.2,1.3,47.23,522.16,2387.99,8158.8,8.3681,0.03,389,2388,100.0,39.15,23.4458,193,156,Healthy,80.83,0
25,38,0.002,-0.0004,100.0,518.67,642.31,1590.41,1392.12,14.62,21.61,554.44,2387.98,9067.11,1.3,47.06,522.2,2388.0,8152.89,8.3917,0.03,392,2388,100.0,39.1,23.4316,193,155,Healthy,80.31,0
25,39,0.0014,0.0003,100.0,518.67,642.5,1588.68,1391.34,14.62,21.61,554.35,2387.99,9069.83,1.3,47.11,522.64,2388.06,8151.47,8.4109,0.03,392,2388,100.0,38.97,23.376,193,154,Healthy,79.79,0
25,40,-0.0033,-0.0004,100.0,518.67,642.34,1587.69,1396.99,14.62,21.61,554.96,2388.0,9070.29,1.3,47.35,522.12,2387.97,8147.8,8.4234,0.03,392,2388,100.0,39.1,23.3923,193,153,Healthy,79.27,0
25,41,-0.0002,0.0,100.0,518.67,642.04,1582.08,1396.23,14.62,21.61,554.32,2388.05,9060.08,1.3,47.17,522.24,2388.03,8146.95,8.4106,0.03,393,2388,100.0,39.17,23.4644,193,152,Healthy,78.76,0
25,42,-0.001,-0.0003,100.0,518.67,642.05,1589.0,1398.32,14.62,21.61,553.64,2387.99,9065.63,1.3,47.02,522.46,2387.99,8157.85,8.4109,0.03,392,2388,100.0,39.22,23.4964,193,151,Healthy,78.24,0
25,43,-0.0015,-0.0002,100.0,518.67,642.04,1583.8,1398.69,14.62,21.61,554.85,2388.02,9066.36,1.3,47.0,522.53,2387.98,8151.05,8.4091,0.03,391,2388,100.0,39.0,23.5988,193,150,Healthy,77.72,0
25,44,0.0011,-0.0001,100.0,518.67,641.47,1589.83,1390.75,14.62,21.61,554.82,2387.93,9074.59,1.3,47.08,522.74,2388.03,8149.08,8.367,0.03,393,2388,100.0,39.01,23.4895,193,149,Healthy,77.2,0
25,45,-0.0001,-0.0002,100.0,518.67,642.58,1585.28,1397.89,14.62,21.61,554.69,2387.97,9075.64,1.3,47.01,522.59,2387.98,8148.93,8.4015,0.03,392,2388,100.0,39.13,23.4306,193,148,Healthy,76.68,0
25,46,-0.0019,-0.0,100.0,518.67,641.68,1581.52,1396.93,14.62,21.6,554.12,2387.98,9071.24,1.3,47.44,521.73,2388.05,8146.47,8.4015,0.03,392,2388,100.0,39.09,23.3678,193,147,Healthy,76.17,0
25,47,-0.0036,0.0,100.0,518.67,642.15,1586.4,1401.33,14.62,21.6,554.96,2387.93,9074.7,1.3,47.31,522.47,2387.98,8154.53,8.4211,0.03,391,2388,100.0,39.13,23.3042,193,146,Healthy,75.65,0
25,48,-0.0002,0.0004,100.0,518.67,641.72,1591.92,1397.36,14.62,21.61,555.42,2388.02,9072.39,1.3,47.11,522.75,2387.98,8153.21,8.44,0.03,392,2388,100.0,39.1,23.3935,193,145,Healthy,75.13,0
25,49,-0.0021,-0.0,100.0,518.67,642.02,1585.58,1394.04,14.62,21.61,553.58,2387.99,9069.32,1.3,47.19,522.19,2387.98,8145.38,8.4123,0.03,391,2388,100.0,39.08,23.5465,193,144,Healthy,74.61,0
25,50,0.0003,0.0003,100.0,518.67,642.0,1587.45,1397.58,14.62,21.6,554.53,2388.0,9070.99,1.3,47.22,522.31,2388.02,8151.09,8.4149,0.03,392,2388,100.0,39.1,23.2425,193,143,Healthy,74.09,0
26,1,-0.001,-0.0,100.0,518.67,641.82,1587.78,1405.42,14.62,21.61,554.3,2388.03,9052.19,1.3,47.08,522.81,2388.0,8135.78,8.3886,0.03,390,2388,100.0,38.89,23.4208,243,242,Healthy,99.59,0
26,2,-0.0,-0.0004,100.0,518.67,641.95,1581.8,1394.53,14.62,21.61,554.39,2388.06,9046.03,1.3,47.18,522.31,2388.02,8132.28,8.3879,0.03,392,2388,100.0,39.03,23.4116,243,241,Healthy,99.18,0
26,3,-0.0001,-0.0001,100.0,518.67,642.45,1576.69,1398.2,14.62,21.61,554.62,2388.02,9053.38,1.3,47.2,522.12,2388.0,8133.85,8.3576,0.03,392,2388,100.0,39.13,23.558,243,240,Healthy,98.77,0
26,4,-0.0015,-0.0004,100.0,518.67,642.02,1585.71,1400.76,14.62,21.61,554.76,2388.0,9054.73,1.3,47.19,522.44,2388.0,8125.22,8.4253,0.03,393,2388,100.0,39.11,23.4258,243,239,Healthy,98.35,0
26,5,0.0016,0.0003,100.0,518.67,642.34,1575.69,1402.03,14.62,21.61,554.84,2388.03,9047.86,1.3,47.1,522.58,2388.02,8131.63,8.4467,0.03,391,2388,100.0,39.04,23.3516,243,238,Healthy,97.94,0
26,6,-0.001,-0.0004,100.0,518.67,642.18,1583.69,1398.0,14.62,21.61,554.65,2388.02,9050.37,1.3,47.27,522.47,2387.99,8137.68,8.4051,0.03,390,2388,100.0,39.15,23.5022,243,237,Healthy,97.53,0
26,7,0.0012,-0.0002,100.0,518.67,642.19,1576.38,1398.31,14.62,21.61,554.65,2388.02,9054.46,1.3,47.21,522.93,2388.0,8135.61,8.4221,0.03,393,2388,100.0,38.83,23.5019,243,236,Healthy,97.12,0
26,8,-0.0002,-0.0001,100.0,518.67,642.04,1585.56,1397.56,14.62,21.61,554.19,2388.04,9054.32,1.3,47.22,522.55,2388.06,8131.96,8.3545,0.03,391,2388,100.0,39.09,23.4615,243,235,Healthy,96.71,0
26,9,-0.0034,0.0003,100.0,518.67,642.23,1579.79,1392.67,14.62,21.6,553.45,2388.02,9056.12,1.3,47.21,522.41,2388.05,8138.33,8.4127,0.03,392,2388,100.0,39.08,23.4145,243,234,Healthy,96.3,0
26,10,-0.0024,0.0005,100.0,518.67,642.37,1586.42,1395.67,14.62,21.61,554.41,2388.04,9054.05,1.3,47.23,522.47,2388.06,8136.12,8.3709,0.03,392,2388,100.0,39.03,23.3494,243,233,Healthy,95.88,0
26,11,0.003,-0.0002,100.0,518.67,642.01,1588.45,1397.98,14.62,21.61,554.24,2388.05,9046.67,1.3,47.26,522.26,2387.97,8133.77,8.4319,0.03,391,2388,100.0,39.03,23.3555,243,232,Healthy,95.47,0
26,12,-0.005,-0.0002,100.0,518.67,642.3,1585.16,1396.48,14.62,21.61,554.1,2388.06,9049.8,1.3,47.3,522.23,2387.95,8134.39,8.4064,0.03,393,2388,100.0,39.03,23.3466,243,231,Healthy,95.06,0
26,13,0.0028,0.0006,100.0,518.67,642.29,1583.0,1401.47,14.62,21.61,554.8,2388.02,9047.74,1.3,47.24,522.9,2388.03,8138.61,8.3743,0.03,393,2388,100.0,39.0,23.465,243,230,Healthy,94.65,0
26,14,0.0006,0.0002,100.0,518.67,642.22,1587.32,1393.08,14.62,21.61,554.05,2388.07,9049.75,1.3,47.28,522.23,2388.05,8140.95,8.4031,0.03,393,2388,100.0,38.93,23.3211,243,229,Healthy,94.24,0
26,15,0.0001,0.0001,100.0,518.67,642.09,1583.3,1395.26,14.62,21.61,554.98,2388.08,9052.49,1.3,47.11,522.3,2388.02,8130.14,8.3987,0.03,392,2388,100.0,39.16,23.3408,243,228,Healthy,93.83,0
26,16,0.0001,0.0,100.0,518.67,642.3,1582.63,1392.51,14.62,21.61,554.57,2387.99,9048.51,1.3,47.24,522.43,2388.05,8138.07,8.3859,0.03,392,2388,100.0,39.12,23.4386,243,227,Healthy,93.42,0
26,17,-0.0019,-0.0002,100.0,518.67,642.03,1585.38,1397.21,14.62,21.61,555.0,2388.0,9048.28,1.3,47.17,521.95,2388.06,8132.92,8.4146,0.03,391,2388,100.0,39.22,23.4692,243,226,Healthy,93.0,0
26,18,-0.0028,0.0001,100.0,518.67,642.32,1586.52,1395.42,14.62,21.61,554.17,2388.08,9050.94,1.3,47.21,522.07,2388.03,8134.44,8.3679,0.03,391,2388,100.0,39.01,23.3806,243,225,Healthy,92.59,0
26,19,-0.0018,0.0001,100.0,518.67,642.02,1581.11,1402.09,14.62,21.61,553.82,2388.07,9049.95,1.3,47.38,522.3,2388.04,8142.9,8.406,0.03,391,2388,100.0,39.02,23.4257,243,224,Healthy,92.18,0
26,20,0.0008,-0.0002,100.0,518.67,641.71,1585.36,1402.46,14.62,21.61,554.66,2388.01,9055.61,1.3,47.06,521.99,2388.03,8134.57,8.3999,0.03,391,2388,100.0,39.08,23.4393,243,223,Healthy,91.77,0
26,21,-0.0029,0.0002,100.0,518.67,642.54,1584.14,1394.45,14.62,21.61,554.57,2387.97,9060.57,1.3,47.04,522.35,2388.0,8138.85,8.4027,0.03,391,2388,100.0,38.93,23.3415,243,222,Healthy,91.36,0
26,22,0.0039,-0.0004,100.0,518.67,642.34,1588.33,1392.76,14.62,21.61,554.18,2387.97,9042.54,1.3,47.25,522.3,2387.99,8130.43,8.3708,0.03,394,2388,100.0,39.17,23.3119,243,221,Healthy,90.95,0
26,23,0.0004,0.0002,100.0,518.67,642.44,1588.83,1403.57,14.62,21.61,554.57,2387.98,9050.65,1.3,47.06,522.36,2388.06,8134.77,8.3622,0.03,391,2388,100.0,38.92,23.4703,243,220,Healthy,90.53,0
26,24,-0.002,-0.0004,100.0,518.67,642.14,1586.62,1397.04,14.62,21.6,554.6,2388.05,9049.16,1.3,47.19,521.9,2388.04,8139.63,8.4025,0.03,392,2388,100.0,39.08,23.3679,243,219,Healthy,90.12,0
26,25,-0.0008,-0.0004,100.0,518.67,642.11,1585.27,1394.47,14.62,21.61,554.19,2388.05,9050.22,1.3,47.12,522.37,2388.0,8138.72,8.3892,0.03,392,2388,100.0,39.05,23.3666,243,218,Healthy,89.71,0
26,26,0.0025,0.0001,100.0,518.67,642.5,1587.52,1405.58,14.62,21.61,554.44,2388.02,9049.22,1.3,47.17,522.15,2388.05,8139.16,8.4279,0.03,393,2388,100.0,39.1,23.3823,243,217,Healthy,89.3,0
26,27,0.0015,-0.0001,100.0,518.67,642.67,1583.69,1401.76,14.62,21.61,553.64,2388.0,9056.83,1.3,47.34,522.2,2388.04,8134.49,8.4343,0.03,393,2388,100.0,39.09,23.3798,243,216,Healthy,88.89,0
26,28,0.0018,-0.0001,100.0,518.67,642.06,1588.5,1396.61,14.62,21.61,553.93,2388.04,9044.34,1.3,47.23,522.16,2387.99,8137.92,8.3812,0.03,391,2388,100.0,38.99,23.4195,243,215,Healthy,88.48,0
26,29,0.0029,-0.0003,100.0,518.67,642.14,1586.44,1397.2,14.62,21.61,554.04,2388.03,9052.01,1.3,47.17,522.19,2388.04,8135.94,8.3801,0.03,392,2388,100.0,39.01,23.3699,243,214,Healthy,88.07,0
26,30,-0.0008,-0.0,100.0,518.67,642.55,1582.02,1400.14,14.62,21.61,553.93,2388.0,9058.33,1.3,47.18,522.2,2388.05,8137.41,8.3952,0.03,391,2388,100.0,38.95,23.374,243,213,Healthy,87.65,0
26,31,0.0045,-0.0003,100.0,518.67,642.39,1592.31,1396.85,14.62,21.61,554.14,2388.0,9055.25,1.3,47.02,521.59,2388.05,8135.98,8.3779,0.03,392,2388,100.0,39.1,23.3289,243,212,Healthy,87.24,0
26,32,0.0053,0.0003,100.0,518.67,642.18,1587.0,1401.7,14.62,21.61,554.38,2388.06,9056.56,1.3,47.33,522.15,2387.99,8135.2,8.3717,0.03,392,2388,100.0,39.02,23.4931,243,211,Healthy,86.83,0
26,33,0.0019,0.0002,100.0,518.67,642.0,1582.53,1400.7,14.62,21.61,554.63,2388.02,9050.28,1.3,47.12,521.91,2388.04,8136.62,8.3773,0.03,392,2388,100.0,38.99,23.4951,243,210,Healthy,86.42,0
26,34,0.0027,0.0004,100.0,518.67,641.97,1580.8,1400.33,14.62,21.61,554.57,2387.97,9053.11,1.3,47.27,522.43,2387.97,8138.9,8.4017,0.03,391,2388,100.0,39.06,23.3867,243,209,Healthy,86.01,0
26,35,-0.0047,0.0001,100.0,518.67,641.46,1586.62,1398.95,14.62,21.61,554.4,2388.0,9054.63,1.3,47.25,522.38,2388.01,8143.18,8.4075,0.03,391,2388,100.0,38.92,23.4534,243,208,Healthy,85.6,0
26,36,-0.0007,0.0003,100.0,518.67,642.65,1591.16,1396.98,14.62,21.61,554.11,2388.03,9046.38,1.3,47.37,521.85,2388.04,8133.44,8.4136,0.03,390,2388,100.0,39.1,23.4565,243,207,Healthy,85.19,0
26,37,-0.006,0.0002,100.0,518.67,642.23,1588.75,1392.23,14.62,21.61,554.61,2388.06,9046.6,1.3,47.34,522.72,2388.01,8134.07,8.3932,0.03,393,2388,100.0,39.17,23.2964,243,206,Healthy,84.77,0
26,38,0.0007,-0.0004,100.0,518.67,642.34,1581.73,1400.3,14.62,21.61,554.67,2388.07,9054.7,1.3,47.19,522.92,2388.05,8129.6,8.4062,0.03,393,2388,100.0,38.93,23.3321,243,205,Healthy,84.36,0
26,39,0.0026,0.0002,100.0,518.67,641.87,1592.14,1404.77,14.62,21.61,554.55,2388.01,9060.38,1.3,47.22,521.73,2387.99,8141.0,8.4326,0.03,390,2388,100.0,39.08,23.3385,243,204,Healthy,83.95,0
26,40,-0.0006,-0.0,100.0,518.67,642.37,1591.29,1404.82,14.62,21.61,554.59,2388.07,9049.87,1.3,47.33,521.92,2388.05,8133.66,8.3872,0.03,391,2388,100.0,38.93,23.4195,243,203,Healthy,83.54,0
26,41,-0.0001,-0.0003,100.0,518.67,642.12,1575.78,1399.53,14.62,21.61,554.99,2388.02,9055.42,1.3,47.44,521.94,2388.03,8139.7,8.426,0.03,390,2388,100.0,39.08,23.4382,243,202,Healthy,83.13,0
26,42,0.0013,0.0002,100.0,518.67,642.49,1586.69,1403.55,14.62,21.61,554.2,2388.07,9049.56,1.3,47.28,522.36,2388.03,8133.98,8.3552,0.03,390,2388,100.0,39.03,23.4269,243,201,Healthy,82.72,0
26,43,0.0002,-0.0004,100.0,518.67,641.71,1583.76,1393.95,14.62,21.6,555.29,2388.04,9047.74,1.3,47.25,522.25,2388.0,8136.15,8.3743,0.03,389,2388,100.0,38.94,23.4412,243,200,Healthy,82.3,0
26,44,0.0004,-0.0002,100.0,518.67,642.46,1582.09,1387.34,14.62,21.61,554.75,2388.08,9049.48,1.3,47.13,522.25,2388.04,8136.16,8.3868,0.03,392,2388,100.0,38.99,23.2835,243,199,Healthy,81.89,0
26,45,0.0017,0.0005,100.0,518.67,642.54,1583.72,1402.87,14.62,21.61,554.35,2388.01,9047.06,1.3,47.13,522.31,2388.04,8136.6,8.4205,0.03,392,2388,100.0,39.09,23.4211,243,198,Healthy,81.48,0
26,46,0.0007,-0.0001,100.0,518.67,642.31,1588.74,1401.96,14.62,21.61,554.59,2388.03,9058.04,1.3,47.1,521.41,2388.04,8140.01,8.3835,0.03,392,2388,100.0,39.03,23.3657,243,197,Healthy,81.07,0
26,47,-0.0022,0.0005,100.0,518.67,642.27,1585.81,1400.35,14.62,21.61,554.48,2388.03,9055.41,1.3,47.2,522.08,2388.05,8142.23,8.4377,0.03,393,2388,100.0,39.16,23.3198,243,196,Healthy,80.66,0
26,48,0.0006,0.0,100.0,518.67,642.29,1571.84,1397.63,14.62,21.61,554.61,2388.0,9055.84,1.3,47.19,522.1,2388.03,8142.45,8.3979,0.03,392,2388,100.0,38.91,23.2842,243,195,Healthy,80.25,0
26,49,-0.0023,0.0003,100.0,518.67,642.33,1584.88,1397.42,14.62,21.61,554.4,2388.03,9058.72,1.3,47.21,522.09,2387.99,8134.36,8.4281,0.03,391,2388,100.0,39.05,23.3974,243,194,Healthy,79.84,0
26,50,-0.0,-0.0001,100.0,518.67,642.18,1589.75,1404.92,14.62,21.61,553.88,2388.03,9054.75,1.3,47.3,521.95,2388.04,8136.34,8.4031,0.03,392,2388,100.0,38.86,23.4901,243,193,Healthy,79.42,0
27,1,0.001,-0.0001,100.0,518.67,641.76,1574.39,1385.86,14.62,21.57,551.6,2388.01,9035.28,1.3,46.97,518.69,2388.03,8120.98,8.4208,0.03,391,2388,100.0,38.93,23.3105,320,319,Healthy,99.69,0
27,2,-0.002,0.0004,100.0,518.67,641.35,1572.61,1385.07,14.62,21.57,550.45,2387.83,9032.71,1.3,47.17,518.82,2387.86,8122.51,8.3802,0.03,390,2388,100.0,39.06,23.3641,320,318,Healthy,99.38,0
27,3,-0.0009,0.0005,100.0,518.67,642.1,1583.44,1390.53,14.62,21.57,550.82,2388.03,9035.0,1.3,47.08,518.77,2387.96,8123.13,8.4092,0.03,392,2388,100.0,38.99,23.2986,320,317,Healthy,99.06,0
27,4,0.0063,0.0004,100.0,518.67,641.9,1578.05,1385.24,14.62,21.57,550.96,2387.87,9039.5,1.3,46.9,519.36,2387.9,8122.73,8.4366,0.03,390,2388,100.0,39.04,23.2581,320,316,Healthy,98.75,0
27,5,-0.0039,-0.0001,100.0,518.67,642.23,1582.95,1390.01,14.62,21.57,551.2,2387.95,9035.51,1.3,47.0,518.5,2388.0,8117.52,8.3823,0.03,391,2388,100.0,38.85,23.2985,320,315,Healthy,98.44,0
27,6,-0.0025,-0.0,100.0,518.67,641.76,1585.39,1388.15,14.62,21.57,551.75,2387.83,9031.54,1.29,47.29,518.77,2387.81,8116.14,8.4523,0.03,391,2388,100.0,38.86,23.3363,320,314,Healthy,98.12,0
27,7,-0.0013,-0.0004,100.0,518.67,641.88,1580.1,1385.06,14.62,21.57,550.84,2387.89,9040.0,1.3,47.02,519.07,2387.89,8124.17,8.417,0.03,389,2388,100.0,39.13,23.3752,320,313,Healthy,97.81,0
27,8,-0.0036,0.0005,100.0,518.67,642.25,1579.54,1394.28,14.62,21.57,551.76,2387.76,9042.68,1.3,47.21,518.94,2387.78,8127.0,8.4113,0.03,388,2388,100.0,38.96,23.4378,320,312,Healthy,97.5,0
27,9,0.0027,-0.0001,100.0,518.67,641.69,1574.8,1394.85,14.62,21.57,550.74,2388.02,9042.98,1.3,46.9,518.71,2388.04,8125.36,8.4082,0.03,389,2388,100.0,38.79,23.5023,320,311,Healthy,97.19,0
27,10,-0.0002,0.0002,100.0,518.67,641.48,1580.83,1394.79,14.62,21.57,550.36,2388.02,9038.82,1.3,46.87,519.1,2387.97,8116.25,8.3953,0.03,389,2388,100.0,38.85,23.2522,320,310,Healthy,96.88,0
27,11,0.003,-0.0003,100.0,518.67,642.53,1585.94,1392.18,14.62,21.57,550.45,2387.99,9037.72,1.3,46.96,519.16,2388.04,8121.72,8.425,0.03,390,2388,100.0,39.03,23.2239,320,309,Healthy,96.56,0
27,12,-0.0027,-0.0003,100.0,518.67,641.67,1583.99,1393.1,14.62,21.57,552.1,2387.88,9031.47,1.3,46.94,518.92,2387.95,8122.82,8.3992,0.03,389,2388,100.0,38.9,23.3007,320,308,Healthy,96.25,0
27,13,-0.0002,-0.0002,100.0,518.67,641.75,1583.75,1392.1,14.62,21.57,551.27,2387.98,9044.35,1.3,46.78,519.61,2388.0,8125.34,8.4049,0.03,389,2388,100.0,38.87,23.308,320,307,Healthy,95.94,0
27,14,0.0023,0.0002,100.0,518.67,642.07,1578.63,1387.51,14.62,21.57,551.53,2387.95,9042.45,1.3,46.98,518.5,2388.03,8123.22,8.417,0.03,392,2388,100.0,38.92,23.3626,320,306,Healthy,95.62,0
27,15,-0.0022,-0.0003,100.0,518.67,641.43,1575.81,1394.68,14.62,21.57,550.84,2387.92,9043.63,1.3,47.03,518.98,2387.99,8127.77,8.4163,0.03,391,2388,100.0,38.65,23.2999,320,305,Healthy,95.31,0
27,16,0.0001,0.0001,100.0,518.67,641.68,1579.03,1385.34,14.62,21.57,550.72,2387.9,9035.64,1.3,46.95,519.18,2387.84,8123.49,8.4192,0.03,391,2388,100.0,38.79,23.4061,320,304,Healthy,95.0,0
27,17,0.0023,-0.0,100.0,518.67,642.01,1573.16,1384.1,14.62,21.57,551.21,2387.91,9042.45,1.3,46.9,519.22,2387.96,8122.71,8.4029,0.03,391,2388,100.0,39.03,23.3625,320,303,Healthy,94.69,0
27,18,0.0022,-0.0001,100.0,518.67,641.68,1576.4,1393.36,14.62,21.57,550.57,2387.94,9035.5,1.3,47.11,517.78,2387.95,8120.4,8.4577,0.03,388,2388,100.0,38.83,23.2253,320,302,Healthy,94.38,0
27,19,0.0034,0.0002,100.0,518.67,641.8,1580.21,1390.04,14.62,21.57,550.56,2387.81,9038.43,1.3,47.19,518.58,2387.82,8123.8,8.4264,0.03,390,2388,100.0,38.91,23.3481,320,301,Healthy,94.06,0
27,20,-0.0055,0.0003,100.0,518.67,641.64,1579.64,1393.89,14.62,21.57,551.13,2387.94,9036.62,1.3,47.05,519.01,2387.86,8123.81,8.4451,0.03,390,2388,100.0,38.73,23.3412,320,300,Healthy,93.75,0
27,21,0.0025,-0.0001,100.0,518.67,641.94,1579.36,1391.29,14.62,21.57,551.22,2388.01,9038.48,1.3,47.0,519.15,2388.03,8132.58,8.4098,0.03,390,2388,100.0,38.86,23.2917,320,299,Healthy,93.44,0
27,22,-0.0005,0.0002,100.0,518.67,641.42,1580.55,1399.51,14.62,21.57,550.67,2387.76,9043.17,1.3,47.03,519.44,2387.76,8123.64,8.3915,0.03,391,2388,100.0,38.78,23.291,320,298,Healthy,93.12,0
27,23,0.0013,-0.0003,100.0,518.67,641.88,1577.81,1392.88,14.62,21.57,551.39,2388.01,9032.56,1.29,47.03,518.78,2388.03,8130.16,8.4238,0.03,390,2388,100.0,38.8,23.3111,320,297,Healthy,92.81,0
27,24,-0.0025,0.0001,100.0,518.67,641.7,1578.41,1401.11,14.62,21.57,551.27,2387.83,9038.19,1.3,47.04,519.24,2387.81,8121.9,8.4484,0.03,391,2388,100.0,38.87,23.2742,320,296,Healthy,92.5,0
27,25,0.0008,0.0005,100.0,518.67,641.76,1582.12,1386.9,14.62,21.57,551.41,2387.88,9040.66,1.3,46.86,518.65,2387.88,8129.2,8.4247,0.03,389,2388,100.0,38.82,23.3751,320,295,Healthy,92.19,0
27,26,-0.0005,0.0001,100.0,518.67,641.56,1584.68,1389.13,14.62,21.57,550.77,2388.02,9041.93,1.3,46.86,518.92,2388.01,8129.12,8.4095,0.03,391,2388,100.0,39.06,23.3324,320,294,Healthy,91.88,0
27,27,0.0039,0.0005,100.0,518.67,641.6,1582.78,1391.19,14.62,21.57,551.21,2388.01,9037.13,1.3,47.11,518.91,2388.06,8128.81,8.4307,0.03,390,2388,100.0,38.84,23.3971,320,293,Healthy,91.56,0
27,28,0.0004,-0.0002,100.0,518.67,642.1,1582.74,1396.68,14.62,21.57,550.51,2387.84,9042.74,1.3,47.17,519.46,2387.79,8119.11,8.433,0.03,390,2388,100.0,38.89,23.2999,320,292,Healthy,91.25,0
27,29,-0.0028,0.0001,100.0,518.67,641.69,1583.82,1397.44,14.62,21.57,550.97,2388.08,9039.45,1.3,46.78,519.29,2387.99,8131.38,8.4173,0.03,390,2388,100.0,38.88,23.2785,320,291,Healthy,90.94,0
27,30,0.0018,-0.0003,100.0,518.67,641.14,1581.28,1398.59,14.62,21.57,551.13,2387.79,9034.32,1.3,46.95,519.67,2387.82,8121.76,8.4296,0.03,390,2388,100.0,38.63,23.1734,320,290,Healthy,90.62,0
27,31,-0.0036,0.0003,100.0,518.67,641.97,1577.83,1387.86,14.62,21.57,551.13,2387.88,9038.52,1.3,46.84,518.75,2387.85,8123.88,8.4011,0.03,390,2388,100.0,38.63,23.2982,320,289,Healthy,90.31,0
27,32,0.003,-0.0004,100.0,518.67,641.92,1571.83,1395.76,14.62,21.57,551.03,2387.88,9038.33,1.29,46.95,519.4,2387.84,8122.8,8.4213,0.03,390,2388,100.0,38.73,23.2392,320,288,Healthy,90.0,0
27,33,-0.0013,0.0003,100.0,518.67,641.75,1578.09,1399.43,14.62,21.57,551.36,2387.77,9041.3,1.3,47.05,519.34,2387.78,8123.64,8.3783,0.03,391,2388,100.0,38.83,23.2739,320,287,Healthy,89.69,0
27,34,-0.0008,0.0001,100.0,518.67,641.77,1572.45,1387.96,14.62,21.57,551.0,2387.91,9041.12,1.3,46.93,519.5,2387.91,8122.7,8.4193,0.03,389,2388,100.0,38.99,23.3056,320,286,Healthy,89.38,0
27,35,0.0005,-0.0004,100.0,518.67,641.62,1578.57,1389.87,14.62,21.57,550.78,2387.8,9040.66,1.3,47.06,519.51,2387.85,8125.27,8.3914,0.03,390,2388,100.0,38.7,23.2953,320,285,Healthy,89.06,0
27,36,0.001,-0.0003,100.0,518.67,641.77,1578.25,1395.57,14.62,21.57,551.41,2387.88,9029.19,1.3,46.85,519.16,2387.9,8123.99,8.4388,0.03,390,2388,100.0,39.0,23.2792,320,284,Healthy,88.75,0
27,37,0.0011,-0.0005,100.0,518.67,641.18,1580.45,1396.32,14.62,21.57,551.04,2387.99,9042.3,1.3,46.95,518.81,2387.99,8128.84,8.4011,0.03,390,2388,100.0,39.09,23.3438,320,283,Healthy,88.44,0
27,38,0.0025,-0.0002,100.0,518.67,641.42,1580.93,1380.46,14.62,21.57,550.48,2388.08,9038.04,1.3,46.86,519.04,2387.97,8128.87,8.3949,0.03,389,2388,100.0,38.94,23.4078,320,282,Healthy,88.12,0
27,39,-0.0009,0.0003,100.0,518.67,641.33,1582.31,1391.16,14.62,21.56,549.92,2387.97,9035.65,1.3,46.81,518.37,2387.98,8124.47,8.4115,0.03,389,2388,100.0,39.07,23.3491,320,281,Healthy,87.81,0
27,40,0.0013,-0.0005,100.0,518.67,641.54,1573.45,1391.94,14.62,21.57,551.08,2387.87,9043.83,1.3,46.95,519.35,2387.85,8126.36,8.4363,0.03,391,2388,100.0,39.08,23.2917,320,280,Healthy,87.5,0
27,41,0.0013,0.0004,100.0,518.67,641.8,1578.86,1386.33,14.62,21.57,550.78,2387.75,9032.52,1.3,47.09,518.98,2387.7,8118.12,8.4155,0.03,390,2388,100.0,38.74,23.3388,320,279,Healthy,87.19,0
27,42,0.0024,-0.0,100.0,518.67,641.43,1579.97,1387.76,14.62,21.57,551.5,2387.82,9035.87,1.3,47.07,519.54,2387.84,8119.48,8.4,0.03,389,2388,100.0,38.96,23.3892,320,278,Healthy,86.88,0
27,43,-0.0003,-0.0004,100.0,518.67,642.09,1574.13,1395.32,14.62,21.57,550.65,2387.91,9037.04,1.3,47.0,518.01,2387.9,8118.86,8.3822,0.03,390,2388,100.0,38.61,23.3531,320,277,Healthy,86.56,0
27,44,-0.0033,0.0005,100.0,518.67,641.58,1581.4,1386.42,14.62,21.57,550.9,2387.92,9037.89,1.3,46.96,519.33,2387.94,8125.49,8.3811,0.03,391,2388,100.0,38.98,23.3028,320,276,Healthy,86.25,0
27,45,0.002,-0.0004,100.0,518.67,641.83,1585.15,1394.17,14.62,21.57,551.1,2387.88,9042.8,1.3,46.88,519.27,2387.89,8124.27,8.4139,0.03,392,2388,100.0,38.92,23.2467,320,275,Healthy,85.94,0
27,46,0.0016,-0.0003,100.0,518.67,641.8,1574.96,1391.82,14.62,21.57,551.11,2387.94,9036.78,1.3,46.91,518.89,2387.94,8133.12,8.4217,0.03,390,2388,100.0,38.94,23.3351,320,274,Healthy,85.62,0
27,47,-0.0004,-0.0004,100.0,518.67,642.08,1580.93,1391.64,14.62,21.57,550.74,2387.72,9039.37,1.3,47.03,519.59,2387.76,8119.08,8.4233,0.03,390,2388,100.0,38.86,23.3291,320,273,Healthy,85.31,0
27,48,0.0018,-0.0003,100.0,518.67,642.17,1574.62,1392.38,14.62,21.56,550.73,2387.95,9039.25,1.3,46.86,518.79,2387.94,8126.25,8.3842,0.03,390,2388,100.0,38.85,23.3402,320,272,Healthy,85.0,0
27,49,0.0002,0.0003,100.0,518.67,641.96,1577.51,1389.79,14.62,21.57,550.97,2387.84,9041.27,1.3,47.14,519.01,2387.88,8131.84,8.4107,0.03,389,2388,100.0,38.94,23.3347,320,271,Healthy,84.69,0
27,50,0.0004,0.0,100.0,518.67,641.93,1581.32,1394.78,14.62,21.57,550.96,2387.85,9035.21,1.3,46.96,518.48,2387.86,8123.84,8.4076,0.03,390,2388,100.0,38.81,23.2287,320,270,Healthy,84.38,0
28,1,0.0011,-0.0005,100.0,518.67,641.68,1583.42,1400.12,14.62,21.61,554.34,2388.03,9068.23,1.3,47.5,522.42,2388.02,8144.41,8.3839,0.03,392,2388,100.0,38.92,23.4233,200,199,Healthy,99.5,0
28,2,-0.0001,-0.0003,100.0,518.67,642.44,1586.09,1398.13,14.62,21.61,553.78,2388.06,9069.07,1.3,47.34,521.61,2388.03,8148.12,8.4456,0.03,392,2388,100.0,38.91,23.307,200,198,Healthy,99.0,0
28,3,-0.0015,0.0003,100.0,518.67,641.95,1590.34,1398.64,14.62,21.61,554.72,2388.0,9066.4,1.3,47.19,522.36,2388.02,8144.37,8.4285,0.03,393,2388,100.0,39.02,23.4584,200,197,Healthy,98.5,0
28,4,-0.0022,0.0001,100.0,518.67,642.54,1587.52,1396.58,14.62,21.61,553.64,2388.05,9059.79,1.3,47.52,522.3,2388.06,8137.96,8.4226,0.03,391,2388,100.0,38.9,23.3523,200,196,Healthy,98.0,0
28,5,-0.0064,-0.0001,100.0,518.67,641.98,1587.03,1400.98,14.62,21.61,553.71,2388.05,9067.6,1.3,47.3,521.76,2388.05,8142.08,8.4673,0.03,392,2388,100.0,39.13,23.4429,200,195,Healthy,97.5,0
28,6,0.0002,0.0005,100.0,518.67,642.4,1579.74,1400.36,14.62,21.61,554.71,2388.09,9055.85,1.3,47.44,521.75,2388.04,8146.19,8.4215,0.03,393,2388,100.0,38.98,23.3571,200,194,Healthy,97.0,0
28,7,-0.0,-0.0001,100.0,518.67,641.76,1583.91,1397.49,14.62,21.61,553.94,2388.06,9069.95,1.3,47.26,521.72,2388.04,8141.88,8.4242,0.03,393,2388,100.0,38.82,23.3116,200,193,Healthy,96.5,0
28,8,-0.0017,0.0003,100.0,518.67,641.92,1584.7,1404.18,14.62,21.61,554.04,2388.06,9060.12,1.3,47.48,521.92,2388.04,8144.84,8.4424,0.03,393,2388,100.0,39.07,23.4067,200,192,Healthy,96.0,0
28,9,-0.0003,0.0005,100.0,518.67,642.83,1589.6,1403.85,14.62,21.61,555.09,2388.03,9067.07,1.3,47.35,521.72,2388.05,8146.88,8.3926,0.03,391,2388,100.0,39.04,23.2564,200,191,Healthy,95.5,0
28,10,-0.0043,-0.0005,100.0,518.67,642.64,1589.25,1404.03,14.62,21.61,553.87,2388.08,9057.02,1.3,47.45,522.32,2388.09,8136.13,8.4245,0.03,392,2388,100.0,38.84,23.3951,200,190,Healthy,95.0,0
28,11,0.0011,-0.0002,100.0,518.67,642.5,1580.24,1399.47,14.62,21.61,553.95,2388.05,9058.92,1.3,47.38,521.91,2388.06,8145.18,8.4221,0.03,391,2388,100.0,39.1,23.4408,200,189,Healthy,94.5,0
28,12,-0.0002,-0.0003,100.0,518.67,641.88,1584.72,1406.79,14.62,21.61,553.95,2388.06,9067.16,1.3,47.17,521.34,2388.03,8146.81,8.4395,0.03,392,2388,100.0,38.96,23.3187,200,188,Healthy,94.0,0
28,13,0.0006,0.0004,100.0,518.67,642.45,1587.17,1403.39,14.62,21.61,554.41,2388.03,9055.71,1.3,47.29,521.61,2388.03,8151.08,8.4074,0.03,393,2388,100.0,38.88,23.378,200,187,Healthy,93.5,0
28,14,-0.0017,0.0,100.0,518.67,642.42,1590.6,1405.76,14.62,21.6,554.07,2388.07,9062.06,1.3,47.33,522.31,2388.04,8142.42,8.4513,0.03,391,2388,100.0,38.88,23.3789,200,186,Healthy,93.0,0
28,15,0.001,-0.0,100.0,518.67,642.46,1584.17,1402.75,14.62,21.61,553.9,2388.05,9064.67,1.3,47.25,522.25,2388.02,8153.89,8.4317,0.03,393,2388,100.0,38.89,23.3569,200,185,Healthy,92.5,0
28,16,-0.0036,-0.0002,100.0,518.67,642.88,1591.97,1406.93,14.62,21.6,553.75,2388.0,9066.96,1.3,47.31,522.19,2388.04,8142.26,8.4026,0.03,392,2388,100.0,39.03,23.3817,200,184,Healthy,92.0,0
28,17,-0.0036,0.0001,100.0,518.67,642.04,1592.89,1403.18,14.62,21.61,554.2,2388.02,9064.97,1.3,47.47,522.61,2388.07,8141.41,8.4408,0.03,392,2388,100.0,38.81,23.3442,200,183,Healthy,91.5,0
28,18,-0.0007,0.0001,100.0,518.67,642.42,1584.93,1406.36,14.62,21.61,554.01,2388.0,9059.62,1.3,47.24,521.65,2388.08,8145.56,8.4484,0.03,393,2388,100.0,38.97,23.4535,200,182,Healthy,91.0,0
28,19,0.0015,0.0,100.0,518.67,642.11,1589.01,1400.42,14.62,21.61,554.11,2388.05,9069.23,1.3,47.4,522.15,2388.03,8140.25,8.4116,0.03,391,2388,100.0,38.96,23.2456,200,181,Healthy,90.5,0
28,20,0.002,0.0001,100.0,518.67,642.66,1589.01,1399.96,14.62,21.61,554.12,2388.04,9073.2,1.3,47.16,522.08,2388.05,8148.37,8.4203,0.03,393,2388,100.0,39.02,23.332,200,180,Healthy,90.0,0
28,21,0.0015,0.0005,100.0,518.67,641.95,1592.69,1403.89,14.62,21.61,553.58,2388.0,9067.05,1.3,47.29,522.07,2388.0,8146.04,8.408,0.03,393,2388,100.0,38.98,23.4409,200,179,Healthy,89.5,0
28,22,0.0048,-0.0004,100.0,518.67,642.58,1591.3,1398.88,14.62,21.61,554.36,2388.1,9065.28,1.3,47.38,521.89,2388.0,8143.36,8.3768,0.03,391,2388,100.0,38.97,23.3026,200,178,Healthy,89.0,0
28,23,-0.0006,-0.0005,100.0,518.67,642.14,1589.13,1402.68,14.62,21.61,553.63,2388.04,9064.62,1.3,47.33,521.91,2388.02,8150.38,8.4192,0.03,393,2388,100.0,38.91,23.2143,200,177,Healthy,88.5,0
28,24,-0.0034,0.0004,100.0,518.67,642.46,1583.67,1401.1,14.62,21.61,554.07,2388.02,9056.71,1.3,47.27,522.22,2388.02,8139.85,8.3797,0.03,392,2388,100.0,38.98,23.3411,200,176,Healthy,88.0,0
28,25,-0.0004,-0.0004,100.0,518.67,642.75,1583.05,1394.91,14.62,21.61,553.47,2388.03,9067.5,1.3,47.42,522.18,2388.05,8143.93,8.4595,0.03,393,2388,100.0,39.1,23.39,200,175,Healthy,87.5,0
28,26,0.0044,-0.0005,100.0,518.67,642.21,1586.99,1402.34,14.62,21.61,553.81,2388.05,9060.49,1.3,47.31,521.97,2388.05,8141.87,8.4121,0.03,391,2388,100.0,38.88,23.3812,200,174,Healthy,87.0,0
28,27,-0.0015,-0.0003,100.0,518.67,642.58,1584.09,1406.46,14.62,21.61,553.69,2388.09,9069.29,1.3,47.51,521.76,2388.02,8143.78,8.4132,0.03,394,2388,100.0,39.07,23.4052,200,173,Healthy,86.5,0
28,28,0.0007,0.0004,100.0,518.67,642.2,1586.59,1401.3,14.62,21.61,554.15,2388.06,9063.02,1.3,47.39,522.16,2388.07,8147.17,8.4253,0.03,391,2388,100.0,38.85,23.3882,200,172,Healthy,86.0,0
28,29,0.0005,-0.0002,100.0,518.67,641.59,1590.26,1398.26,14.62,21.61,553.93,2388.04,9061.58,1.3,47.38,522.53,2388.1,8142.89,8.4213,0.03,392,2388,100.0,38.71,23.3171,200,171,Healthy,85.5,0
28,30,0.0012,0.0,100.0,518.67,642.23,1589.16,1402.74,14.62,21.61,553.88,2388.0,9067.53,1.3,47.34,521.86,2388.04,8140.41,8.4106,0.03,394,2388,100.0,38.86,23.4008,200,170,Healthy,85.0,0
28,31,-0.0007,0.0004,100.0,518.67,642.69,1583.39,1405.88,14.62,21.61,553.6,2387.96,9055.84,1.3,47.52,521.59,2388.04,8142.67,8.4162,0.03,391,2388,100.0,38.94,23.3097,200,169,Healthy,84.5,0
28,32,-0.004,-0.0001,100.0,518.67,642.65,1589.93,1391.87,14.62,21.61,553.93,2388.08,9059.98,1.3,47.31,521.99,2388.06,8142.81,8.4156,0.03,392,2388,100.0,38.97,23.2803,200,168,Healthy,84.0,0
28,33,-0.0012,-0.0005,100.0,518.67,642.09,1579.64,1411.49,14.62,21.61,553.88,2388.04,9059.1,1.3,47.45,522.16,2388.02,8145.51,8.4324,0.03,391,2388,100.0,39.05,23.4461,200,167,Healthy,83.5,0
28,34,0.0012,0.0003,100.0,518.67,642.82,1586.94,1396.49,14.62,21.61,553.38,2387.97,9060.49,1.3,47.28,522.0,2388.02,8148.23,8.4094,0.03,391,2388,100.0,38.9,23.3709,200,166,Healthy,83.0,0
28,35,-0.0009,-0.0004,100.0,518.67,642.49,1587.6,1403.23,14.62,21.61,553.49,2388.0,9065.85,1.3,47.26,521.45,2388.06,8144.66,8.4,0.03,392,2388,100.0,38.84,23.4049,200,165,Healthy,82.5,0
28,36,-0.0003,0.0004,100.0,518.67,642.44,1586.2,1398.29,14.62,21.61,553.75,2388.05,9062.72,1.3,47.37,522.0,2388.02,8143.53,8.4384,0.03,391,2388,100.0,39.04,23.4275,200,164,Healthy,82.0,0
28,37,-0.0006,-0.0003,100.0,518.67,642.16,1590.65,1402.34,14.62,21.61,553.95,2388.02,9059.67,1.3,47.27,521.93,2388.09,8140.06,8.4179,0.03,393,2388,100.0,38.96,23.3404,200,163,Healthy,81.5,0
28,38,-0.0024,-0.0004,100.0,518.67,642.29,1583.95,1401.63,14.62,21.61,553.4,2388.12,9056.43,1.3,47.46,521.93,2388.06,8145.11,8.4252,0.03,393,2388,100.0,39.06,23.4098,200,162,Healthy,81.0,0
28,39,-0.0016,0.0003,100.0,518.67,642.15,1590.53,1403.93,14.62,21.61,554.54,2388.01,9058.46,1.3,47.25,521.88,2388.03,8148.01,8.392,0.03,391,2388,100.0,38.87,23.3155,200,161,Healthy,80.5,0
28,40,0.0028,0.0004,100.0,518.67,642.51,1585.4,1409.1,14.62,21.61,554.85,2388.06,9055.6,1.3,47.32,521.87,2388.03,8142.96,8.4093,0.03,391,2388,100.0,38.98,23.2159,200,160,Healthy,80.0,0
28,41,-0.0026,0.0002,100.0,518.67,642.16,1588.63,1406.24,14.62,21.61,554.99,2388.03,9066.66,1.3,47.22,522.26,2388.08,8138.46,8.4427,0.03,392,2388,100.0,39.01,23.3717,200,159,Healthy,79.5,0
28,42,-0.0008,-0.0001,100.0,518.67,642.33,1589.0,1403.92,14.62,21.61,553.13,2388.07,9056.32,1.3,47.41,521.71,2388.03,8143.96,8.3981,0.03,392,2388,100.0,38.99,23.4476,200,158,Healthy,79.0,0
28,43,-0.0017,0.0004,100.0,518.67,642.4,1583.23,1401.03,14.62,21.61,554.43,2388.03,9063.26,1.3,47.1,521.97,2388.09,8146.69,8.4084,0.03,392,2388,100.0,38.97,23.2472,200,157,Healthy,78.5,0
28,44,-0.0041,0.0001,100.0,518.67,642.57,1583.3,1404.79,14.62,21.61,554.42,2388.02,9059.74,1.3,47.39,522.12,2388.04,8146.48,8.4237,0.03,394,2388,100.0,38.93,23.2021,200,156,Healthy,78.0,0
28,45,-0.0006,-0.0004,100.0,518.67,642.13,1589.55,1402.59,14.62,21.61,553.72,2388.03,9070.77,1.3,47.5,521.88,2388.05,8144.93,8.4383,0.03,391,2388,100.0,38.72,23.3535,200,155,Healthy,77.5,0
28,46,0.0011,-0.0005,100.0,518.67,642.73,1591.19,1397.11,14.62,21.61,553.63,2388.06,9062.15,1.3,47.29,522.52,2388.06,8145.77,8.4213,0.03,392,2388,100.0,39.01,23.4192,200,154,Healthy,77.0,0
28,47,0.0007,0.0002,100.0,518.67,642.51,1586.68,1405.18,14.62,21.61,554.13,2388.04,9063.06,1.3,47.36,521.56,2388.06,8141.39,8.3798,0.03,391,2388,100.0,39.01,23.2318,200,153,Healthy,76.5,0
28,48,0.003,0.0004,100.0,518.67,642.08,1585.53,1400.88,14.62,21.61,553.86,2388.03,9059.04,1.3,47.25,521.98,2388.05,8141.86,8.4346,0.03,392,2388,100.0,39.05,23.3119,200,152,Healthy,76.0,0
28,49,0.0007,0.0002,100.0,518.67,643.25,1588.25,1402.11,14.62,21.61,553.75,2388.06,9049.5,1.3,47.42,521.32,2387.99,8145.35,8.4454,0.03,391,2388,100.0,38.98,23.3562,200,151,Healthy,75.5,0
28,50,-0.0001,0.0002,100.0,518.67,642.54,1581.97,1402.87,14.62,21.61,553.65,2388.06,9067.23,1.3,47.46,522.44,2388.06,8148.16,8.429,0.03,393,2388,100.0,38.97,23.3524,200,150,Healthy,75.0,0
29,1,-0.0012,-0.0002,100.0,518.67,642.55,1587.28,1404.27,14.62,21.61,553.66,2388.07,9062.49,1.3,47.26,521.71,2388.04,8142.78,8.4184,0.03,393,2388,100.0,38.79,23.3196,223,222,Healthy,99.55,0
29,2,-0.0007,-0.0005,100.0,518.67,643.01,1592.16,1412.52,14.62,21.61,554.31,2388.06,9063.88,1.3,47.3,522.24,2388.05,8143.15,8.431,0.03,389,2388,100.0,38.88,23.3988,223,221,Healthy,99.1,0
29,3,-0.0016,-0.0003,100.0,518.67,642.54,1593.18,1408.55,14.62,21.61,553.7,2388.06,9059.02,1.3,47.21,521.44,2388.05,8142.32,8.4105,0.03,392,2388,100.0,38.94,23.3445,223,220,Healthy,98.65,0
29,4,0.0,-0.0003,100.0,518.67,642.6,1585.53,1406.32,14.62,21.61,553.43,2388.08,9067.18,1.3,47.53,522.02,2388.02,8147.18,8.4173,0.03,392,2388,100.0,38.98,23.3758,223,219,Healthy,98.21,0
29,5,0.0004,0.0,100.0,518.67,642.57,1587.63,1403.98,14.62,21.61,553.77,2388.03,9063.18,1.3,47.39,522.12,2388.04,8140.72,8.4076,0.03,392,2388,100.0,38.86,23.4415,223,218,Healthy,97.76,0
29,6,0.0021,-0.0003,100.0,518.67,642.63,1587.37,1400.69,14.62,21.61,554.64,2388.04,9064.37,1.3,47.4,521.94,2388.04,8152.34,8.4043,0.03,395,2388,100.0,38.92,23.2536,223,217,Healthy,97.31,0
29,7,0.0004,-0.0002,100.0,518.67,642.48,1590.08,1403.68,14.62,21.61,554.47,2388.08,9062.66,1.3,47.38,521.97,2388.07,8144.38,8.447,0.03,393,2388,100.0,38.7,23.4905,223,216,Healthy,96.86,0
29,8,0.0018,0.0003,100.0,518.67,642.4,1585.96,1406.16,14.62,21.61,554.36,2388.04,9066.41,1.3,47.25,522.35,2388.04,8143.88,8.4549,0.03,393,2388,100.0,39.03,23.3007,223,215,Healthy,96.41,0
29,9,0.0002,0.0003,100.0,518.67,642.94,1583.02,1399.76,14.62,21.61,553.96,2388.04,9069.72,1.3,47.43,522.02,2388.07,8144.88,8.4206,0.03,393,2388,100.0,38.86,23.3237,223,214,Healthy,95.96,0
29,10,0.0031,0.0001,100.0,518.67,642.04,1576.39,1402.95,14.62,21.61,554.37,2388.1,9060.06,1.3,47.42,522.32,2388.07,8145.79,8.3868,0.03,392,2388,100.0,39.03,23.2686,223,213,Healthy,95.52,0
29,11,0.0005,-0.0004,100.0,518.67,641.79,1588.95,1396.05,14.62,21.61,553.78,2388.06,9070.35,1.3,47.35,522.28,2388.0,8141.22,8.3947,0.03,391,2388,100.0,39.0,23.249,223,212,Healthy,95.07,0
29,12,-0.0012,0.0003,100.0,518.67,642.66,1582.61,1404.59,14.62,21.61,553.73,2388.12,9064.43,1.3,47.45,521.98,2388.07,8140.11,8.4135,0.03,392,2388,100.0,38.96,23.3226,223,211,Healthy,94.62,0
29,13,0.0053,0.0003,100.0,518.67,642.74,1590.98,1408.92,14.62,21.61,554.31,2388.07,9059.78,1.3,47.44,521.79,2388.07,8146.3,8.4377,0.03,392,2388,100.0,38.92,23.3079,223,210,Healthy,94.17,0
29,14,0.0018,0.0002,100.0,518.67,642.31,1587.94,1401.77,14.62,21.61,553.95,2388.02,9054.99,1.3,47.51,522.15,2388.05,8139.45,8.4155,0.03,392,2388,100.0,38.95,23.3353,223,209,Healthy,93.72,0
29,15,0.0046,-0.0004,100.0,518.67,642.25,1589.54,1402.86,14.62,21.61,554.11,2388.02,9062.59,1.3,47.28,522.42,2388.03,8144.86,8.4035,0.03,392,2388,100.0,38.69,23.3599,223,208,Healthy,93.27,0
29,16,0.0008,0.0003,100.0,518.67,642.33,1585.91,1409.53,14.62,21.61,553.98,2388.01,9064.89,1.3,47.21,521.99,2388.1,8141.46,8.4297,0.03,393,2388,100.0,38.91,23.3466,223,207,Healthy,92.83,0
29,17,0.0024,-0.0001,100.0,518.67,642.4,1589.67,1403.12,14.62,21.61,554.64,2388.06,9070.92,1.3,47.27,522.11,2388.07,8143.46,8.3879,0.03,392,2388,100.0,38.95,23.4833,223,206,Healthy,92.38,0
29,18,0.0023,-0.0004,100.0,518.67,642.42,1585.68,1403.48,14.62,21.61,554.54,2388.05,9065.43,1.3,47.32,521.7,2388.03,8139.42,8.4339,0.03,393,2388,100.0,39.01,23.3305,223,205,Healthy,91.93,0
29,19,0.0018,0.0004,100.0,518.67,642.2,1588.08,1407.54,14.62,21.6,553.74,2388.02,9057.62,1.3,47.58,521.54,2388.08,8144.18,8.4062,0.03,395,2388,100.0,38.89,23.2728,223,204,Healthy,91.48,0
29,20,0.0034,0.0005,100.0,518.67,642.53,1585.76,1401.39,14.62,21.61,553.34,2388.02,9065.21,1.3,47.23,522.39,2388.06,8146.16,8.413,0.03,393,2388,100.0,38.82,23.3374,223,203,Healthy,91.03,0
29,21,-0.0014,-0.0001,100.0,518.67,642.4,1586.52,1394.09,14.62,21.61,554.23,2388.0,9065.98,1.3,47.46,521.35,2388.02,8144.41,8.4413,0.03,391,2388,100.0,38.87,23.3273,223,202,Healthy,90.58,0
29,22,-0.0044,-0.0004,100.0,518.67,642.92,1582.51,1411.13,14.62,21.61,554.17,2388.06,9060.67,1.3,47.44,521.82,2388.06,8142.67,8.4157,0.03,392,2388,100.0,38.83,23.4255,223,201,Healthy,90.13,0
29,23,-0.0009,0.0004,100.0,518.67,642.31,1588.81,1403.09,14.62,21.61,553.5,2388.08,9056.59,1.3,47.32,521.97,2388.08,8144.51,8.4414,0.03,394,2388,100.0,39.07,23.3243,223,200,Healthy,89.69,0
29,24,-0.0009,-0.0001,100.0,518.67,643.1,1592.43,1404.81,14.62,21.61,553.63,2387.98,9058.83,1.3,47.17,522.28,2388.07,8144.86,8.4532,0.03,393,2388,100.0,38.89,23.3807,223,199,Healthy,89.24,0
29,25,-0.0005,0.0001,100.0,518.67,642.2,1581.18,1403.96,14.62,21.61,554.5,2388.02,9063.5,1.3,47.36,521.19,2388.05,8142.9,8.4193,0.03,391,2388,100.0,39.03,23.3046,223,198,Healthy,88.79,0
29,26,-0.0015,0.0003,100.0,518.67,642.62,1590.3,1408.51,14.62,21.61,553.67,2388.03,9062.12,1.3,47.38,521.45,2388.1,8142.44,8.4408,0.03,392,2388,100.0,38.83,23.4617,223,197,Healthy,88.34,0
29,27,-0.0032,0.0005,100.0,518.67,642.05,1585.63,1402.96,14.62,21.61,552.94,2388.05,9060.59,1.3,47.57,521.99,2388.06,8144.8,8.3984,0.03,393,2388,100.0,39.14,23.3365,223,196,Healthy,87.89,0
29,28,-0.0014,0.0003,100.0,518.67,642.26,1585.24,1408.4,14.62,21.61,554.26,2388.01,9063.6,1.3,47.47,521.96,2388.02,8143.54,8.4075,0.03,394,2388,100.0,38.89,23.3,223,195,Healthy,87.44,0
29,29,0.0012,0.0005,100.0,518.67,642.64,1580.89,1402.56,14.62,21.61,552.97,2387.98,9067.99,1.3,47.49,521.66,2388.02,8147.8,8.4441,0.03,392,2388,100.0,38.92,23.411,223,194,Healthy,87.0,0
29,30,0.0013,-0.0005,100.0,518.67,642.51,1592.52,1404.19,14.62,21.61,554.64,2388.1,9066.65,1.3,47.27,521.61,2388.07,8142.32,8.4,0.03,394,2388,100.0,38.9,23.2854,223,193,Healthy,86.55,0
29,31,0.0001,0.0004,100.0,518.67,642.56,1589.86,1399.38,14.62,21.61,554.59,2388.04,9064.71,1.3,47.17,521.48,2388.03,8146.18,8.4173,0.03,392,2388,100.0,38.94,23.4434,223,192,Healthy,86.1,0
29,32,-0.0008,-0.0004,100.0,518.67,642.35,1588.14,1401.46,14.62,21.61,553.46,2388.03,9064.72,1.3,47.32,521.93,2388.02,8147.16,8.4264,0.03,392,2388,100.0,38.86,23.3474,223,191,Healthy,85.65,0
29,33,-0.0023,0.0003,100.0,518.67,642.07,1586.99,1397.34,14.62,21.61,553.85,2388.13,9063.01,1.3,47.47,521.82,2388.03,8145.32,8.4131,0.03,393,2388,100.0,39.02,23.3127,223,190,Healthy,85.2,0
29,34,0.0035,0.0004,100.0,518.67,642.33,1594.32,1401.67,14.62,21.61,554.57,2388.13,9051.48,1.3,47.41,521.72,2388.09,8142.41,8.4316,0.03,392,2388,100.0,39.05,23.2202,223,189,Healthy,84.75,0
29,35,0.0024,0.0005,100.0,518.67,642.54,1582.3,1406.67,14.62,21.61,554.03,2388.09,9066.16,1.3,47.55,522.56,2388.1,8141.65,8.4403,0.03,393,2388,100.0,38.91,23.2883,223,188,Healthy,84.3,0
29,36,-0.0015,0.0,100.0,518.67,642.51,1590.96,1402.71,14.62,21.6,552.96,2388.08,9066.43,1.3,47.3,521.31,2388.04,8146.32,8.4176,0.03,391,2388,100.0,38.66,23.4343,223,187,Healthy,83.86,0
29,37,-0.0004,0.0005,100.0,518.67,642.29,1580.89,1398.96,14.62,21.61,553.71,2388.04,9066.31,1.3,47.41,521.77,2388.09,8147.26,8.3976,0.03,392,2388,100.0,39.0,23.3271,223,186,Healthy,83.41,0
29,38,0.0013,-0.0,100.0,518.67,642.64,1594.1,1398.16,14.62,21.61,553.13,2388.09,9066.45,1.3,47.49,521.31,2388.06,8143.74,8.4024,0.03,393,2388,100.0,39.06,23.2803,223,185,Healthy,82.96,0
29,39,0.0012,-0.0002,100.0,518.67,643.38,1582.72,1401.4,14.62,21.61,554.15,2388.03,9061.8,1.3,47.3,521.86,2388.02,8140.18,8.3944,0.03,393,2388,100.0,38.83,23.4192,223,184,Healthy,82.51,0
29,40,-0.0021,-0.0001,100.0,518.67,642.08,1596.17,1406.43,14.62,21.61,554.67,2388.1,9061.49,1.3,47.3,521.45,2388.06,8144.88,8.4654,0.03,392,2388,100.0,38.92,23.4177,223,183,Healthy,82.06,0
29,41,0.0015,0.0,100.0,518.67,642.53,1588.59,1401.15,14.62,21.61,553.76,2388.01,9066.39,1.3,47.51,521.97,2388.01,8151.44,8.4483,0.03,392,2388,100.0,39.01,23.3233,223,182,Healthy,81.61,0
29,42,-0.0036,0.0003,100.0,518.67,642.62,1587.28,1402.24,14.62,21.61,553.39,2388.04,9063.3,1.3,47.39,522.09,2388.04,8146.54,8.4356,0.03,392,2388,100.0,38.71,23.4545,223,181,Healthy,81.17,0
29,43,0.0019,-0.0003,100.0,518.67,642.55,1585.42,1406.82,14.62,21.61,553.44,2388.04,9062.12,1.3,47.17,522.43,2388.06,8142.56,8.4466,0.03,392,2388,100.0,38.91,23.3062,223,180,Healthy,80.72,0
29,44,0.0,-0.0003,100.0,518.67,642.55,1592.3,1395.92,14.62,21.61,554.56,2388.05,9054.23,1.3,47.33,521.71,2388.05,8136.54,8.4369,0.03,394,2388,100.0,38.95,23.3155,223,179,Healthy,80.27,0
29,45,0.0035,-0.0004,100.0,518.67,642.52,1590.23,1402.38,14.62,21.61,553.69,2388.08,9062.65,1.3,47.38,521.79,2388.1,8144.13,8.3993,0.03,390,2388,100.0,39.08,23.3337,223,178,Healthy,79.82,0
29,46,0.0008,-0.0005,100.0,518.67,642.31,1580.53,1403.2,14.62,21.61,553.91,2388.03,9065.24,1.3,47.5,521.34,2388.07,8144.54,8.4044,0.03,392,2388,100.0,38.82,23.36,223,177,Healthy,79.37,0
29,47,0.0008,-0.0002,100.0,518.67,642.42,1588.84,1398.09,14.62,21.61,554.11,2388.04,9058.17,1.3,47.38,522.53,2388.08,8142.37,8.445,0.03,393,2388,100.0,38.68,23.3536,223,176,Healthy,78.92,0
29,48,-0.0013,-0.0003,100.0,518.67,642.51,1597.62,1403.07,14.62,21.61,554.55,2388.05,9065.23,1.3,47.34,521.87,2388.08,8142.71,8.4311,0.03,391,2388,100.0,38.95,23.3746,223,175,Healthy,78.48,0
29,49,-0.0045,0.0003,100.0,518.67,642.42,1586.53,1411.44,14.62,21.61,554.51,2388.05,9066.98,1.3,47.45,521.67,2388.05,8153.37,8.4197,0.03,393,2388,100.0,38.93,23.4214,223,174,Healthy,78.03,0
29,50,0.0037,-0.0004,100.0,518.67,642.27,1584.19,1411.84,14.62,21.61,554.06,2388.07,9063.6,1.3,47.44,521.61,2388.03,8140.14,8.3812,0.03,393,2388,100.0,38.81,23.3011,223,173,Healthy,77.58,0
30,1,0.0014,0.0003,100.0,518.67,642.37,1581.95,1397.7,14.62,21.61,554.43,2388.02,9052.43,1.3,47.24,521.94,2388.01,8134.48,8.3951,0.03,392,2388,100.0,38.86,23.4453,218,217,Healthy,99.54,0
30,2,0.0031,0.0001,100.0,518.67,642.21,1587.44,1394.95,14.62,21.61,554.58,2388.02,9053.52,1.3,47.23,522.53,2388.09,8141.62,8.4221,0.03,391,2388,100.0,38.99,23.4349,218,216,Healthy,99.08,0
30,3,-0.0,0.0001,100.0,518.67,642.76,1582.35,1400.51,14.62,21.61,554.39,2388.03,9063.92,1.3,47.12,522.06,2388.04,8133.21,8.4037,0.03,392,2388,100.0,39.13,23.4132,218,215,Healthy,98.62,0
30,4,0.0011,0.0001,100.0,518.67,642.55,1589.88,1398.68,14.62,21.61,553.97,2388.01,9053.64,1.3,47.24,521.99,2388.06,8140.54,8.3734,0.03,392,2388,100.0,39.0,23.3824,218,214,Healthy,98.17,0
30,5,-0.0011,0.0005,100.0,518.67,642.22,1579.05,1392.92,14.62,21.61,554.51,2388.05,9054.49,1.3,47.35,522.5,2388.02,8137.46,8.3983,0.03,392,2388,100.0,38.99,23.4527,218,213,Healthy,97.71,0
30,6,0.0008,-0.0002,100.0,518.67,642.29,1582.94,1397.61,14.62,21.61,553.44,2387.99,9053.83,1.3,47.16,522.38,2387.99,8135.24,8.3969,0.03,392,2388,100.0,38.97,23.4317,218,212,Healthy,97.25,0
30,7,-0.0014,0.0,100.0,518.67,642.94,1586.27,1398.4,14.62,21.61,555.15,2388.01,9059.31,1.3,47.2,521.81,2388.04,8139.35,8.3853,0.03,391,2388,100.0,38.99,23.4156,218,211,Healthy,96.79,0
30,8,0.0033,-0.0004,100.0,518.67,642.32,1592.4,1392.53,14.62,21.61,554.0,2387.98,9056.62,1.3,47.28,521.99,2388.03,8137.86,8.3431,0.03,390,2388,100.0,38.9,23.3556,218,210,Healthy,96.33,0
30,9,0.0011,0.0004,100.0,518.67,642.1,1582.68,1392.83,14.62,21.61,554.5,2387.98,9054.41,1.3,47.18,522.26,2388.0,8134.01,8.3783,0.03,393,2388,100.0,38.91,23.4716,218,209,Healthy,95.87,0
30,10,0.0032,0.0004,100.0,518.67,642.49,1583.39,1387.53,14.62,21.61,554.72,2388.07,9049.84,1.3,47.17,522.03,2388.03,8140.22,8.4036,0.03,392,2388,100.0,39.01,23.4286,218,208,Healthy,95.41,0
30,11,-0.0051,0.0004,100.0,518.67,642.06,1587.68,1400.54,14.62,21.61,553.67,2388.07,9052.67,1.3,47.3,522.11,2388.04,8136.53,8.4209,0.03,394,2388,100.0,39.04,23.5008,218,207,Healthy,94.95,0
30,12,-0.0014,-0.0004,100.0,518.67,642.19,1590.36,1397.17,14.62,21.61,554.07,2388.05,9053.67,1.3,47.37,522.6,2388.09,8140.2,8.4234,0.03,392,2388,100.0,38.87,23.3336,218,206,Healthy,94.5,0
30,13,-0.0029,0.0003,100.0,518.67,642.22,1583.22,1400.19,14.62,21.61,554.45,2388.05,9045.39,1.3,47.26,522.09,2388.05,8138.45,8.3778,0.03,392,2388,100.0,39.12,23.4244,218,205,Healthy,94.04,0
30,14,-0.0014,0.0005,100.0,518.67,642.35,1582.59,1400.77,14.62,21.61,554.58,2388.06,9055.59,1.3,47.15,522.39,2388.12,8139.43,8.4305,0.03,391,2388,100.0,38.76,23.397,218,204,Healthy,93.58,0
30,15,-0.0007,0.0003,100.0,518.67,642.06,1586.98,1391.07,14.62,21.61,554.34,2388.1,9058.63,1.3,47.33,521.59,2388.0,8140.9,8.4178,0.03,392,2388,100.0,38.91,23.3676,218,203,Healthy,93.12,0
30,16,-0.0024,0.0002,100.0,518.67,642.51,1586.38,1394.11,14.62,21.61,554.04,2388.04,9057.03,1.3,47.13,522.15,2387.95,8137.95,8.3892,0.03,392,2388,100.0,38.96,23.3824,218,202,Healthy,92.66,0
30,17,0.0011,0.0001,100.0,518.67,641.75,1583.69,1399.34,14.62,21.61,554.69,2388.06,9056.93,1.3,47.02,522.33,2388.0,8136.45,8.4277,0.03,394,2388,100.0,39.08,23.4045,218,201,Healthy,92.2,0
30,18,-0.0003,0.0003,100.0,518.67,641.97,1588.62,1403.78,14.62,21.61,554.29,2388.03,9056.52,1.3,47.2,522.37,2388.03,8140.31,8.3942,0.03,392,2388,100.0,39.18,23.3316,218,200,Healthy,91.74,0
30,19,0.0008,-0.0003,100.0,518.67,642.21,1583.29,1405.14,14.62,21.61,554.74,2388.03,9053.66,1.3,47.23,522.08,2388.05,8133.86,8.4291,0.03,393,2388,100.0,38.96,23.377,218,199,Healthy,91.28,0
30,20,-0.0001,-0.0003,100.0,518.67,642.19,1586.91,1394.99,14.62,21.61,554.8,2388.04,9049.62,1.3,47.1,522.37,2388.02,8140.11,8.3584,0.03,391,2388,100.0,38.84,23.3564,218,198,Healthy,90.83,0
30,21,0.0019,0.0004,100.0,518.67,642.21,1585.43,1401.32,14.62,21.61,554.22,2387.97,9048.79,1.3,47.27,522.69,2388.03,8142.81,8.4009,0.03,391,2388,100.0,38.93,23.413,218,197,Healthy,90.37,0
30,22,0.0007,-0.0003,100.0,518.67,642.23,1584.7,1402.16,14.62,21.61,554.07,2387.98,9055.68,1.3,47.23,522.29,2388.06,8139.74,8.3911,0.03,392,2388,100.0,38.97,23.3854,218,196,Healthy,89.91,0
30,23,-0.0017,-0.0003,100.0,518.67,642.25,1581.47,1403.3,14.62,21.61,554.61,2388.08,9053.19,1.3,47.08,522.47,2388.02,8136.95,8.4106,0.03,394,2388,100.0,39.2,23.3853,218,195,Healthy,89.45,0
30,24,0.0006,0.0002,100.0,518.67,642.28,1584.72,1403.54,14.62,21.61,554.75,2388.01,9060.14,1.3,47.38,521.95,2388.04,8140.84,8.3735,0.03,392,2388,100.0,39.13,23.3796,218,194,Healthy,88.99,0
30,25,-0.0029,-0.0003,100.0,518.67,642.24,1592.55,1393.55,14.62,21.61,554.09,2388.04,9057.4,1.3,47.14,522.0,2388.04,8133.74,8.3916,0.03,393,2388,100.0,39.06,23.4039,218,193,Healthy,88.53,0
30,26,-0.001,-0.0002,100.0,518.67,642.94,1586.77,1396.98,14.62,21.6,553.83,2388.04,9052.54,1.3,47.35,521.6,2388.03,8137.09,8.375,0.03,392,2388,100.0,39.07,23.3633,218,192,Healthy,88.07,0
30,27,-0.0009,-0.0002,100.0,518.67,642.23,1585.29,1398.99,14.62,21.61,554.35,2387.99,9058.13,1.3,47.38,522.28,2388.05,8133.81,8.4128,0.03,392,2388,100.0,38.75,23.4661,218,191,Healthy,87.61,0
30,28,-0.0023,0.0002,100.0,518.67,641.85,1581.08,1399.86,14.62,21.61,553.45,2388.05,9058.81,1.3,47.38,522.48,2388.05,8137.24,8.3784,0.03,391,2388,100.0,38.95,23.3828,218,190,Healthy,87.16,0
30,29,-0.0014,0.0005,100.0,518.67,642.18,1586.03,1400.12,14.62,21.61,553.83,2388.0,9061.71,1.3,47.33,522.46,2388.03,8134.62,8.386,0.03,390,2388,100.0,39.05,23.3503,218,189,Healthy,86.7,0
30,30,-0.0008,-0.0004,100.0,518.67,642.16,1587.81,1399.23,14.62,21.61,554.91,2388.0,9058.21,1.3,47.21,521.92,2388.0,8136.54,8.3841,0.03,393,2388,100.0,38.99,23.4167,218,188,Healthy,86.24,0
30,31,-0.0021,-0.0004,100.0,518.67,642.18,1583.35,1399.11,14.62,21.61,553.69,2388.03,9050.08,1.3,47.14,521.91,2388.02,8130.59,8.3754,0.03,392,2388,100.0,38.99,23.3797,218,187,Healthy,85.78,0
30,32,0.0033,0.0001,100.0,518.67,642.36,1588.23,1400.96,14.62,21.61,554.04,2388.04,9061.81,1.3,47.27,522.09,2388.06,8135.34,8.3999,0.03,392,2388,100.0,39.02,23.4051,218,186,Healthy,85.32,0
30,33,0.0027,-0.0004,100.0,518.67,642.22,1590.75,1396.67,14.62,21.61,554.58,2388.0,9054.11,1.3,47.2,522.1,2388.03,8135.55,8.4251,0.03,391,2388,100.0,39.21,23.3151,218,185,Healthy,84.86,0
30,34,0.0037,-0.0002,100.0,518.67,641.51,1581.51,1400.08,14.62,21.61,554.38,2387.98,9055.79,1.3,47.34,522.99,2388.05,8138.89,8.3604,0.03,392,2388,100.0,38.94,23.4723,218,184,Healthy,84.4,0
30,35,-0.0009,0.0001,100.0,518.67,642.2,1584.15,1396.9,14.62,21.61,554.14,2388.09,9054.53,1.3,47.4,522.37,2388.07,8133.7,8.3975,0.03,392,2388,100.0,39.0,23.2912,218,183,Healthy,83.94,0
30,36,0.0003,0.0002,100.0,518.67,642.27,1580.94,1392.54,14.62,21.61,554.02,2388.06,9057.0,1.3,47.24,522.27,2388.02,8138.05,8.4272,0.03,391,2388,100.0,39.07,23.3819,218,182,Healthy,83.49,0
30,37,0.0016,0.0002,100.0,518.67,642.15,1584.83,1404.98,14.62,21.61,554.58,2388.04,9060.74,1.3,47.33,522.17,2388.02,8139.82,8.3876,0.03,392,2388,100.0,38.98,23.3407,218,181,Healthy,83.03,0
30,38,0.003,0.0002,100.0,518.67,642.25,1587.98,1398.42,14.62,21.61,554.2,2388.02,9055.44,1.3,47.25,522.05,2387.99,8139.27,8.3972,0.03,391,2388,100.0,38.79,23.372,218,180,Healthy,82.57,0
30,39,-0.0002,0.0005,100.0,518.67,642.27,1592.18,1402.23,14.62,21.61,554.97,2388.03,9055.12,1.3,47.23,522.15,2388.03,8138.57,8.387,0.03,392,2388,100.0,39.0,23.4154,218,179,Healthy,82.11,0
30,40,0.0016,0.0004,100.0,518.67,642.2,1589.02,1400.52,14.62,21.61,554.14,2388.05,9059.08,1.3,47.24,521.99,2388.04,8135.62,8.4293,0.03,392,2388,100.0,39.12,23.2748,218,178,Healthy,81.65,0
30,41,-0.0002,0.0005,100.0,518.67,642.37,1593.63,1395.81,14.62,21.61,554.75,2387.99,9052.35,1.3,47.32,522.17,2388.07,8144.08,8.4286,0.03,391,2388,100.0,38.99,23.3767,218,177,Healthy,81.19,0
30,42,0.0008,-0.0002,100.0,518.67,641.58,1584.29,1392.42,14.62,21.61,554.43,2388.05,9050.92,1.3,47.2,522.35,2388.05,8138.68,8.4084,0.03,392,2388,100.0,38.86,23.4242,218,176,Healthy,80.73,0
30,43,-0.0001,0.0004,100.0,518.67,642.26,1574.5,1396.67,14.62,21.61,554.79,2388.04,9056.62,1.3,47.33,522.43,2388.02,8136.98,8.3988,0.03,391,2388,100.0,38.94,23.3481,218,175,Healthy,80.28,0
30,44,0.0018,0.0004,100.0,518.67,642.14,1584.87,1393.87,14.62,21.61,553.96,2388.05,9055.15,1.3,47.43,521.65,2388.01,8135.66,8.3879,0.03,392,2388,100.0,38.91,23.4378,218,174,Healthy,79.82,0
30,45,-0.0006,-0.0002,100.0,518.67,642.73,1580.02,1397.81,14.62,21.61,554.49,2388.05,9053.94,1.3,47.14,522.35,2388.01,8137.55,8.3949,0.03,392,2388,100.0,39.03,23.4488,218,173,Healthy,79.36,0
30,46,-0.0003,-0.0001,100.0,518.67,642.54,1591.55,1396.58,14.62,21.61,553.9,2388.02,9058.52,1.3,47.17,522.11,2388.05,8135.63,8.3963,0.03,392,2388,100.0,39.04,23.4265,218,172,Healthy,78.9,0
30,47,-0.0019,-0.0003,100.0,518.67,642.02,1589.76,1400.91,14.62,21.61,555.04,2388.06,9058.97,1.3,47.31,522.23,2388.05,8135.87,8.3922,0.03,392,2388,100.0,39.08,23.4237,218,171,Healthy,78.44,0
30,48,0.0006,0.0004,100.0,518.67,642.03,1580.77,1393.65,14.62,21.61,554.58,2388.03,9059.04,1.3,47.31,522.62,2388.07,8138.28,8.4082,0.03,392,2388,100.0,38.94,23.2976,218,170,Healthy,77.98,0
30,49,-0.0012,0.0002,100.0,518.67,642.2,1586.67,1403.7,14.62,21.61,554.41,2388.1,9055.6,1.3,47.31,522.61,2388.02,8139.09,8.4112,0.03,393,2388,100.0,38.99,23.415,218,169,Healthy,77.52,0
30,50,-0.0008,-0.0005,100.0,518.67,641.89,1590.77,1398.4,14.62,21.61,554.08,2388.0,9053.26,1.3,47.3,522.44,2387.98,8140.14,8.4059,0.03,391,2388,100.0,38.92,23.4052,218,168,Healthy,77.06,0
31,1,0.0005,-0.0004,100.0,518.67,642.82,1591.5,1398.79,14.62,21.61,553.05,2388.14,9036.1,1.3,47.32,521.84,2388.15,8119.36,8.4514,0.03,393,2388,100.0,38.85,23.3641,183,182,Healthy,99.45,0
31,2,0.0006,-0.0001,100.0,518.67,642.28,1589.47,1409.32,14.62,21.61,552.45,2388.12,9037.18,1.3,47.66,521.24,2388.1,8123.61,8.4255,0.03,394,2388,100.0,38.81,23.2446,183,181,Healthy,98.91,0
31,3,0.0003,0.0004,100.0,518.67,642.54,1583.16,1410.48,14.62,21.61,552.91,2388.13,9045.17,1.3,47.5,521.33,2388.14,8130.6,8.4418,0.03,393,2388,100.0,38.94,23.2468,183,180,Healthy,98.36,0
31,4,0.0015,-0.0,100.0,518.67,642.86,1592.46,1402.03,14.62,21.61,552.96,2388.13,9041.72,1.3,47.36,521.59,2388.07,8119.89,8.3869,0.03,392,2388,100.0,38.83,23.2679,183,179,Healthy,97.81,0
31,5,-0.0008,-0.0003,100.0,518.67,642.37,1595.69,1408.8,14.62,21.61,553.69,2388.12,9040.0,1.3,47.5,522.03,2388.14,8117.68,8.4529,0.03,392,2388,100.0,38.81,23.2289,183,178,Healthy,97.27,0
31,6,0.0006,-0.0,100.0,518.67,642.55,1591.13,1402.56,14.62,21.61,552.76,2388.12,9039.15,1.3,47.73,521.41,2388.12,8117.57,8.4722,0.03,394,2388,100.0,38.67,23.2788,183,177,Healthy,96.72,0
31,7,-0.0001,-0.0003,100.0,518.67,642.87,1584.46,1405.86,14.62,21.61,553.12,2388.08,9039.33,1.3,47.28,521.25,2388.17,8124.38,8.4712,0.03,392,2388,100.0,38.84,23.2846,183,176,Healthy,96.17,0
31,8,0.0006,0.0004,100.0,518.67,642.7,1590.22,1408.1,14.62,21.61,554.23,2388.13,9040.96,1.3,47.37,520.61,2388.11,8125.29,8.4198,0.03,393,2388,100.0,39.04,23.2506,183,175,Healthy,95.63,0
31,9,-0.0036,-0.0001,100.0,518.67,642.5,1591.58,1403.81,14.62,21.61,553.99,2388.19,9043.29,1.3,47.58,521.67,2388.12,8123.69,8.4497,0.03,393,2388,100.0,38.77,23.252,183,174,Healthy,95.08,0
31,10,0.001,0.0001,100.0,518.67,642.67,1585.89,1408.73,14.62,21.61,553.67,2388.13,9043.0,1.3,47.51,521.71,2388.1,8117.29,8.4456,0.03,393,2388,100.0,38.8,23.3027,183,173,Healthy,94.54,0
31,11,-0.0007,-0.0004,100.0,518.67,643.16,1591.57,1409.32,14.62,21.61,553.65,2388.1,9039.57,1.3,47.54,521.36,2388.1,8124.81,8.4254,0.03,392,2388,100.0,39.08,23.2854,183,172,Healthy,93.99,0
31,12,-0.0004,-0.0005,100.0,518.67,642.48,1594.26,1401.06,14.62,21.61,553.28,2388.15,9038.2,1.3,47.44,521.71,2388.14,8125.1,8.4613,0.03,394,2388,100.0,39.03,23.3705,183,171,Healthy,93.44,0
31,13,0.0006,0.0001,100.0,518.67,642.72,1580.11,1413.48,14.62,21.61,553.87,2388.12,9049.23,1.3,47.5,521.44,2388.12,8125.87,8.4385,0.03,392,2388,100.0,38.99,23.3093,183,170,Healthy,92.9,0
31,14,0.0015,0.0004,100.0,518.67,642.64,1588.3,1407.97,14.62,21.61,553.67,2388.13,9040.58,1.3,47.42,521.57,2388.11,8117.73,8.4497,0.03,393,2388,100.0,39.12,23.2729,183,169,Healthy,92.35,0
31,15,0.0031,0.0002,100.0,518.67,642.67,1589.02,1404.41,14.62,21.61,553.48,2388.08,9043.18,1.3,47.47,521.58,2388.12,8118.49,8.4436,0.03,393,2388,100.0,38.64,23.3276,183,168,Healthy,91.8,0
31,16,-0.0023,0.0002,100.0,518.67,642.67,1589.03,1403.79,14.62,21.61,553.68,2388.14,9038.93,1.3,47.57,522.38,2388.17,8125.72,8.4312,0.03,393,2388,100.0,38.9,23.2607,183,167,Healthy,91.26,0
31,17,-0.0025,0.0003,100.0,518.67,642.79,1586.19,1403.81,14.62,21.61,553.41,2388.11,9038.34,1.3,47.44,521.65,2388.12,8119.94,8.4269,0.03,393,2388,100.0,38.92,23.3988,183,166,Healthy,90.71,0
31,18,-0.0005,0.0001,100.0,518.67,642.77,1595.19,1405.41,14.62,21.61,554.2,2388.12,9043.04,1.3,47.75,521.3,2388.15,8123.32,8.4168,0.03,393,2388,100.0,38.81,23.2802,183,165,Healthy,90.16,0
31,19,-0.0032,-0.0003,100.0,518.67,642.76,1590.69,1402.15,14.62,21.61,553.75,2388.08,9041.54,1.3,47.54,521.59,2388.07,8120.37,8.4466,0.03,392,2388,100.0,39.09,23.3355,183,164,Healthy,89.62,0
31,20,-0.0015,0.0002,100.0,518.67,642.42,1589.27,1407.88,14.62,21.61,553.51,2388.13,9035.23,1.3,47.48,521.53,2388.18,8117.15,8.4552,0.03,391,2388,100.0,39.0,23.3359,183,163,Healthy,89.07,0
31,21,-0.0016,-0.0005,100.0,518.67,642.23,1584.82,1406.82,14.62,21.61,553.11,2388.13,9045.51,1.3,47.46,521.71,2388.18,8123.04,8.4513,0.03,392,2388,100.0,39.04,23.2772,183,162,Healthy,88.52,0
31,22,0.0023,0.0004,100.0,518.67,643.16,1586.73,1406.15,14.62,21.61,553.74,2388.07,9038.68,1.3,47.47,521.75,2388.13,8121.8,8.4586,0.03,394,2388,100.0,38.76,23.4103,183,161,Healthy,87.98,0
31,23,0.0025,0.0003,100.0,518.67,642.81,1586.71,1404.26,14.62,21.61,553.52,2388.1,9040.08,1.3,47.64,521.17,2388.12,8123.13,8.4215,0.03,394,2388,100.0,38.75,23.3382,183,160,Healthy,87.43,0
31,24,-0.0008,-0.0003,100.0,518.67,642.03,1584.0,1408.5,14.62,21.61,552.93,2388.08,9044.1,1.3,47.45,521.13,2388.14,8124.36,8.4334,0.03,392,2388,100.0,38.8,23.2955,183,159,Healthy,86.89,0
31,25,-0.0004,-0.0001,100.0,518.67,642.9,1589.65,1410.56,14.62,21.61,553.44,2388.15,9045.64,1.3,47.67,521.74,2388.12,8121.19,8.4538,0.03,395,2388,100.0,38.86,23.2561,183,158,Healthy,86.34,0
31,26,-0.0003,-0.0004,100.0,518.67,642.63,1589.81,1405.3,14.62,21.61,553.82,2388.12,9048.65,1.3,47.58,521.56,2388.12,8122.69,8.4396,0.03,393,2388,100.0,38.95,23.2609,183,157,Healthy,85.79,0
31,27,0.0003,-0.0003,100.0,518.67,642.44,1593.51,1406.19,14.62,21.61,553.07,2388.12,9041.95,1.3,47.46,521.54,2388.12,8128.72,8.4514,0.03,392,2388,100.0,38.92,23.3075,183,156,Healthy,85.25,0
31,28,0.0004,-0.0005,100.0,518.67,642.95,1597.25,1413.0,14.62,21.61,554.02,2388.13,9042.36,1.3,47.47,521.48,2388.16,8117.56,8.4339,0.03,393,2388,100.0,38.98,23.1838,183,155,Healthy,84.7,0
31,29,0.0025,-0.0004,100.0,518.67,641.89,1594.14,1410.88,14.62,21.61,552.98,2388.14,9045.72,1.3,47.57,521.54,2388.1,8119.15,8.4495,0.03,393,2388,100.0,38.85,23.3958,183,154,Healthy,84.15,0
31,30,0.0037,0.0002,100.0,518.67,642.88,1594.52,1399.0,14.62,21.61,552.83,2388.11,9043.75,1.3,47.45,521.29,2388.13,8128.31,8.4184,0.03,393,2388,100.0,38.77,23.3729,183,153,Healthy,83.61,0
31,31,-0.0025,0.0004,100.0,518.67,642.41,1591.71,1413.08,14.62,21.61,553.23,2388.15,9036.68,1.3,47.58,521.15,2388.14,8123.07,8.4481,0.03,394,2388,100.0,38.79,23.2854,183,152,Healthy,83.06,0
31,32,-0.0035,0.0001,100.0,518.67,642.44,1587.9,1400.89,14.62,21.61,553.49,2388.16,9039.86,1.3,47.32,521.57,2388.14,8121.09,8.4702,0.03,392,2388,100.0,38.85,23.3431,183,151,Healthy,82.51,0
31,33,0.0007,-0.0003,100.0,518.67,642.81,1583.55,1398.47,14.62,21.61,552.84,2388.14,9045.23,1.3,47.72,521.46,2388.1,8123.05,8.4397,0.03,394,2388,100.0,38.88,23.253,183,150,Healthy,81.97,0
31,34,0.0018,0.0004,100.0,518.67,642.63,1589.82,1404.99,14.62,21.61,553.01,2388.14,9034.69,1.3,47.36,520.68,2388.18,8122.24,8.4465,0.03,394,2388,100.0,38.97,23.4003,183,149,Healthy,81.42,0
31,35,-0.0044,0.0004,100.0,518.67,641.73,1581.67,1406.29,14.62,21.61,553.11,2388.07,9038.69,1.3,47.47,521.43,2388.05,8121.63,8.4524,0.03,392,2388,100.0,38.63,23.2106,183,148,Healthy,80.87,0
31,36,-0.0023,-0.0003,100.0,518.67,643.15,1590.63,1408.62,14.62,21.61,553.44,2388.08,9047.76,1.3,47.54,521.05,2388.1,8125.88,8.4018,0.03,392,2388,100.0,38.87,23.2671,183,147,Healthy,80.33,0
31,37,0.0005,-0.0001,100.0,518.67,642.18,1580.65,1405.38,14.62,21.61,553.21,2388.16,9042.83,1.3,47.45,521.1,2388.07,8121.55,8.4103,0.03,395,2388,100.0,38.95,23.3058,183,146,Healthy,79.78,0
31,38,-0.0004,-0.0003,100.0,518.67,643.0,1586.49,1407.54,14.62,21.61,553.44,2388.11,9039.76,1.3,47.49,520.93,2388.17,8116.45,8.436,0.03,392,2388,100.0,38.93,23.3708,183,145,Healthy,79.23,0
31,39,-0.0028,-0.0004,100.0,518.67,642.34,1597.97,1408.74,14.62,21.61,553.39,2388.1,9041.59,1.3,47.69,521.0,2388.08,8126.52,8.4209,0.03,393,2388,100.0,38.73,23.3523,183,144,Healthy,78.69,0
31,40,-0.0025,0.0003,100.0,518.67,642.41,1592.33,1405.76,14.62,21.61,552.87,2388.13,9041.92,1.3,47.51,521.78,2388.08,8121.12,8.4502,0.03,392,2388,100.0,38.67,23.3567,183,143,Healthy,78.14,0
31,41,-0.0005,-0.0004,100.0,518.67,642.98,1590.14,1400.88,14.62,21.61,553.55,2388.13,9037.32,1.3,47.55,521.02,2388.14,8121.39,8.3973,0.03,393,2388,100.0,38.64,23.1459,183,142,Healthy,77.6,0
31,42,-0.0019,0.0004,100.0,518.67,642.85,1587.16,1395.39,14.62,21.61,553.14,2388.12,9044.9,1.3,47.74,521.39,2388.13,8125.36,8.4371,0.03,392,2388,100.0,39.0,23.2676,183,141,Healthy,77.05,0
31,43,-0.0014,-0.0002,100.0,518.67,642.83,1589.98,1405.73,14.62,21.61,552.72,2388.21,9034.03,1.3,47.5,521.11,2388.15,8120.37,8.4196,0.03,393,2388,100.0,38.93,23.2914,183,140,Healthy,76.5,0
31,44,-0.0006,0.0001,100.0,518.67,642.92,1592.41,1408.37,14.62,21.61,553.77,2388.1,9034.34,1.3,47.71,521.04,2388.14,8122.97,8.416,0.03,393,2388,100.0,38.57,23.3911,183,139,Healthy,75.96,0
31,45,0.001,0.0002,100.0,518.67,642.63,1592.59,1408.0,14.62,21.61,554.12,2388.11,9042.53,1.3,47.47,521.66,2388.18,8121.97,8.4752,0.03,392,2388,100.0,38.74,23.4214,183,138,Healthy,75.41,0
31,46,-0.0011,-0.0,100.0,518.67,643.32,1586.93,1416.22,14.62,21.61,553.15,2388.14,9045.55,1.3,47.58,521.6,2388.15,8122.04,8.453,0.03,394,2388,100.0,38.81,23.278,183,137,Healthy,74.86,0
31,47,-0.0007,-0.0005,100.0,518.67,642.79,1583.66,1409.17,14.62,21.61,553.7,2388.09,9045.03,1.3,47.68,521.65,2388.07,8123.07,8.4563,0.03,393,2388,100.0,38.73,23.2526,183,136,Healthy,74.32,0
31,48,-0.0038,0.0001,100.0,518.67,642.67,1591.55,1409.01,14.62,21.61,553.08,2388.11,9044.93,1.3,47.6,521.42,2388.15,8127.64,8.4258,0.03,394,2388,100.0,38.87,23.2608,183,135,Healthy,73.77,0
31,49,0.0011,-0.0001,100.0,518.67,642.2,1592.65,1414.67,14.62,21.61,553.16,2388.21,9036.37,1.3,47.66,521.3,2388.15,8122.74,8.4333,0.03,394,2388,100.0,38.75,23.2426,183,134,Healthy,73.22,0
31,50,0.0007,-0.0002,100.0,518.67,643.13,1588.95,1412.84,14.62,21.61,553.36,2388.1,9033.83,1.3,47.7,521.49,2388.14,8125.15,8.4671,0.03,392,2388,100.0,38.76,23.3644,183,133,Healthy,72.68,0
32,1,0.0025,0.0005,100.0,518.67,642.62,1582.1,1397.95,14.62,21.61,554.17,2388.04,9059.75,1.3,47.25,522.03,2388.03,8133.0,8.4107,0.03,392,2388,100.0,38.97,23.2779,189,188,Healthy,99.47,0
32,2,0.0002,-0.0004,100.0,518.67,642.77,1582.04,1399.04,14.62,21.61,553.45,2388.08,9048.48,1.3,47.38,521.97,2388.02,8129.22,8.4423,0.03,390,2388,100.0,39.01,23.5298,189,187,Healthy,98.94,0
32,3,-0.0025,-0.0,100.0,518.67,642.34,1583.48,1403.46,14.62,21.61,553.32,2388.05,9049.65,1.3,47.49,521.64,2388.09,8133.0,8.3784,0.03,392,2388,100.0,39.01,23.349,189,186,Healthy,98.41,0
32,4,0.0024,-0.0003,100.0,518.67,642.91,1586.13,1406.89,14.62,21.61,553.91,2388.09,9054.56,1.3,47.55,521.75,2388.11,8131.25,8.4418,0.03,393,2388,100.0,38.92,23.2683,189,185,Healthy,97.88,0
32,5,0.0012,-0.0002,100.0,518.67,642.57,1585.89,1404.46,14.62,21.61,554.11,2388.0,9041.18,1.3,47.5,521.87,2388.05,8134.24,8.4643,0.03,392,2388,100.0,38.92,23.3494,189,184,Healthy,97.35,0
32,6,0.0023,0.0005,100.0,518.67,642.85,1582.39,1408.43,14.62,21.61,553.51,2388.09,9053.11,1.3,47.25,521.36,2388.06,8132.66,8.4169,0.03,392,2388,100.0,38.93,23.3804,189,183,Healthy,96.83,0
32,7,-0.002,0.0002,100.0,518.67,641.66,1590.96,1403.99,14.62,21.61,553.91,2388.07,9047.21,1.3,47.37,521.83,2388.05,8134.57,8.3939,0.03,392,2388,100.0,38.98,23.2315,189,182,Healthy,96.3,0
32,8,0.0014,-0.0004,100.0,518.67,642.45,1585.66,1398.3,14.62,21.61,553.77,2388.08,9040.54,1.3,47.38,521.84,2388.04,8132.76,8.4232,0.03,392,2388,100.0,38.83,23.4673,189,181,Healthy,95.77,0
32,9,0.0059,0.0005,100.0,518.67,642.07,1583.51,1398.67,14.62,21.61,553.18,2388.03,9050.66,1.3,47.27,522.03,2388.03,8128.84,8.3999,0.03,392,2388,100.0,39.0,23.3578,189,180,Healthy,95.24,0
32,10,0.0006,-0.0003,100.0,518.67,642.25,1593.6,1405.13,14.62,21.61,553.82,2388.03,9056.38,1.3,47.17,521.76,2388.1,8139.12,8.4406,0.03,392,2388,100.0,38.87,23.3101,189,179,Healthy,94.71,0
32,11,0.0034,0.0003,100.0,518.67,642.58,1592.26,1401.01,14.62,21.61,554.14,2388.09,9050.63,1.3,47.18,522.4,2388.07,8130.01,8.413,0.03,393,2388,100.0,39.03,23.3443,189,178,Healthy,94.18,0
32,12,0.0014,-0.0001,100.0,518.67,642.89,1587.35,1404.12,14.62,21.61,553.93,2388.03,9050.1,1.3,47.26,521.75,2388.07,8133.08,8.4257,0.03,392,2388,100.0,39.02,23.4197,189,177,Healthy,93.65,0
32,13,-0.0018,0.0005,100.0,518.67,642.54,1584.51,1403.04,14.62,21.61,554.08,2388.0,9050.66,1.3,47.29,521.9,2388.04,8136.1,8.4089,0.03,393,2388,100.0,39.09,23.4189,189,176,Healthy,93.12,0
32,14,-0.0019,0.0005,100.0,518.67,642.3,1579.77,1403.05,14.62,21.61,553.94,2388.03,9052.42,1.3,47.28,521.87,2388.06,8132.11,8.4239,0.03,393,2388,100.0,39.14,23.4339,189,175,Healthy,92.59,0
32,15,-0.0021,-0.0001,100.0,518.67,642.26,1584.0,1407.9,14.62,21.61,553.58,2388.04,9046.24,1.3,47.4,521.99,2388.03,8132.4,8.4162,0.03,393,2388,100.0,38.95,23.3479,189,174,Healthy,92.06,0
32,16,0.0014,-0.0001,100.0,518.67,642.33,1585.47,1398.26,14.62,21.61,553.98,2388.09,9050.05,1.3,47.04,521.87,2388.08,8134.78,8.4296,0.03,392,2388,100.0,38.88,23.4178,189,173,Healthy,91.53,0
32,17,0.0014,0.0004,100.0,518.67,642.08,1586.52,1396.15,14.62,21.61,554.17,2388.06,9053.65,1.3,47.53,521.88,2388.03,8131.46,8.4144,0.03,391,2388,100.0,38.88,23.3287,189,172,Healthy,91.01,0
32,18,0.0002,-0.0002,100.0,518.67,642.31,1586.53,1404.59,14.62,21.61,553.83,2388.02,9052.27,1.3,47.4,521.55,2388.03,8132.91,8.4327,0.03,393,2388,100.0,38.83,23.2731,189,171,Healthy,90.48,0
32,19,-0.0029,0.0005,100.0,518.67,642.66,1586.8,1402.91,14.62,21.61,553.45,2388.07,9048.93,1.3,47.54,522.06,2388.01,8136.04,8.4136,0.03,394,2388,100.0,38.82,23.4238,189,170,Healthy,89.95,0
32,20,0.0022,-0.0003,100.0,518.67,642.25,1591.03,1406.38,14.62,21.61,554.0,2388.03,9051.44,1.3,47.25,522.5,2388.01,8129.7,8.4133,0.03,393,2388,100.0,38.91,23.3637,189,169,Healthy,89.42,0
32,21,-0.0029,-0.0001,100.0,518.67,642.16,1582.49,1404.84,14.62,21.61,553.48,2388.06,9060.82,1.3,47.23,521.67,2388.08,8139.53,8.4186,0.03,392,2388,100.0,39.03,23.4273,189,168,Healthy,88.89,0
32,22,0.0025,-0.0003,100.0,518.67,642.22,1591.68,1403.81,14.62,21.61,553.93,2388.07,9056.17,1.3,47.47,521.64,2388.06,8136.88,8.4195,0.03,393,2388,100.0,39.07,23.409,189,167,Healthy,88.36,0
32,23,0.0022,0.0,100.0,518.67,642.56,1585.62,1402.86,14.62,21.61,554.33,2388.1,9046.6,1.3,47.51,521.63,2388.12,8124.92,8.374,0.03,392,2388,100.0,38.78,23.4862,189,166,Healthy,87.83,0
32,24,0.0022,-0.0002,100.0,518.67,642.39,1584.59,1400.67,14.62,21.61,554.32,2388.07,9037.75,1.3,47.58,521.85,2388.05,8127.85,8.4152,0.03,392,2388,100.0,38.95,23.3454,189,165,Healthy,87.3,0
32,25,0.0011,-0.0004,100.0,518.67,642.48,1579.5,1399.18,14.62,21.61,553.64,2388.08,9051.58,1.3,47.36,521.92,2388.07,8127.3,8.414,0.03,393,2388,100.0,38.78,23.3698,189,164,Healthy,86.77,0
32,26,0.0031,0.0001,100.0,518.67,642.36,1581.6,1401.67,14.62,21.61,554.13,2388.08,9042.52,1.3,47.36,522.23,2388.04,8129.51,8.4389,0.03,392,2388,100.0,38.8,23.39,189,163,Healthy,86.24,0
32,27,0.0022,0.0001,100.0,518.67,642.26,1579.76,1405.8,14.62,21.61,554.09,2388.04,9052.1,1.3,47.27,521.99,2388.04,8135.87,8.4138,0.03,393,2388,100.0,38.94,23.3901,189,162,Healthy,85.71,0
32,28,-0.0002,0.0001,100.0,518.67,642.2,1591.72,1404.0,14.62,21.61,554.11,2388.08,9043.5,1.3,47.51,521.25,2388.11,8133.68,8.4136,0.03,393,2388,100.0,38.76,23.3265,189,161,Healthy,85.19,0
32,29,-0.0002,0.0,100.0,518.67,642.25,1592.18,1407.98,14.62,21.61,553.23,2388.08,9048.45,1.3,47.1,521.93,2388.1,8132.08,8.3725,0.03,392,2388,100.0,38.94,23.3358,189,160,Healthy,84.66,0
32,30,-0.0011,-0.0002,100.0,518.67,642.42,1573.84,1400.11,14.62,21.61,553.91,2388.08,9044.66,1.3,47.26,521.73,2388.12,8130.16,8.4072,0.03,394,2388,100.0,38.85,23.2186,189,159,Healthy,84.13,0
32,31,-0.001,0.0001,100.0,518.67,642.12,1583.36,1401.85,14.62,21.61,553.94,2388.09,9047.6,1.3,47.36,521.87,2388.05,8134.71,8.4055,0.03,392,2388,100.0,38.8,23.2643,189,158,Healthy,83.6,0
32,32,-0.0012,0.0004,100.0,518.67,642.42,1583.75,1396.88,14.62,21.61,554.27,2388.05,9053.38,1.3,47.2,521.63,2388.04,8133.76,8.434,0.03,392,2388,100.0,39.06,23.264,189,157,Healthy,83.07,0
32,33,-0.0002,-0.0004,100.0,518.67,642.4,1587.77,1400.68,14.62,21.61,554.23,2388.1,9058.81,1.3,47.37,522.57,2388.07,8131.94,8.3962,0.03,392,2388,100.0,38.66,23.2851,189,156,Healthy,82.54,0
32,34,0.0006,-0.0002,100.0,518.67,642.05,1592.53,1399.7,14.62,21.61,554.2,2388.04,9051.91,1.3,47.36,521.55,2388.11,8131.57,8.4244,0.03,392,2388,100.0,39.08,23.4119,189,155,Healthy,82.01,0
32,35,0.0003,-0.0002,100.0,518.67,642.58,1591.5,1411.0,14.62,21.61,553.9,2388.08,9049.26,1.3,47.38,521.78,2388.0,8132.23,8.4224,0.03,394,2388,100.0,38.96,23.2669,189,154,Healthy,81.48,0
32,36,-0.0004,0.0,100.0,518.67,642.49,1581.26,1404.78,14.62,21.61,554.32,2388.0,9044.69,1.3,47.31,521.68,2388.08,8132.88,8.4218,0.03,393,2388,100.0,38.65,23.4847,189,153,Healthy,80.95,0
32,37,0.0011,0.0001,100.0,518.67,642.15,1587.06,1402.08,14.62,21.61,553.66,2388.07,9049.19,1.3,47.36,521.87,2388.05,8132.02,8.4061,0.03,393,2388,100.0,38.78,23.3431,189,152,Healthy,80.42,0
32,38,-0.0015,-0.0004,100.0,518.67,642.34,1587.53,1401.32,14.62,21.61,554.05,2388.08,9049.98,1.3,47.37,521.99,2388.09,8134.72,8.4166,0.03,393,2388,100.0,38.97,23.4236,189,151,Healthy,79.89,0
32,39,-0.0002,-0.0003,100.0,518.67,642.09,1591.77,1397.7,14.62,21.61,553.35,2388.08,9044.72,1.3,47.32,521.48,2388.06,8132.91,8.4535,0.03,392,2388,100.0,38.9,23.3956,189,150,Healthy,79.37,0
32,40,0.0026,0.0003,100.0,518.67,642.32,1581.55,1405.37,14.62,21.61,554.36,2388.04,9053.14,1.3,47.38,521.82,2388.07,8131.58,8.3979,0.03,392,2388,100.0,38.95,23.4645,189,149,Healthy,78.84,0
32,41,0.0029,-0.0001,100.0,518.67,642.13,1580.46,1400.7,14.62,21.61,554.03,2388.0,9050.76,1.3,47.47,521.79,2388.05,8134.85,8.4284,0.03,393,2388,100.0,39.03,23.3986,189,148,Healthy,78.31,0
32,42,-0.0003,-0.0003,100.0,518.67,641.75,1585.88,1402.66,14.62,21.61,553.29,2388.05,9053.82,1.3,47.23,521.3,2388.05,8130.43,8.3963,0.03,392,2388,100.0,38.85,23.3138,189,147,Healthy,77.78,0
32,43,-0.0029,-0.0002,100.0,518.67,641.64,1592.43,1400.14,14.62,21.61,553.09,2388.12,9053.29,1.3,47.44,521.92,2388.1,8132.41,8.4559,0.03,392,2388,100.0,38.79,23.3084,189,146,Healthy,77.25,0
32,44,-0.0003,0.0005,100.0,518.67,642.33,1579.63,1406.71,14.62,21.61,554.38,2388.08,9055.51,1.3,47.32,522.18,2388.05,8135.44,8.418,0.03,392,2388,100.0,39.13,23.2697,189,145,Healthy,76.72,0
32,45,-0.0023,0.0001,100.0,518.67,642.29,1595.24,1408.53,14.62,21.61,553.33,2388.02,9051.68,1.3,47.34,521.36,2388.04,8129.78,8.4345,0.03,393,2388,100.0,39.04,23.3834,189,144,Healthy,76.19,0
32,46,-0.0007,-0.0003,100.0,518.67,641.55,1591.29,1403.7,14.62,21.61,553.95,2388.11,9056.57,1.3,47.31,522.01,2388.08,8132.43,8.4416,0.03,393,2388,100.0,39.1,23.3713,189,143,Healthy,75.66,0
32,47,-0.0035,-0.0003,100.0,518.67,642.34,1590.53,1400.54,14.62,21.61,553.57,2388.07,9054.34,1.3,47.44,522.35,2388.06,8133.57,8.403,0.03,393,2388,100.0,38.92,23.2681,189,142,Healthy,75.13,0
32,48,0.0028,-0.0004,100.0,518.67,642.21,1584.9,1398.7,14.62,21.61,553.91,2388.12,9051.96,1.3,47.27,522.37,2388.03,8132.11,8.4265,0.03,394,2388,100.0,38.94,23.2866,189,141,Healthy,74.6,0
32,49,-0.0006,-0.0002,100.0,518.67,642.31,1584.25,1405.43,14.62,21.61,554.1,2388.1,9047.37,1.3,47.31,521.93,2388.08,8130.47,8.4328,0.03,393,2388,100.0,38.89,23.4813,189,140,Healthy,74.07,0
32,50,0.004,-0.0002,100.0,518.67,641.84,1584.27,1403.55,14.62,21.61,554.44,2388.11,9055.28,1.3,47.39,521.64,2388.09,8137.82,8.4506,0.03,393,2388,100.0,39.07,23.2414,189,139,Healthy,73.54,0
33,1,-0.0002,-0.0004,100.0,518.67,641.91,1578.45,1389.01,14.62,21.6,553.28,2387.97,9047.93,1.3,47.11,520.99,2387.97,8133.3,8.435,0.03,392,2388,100.0,38.92,23.4138,231,230,Healthy,99.57,0
33,2,-0.0016,-0.0006,100.0,518.67,642.08,1581.53,1388.52,14.62,21.59,553.12,2387.95,9052.87,1.3,47.04,521.59,2387.97,8134.43,8.4106,0.03,391,2388,100.0,38.93,23.4538,231,229,Healthy,99.13,0
33,3,-0.0,-0.0,100.0,518.67,641.62,1585.13,1390.56,14.62,21.6,553.97,2387.91,9045.34,1.3,47.14,521.46,2387.94,8128.84,8.4173,0.03,389,2388,100.0,39.13,23.4409,231,228,Healthy,98.7,0
33,4,-0.0009,-0.0,100.0,518.67,642.16,1577.95,1383.7,14.62,21.6,553.45,2387.99,9046.08,1.3,47.22,521.88,2387.98,8136.97,8.3964,0.03,390,2388,100.0,39.0,23.386,231,227,Healthy,98.27,0
33,5,-0.0031,-0.0002,100.0,518.67,641.73,1580.17,1400.12,14.62,21.6,553.85,2387.97,9042.91,1.3,46.99,522.28,2387.99,8137.29,8.3768,0.03,393,2388,100.0,38.95,23.4249,231,226,Healthy,97.84,0
33,6,-0.0006,0.0001,100.0,518.67,641.86,1578.28,1395.69,14.62,21.6,553.44,2387.97,9047.84,1.3,47.0,521.8,2388.03,8139.0,8.3508,0.03,391,2388,100.0,38.95,23.4747,231,225,Healthy,97.4,0
33,7,-0.0004,-0.0001,100.0,518.67,642.31,1575.39,1390.1,14.62,21.6,553.53,2387.96,9049.33,1.3,46.99,521.64,2387.99,8131.36,8.3786,0.03,393,2388,100.0,39.0,23.4552,231,224,Healthy,96.97,0
33,8,-0.0016,-0.0004,100.0,518.67,641.55,1586.48,1395.66,14.62,21.6,553.92,2387.97,9049.13,1.3,47.09,521.36,2387.96,8139.82,8.3621,0.03,392,2388,100.0,38.85,23.4517,231,223,Healthy,96.54,0
33,9,-0.0026,-0.0005,100.0,518.67,641.81,1588.68,1397.37,14.62,21.6,554.1,2387.99,9060.19,1.3,46.98,522.05,2387.95,8132.18,8.3696,0.03,391,2388,100.0,38.89,23.4864,231,222,Healthy,96.1,0
33,10,0.0037,-0.0005,100.0,518.67,642.03,1581.55,1391.36,14.62,21.6,552.93,2387.92,9040.26,1.3,47.16,521.87,2387.94,8130.09,8.4009,0.03,392,2388,100.0,39.18,23.4688,231,221,Healthy,95.67,0
33,11,-0.0043,-0.0001,100.0,518.67,642.01,1585.35,1401.55,14.62,21.6,554.14,2388.04,9056.22,1.3,46.99,522.32,2387.99,8135.56,8.4036,0.03,392,2388,100.0,39.03,23.3575,231,220,Healthy,95.24,0
33,12,-0.0022,0.0003,100.0,518.67,642.3,1585.28,1392.93,14.62,21.6,554.36,2387.99,9046.18,1.3,47.05,522.35,2387.97,8132.28,8.378,0.03,390,2388,100.0,39.2,23.4207,231,219,Healthy,94.81,0
33,13,0.0034,-0.0003,100.0,518.67,642.13,1575.36,1395.55,14.62,21.6,554.02,2387.96,9053.16,1.3,47.04,521.85,2387.95,8136.88,8.3855,0.03,392,2388,100.0,39.12,23.5613,231,218,Healthy,94.37,0
33,14,-0.0009,0.0001,100.0,518.67,641.82,1589.04,1395.2,14.62,21.6,554.7,2387.94,9052.04,1.3,47.17,522.02,2388.0,8134.45,8.3728,0.03,392,2388,100.0,39.18,23.3757,231,217,Healthy,93.94,0
33,15,-0.0021,0.0,100.0,518.67,642.03,1580.17,1392.11,14.62,21.6,554.67,2387.95,9047.92,1.3,47.25,522.44,2388.01,8137.49,8.4216,0.03,391,2388,100.0,38.96,23.3863,231,216,Healthy,93.51,0
33,16,-0.0013,-0.0004,100.0,518.67,641.27,1583.23,1390.72,14.62,21.6,553.99,2388.01,9050.2,1.3,47.09,521.99,2387.99,8133.6,8.3744,0.03,390,2388,100.0,39.18,23.3336,231,215,Healthy,93.07,0
33,17,0.0005,-0.0002,100.0,518.67,641.91,1581.67,1389.79,14.62,21.6,555.03,2387.99,9057.76,1.3,47.04,522.2,2388.0,8134.14,8.3741,0.03,392,2388,100.0,39.01,23.4596,231,214,Healthy,92.64,0
33,18,-0.0015,-0.0,100.0,518.67,641.74,1584.81,1392.6,14.62,21.6,554.59,2387.94,9054.98,1.3,47.16,522.18,2387.98,8135.32,8.3862,0.03,390,2388,100.0,38.96,23.3821,231,213,Healthy,92.21,0
33,19,0.0006,0.0002,100.0,518.67,641.88,1584.11,1399.78,14.62,21.6,553.11,2388.0,9044.99,1.3,47.13,521.56,2387.93,8136.25,8.4069,0.03,390,2388,100.0,38.88,23.3055,231,212,Healthy,91.77,0
33,20,-0.0018,0.0003,100.0,518.67,641.94,1575.36,1391.98,14.62,21.6,554.22,2387.99,9044.17,1.3,46.98,522.25,2387.93,8135.06,8.3885,0.03,390,2388,100.0,39.1,23.3899,231,211,Healthy,91.34,0
33,21,0.003,-0.0003,100.0,518.67,641.52,1582.58,1385.81,14.62,21.59,554.5,2387.98,9049.94,1.3,46.93,521.63,2388.0,8135.01,8.3777,0.03,390,2388,100.0,38.96,23.3717,231,210,Healthy,90.91,0
33,22,0.0015,0.0003,100.0,518.67,641.54,1584.42,1395.01,14.62,21.6,553.91,2387.99,9054.49,1.3,47.14,521.22,2387.93,8129.87,8.4097,0.03,390,2388,100.0,39.02,23.4685,231,209,Healthy,90.48,0
33,23,0.0011,-0.0003,100.0,518.67,641.64,1577.99,1389.0,14.62,21.6,553.95,2387.98,9052.11,1.3,47.15,522.04,2388.02,8131.07,8.4275,0.03,390,2388,100.0,39.04,23.3773,231,208,Healthy,90.04,0
33,24,0.0021,-0.0,100.0,518.67,641.63,1577.43,1397.74,14.62,21.6,554.33,2387.97,9049.84,1.3,47.02,521.72,2387.98,8137.52,8.3955,0.03,390,2388,100.0,39.04,23.4153,231,207,Healthy,89.61,0
33,25,-0.0001,-0.0,100.0,518.67,641.93,1585.25,1392.76,14.62,21.6,554.02,2388.0,9060.07,1.3,47.17,522.42,2388.04,8132.34,8.3705,0.03,391,2388,100.0,39.11,23.4433,231,206,Healthy,89.18,0
33,26,0.0009,0.0,100.0,518.67,642.03,1582.56,1397.17,14.62,21.6,554.07,2388.01,9042.58,1.3,47.0,521.97,2387.96,8131.15,8.3878,0.03,392,2388,100.0,38.99,23.4561,231,205,Healthy,88.74,0
33,27,-0.0009,0.0004,100.0,518.67,641.75,1581.03,1396.32,14.62,21.6,553.85,2387.93,9049.39,1.3,46.81,521.43,2387.97,8130.07,8.3564,0.03,392,2388,100.0,39.29,23.3571,231,204,Healthy,88.31,0
33,28,0.0001,-0.0004,100.0,518.67,641.75,1584.67,1388.57,14.62,21.6,554.41,2388.01,9046.7,1.3,46.95,521.91,2387.97,8134.04,8.3835,0.03,391,2388,100.0,39.13,23.3012,231,203,Healthy,87.88,0
33,29,0.0021,-0.0006,100.0,518.67,641.69,1579.87,1398.29,14.62,21.6,554.24,2387.95,9052.64,1.3,47.15,521.97,2388.04,8139.83,8.3809,0.03,392,2388,100.0,39.13,23.5102,231,202,Healthy,87.45,0
33,30,0.0009,-0.0004,100.0,518.67,641.88,1583.42,1392.23,14.62,21.59,553.72,2387.94,9045.61,1.3,46.94,521.18,2387.98,8133.09,8.433,0.03,389,2388,100.0,38.92,23.2753,231,201,Healthy,87.01,0
33,31,0.0017,-0.0002,100.0,518.67,641.82,1570.89,1397.47,14.62,21.6,553.26,2388.0,9056.04,1.3,47.12,521.76,2387.99,8130.04,8.4039,0.03,392,2388,100.0,39.06,23.464,231,200,Healthy,86.58,0
33,32,-0.0018,-0.0006,100.0,518.67,641.94,1585.8,1399.53,14.62,21.6,553.89,2387.96,9054.68,1.3,47.07,522.28,2387.98,8136.14,8.3881,0.03,391,2388,100.0,39.03,23.3979,231,199,Healthy,86.15,0
33,33,0.0001,0.0001,100.0,518.67,641.95,1577.12,1393.06,14.62,21.6,554.07,2387.97,9055.24,1.3,47.05,523.63,2387.95,8136.65,8.3736,0.03,390,2388,100.0,39.11,23.3788,231,198,Healthy,85.71,0
33,34,-0.0035,-0.0005,100.0,518.67,641.43,1577.09,1398.91,14.62,21.6,553.66,2388.02,9049.52,1.3,47.2,521.89,2387.98,8134.42,8.3931,0.03,390,2388,100.0,38.98,23.3998,231,197,Healthy,85.28,0
33,35,0.0025,-0.0005,100.0,518.67,641.69,1584.97,1395.96,14.62,21.59,553.95,2387.93,9047.1,1.3,47.12,521.62,2387.98,8133.67,8.3867,0.03,392,2388,100.0,38.97,23.5172,231,196,Healthy,84.85,0
33,36,-0.0013,-0.0004,100.0,518.67,642.15,1580.45,1393.38,14.62,21.6,554.12,2387.96,9049.35,1.3,46.98,521.55,2387.96,8134.33,8.3792,0.03,390,2388,100.0,39.16,23.334,231,195,Healthy,84.42,0
33,37,0.0003,-0.0003,100.0,518.67,641.51,1577.22,1391.63,14.62,21.6,553.2,2387.94,9048.14,1.3,46.95,521.93,2387.96,8131.07,8.4022,0.03,390,2388,100.0,38.94,23.5319,231,194,Healthy,83.98,0
33,38,0.0,-0.0005,100.0,518.67,642.45,1582.25,1387.52,14.62,21.6,552.98,2387.98,9046.98,1.3,47.04,521.62,2387.93,8134.85,8.3827,0.03,391,2388,100.0,38.99,23.3798,231,193,Healthy,83.55,0
33,39,-0.0002,-0.0005,100.0,518.67,642.36,1587.92,1388.76,14.62,21.6,553.86,2387.93,9046.41,1.3,47.18,522.18,2387.98,8131.92,8.3726,0.03,392,2388,100.0,39.14,23.4752,231,192,Healthy,83.12,0
33,40,0.0027,0.0001,100.0,518.67,641.64,1586.42,1401.25,14.62,21.6,553.31,2388.0,9042.44,1.3,47.22,522.75,2388.03,8136.36,8.3824,0.03,391,2388,100.0,39.02,23.3561,231,191,Healthy,82.68,0
33,41,-0.0037,0.0,100.0,518.67,641.37,1582.28,1392.21,14.62,21.6,554.81,2387.98,9045.9,1.3,47.15,522.42,2387.97,8136.04,8.3425,0.03,391,2388,100.0,38.94,23.4308,231,190,Healthy,82.25,0
33,42,-0.0012,0.0001,100.0,518.67,642.36,1579.4,1392.7,14.62,21.6,554.32,2388.0,9047.25,1.3,46.99,522.31,2388.04,8137.76,8.3686,0.03,391,2388,100.0,39.01,23.4301,231,189,Healthy,81.82,0
33,43,-0.0029,0.0003,100.0,518.67,642.4,1570.8,1386.84,14.62,21.6,553.54,2387.97,9047.22,1.3,47.06,521.84,2388.03,8131.85,8.3768,0.03,391,2388,100.0,38.95,23.4078,231,188,Healthy,81.39,0
33,44,0.0006,-0.0006,100.0,518.67,641.88,1583.14,1395.54,14.62,21.6,554.02,2387.98,9052.19,1.3,46.81,521.72,2387.96,8137.22,8.3637,0.03,392,2388,100.0,39.03,23.4148,231,187,Healthy,80.95,0
33,45,0.0005,0.0003,100.0,518.67,642.3,1588.41,1383.69,14.62,21.6,553.86,2387.99,9054.38,1.3,47.05,522.04,2388.0,8130.62,8.3723,0.03,391,2388,100.0,39.05,23.3966,231,186,Healthy,80.52,0
33,46,-0.0017,0.0001,100.0,518.67,642.31,1582.87,1390.49,14.62,21.6,554.42,2388.0,9053.73,1.3,47.01,521.75,2387.99,8134.43,8.3784,0.03,391,2388,100.0,39.06,23.4188,231,185,Healthy,80.09,0
33,47,0.0016,-0.0005,100.0,518.67,641.8,1575.9,1399.47,14.62,21.6,554.3,2387.99,9047.47,1.3,47.21,521.73,2387.98,8130.78,8.4308,0.03,388,2388,100.0,39.12,23.3872,231,184,Healthy,79.65,0
33,48,-0.0004,-0.0006,100.0,518.67,642.1,1580.81,1386.84,14.62,21.6,553.82,2387.94,9045.79,1.3,46.94,521.74,2387.97,8134.04,8.3891,0.03,392,2388,100.0,39.13,23.3508,231,183,Healthy,79.22,0
33,49,-0.0,-0.0001,100.0,518.67,641.99,1576.41,1390.74,14.62,21.6,554.09,2388.0,9045.41,1.3,47.05,521.68,2387.97,8136.6,8.3697,0.03,391,2388,100.0,38.78,23.502,231,182,Healthy,78.79,0
33,50,0.0027,0.0003,100.0,518.67,641.91,1583.75,1393.05,14.62,21.6,554.42,2388.0,9053.88,1.3,47.19,522.1,2387.98,8132.37,8.3875,0.03,392,2388,100.0,39.2,23.3717,231,181,Healthy,78.35,0
34,1,-0.0037,-0.0003,100.0,518.67,642.27,1577.23,1394.87,14.62,21.6,554.76,2387.98,9043.93,1.3,47.27,522.9,2387.97,8137.35,8.3723,0.03,392,2388,100.0,38.91,23.4042,459,458,Healthy,99.78,0
34,2,0.0014,-0.0003,100.0,518.67,642.23,1579.86,1392.47,14.62,21.6,554.45,2388.01,9048.18,1.3,47.15,522.5,2388.01,8143.8,8.3565,0.03,392,2388,100.0,39.11,23.4658,459,457,Healthy,99.56,0
34,3,0.0003,-0.0001,100.0,518.67,641.22,1576.8,1389.41,14.62,21.59,553.18,2387.96,9046.96,1.3,47.24,522.0,2388.01,8133.74,8.3558,0.03,390,2388,100.0,39.06,23.4024,459,456,Healthy,99.35,0
34,4,-0.0013,-0.0002,100.0,518.67,642.2,1580.95,1392.84,14.62,21.59,553.96,2387.99,9049.17,1.3,47.0,522.36,2388.0,8134.04,8.4023,0.03,390,2388,100.0,39.03,23.2841,459,455,Healthy,99.13,0
34,5,-0.0004,-0.0,100.0,518.67,642.13,1577.87,1397.24,14.62,21.6,554.43,2388.01,9058.78,1.3,47.05,523.27,2387.97,8135.36,8.38,0.03,393,2388,100.0,39.21,23.2765,459,454,Healthy,98.91,0
34,6,-0.0015,0.0005,100.0,518.67,642.2,1589.29,1390.45,14.62,21.59,554.64,2387.94,9055.19,1.3,46.89,522.18,2387.98,8131.49,8.3452,0.03,391,2388,100.0,38.95,23.3356,459,453,Healthy,98.69,0
34,7,0.0016,0.0002,100.0,518.67,641.88,1577.35,1394.25,14.62,21.59,554.18,2388.0,9048.36,1.3,47.07,522.21,2387.95,8129.63,8.382,0.03,391,2388,100.0,39.11,23.4637,459,452,Healthy,98.47,0
34,8,-0.0038,-0.0002,100.0,518.67,641.85,1585.99,1399.27,14.62,21.59,555.26,2387.93,9056.91,1.3,47.02,521.95,2387.96,8129.94,8.3619,0.03,392,2388,100.0,38.92,23.4603,459,451,Healthy,98.26,0
34,9,-0.0011,0.0001,100.0,518.67,642.27,1575.9,1392.9,14.62,21.6,554.26,2387.99,9050.0,1.3,47.11,522.0,2388.01,8134.17,8.4091,0.03,392,2388,100.0,39.19,23.5381,459,450,Healthy,98.04,0
34,10,0.0002,-0.0001,100.0,518.67,642.14,1575.62,1388.68,14.62,21.59,554.21,2387.96,9061.15,1.3,47.15,521.8,2387.99,8136.43,8.3471,0.03,391,2388,100.0,39.07,23.4353,459,449,Healthy,97.82,0
34,11,-0.0,0.0004,100.0,518.67,641.98,1584.25,1390.6,14.62,21.6,554.87,2387.95,9051.69,1.3,47.16,522.68,2388.0,8139.58,8.4048,0.03,392,2388,100.0,39.03,23.3882,459,448,Healthy,97.6,0
34,12,-0.0019,-0.0005,100.0,518.67,641.51,1581.5,1394.37,14.62,21.59,554.57,2387.99,9047.3,1.3,47.03,523.06,2387.98,8134.69,8.3983,0.03,391,2388,100.0,39.11,23.4138,459,447,Healthy,97.39,0
34,13,0.0011,0.0002,100.0,518.67,641.32,1578.46,1388.03,14.62,21.6,554.24,2388.04,9055.08,1.3,47.1,521.86,2388.03,8129.89,8.3892,0.03,393,2388,100.0,39.25,23.5466,459,446,Healthy,97.17,0
34,14,0.0035,-0.0005,100.0,518.67,642.48,1577.67,1390.83,14.62,21.59,553.9,2388.01,9057.08,1.3,47.04,522.0,2387.99,8131.64,8.3797,0.03,390,2388,100.0,39.1,23.354,459,445,Healthy,96.95,0
34,15,0.0007,-0.0005,100.0,518.67,642.63,1580.79,1399.9,14.62,21.59,553.6,2387.98,9051.39,1.3,47.11,522.5,2387.92,8134.15,8.3847,0.03,391,2388,100.0,39.16,23.4255,459,444,Healthy,96.73,0
34,16,-0.0001,-0.0003,100.0,518.67,642.14,1586.22,1391.67,14.62,21.6,554.15,2387.96,9053.25,1.3,47.17,522.19,2387.98,8136.87,8.3887,0.03,391,2388,100.0,39.08,23.4351,459,443,Healthy,96.51,0
34,17,0.0006,0.0003,100.0,518.67,642.14,1590.14,1397.66,14.62,21.59,554.04,2387.94,9045.65,1.3,47.05,522.12,2387.96,8135.31,8.4062,0.03,390,2388,100.0,39.17,23.3692,459,442,Healthy,96.3,0
34,18,0.0048,-0.0002,100.0,518.67,642.26,1576.86,1395.15,14.62,21.59,553.78,2387.96,9045.94,1.3,47.12,522.38,2388.0,8134.93,8.4014,0.03,390,2388,100.0,39.02,23.4414,459,441,Healthy,96.08,0
34,19,0.0035,0.0,100.0,518.67,642.1,1579.24,1389.47,14.62,21.6,555.28,2388.01,9053.11,1.3,47.05,522.09,2388.01,8134.05,8.406,0.03,392,2388,100.0,39.05,23.5849,459,440,Healthy,95.86,0
34,20,-0.0022,0.0001,100.0,518.67,642.06,1587.11,1391.65,14.62,21.59,554.56,2387.97,9046.74,1.3,47.07,522.19,2387.95,8126.99,8.4075,0.03,390,2388,100.0,39.06,23.4246,459,439,Healthy,95.64,0
34,21,0.0013,-0.0003,100.0,518.67,642.02,1576.32,1388.26,14.62,21.59,554.14,2387.93,9044.57,1.3,47.29,522.08,2387.94,8129.72,8.4186,0.03,392,2388,100.0,39.27,23.4104,459,438,Healthy,95.42,0
34,22,-0.0035,-0.0004,100.0,518.67,642.13,1579.41,1397.57,14.62,21.6,554.18,2387.99,9052.0,1.3,47.13,522.32,2387.99,8136.13,8.3773,0.03,391,2388,100.0,39.0,23.4869,459,437,Healthy,95.21,0
34,23,0.0012,0.0001,100.0,518.67,641.92,1582.98,1398.81,14.62,21.6,554.43,2387.97,9048.77,1.3,47.3,522.18,2387.97,8135.44,8.3735,0.03,391,2388,100.0,39.17,23.3818,459,436,Healthy,94.99,0
34,24,-0.0028,-0.0,100.0,518.67,642.02,1588.02,1400.18,14.62,21.59,553.22,2387.95,9045.01,1.3,47.14,521.84,2387.93,8126.07,8.4005,0.03,390,2388,100.0,39.21,23.5256,459,435,Healthy,94.77,0
34,25,0.0006,-0.0,100.0,518.67,641.54,1583.44,1398.03,14.62,21.6,554.39,2387.93,9045.81,1.3,47.25,522.61,2387.98,8132.92,8.3621,0.03,391,2388,100.0,38.99,23.486,459,434,Healthy,94.55,0
34,26,-0.005,0.0002,100.0,518.67,641.86,1580.72,1387.71,14.62,21.59,554.71,2388.01,9049.93,1.3,47.17,521.92,2387.98,8132.56,8.3726,0.03,391,2388,100.0,39.19,23.4152,459,433,Healthy,94.34,0
34,27,0.0028,-0.0002,100.0,518.67,641.96,1585.34,1401.24,14.62,21.6,554.22,2387.96,9049.82,1.3,47.2,522.69,2387.95,8134.67,8.3724,0.03,391,2388,100.0,39.2,23.4982,459,432,Healthy,94.12,0
34,28,-0.0012,0.0005,100.0,518.67,641.9,1583.32,1404.22,14.62,21.59,554.76,2387.95,9059.3,1.3,47.21,522.47,2387.93,8140.06,8.3976,0.03,392,2388,100.0,39.16,23.4385,459,431,Healthy,93.9,0
34,29,0.002,-0.0005,100.0,518.67,641.91,1578.72,1396.06,14.62,21.59,553.91,2387.94,9049.95,1.3,47.08,521.92,2388.04,8128.17,8.3886,0.03,391,2388,100.0,39.21,23.3948,459,430,Healthy,93.68,0
34,30,-0.0043,-0.0004,100.0,518.67,641.75,1588.25,1391.81,14.62,21.59,554.35,2387.99,9044.49,1.3,47.04,522.15,2387.94,8131.28,8.4009,0.03,391,2388,100.0,39.04,23.4428,459,429,Healthy,93.46,0
34,31,-0.0017,-0.0002,100.0,518.67,642.01,1582.83,1396.5,14.62,21.6,554.61,2387.95,9051.56,1.3,47.22,522.17,2388.01,8135.74,8.3994,0.03,390,2388,100.0,39.1,23.4939,459,428,Healthy,93.25,0
34,32,0.0016,-0.0005,100.0,518.67,641.77,1584.66,1392.49,14.62,21.6,554.04,2387.99,9048.63,1.3,47.0,522.08,2387.98,8132.97,8.3625,0.03,392,2388,100.0,39.07,23.3915,459,427,Healthy,93.03,0
34,33,-0.0016,0.0002,100.0,518.67,641.99,1583.96,1393.45,14.62,21.6,554.68,2387.96,9048.67,1.3,47.05,522.08,2387.98,8134.48,8.389,0.03,391,2388,100.0,39.09,23.4603,459,426,Healthy,92.81,0
34,34,-0.0027,0.0002,100.0,518.67,641.5,1583.36,1392.28,14.62,21.6,554.33,2388.0,9056.41,1.3,47.17,522.18,2388.0,8134.23,8.3958,0.03,391,2388,100.0,39.13,23.471,459,425,Healthy,92.59,0
34,35,-0.0033,-0.0005,100.0,518.67,641.57,1582.73,1393.75,14.62,21.6,554.06,2388.03,9050.63,1.3,47.17,522.71,2387.99,8138.51,8.3516,0.03,391,2388,100.0,39.12,23.3958,459,424,Healthy,92.37,0
34,36,0.0018,-0.0004,100.0,518.67,641.68,1579.85,1389.41,14.62,21.6,554.61,2387.96,9047.9,1.3,46.96,522.27,2387.99,8135.85,8.3771,0.03,391,2388,100.0,39.05,23.4961,459,423,Healthy,92.16,0
34,37,-0.0008,0.0003,100.0,518.67,641.25,1584.32,1397.46,14.62,21.6,554.58,2387.98,9046.9,1.3,46.9,522.54,2388.02,8142.28,8.3867,0.03,393,2388,100.0,38.96,23.5012,459,422,Healthy,91.94,0
34,38,-0.0009,0.0003,100.0,518.67,642.33,1586.76,1398.67,14.62,21.6,553.96,2388.0,9050.43,1.3,47.13,522.13,2388.05,8134.49,8.3852,0.03,392,2388,100.0,38.87,23.4989,459,421,Healthy,91.72,0
34,39,-0.0025,0.0004,100.0,518.67,642.22,1580.53,1390.3,14.62,21.59,553.9,2387.95,9051.83,1.3,47.14,522.13,2387.89,8132.78,8.3662,0.03,391,2388,100.0,39.07,23.4152,459,420,Healthy,91.5,0
34,40,-0.0009,-0.0003,100.0,518.67,641.65,1580.79,1401.64,14.62,21.6,554.04,2387.99,9052.46,1.3,46.82,522.14,2387.99,8135.99,8.3983,0.03,390,2388,100.0,39.07,23.4964,459,419,Healthy,91.29,0
34,41,0.0007,0.0005,100.0,518.67,642.57,1582.85,1394.27,14.62,21.59,554.57,2387.95,9054.32,1.3,47.1,521.73,2387.97,8132.32,8.3941,0.03,390,2388,100.0,39.18,23.4319,459,418,Healthy,91.07,0
34,42,-0.0014,0.0,100.0,518.67,641.58,1577.69,1398.32,14.62,21.59,553.7,2388.02,9050.03,1.3,47.19,522.03,2387.99,8137.93,8.3978,0.03,390,2388,100.0,39.09,23.4505,459,417,Healthy,90.85,0
34,43,0.0001,-0.0002,100.0,518.67,642.03,1582.62,1392.45,14.62,21.59,554.58,2387.99,9048.47,1.3,47.18,522.55,2387.96,8142.05,8.3841,0.03,391,2388,100.0,39.17,23.2978,459,416,Healthy,90.63,0
34,44,-0.0002,0.0003,100.0,518.67,642.02,1581.09,1393.26,14.62,21.59,554.6,2388.04,9055.05,1.3,47.19,522.1,2388.0,8138.09,8.4109,0.03,391,2388,100.0,38.94,23.4248,459,415,Healthy,90.41,0
34,45,-0.0006,-0.0003,100.0,518.67,642.2,1580.29,1401.65,14.62,21.6,554.31,2388.01,9052.13,1.3,46.91,523.15,2387.95,8135.31,8.3874,0.03,391,2388,100.0,39.01,23.4403,459,414,Healthy,90.2,0
34,46,-0.0039,0.0005,100.0,518.67,642.04,1576.77,1397.85,14.62,21.6,554.17,2387.97,9059.32,1.3,47.13,522.9,2387.97,8139.79,8.4036,0.03,391,2388,100.0,39.05,23.4239,459,413,Healthy,89.98,0
34,47,0.0055,0.0,100.0,518.67,642.18,1582.55,1386.73,14.62,21.6,554.19,2388.0,9052.47,1.3,47.14,522.88,2387.98,8137.1,8.3652,0.03,393,2388,100.0,39.0,23.4608,459,412,Healthy,89.76,0
34,48,-0.003,0.0005,100.0,518.67,642.09,1583.9,1397.68,14.62,21.6,554.06,2388.02,9052.15,1.3,47.25,522.29,2388.04,8144.95,8.3853,0.03,392,2388,100.0,39.06,23.375,459,411,Healthy,89.54,0
34,49,-0.0019,0.0002,100.0,518.67,642.18,1582.81,1392.91,14.62,21.6,554.37,2387.99,9052.2,1.3,47.04,522.34,2387.97,8132.91,8.3885,0.03,391,2388,100.0,38.96,23.4375,459,410,Healthy,89.32,0
34,50,0.0026,-0.0003,100.0,518.67,642.01,1577.31,1397.34,14.62,21.59,553.61,2387.99,9042.94,1.3,47.05,521.63,2388.02,8134.61,8.3704,0.03,393,2388,100.0,39.02,23.3154,459,409,Healthy,89.11,0
35,1,0.0016,-0.0004,100.0,518.67,642.12,1585.87,1391.52,14.62,21.61,553.95,2388.02,9065.95,1.3,46.94,522.36,2388.03,8138.74,8.3774,0.03,393,2388,100.0,39.07,23.3757,231,230,Healthy,99.57,0
35,2,0.0002,-0.0005,100.0,518.67,641.99,1574.79,1390.74,14.62,21.61,554.58,2387.98,9051.89,1.3,46.98,522.24,2387.96,8133.39,8.3745,0.03,392,2388,100.0,38.87,23.4129,231,229,Healthy,99.13,0
35,3,-0.0002,-0.0004,100.0,518.67,641.72,1585.84,1397.19,14.62,21.61,554.42,2387.97,9051.42,1.3,47.01,522.16,2388.01,8143.23,8.3545,0.03,391,2388,100.0,39.05,23.3665,231,228,Healthy,98.7,0
35,4,0.0037,-0.0002,100.0,518.67,641.87,1580.9,1397.69,14.62,21.61,554.3,2387.99,9056.94,1.3,47.15,522.25,2387.99,8139.98,8.3884,0.03,392,2388,100.0,39.24,23.4358,231,227,Healthy,98.27,0
35,5,0.004,-0.0005,100.0,518.67,642.54,1586.05,1391.46,14.62,21.61,554.42,2387.97,9059.7,1.3,47.13,521.95,2388.03,8142.12,8.4111,0.03,391,2388,100.0,39.21,23.4596,231,226,Healthy,97.84,0
35,6,-0.0006,0.0004,100.0,518.67,641.89,1577.57,1400.62,14.62,21.61,554.88,2388.02,9053.98,1.3,47.29,522.69,2388.03,8136.48,8.3839,0.03,389,2388,100.0,39.02,23.4497,231,225,Healthy,97.4,0
35,7,0.0001,0.0001,100.0,518.67,642.36,1580.21,1392.63,14.62,21.61,555.11,2388.03,9057.57,1.3,47.22,522.61,2387.95,8143.13,8.3778,0.03,392,2388,100.0,38.98,23.5016,231,224,Healthy,96.97,0
35,8,-0.0009,-0.0004,100.0,518.67,641.88,1579.82,1394.45,14.62,21.61,554.24,2388.02,9061.25,1.3,47.19,522.89,2387.97,8136.34,8.4116,0.03,391,2388,100.0,39.1,23.5186,231,223,Healthy,96.54,0
35,9,0.0,0.0002,100.0,518.67,641.98,1588.06,1397.86,14.62,21.61,554.35,2387.99,9054.81,1.3,47.14,522.43,2388.0,8138.68,8.4016,0.03,392,2388,100.0,38.97,23.4935,231,222,Healthy,96.1,0
35,10,0.0008,-0.0004,100.0,518.67,642.32,1584.61,1396.22,14.62,21.61,554.64,2388.01,9048.76,1.3,47.07,522.64,2388.03,8137.71,8.3544,0.03,390,2388,100.0,39.09,23.423,231,221,Healthy,95.67,0
35,11,0.0009,-0.0002,100.0,518.67,642.07,1575.48,1395.35,14.62,21.61,553.89,2388.04,9058.36,1.3,47.2,522.45,2388.0,8137.26,8.3991,0.03,393,2388,100.0,39.02,23.468,231,220,Healthy,95.24,0
35,12,0.0027,-0.0003,100.0,518.67,642.75,1582.71,1388.86,14.62,21.61,554.42,2387.96,9056.98,1.3,47.18,522.01,2387.98,8137.83,8.4026,0.03,393,2388,100.0,39.06,23.3943,231,219,Healthy,94.81,0
35,13,-0.0004,-0.0001,100.0,518.67,642.5,1582.21,1400.1,14.62,21.6,554.28,2388.02,9063.99,1.3,47.27,522.7,2387.99,8137.94,8.3919,0.03,390,2388,100.0,38.97,23.3867,231,218,Healthy,94.37,0
35,14,0.001,-0.0003,100.0,518.67,641.87,1581.47,1390.32,14.62,21.61,553.78,2388.0,9061.8,1.3,47.28,522.32,2388.02,8138.65,8.3822,0.03,390,2388,100.0,39.05,23.4828,231,217,Healthy,93.94,0
35,15,0.0058,0.0003,100.0,518.67,642.07,1589.94,1395.01,14.62,21.61,554.92,2388.03,9055.34,1.3,47.29,522.02,2388.02,8135.84,8.3702,0.03,392,2388,100.0,39.03,23.4815,231,216,Healthy,93.51,0
35,16,0.0058,-0.0001,100.0,518.67,642.43,1586.29,1394.04,14.62,21.61,554.7,2388.0,9056.3,1.3,47.14,522.38,2388.02,8144.23,8.3874,0.03,391,2388,100.0,39.18,23.4257,231,215,Healthy,93.07,0
35,17,-0.0001,0.0002,100.0,518.67,642.19,1584.74,1399.87,14.62,21.61,554.75,2387.96,9058.18,1.3,46.94,522.56,2387.98,8138.26,8.4038,0.03,392,2388,100.0,39.3,23.4592,231,214,Healthy,92.64,0
35,18,0.0033,0.0001,100.0,518.67,641.85,1581.37,1397.0,14.62,21.61,554.75,2387.97,9058.91,1.3,47.08,522.75,2388.03,8146.77,8.4152,0.03,392,2388,100.0,39.09,23.4335,231,213,Healthy,92.21,0
35,19,-0.0028,-0.0,100.0,518.67,641.97,1583.22,1394.73,14.62,21.61,553.9,2387.97,9055.9,1.3,47.2,522.46,2387.96,8138.99,8.3769,0.03,393,2388,100.0,39.1,23.3924,231,212,Healthy,91.77,0
35,20,0.0002,0.0003,100.0,518.67,641.46,1584.83,1392.0,14.62,21.61,554.24,2388.0,9055.73,1.3,47.17,522.53,2387.97,8137.17,8.4111,0.03,391,2388,100.0,39.17,23.4637,231,211,Healthy,91.34,0
35,21,-0.0009,0.0001,100.0,518.67,641.92,1579.96,1401.41,14.62,21.61,554.8,2387.98,9052.67,1.3,46.94,522.39,2388.06,8144.32,8.3709,0.03,391,2388,100.0,38.95,23.4971,231,210,Healthy,90.91,0
35,22,0.0021,0.0004,100.0,518.67,642.05,1587.83,1392.64,14.62,21.61,554.73,2388.0,9058.6,1.3,47.31,522.12,2387.99,8145.97,8.3725,0.03,390,2388,100.0,39.16,23.3357,231,209,Healthy,90.48,0
35,23,-0.0012,-0.0002,100.0,518.67,642.1,1581.0,1399.94,14.62,21.61,554.79,2387.98,9053.96,1.3,47.18,522.58,2388.05,8136.1,8.413,0.03,392,2388,100.0,39.11,23.3977,231,208,Healthy,90.04,0
35,24,0.0014,-0.0,100.0,518.67,642.21,1588.83,1393.98,14.62,21.61,554.99,2387.95,9061.01,1.3,47.15,522.17,2387.99,8143.12,8.4161,0.03,390,2388,100.0,39.24,23.3647,231,207,Healthy,89.61,0
35,25,-0.0013,-0.0005,100.0,518.67,642.15,1583.92,1393.46,14.62,21.61,555.01,2388.0,9062.48,1.3,47.15,522.55,2388.0,8145.96,8.4087,0.03,391,2388,100.0,39.19,23.4149,231,206,Healthy,89.18,0
35,26,0.0012,0.0001,100.0,518.67,641.72,1587.77,1397.85,14.62,21.6,554.98,2387.93,9061.94,1.3,47.02,522.16,2387.99,8141.48,8.4015,0.03,392,2388,100.0,39.14,23.4824,231,205,Healthy,88.74,0
35,27,-0.0,0.0001,100.0,518.67,642.13,1588.01,1402.8,14.62,21.61,555.07,2388.01,9056.44,1.3,47.27,522.57,2388.04,8142.72,8.3841,0.03,391,2388,100.0,39.08,23.5268,231,204,Healthy,88.31,0
35,28,0.0038,0.0004,100.0,518.67,641.6,1589.29,1391.69,14.62,21.61,555.46,2387.96,9061.45,1.3,47.09,522.39,2388.01,8139.97,8.4016,0.03,391,2388,100.0,39.05,23.5307,231,203,Healthy,87.88,0
35,29,0.0006,-0.0005,100.0,518.67,641.39,1581.07,1398.31,14.62,21.61,554.37,2387.99,9054.77,1.3,47.11,522.17,2387.99,8136.0,8.3607,0.03,392,2388,100.0,39.07,23.4582,231,202,Healthy,87.45,0
35,30,-0.0008,-0.0002,100.0,518.67,642.74,1586.94,1398.12,14.62,21.61,555.09,2388.01,9056.06,1.3,47.19,522.2,2387.98,8139.07,8.4299,0.03,390,2388,100.0,39.01,23.5265,231,201,Healthy,87.01,0
35,31,0.0003,-0.0004,100.0,518.67,641.97,1585.14,1392.51,14.62,21.61,555.3,2387.98,9050.4,1.3,46.99,522.89,2387.97,8146.37,8.399,0.03,391,2388,100.0,39.1,23.386,231,200,Healthy,86.58,0
35,32,-0.0011,0.0001,100.0,518.67,641.98,1588.36,1399.06,14.62,21.61,554.3,2388.0,9056.31,1.3,47.04,522.58,2387.91,8136.47,8.4036,0.03,392,2388,100.0,39.21,23.4019,231,199,Healthy,86.15,0
35,33,0.0012,0.0002,100.0,518.67,642.33,1584.72,1394.71,14.62,21.6,555.24,2388.02,9054.23,1.3,47.14,522.27,2388.04,8139.78,8.3963,0.03,391,2388,100.0,38.98,23.3595,231,198,Healthy,85.71,0
35,34,-0.0024,-0.0004,100.0,518.67,641.8,1582.23,1394.2,14.62,21.61,554.99,2387.98,9058.81,1.3,46.91,522.55,2387.97,8138.3,8.4188,0.03,391,2388,100.0,39.3,23.4679,231,197,Healthy,85.28,0
35,35,0.0069,0.0005,100.0,518.67,642.21,1586.59,1393.05,14.62,21.61,554.58,2388.02,9054.46,1.3,47.08,522.89,2388.03,8133.33,8.4148,0.03,390,2388,100.0,39.13,23.4625,231,196,Healthy,84.85,0
35,36,-0.0027,0.0001,100.0,518.67,642.01,1585.49,1400.45,14.62,21.61,554.69,2387.95,9053.92,1.3,46.96,522.6,2388.03,8140.65,8.3977,0.03,391,2388,100.0,39.15,23.4715,231,195,Healthy,84.42,0
35,37,0.0008,-0.0004,100.0,518.67,641.57,1580.0,1397.21,14.62,21.61,554.31,2388.02,9060.75,1.3,47.28,522.26,2388.04,8137.51,8.383,0.03,391,2388,100.0,39.08,23.442,231,194,Healthy,83.98,0
35,38,0.0026,-0.0003,100.0,518.67,641.92,1586.35,1394.62,14.62,21.61,554.35,2387.98,9062.59,1.3,47.11,522.28,2387.97,8138.98,8.363,0.03,391,2388,100.0,39.15,23.4776,231,193,Healthy,83.55,0
35,39,0.0023,-0.0001,100.0,518.67,642.36,1584.67,1402.04,14.62,21.61,554.25,2388.04,9058.86,1.3,47.17,522.99,2387.99,8141.49,8.4398,0.03,392,2388,100.0,39.03,23.3954,231,192,Healthy,83.12,0
35,40,-0.003,0.0003,100.0,518.67,642.1,1586.94,1390.7,14.62,21.61,554.55,2387.95,9047.17,1.3,47.18,522.42,2387.99,8139.03,8.3683,0.03,391,2388,100.0,39.17,23.3693,231,191,Healthy,82.68,0
35,41,-0.0025,-0.0,100.0,518.67,642.59,1580.79,1398.95,14.62,21.61,554.92,2387.99,9048.7,1.3,46.97,522.63,2387.97,8138.43,8.4155,0.03,391,2388,100.0,38.97,23.4982,231,190,Healthy,82.25,0
35,42,-0.0013,0.0001,100.0,518.67,641.71,1590.72,1385.79,14.62,21.61,554.65,2387.98,9062.52,1.3,47.26,522.17,2387.95,8138.73,8.3994,0.03,392,2388,100.0,38.74,23.4038,231,189,Healthy,81.82,0
35,43,0.0018,0.0005,100.0,518.67,641.52,1583.07,1400.04,14.62,21.61,554.17,2388.02,9056.03,1.3,47.13,522.94,2388.02,8142.2,8.3837,0.03,391,2388,100.0,39.04,23.3879,231,188,Healthy,81.39,0
35,44,0.0035,0.0003,100.0,518.67,642.08,1584.88,1400.81,14.62,21.61,554.43,2388.03,9062.96,1.3,47.01,522.92,2387.95,8147.1,8.4018,0.03,391,2388,100.0,39.07,23.3946,231,187,Healthy,80.95,0
35,45,-0.0017,0.0004,100.0,518.67,642.06,1592.08,1396.67,14.62,21.61,554.39,2388.01,9055.55,1.3,47.09,522.33,2388.04,8134.26,8.3833,0.03,392,2388,100.0,39.19,23.3548,231,186,Healthy,80.52,0
35,46,0.0033,0.0003,100.0,518.67,642.61,1574.96,1394.88,14.62,21.61,554.11,2388.0,9054.86,1.3,47.24,521.95,2388.03,8142.53,8.3809,0.03,390,2388,100.0,39.1,23.3807,231,185,Healthy,80.09,0
35,47,-0.0005,-0.0004,100.0,518.67,642.66,1580.4,1396.19,14.62,21.61,554.53,2388.02,9058.66,1.3,47.16,522.58,2388.02,8137.74,8.4145,0.03,392,2388,100.0,38.99,23.3601,231,184,Healthy,79.65,0
35,48,-0.0012,-0.0001,100.0,518.67,641.77,1584.54,1394.29,14.62,21.61,553.9,2388.03,9048.36,1.3,47.22,523.01,2388.04,8140.63,8.3763,0.03,391,2388,100.0,39.21,23.5273,231,183,Healthy,79.22,0
35,49,0.0031,-0.0003,100.0,518.67,642.59,1587.28,1393.79,14.62,21.61,554.91,2388.0,9061.4,1.3,47.04,522.28,2388.0,8141.66,8.3833,0.03,390,2388,100.0,39.02,23.3628,231,182,Healthy,78.79,0
35,50,-0.0006,-0.0001,100.0,518.67,641.81,1583.51,1397.29,14.62,21.61,554.76,2387.99,9056.59,1.3,47.2,522.29,2387.99,8138.12,8.3977,0.03,391,2388,100.0,39.07,23.4966,231,181,Healthy,78.35,0
36,1,-0.002,-0.0003,100.0,518.67,641.76,1589.65,1397.4,14.62,21.6,555.04,2387.99,9063.7,1.3,47.18,522.27,2387.99,8141.52,8.3956,0.03,392,2388,100.0,38.97,23.2915,324,323,Healthy,99.69,0
36,2,-0.0003,0.0004,100.0,518.67,641.85,1581.44,1400.97,14.62,21.61,554.95,2388.0,9056.68,1.3,47.35,522.1,2387.96,8145.82,8.4126,0.03,389,2388,100.0,38.84,23.4278,324,322,Healthy,99.38,0
36,3,-0.0002,-0.0001,100.0,518.67,642.18,1585.02,1391.62,14.62,21.61,554.96,2388.03,9065.11,1.3,47.32,522.65,2388.0,8143.93,8.3926,0.03,390,2388,100.0,39.14,23.5642,324,321,Healthy,99.07,0
36,4,-0.0001,-0.0002,100.0,518.67,641.84,1579.66,1406.05,14.62,21.61,554.38,2387.99,9063.11,1.3,47.17,522.71,2388.05,8146.73,8.416,0.03,391,2388,100.0,39.01,23.4396,324,320,Healthy,98.77,0
36,5,0.0021,0.0002,100.0,518.67,641.92,1581.88,1399.01,14.62,21.61,554.33,2388.02,9061.04,1.3,47.26,522.89,2387.99,8141.67,8.379,0.03,392,2388,100.0,39.02,23.5419,324,319,Healthy,98.46,0
36,6,-0.0001,0.0003,100.0,518.67,641.76,1579.77,1396.8,14.62,21.61,553.76,2388.01,9064.49,1.3,47.21,522.56,2388.04,8143.75,8.4098,0.03,393,2388,100.0,39.07,23.4174,324,318,Healthy,98.15,0
36,7,0.001,0.0003,100.0,518.67,642.06,1578.0,1397.78,14.62,21.61,554.47,2388.04,9068.84,1.3,47.13,522.35,2388.0,8150.94,8.3928,0.03,389,2388,100.0,39.11,23.3751,324,317,Healthy,97.84,0
36,8,-0.002,0.0002,100.0,518.67,642.22,1583.04,1400.91,14.62,21.61,554.22,2388.01,9067.23,1.3,47.09,522.11,2387.98,8143.33,8.4126,0.03,392,2388,100.0,38.88,23.4891,324,316,Healthy,97.53,0
36,9,-0.0013,-0.0001,100.0,518.67,641.91,1584.18,1396.33,14.62,21.61,554.97,2387.98,9061.33,1.3,47.11,522.19,2388.0,8141.83,8.4011,0.03,391,2388,100.0,38.98,23.3455,324,315,Healthy,97.22,0
36,10,0.0029,0.0003,100.0,518.67,641.66,1585.22,1401.79,14.62,21.61,554.8,2388.0,9064.43,1.3,47.12,522.19,2388.02,8141.21,8.396,0.03,391,2388,100.0,38.92,23.358,324,314,Healthy,96.91,0
36,11,-0.0016,0.0005,100.0,518.67,642.04,1584.82,1397.41,14.62,21.61,555.1,2388.05,9061.88,1.3,47.3,522.65,2388.08,8139.98,8.4356,0.03,390,2388,100.0,39.03,23.3715,324,313,Healthy,96.6,0
36,12,0.001,0.0005,100.0,518.67,642.11,1583.45,1396.13,14.62,21.61,554.52,2388.04,9066.47,1.3,47.23,522.48,2388.02,8149.91,8.45,0.03,393,2388,100.0,39.09,23.4053,324,312,Healthy,96.3,0
36,13,0.0049,0.0001,100.0,518.67,642.56,1585.82,1392.41,14.62,21.61,555.29,2387.99,9058.8,1.3,47.17,522.27,2387.96,8144.34,8.3905,0.03,390,2388,100.0,39.08,23.3534,324,311,Healthy,95.99,0
36,14,-0.0001,-0.0003,100.0,518.67,642.37,1575.64,1390.89,14.62,21.6,553.73,2387.91,9065.8,1.3,47.1,522.43,2388.0,8144.87,8.4278,0.03,392,2388,100.0,39.12,23.4639,324,310,Healthy,95.68,0
36,15,-0.0039,0.0005,100.0,518.67,641.83,1584.7,1395.86,14.62,21.61,554.35,2387.93,9061.36,1.3,47.19,522.79,2388.0,8150.35,8.3773,0.03,392,2388,100.0,39.07,23.5266,324,309,Healthy,95.37,0
36,16,0.0028,0.0002,100.0,518.67,642.27,1585.47,1400.28,14.62,21.61,554.46,2388.01,9052.92,1.3,47.15,522.66,2388.03,8139.48,8.3822,0.03,391,2388,100.0,38.97,23.5543,324,308,Healthy,95.06,0
36,17,-0.0026,0.0005,100.0,518.67,641.74,1581.53,1397.33,14.62,21.61,554.54,2388.02,9059.97,1.3,47.11,522.31,2388.0,8140.18,8.4123,0.03,390,2388,100.0,39.04,23.3244,324,307,Healthy,94.75,0
36,18,0.0038,-0.0001,100.0,518.67,641.96,1587.5,1396.98,14.62,21.61,555.14,2388.05,9063.82,1.3,47.14,522.01,2388.01,8142.65,8.3892,0.03,394,2388,100.0,38.96,23.4226,324,306,Healthy,94.44,0
36,19,-0.003,0.0,100.0,518.67,641.74,1577.15,1391.74,14.62,21.61,554.48,2388.03,9062.97,1.3,47.28,521.94,2387.98,8145.53,8.3676,0.03,391,2388,100.0,39.11,23.4234,324,305,Healthy,94.14,0
36,20,-0.0014,-0.0003,100.0,518.67,642.13,1584.1,1398.64,14.62,21.61,553.9,2387.96,9056.87,1.3,47.1,522.59,2387.97,8141.66,8.3918,0.03,392,2388,100.0,38.99,23.4172,324,304,Healthy,93.83,0
36,21,-0.0023,0.0004,100.0,518.67,642.33,1581.03,1400.06,14.62,21.61,554.6,2388.03,9058.76,1.3,47.25,522.19,2388.0,8135.7,8.3817,0.03,393,2388,100.0,39.07,23.3958,324,303,Healthy,93.52,0
36,22,0.0001,-0.0003,100.0,518.67,642.02,1585.28,1396.25,14.62,21.61,554.68,2387.97,9061.03,1.3,47.26,522.02,2387.96,8138.66,8.3993,0.03,391,2388,100.0,38.99,23.4783,324,302,Healthy,93.21,0
36,23,0.0005,0.0003,100.0,518.67,642.44,1578.2,1399.78,14.62,21.61,554.63,2388.03,9063.75,1.3,47.28,522.55,2387.96,8145.88,8.377,0.03,391,2388,100.0,39.03,23.3354,324,301,Healthy,92.9,0
36,24,-0.0023,-0.0001,100.0,518.67,642.05,1578.84,1401.56,14.62,21.61,555.04,2388.0,9059.53,1.3,47.38,522.71,2388.02,8142.69,8.4111,0.03,391,2388,100.0,38.95,23.4645,324,300,Healthy,92.59,0
36,25,0.0004,0.0002,100.0,518.67,642.29,1588.62,1396.54,14.62,21.61,554.49,2387.98,9054.5,1.3,47.19,522.77,2388.0,8140.57,8.3976,0.03,392,2388,100.0,38.98,23.3392,324,299,Healthy,92.28,0
36,26,-0.0007,-0.0,100.0,518.67,642.55,1579.68,1396.53,14.62,21.61,555.51,2388.05,9056.92,1.3,47.12,522.72,2388.02,8140.65,8.4332,0.03,391,2388,100.0,38.88,23.4482,324,298,Healthy,91.98,0
36,27,0.0017,0.0001,100.0,518.67,642.1,1580.04,1394.15,14.62,21.61,554.55,2387.91,9058.72,1.3,47.13,522.46,2388.04,8145.52,8.4079,0.03,390,2388,100.0,38.96,23.4611,324,297,Healthy,91.67,0
36,28,0.0034,-0.0,100.0,518.67,641.78,1586.93,1397.0,14.62,21.61,554.38,2388.02,9065.28,1.3,47.23,522.11,2387.97,8143.61,8.3661,0.03,392,2388,100.0,39.06,23.4118,324,296,Healthy,91.36,0
36,29,-0.0024,-0.0,100.0,518.67,642.01,1583.47,1395.19,14.62,21.61,554.56,2388.05,9060.82,1.3,47.23,522.24,2388.05,8147.49,8.4109,0.03,390,2388,100.0,39.26,23.5085,324,295,Healthy,91.05,0
36,30,-0.0017,0.0005,100.0,518.67,642.18,1579.29,1396.21,14.62,21.61,554.4,2387.93,9063.73,1.3,47.15,521.95,2388.01,8144.47,8.4292,0.03,391,2388,100.0,38.95,23.4209,324,294,Healthy,90.74,0
36,31,-0.0012,0.0005,100.0,518.67,642.16,1578.98,1394.34,14.62,21.61,554.26,2388.04,9060.9,1.3,47.28,521.92,2387.97,8142.5,8.377,0.03,391,2388,100.0,38.96,23.3404,324,293,Healthy,90.43,0
36,32,0.0048,0.0004,100.0,518.67,642.15,1590.01,1396.77,14.62,21.61,555.12,2388.0,9063.85,1.3,47.2,522.79,2387.97,8144.27,8.4006,0.03,391,2388,100.0,39.07,23.4364,324,292,Healthy,90.12,0
36,33,-0.0021,0.0005,100.0,518.67,642.08,1588.02,1393.43,14.62,21.61,555.06,2387.93,9061.3,1.3,47.07,522.22,2387.99,8143.58,8.4086,0.03,392,2388,100.0,39.08,23.3765,324,291,Healthy,89.81,0
36,34,0.0005,-0.0002,100.0,518.67,642.48,1586.49,1395.64,14.62,21.61,554.54,2387.99,9056.57,1.3,47.26,522.14,2388.05,8139.69,8.3989,0.03,389,2388,100.0,38.93,23.5325,324,290,Healthy,89.51,0
36,35,0.0015,-0.0002,100.0,518.67,641.88,1583.82,1397.32,14.62,21.61,554.17,2388.01,9057.87,1.3,46.94,522.35,2388.03,8146.73,8.4602,0.03,392,2388,100.0,39.02,23.3785,324,289,Healthy,89.2,0
36,36,0.0016,-0.0002,100.0,518.67,642.26,1585.77,1387.67,14.62,21.61,554.95,2388.07,9063.89,1.3,47.14,522.84,2388.01,8141.85,8.4285,0.03,393,2388,100.0,39.13,23.3051,324,288,Healthy,88.89,0
36,37,-0.0001,0.0003,100.0,518.67,642.25,1583.69,1395.17,14.62,21.61,554.44,2387.98,9059.08,1.3,47.19,522.39,2388.01,8140.69,8.3749,0.03,392,2388,100.0,39.14,23.4003,324,287,Healthy,88.58,0
36,38,-0.0028,-0.0004,100.0,518.67,642.32,1584.93,1395.98,14.62,21.6,554.02,2387.98,9060.03,1.3,47.22,522.45,2388.04,8141.48,8.3664,0.03,393,2388,100.0,39.08,23.393,324,286,Healthy,88.27,0
36,39,-0.0003,0.0001,100.0,518.67,642.31,1582.35,1397.31,14.62,21.61,554.7,2388.01,9060.05,1.3,47.23,522.45,2388.0,8148.89,8.3991,0.03,391,2388,100.0,39.03,23.4672,324,285,Healthy,87.96,0
36,40,-0.0012,0.0001,100.0,518.67,641.74,1584.9,1394.4,14.62,21.61,554.36,2388.05,9055.49,1.3,47.17,522.18,2388.0,8143.15,8.3928,0.03,390,2388,100.0,39.11,23.395,324,284,Healthy,87.65,0
36,41,-0.0003,0.0004,100.0,518.67,642.4,1586.72,1394.18,14.62,21.61,554.44,2387.99,9059.03,1.3,47.2,521.91,2387.98,8143.74,8.4008,0.03,392,2388,100.0,38.96,23.4827,324,283,Healthy,87.35,0
36,42,0.0007,0.0005,100.0,518.67,642.14,1590.44,1399.4,14.62,21.61,554.25,2388.03,9060.95,1.3,47.27,522.39,2387.99,8141.74,8.3998,0.03,392,2388,100.0,39.07,23.3056,324,282,Healthy,87.04,0
36,43,-0.0002,-0.0004,100.0,518.67,642.21,1584.09,1394.51,14.62,21.61,553.82,2388.03,9053.01,1.3,47.21,522.96,2388.01,8143.38,8.3576,0.03,392,2388,100.0,39.07,23.4272,324,281,Healthy,86.73,0
36,44,-0.0011,0.0005,100.0,518.67,642.12,1589.02,1407.13,14.62,21.61,554.2,2387.97,9063.75,1.3,47.26,522.1,2388.02,8148.62,8.3902,0.03,391,2388,100.0,38.94,23.3308,324,280,Healthy,86.42,0
36,45,-0.0045,0.0003,100.0,518.67,642.17,1580.98,1402.02,14.62,21.61,554.91,2388.05,9062.35,1.3,47.38,522.34,2387.98,8147.58,8.3807,0.03,391,2388,100.0,39.1,23.3914,324,279,Healthy,86.11,0
36,46,0.0005,-0.0002,100.0,518.67,642.53,1585.92,1404.19,14.62,21.61,554.6,2388.02,9059.75,1.3,47.07,522.41,2388.03,8144.67,8.3866,0.03,392,2388,100.0,38.91,23.3594,324,278,Healthy,85.8,0
36,47,0.0016,0.0001,100.0,518.67,642.6,1589.8,1395.18,14.62,21.61,554.1,2388.04,9060.64,1.3,47.1,521.85,2388.03,8143.69,8.3837,0.03,392,2388,100.0,39.01,23.4395,324,277,Healthy,85.49,0
36,48,-0.0016,0.0002,100.0,518.67,642.04,1589.12,1399.79,14.62,21.61,554.66,2387.97,9060.47,1.3,47.19,521.98,2387.98,8144.36,8.4133,0.03,392,2388,100.0,39.02,23.4926,324,276,Healthy,85.19,0
36,49,0.0018,0.0001,100.0,518.67,642.28,1587.5,1403.87,14.62,21.61,554.44,2387.96,9059.08,1.3,47.05,522.09,2387.95,8151.6,8.3693,0.03,391,2388,100.0,38.95,23.4479,324,275,Healthy,84.88,0
36,50,0.0019,-0.0001,100.0,518.67,641.93,1580.95,1389.44,14.62,21.61,555.02,2388.05,9062.25,1.3,47.18,522.53,2387.99,8144.6,8.3669,0.03,391,2388,100.0,39.16,23.4596,324,274,Healthy,84.57,0
37,1,0.0004,0.0004,100.0,518.67,642.36,1578.54,1394.15,14.62,21.59,553.39,2388.01,9044.09,1.3,46.92,521.57,2387.92,8136.35,8.4182,0.03,390,2388,100.0,38.97,23.3996,324,323,Healthy,99.69,0
37,2,-0.0016,-0.0004,100.0,518.67,641.32,1583.9,1396.04,14.62,21.59,553.76,2387.98,9047.11,1.3,47.11,521.42,2387.92,8133.06,8.3683,0.03,391,2388,100.0,39.04,23.4305,324,322,Healthy,99.38,0
37,3,-0.0004,0.0003,100.0,518.67,641.83,1585.15,1393.23,14.62,21.59,553.11,2387.92,9052.11,1.3,47.13,521.02,2388.01,8131.74,8.3433,0.03,391,2388,100.0,39.06,23.3175,324,321,Healthy,99.07,0
37,4,-0.0013,0.0002,100.0,518.67,642.11,1575.32,1394.64,14.62,21.59,552.79,2387.93,9040.16,1.3,46.92,521.03,2388.0,8130.85,8.3806,0.03,390,2388,100.0,38.84,23.4345,324,320,Healthy,98.77,0
37,5,0.0016,0.0002,100.0,518.67,642.3,1582.79,1391.52,14.62,21.59,553.92,2387.92,9048.07,1.3,46.95,521.54,2387.98,8134.99,8.3858,0.03,391,2388,100.0,38.92,23.3859,324,319,Healthy,98.46,0
37,6,0.0003,0.0003,100.0,518.67,642.09,1579.69,1391.31,14.62,21.59,553.4,2387.92,9045.29,1.3,47.02,520.26,2387.96,8133.09,8.3797,0.03,392,2388,100.0,39.08,23.382,324,318,Healthy,98.15,0
37,7,-0.0005,0.0002,100.0,518.67,642.04,1586.32,1396.28,14.62,21.59,552.52,2387.96,9044.98,1.3,46.99,521.53,2387.95,8126.53,8.3823,0.03,390,2388,100.0,39.05,23.3007,324,317,Healthy,97.84,0
37,8,0.0014,0.0001,100.0,518.67,641.97,1577.76,1392.5,14.62,21.59,552.95,2387.91,9050.62,1.3,47.19,520.95,2387.94,8130.06,8.4118,0.03,392,2388,100.0,38.97,23.389,324,316,Healthy,97.53,0
37,9,0.0007,0.0005,100.0,518.67,641.67,1589.07,1388.54,14.62,21.58,552.5,2387.92,9047.17,1.3,47.07,520.75,2387.88,8128.46,8.3887,0.03,391,2388,100.0,38.98,23.3115,324,315,Healthy,97.22,0
37,10,0.0008,0.0004,100.0,518.67,642.19,1583.07,1389.3,14.62,21.59,553.47,2387.97,9050.76,1.3,47.29,520.86,2387.96,8131.29,8.3753,0.03,390,2388,100.0,39.06,23.3466,324,314,Healthy,96.91,0
37,11,-0.0037,-0.0003,100.0,518.67,642.13,1585.3,1392.73,14.62,21.59,553.56,2387.95,9052.49,1.3,46.98,521.35,2388.03,8131.34,8.4134,0.03,389,2388,100.0,39.1,23.4069,324,313,Healthy,96.6,0
37,12,-0.0011,0.0002,100.0,518.67,641.93,1579.18,1395.53,14.62,21.59,552.68,2387.92,9050.22,1.3,47.05,521.35,2387.92,8134.23,8.4023,0.03,390,2388,100.0,39.19,23.3293,324,312,Healthy,96.3,0
37,13,0.0005,-0.0001,100.0,518.67,642.4,1585.12,1394.34,14.62,21.59,554.05,2387.89,9042.65,1.3,47.21,521.74,2387.99,8130.16,8.4123,0.03,389,2388,100.0,38.97,23.4912,324,311,Healthy,95.99,0
37,14,-0.0029,-0.0002,100.0,518.67,641.64,1577.89,1389.54,14.62,21.59,553.57,2387.94,9044.14,1.3,47.16,520.48,2387.97,8129.73,8.4012,0.03,390,2388,100.0,39.11,23.2999,324,310,Healthy,95.68,0
37,15,0.0031,-0.0003,100.0,518.67,641.7,1588.96,1392.84,14.62,21.59,553.29,2387.97,9044.29,1.3,47.08,521.18,2387.95,8133.98,8.4328,0.03,388,2388,100.0,38.91,23.4739,324,309,Healthy,95.37,0
37,16,-0.0024,0.0004,100.0,518.67,642.21,1583.48,1392.38,14.62,21.59,553.24,2387.92,9041.43,1.3,46.93,520.68,2387.93,8133.99,8.4011,0.03,391,2388,100.0,39.12,23.4028,324,308,Healthy,95.06,0
37,17,-0.0007,-0.0002,100.0,518.67,641.64,1580.61,1401.07,14.62,21.59,552.08,2387.96,9042.88,1.3,46.93,520.76,2387.9,8128.26,8.374,0.03,390,2388,100.0,38.99,23.3573,324,307,Healthy,94.75,0
37,18,-0.0042,0.0002,100.0,518.67,642.1,1588.05,1391.21,14.62,21.59,552.78,2387.96,9040.77,1.3,47.05,521.05,2387.89,8131.38,8.3725,0.03,390,2388,100.0,38.96,23.4864,324,306,Healthy,94.44,0
37,19,-0.0017,0.0004,100.0,518.67,641.81,1581.07,1390.78,14.62,21.59,552.93,2387.93,9046.68,1.3,47.0,520.67,2387.95,8135.88,8.396,0.03,389,2388,100.0,38.96,23.42,324,305,Healthy,94.14,0
37,20,-0.0001,0.0004,100.0,518.67,642.57,1576.06,1388.41,14.62,21.59,553.21,2387.89,9041.2,1.3,46.96,521.27,2387.94,8132.81,8.4027,0.03,390,2388,100.0,39.04,23.4048,324,304,Healthy,93.83,0
37,21,0.0015,-0.0002,100.0,518.67,642.02,1582.61,1391.45,14.62,21.59,553.7,2387.92,9044.69,1.3,47.17,521.41,2387.97,8132.0,8.4004,0.03,390,2388,100.0,39.0,23.3697,324,303,Healthy,93.52,0
37,22,0.0017,0.0003,100.0,518.67,641.42,1587.86,1388.41,14.62,21.59,552.5,2387.95,9050.31,1.3,47.01,521.51,2387.94,8133.66,8.411,0.03,391,2388,100.0,39.08,23.3238,324,302,Healthy,93.21,0
37,23,0.0027,0.0005,100.0,518.67,641.93,1581.64,1400.26,14.62,21.59,553.27,2387.98,9051.8,1.3,46.97,521.87,2387.98,8131.14,8.3628,0.03,391,2388,100.0,38.84,23.3293,324,301,Healthy,92.9,0
37,24,0.0026,0.0001,100.0,518.67,642.38,1573.97,1394.64,14.62,21.59,552.81,2387.94,9052.29,1.3,47.26,520.87,2387.97,8130.3,8.3914,0.03,390,2388,100.0,38.92,23.2705,324,300,Healthy,92.59,0
37,25,-0.0001,0.0005,100.0,518.67,641.76,1578.68,1396.28,14.62,21.59,552.98,2387.94,9049.61,1.3,47.0,521.87,2387.9,8129.84,8.3898,0.03,391,2388,100.0,39.02,23.4086,324,299,Healthy,92.28,0
37,26,-0.0015,-0.0003,100.0,518.67,642.52,1585.33,1395.85,14.62,21.58,551.56,2387.05,9043.64,1.3,47.41,519.4,2387.02,8122.32,8.4283,0.03,389,2388,100.0,38.75,23.3409,324,298,Healthy,91.98,0
37,27,-0.0014,0.0002,100.0,518.67,641.51,1579.0,1400.44,14.62,21.59,552.9,2387.89,9041.48,1.3,47.01,521.22,2387.94,8129.59,8.4174,0.03,391,2388,100.0,38.94,23.3923,324,297,Healthy,91.67,0
37,28,0.0024,0.0004,100.0,518.67,641.82,1585.99,1394.76,14.62,21.59,553.06,2388.01,9039.48,1.3,46.97,520.48,2387.97,8130.39,8.4022,0.03,390,2388,100.0,38.95,23.4661,324,296,Healthy,91.36,0
37,29,0.0006,0.0005,100.0,518.67,641.63,1581.38,1391.92,14.62,21.59,553.56,2388.01,9040.73,1.3,47.06,521.37,2387.93,8131.06,8.3664,0.03,390,2388,100.0,39.11,23.3224,324,295,Healthy,91.05,0
37,30,0.0015,0.0001,100.0,518.67,641.21,1576.36,1394.75,14.62,21.59,553.56,2387.98,9047.89,1.3,47.04,521.06,2387.95,8134.93,8.3621,0.03,390,2388,100.0,39.05,23.4598,324,294,Healthy,90.74,0
37,31,-0.0009,-0.0,100.0,518.67,642.1,1581.96,1388.96,14.62,21.59,553.28,2387.98,9042.26,1.3,46.83,521.12,2387.92,8132.15,8.3978,0.03,390,2388,100.0,39.08,23.3889,324,293,Healthy,90.43,0
37,32,0.0017,-0.0002,100.0,518.67,641.58,1585.04,1377.06,14.62,21.59,553.2,2387.94,9047.1,1.3,47.1,520.96,2387.91,8129.86,8.4145,0.03,392,2388,100.0,38.86,23.4262,324,292,Healthy,90.12,0
37,33,0.0016,0.0001,100.0,518.67,642.14,1578.06,1390.18,14.62,21.59,553.44,2387.95,9048.84,1.3,47.09,521.89,2387.97,8133.35,8.4032,0.03,391,2388,100.0,39.07,23.5002,324,291,Healthy,89.81,0
37,34,-0.0008,-0.0004,100.0,518.67,641.89,1585.45,1400.32,14.62,21.59,553.18,2387.95,9053.59,1.3,46.94,521.23,2387.99,8134.51,8.4417,0.03,392,2388,100.0,39.01,23.4447,324,290,Healthy,89.51,0
37,35,0.0032,-0.0004,100.0,518.67,641.38,1580.42,1395.98,14.62,21.59,553.35,2388.0,9045.32,1.3,46.96,520.73,2387.95,8135.48,8.4206,0.03,390,2388,100.0,38.97,23.3317,324,289,Healthy,89.2,0
37,36,0.0011,0.0002,100.0,518.67,641.58,1582.45,1395.1,14.62,21.59,553.35,2387.93,9050.77,1.3,47.0,520.95,2387.96,8134.49,8.3988,0.03,391,2388,100.0,38.9,23.3971,324,288,Healthy,88.89,0
37,37,0.0006,-0.0003,100.0,518.67,641.95,1582.41,1392.6,14.62,21.59,552.23,2387.97,9044.18,1.3,47.03,520.8,2387.95,8132.72,8.4184,0.03,391,2388,100.0,38.83,23.4237,324,287,Healthy,88.58,0
37,38,0.0029,0.0003,100.0,518.67,641.87,1576.92,1390.58,14.62,21.59,553.89,2387.97,9045.08,1.3,47.03,521.65,2387.94,8136.17,8.3909,0.03,390,2388,100.0,39.19,23.4525,324,286,Healthy,88.27,0
37,39,-0.0003,0.0005,100.0,518.67,642.59,1582.66,1390.0,14.62,21.59,553.18,2388.0,9040.33,1.3,47.11,521.15,2387.94,8135.22,8.3596,0.03,391,2388,100.0,38.96,23.2761,324,285,Healthy,87.96,0
37,40,-0.0007,-0.0,100.0,518.67,641.98,1580.04,1397.45,14.62,21.59,553.15,2387.95,9048.2,1.3,46.94,521.25,2387.98,8140.1,8.4189,0.03,390,2388,100.0,38.89,23.3303,324,284,Healthy,87.65,0
37,41,0.0003,0.0004,100.0,518.67,641.21,1579.8,1387.7,14.62,21.59,553.65,2387.94,9050.95,1.3,47.12,520.47,2387.94,8131.9,8.4123,0.03,391,2388,100.0,38.97,23.4484,324,283,Healthy,87.35,0
37,42,-0.0007,-0.0005,100.0,518.67,642.14,1572.78,1397.54,14.62,21.59,552.88,2387.87,9051.32,1.3,47.09,520.91,2387.94,8127.61,8.3808,0.03,391,2388,100.0,38.9,23.3927,324,282,Healthy,87.04,0
37,43,-0.0033,-0.0,100.0,518.67,642.02,1578.91,1390.01,14.62,21.59,552.48,2387.94,9046.43,1.3,46.92,520.89,2387.93,8133.03,8.3639,0.03,390,2388,100.0,39.05,23.4179,324,281,Healthy,86.73,0
37,44,0.0033,-0.0003,100.0,518.67,642.26,1576.47,1388.29,14.62,21.59,554.17,2387.91,9047.53,1.3,46.94,521.34,2387.91,8137.24,8.3604,0.03,390,2388,100.0,39.04,23.4238,324,280,Healthy,86.42,0
37,45,-0.0019,0.0005,100.0,518.67,641.28,1579.19,1397.01,14.62,21.59,553.23,2388.03,9039.85,1.3,46.91,521.4,2387.92,8133.94,8.3886,0.03,390,2388,100.0,38.87,23.4154,324,279,Healthy,86.11,0
37,46,0.0019,-0.0003,100.0,518.67,642.2,1579.15,1398.44,14.62,21.59,553.58,2387.95,9044.32,1.3,47.04,521.46,2387.95,8127.64,8.4084,0.03,392,2388,100.0,38.91,23.4885,324,278,Healthy,85.8,0
37,47,0.0005,-0.0001,100.0,518.67,641.75,1578.66,1386.05,14.62,21.59,552.9,2387.94,9055.66,1.3,47.08,521.13,2387.94,8130.93,8.4213,0.03,391,2388,100.0,38.76,23.4514,324,277,Healthy,85.49,0
37,48,-0.0021,-0.0005,100.0,518.67,642.0,1584.26,1397.49,14.62,21.59,553.87,2387.92,9047.62,1.3,47.21,521.3,2387.94,8132.37,8.3981,0.03,391,2388,100.0,39.16,23.4841,324,276,Healthy,85.19,0
37,49,-0.0047,-0.0004,100.0,518.67,642.28,1579.62,1391.38,14.62,21.59,553.91,2387.92,9052.24,1.3,47.15,521.05,2387.95,8135.49,8.3968,0.03,390,2388,100.0,39.07,23.4325,324,275,Healthy,84.88,0
37,50,-0.0013,0.0003,100.0,518.67,642.5,1580.44,1391.09,14.62,21.59,552.46,2387.95,9045.94,1.3,46.9,521.61,2388.0,8128.66,8.4043,0.03,390,2388,100.0,39.02,23.4145,324,274,Healthy,84.57,0
38,1,-0.0032,-0.0003,100.0,518.67,642.22,1589.47,1393.8,14.62,21.6,555.88,2388.06,9055.43,1.3,47.07,523.62,2388.08,8140.48,8.366,0.03,391,2388,100.0,39.23,23.531,201,200,Healthy,99.5,0
38,2,-0.0026,0.0005,100.0,518.67,642.36,1579.56,1396.07,14.62,21.6,555.49,2388.01,9051.92,1.3,47.09,523.42,2388.05,8134.72,8.3967,0.03,392,2388,100.0,38.91,23.4938,201,199,Healthy,99.0,0
38,3,-0.0002,0.0005,100.0,518.67,642.39,1581.48,1397.28,14.62,21.6,555.28,2388.02,9058.67,1.3,47.24,523.06,2388.01,8140.34,8.4053,0.03,390,2388,100.0,39.09,23.5387,201,198,Healthy,98.51,0
38,4,-0.0009,0.0,100.0,518.67,642.26,1583.94,1397.42,14.62,21.61,555.24,2388.05,9058.17,1.3,46.92,523.65,2388.08,8133.28,8.3563,0.03,392,2388,100.0,39.18,23.437,201,197,Healthy,98.01,0
38,5,-0.0012,0.0005,100.0,518.67,641.86,1578.71,1393.3,14.62,21.61,555.27,2388.02,9054.95,1.3,47.06,523.44,2387.99,8139.88,8.3693,0.03,392,2388,100.0,38.86,23.3896,201,196,Healthy,97.51,0
38,6,-0.002,-0.0003,100.0,518.67,641.66,1585.28,1394.07,14.62,21.61,555.32,2387.99,9051.76,1.3,47.23,523.29,2388.0,8140.69,8.3675,0.03,392,2388,100.0,38.96,23.4535,201,195,Healthy,97.01,0
38,7,-0.0015,0.0005,100.0,518.67,642.25,1580.92,1397.19,14.62,21.61,555.12,2388.05,9046.99,1.3,47.27,523.61,2388.05,8135.86,8.3889,0.03,391,2388,100.0,39.27,23.5163,201,194,Healthy,96.52,0
38,8,0.0031,0.0003,100.0,518.67,641.83,1584.72,1391.35,14.62,21.6,554.79,2388.03,9047.96,1.3,47.3,522.85,2388.0,8136.08,8.4246,0.03,392,2388,100.0,39.09,23.5706,201,193,Healthy,96.02,0
38,9,-0.0029,-0.0002,100.0,518.67,641.91,1580.43,1400.3,14.62,21.6,556.02,2387.99,9059.21,1.3,47.09,523.17,2388.05,8137.47,8.3589,0.03,391,2388,100.0,38.9,23.4302,201,192,Healthy,95.52,0
38,10,0.0002,-0.0001,100.0,518.67,642.02,1584.92,1394.83,14.62,21.6,555.4,2388.03,9058.33,1.3,47.0,523.37,2388.01,8138.39,8.4071,0.03,391,2388,100.0,39.25,23.3807,201,191,Healthy,95.02,0
38,11,0.0016,-0.0002,100.0,518.67,642.02,1580.75,1394.15,14.62,21.6,555.59,2388.04,9063.29,1.3,47.35,523.34,2388.03,8138.66,8.3853,0.03,392,2388,100.0,38.99,23.4964,201,190,Healthy,94.53,0
38,12,-0.0016,-0.0004,100.0,518.67,641.66,1582.28,1397.75,14.62,21.61,555.92,2388.07,9060.51,1.3,47.27,523.31,2387.99,8136.95,8.3676,0.03,391,2388,100.0,39.03,23.5761,201,189,Healthy,94.03,0
38,13,-0.0032,-0.0004,100.0,518.67,642.37,1587.2,1402.32,14.62,21.61,555.26,2388.01,9061.63,1.3,47.01,523.06,2388.04,8145.51,8.3496,0.03,390,2388,100.0,38.96,23.4505,201,188,Healthy,93.53,0
38,14,-0.0037,0.0001,100.0,518.67,641.65,1590.08,1393.75,14.62,21.6,554.88,2388.0,9053.78,1.3,47.35,523.79,2388.01,8141.43,8.397,0.03,389,2388,100.0,38.97,23.5439,201,187,Healthy,93.03,0
38,15,-0.0002,0.0001,100.0,518.67,641.97,1585.1,1394.78,14.62,21.61,554.89,2388.02,9062.72,1.3,47.15,523.35,2388.02,8138.95,8.4204,0.03,389,2388,100.0,38.98,23.4216,201,186,Healthy,92.54,0
38,16,0.0009,0.0003,100.0,518.67,642.41,1585.09,1399.09,14.62,21.6,555.01,2388.0,9061.37,1.3,47.04,523.22,2387.98,8136.33,8.3577,0.03,391,2388,100.0,38.97,23.3928,201,185,Healthy,92.04,0
38,17,-0.0025,-0.0003,100.0,518.67,641.94,1586.92,1393.4,14.62,21.6,554.76,2388.02,9061.16,1.3,47.28,522.96,2387.95,8140.83,8.3982,0.03,392,2388,100.0,39.14,23.3862,201,184,Healthy,91.54,0
38,18,0.0028,0.0003,100.0,518.67,641.88,1586.61,1394.23,14.62,21.61,555.36,2388.04,9052.53,1.3,47.34,522.93,2388.07,8142.78,8.4097,0.03,392,2388,100.0,39.05,23.4327,201,183,Healthy,91.04,0
38,19,-0.0005,-0.0001,100.0,518.67,641.81,1582.34,1400.42,14.62,21.61,555.42,2388.04,9050.08,1.3,47.18,522.64,2388.05,8136.31,8.3633,0.03,390,2388,100.0,39.07,23.4357,201,182,Healthy,90.55,0
38,20,-0.0014,-0.0002,100.0,518.67,642.74,1581.34,1396.58,14.62,21.61,556.1,2388.0,9055.08,1.3,47.28,523.89,2388.04,8137.35,8.3821,0.03,391,2388,100.0,39.0,23.4671,201,181,Healthy,90.05,0
38,21,0.0019,-0.0001,100.0,518.67,641.87,1585.16,1397.6,14.62,21.61,556.01,2388.05,9058.23,1.3,47.22,523.02,2388.02,8138.65,8.3653,0.03,391,2388,100.0,39.15,23.5046,201,180,Healthy,89.55,0
38,22,0.0021,0.0003,100.0,518.67,642.28,1584.22,1384.07,14.62,21.61,555.9,2388.05,9049.3,1.3,47.03,523.53,2388.03,8138.78,8.3764,0.03,392,2388,100.0,39.09,23.5002,201,179,Healthy,89.05,0
38,23,-0.0032,-0.0004,100.0,518.67,642.1,1581.9,1387.33,14.62,21.61,554.88,2388.08,9054.3,1.3,47.2,523.3,2388.04,8143.69,8.3294,0.03,390,2388,100.0,39.01,23.4678,201,178,Healthy,88.56,0
38,24,0.003,-0.0002,100.0,518.67,641.73,1582.67,1398.74,14.62,21.6,555.68,2388.04,9056.83,1.3,47.03,522.86,2388.01,8139.21,8.4055,0.03,390,2388,100.0,39.16,23.465,201,177,Healthy,88.06,0
38,25,0.0025,0.0001,100.0,518.67,642.16,1579.68,1396.86,14.62,21.61,555.28,2388.05,9053.56,1.3,47.19,523.43,2388.0,8140.2,8.4092,0.03,391,2388,100.0,39.25,23.4457,201,176,Healthy,87.56,0
38,26,-0.0008,-0.0004,100.0,518.67,641.8,1581.2,1393.47,14.62,21.6,555.46,2388.01,9051.86,1.3,47.17,523.1,2387.98,8142.42,8.3847,0.03,391,2388,100.0,39.11,23.4576,201,175,Healthy,87.06,0
38,27,-0.0012,-0.0,100.0,518.67,642.45,1580.71,1404.05,14.62,21.61,555.99,2388.01,9061.53,1.3,47.39,523.82,2388.02,8137.15,8.4032,0.03,392,2388,100.0,39.23,23.4927,201,174,Healthy,86.57,0
38,28,-0.001,0.0003,100.0,518.67,642.38,1587.84,1395.52,14.62,21.61,555.96,2388.07,9055.51,1.3,47.2,523.57,2388.05,8137.2,8.3736,0.03,391,2388,100.0,39.14,23.4,201,173,Healthy,86.07,0
38,29,0.0025,-0.0005,100.0,518.67,641.96,1581.67,1395.63,14.62,21.6,555.96,2387.97,9060.31,1.3,47.18,523.61,2388.04,8138.87,8.3732,0.03,391,2388,100.0,39.01,23.5612,201,172,Healthy,85.57,0
38,30,0.0003,0.0002,100.0,518.67,642.08,1580.94,1399.13,14.62,21.61,555.07,2388.04,9053.77,1.3,47.27,524.15,2388.05,8139.45,8.3815,0.03,392,2388,100.0,39.15,23.5762,201,171,Healthy,85.07,0
38,31,0.0026,0.0004,100.0,518.67,642.1,1581.48,1390.92,14.62,21.61,555.59,2388.05,9063.16,1.3,47.13,523.17,2387.98,8141.6,8.3999,0.03,391,2388,100.0,39.02,23.4415,201,170,Healthy,84.58,0
38,32,0.0047,0.0001,100.0,518.67,641.31,1586.87,1391.41,14.62,21.6,555.43,2388.04,9052.47,1.3,47.17,522.98,2388.02,8134.42,8.4155,0.03,393,2388,100.0,39.02,23.4473,201,169,Healthy,84.08,0
38,33,-0.0026,-0.0001,100.0,518.67,642.24,1579.66,1401.13,14.62,21.6,556.06,2388.03,9048.55,1.3,47.33,522.97,2388.0,8136.84,8.3677,0.03,389,2388,100.0,39.13,23.3658,201,168,Healthy,83.58,0
38,34,-0.0006,0.0004,100.0,518.67,642.11,1583.93,1393.08,14.62,21.61,556.44,2388.0,9054.38,1.3,47.24,523.52,2388.01,8142.97,8.3547,0.03,392,2388,100.0,38.97,23.5518,201,167,Healthy,83.08,0
38,35,-0.0025,0.0001,100.0,518.67,642.06,1584.21,1400.26,14.62,21.6,554.97,2388.04,9057.17,1.3,47.26,523.54,2388.02,8138.21,8.3706,0.03,392,2388,100.0,39.05,23.5743,201,166,Healthy,82.59,0
38,36,0.0016,0.0005,100.0,518.67,642.38,1580.6,1391.43,14.62,21.6,555.77,2388.02,9050.16,1.3,47.17,523.39,2388.01,8143.46,8.361,0.03,392,2388,100.0,39.28,23.3798,201,165,Healthy,82.09,0
38,37,0.0006,-0.0003,100.0,518.67,641.96,1582.59,1397.65,14.62,21.6,555.38,2388.05,9054.7,1.3,47.31,523.42,2388.02,8137.9,8.3587,0.03,393,2388,100.0,39.08,23.4959,201,164,Healthy,81.59,0
38,38,-0.0031,-0.0005,100.0,518.67,641.7,1587.42,1398.62,14.62,21.6,555.86,2388.02,9061.15,1.3,47.3,523.34,2388.03,8139.91,8.3723,0.03,391,2388,100.0,39.1,23.4844,201,163,Healthy,81.09,0
38,39,0.0019,0.0003,100.0,518.67,641.81,1581.34,1399.76,14.62,21.61,555.8,2388.04,9059.86,1.3,47.07,523.11,2388.05,8138.35,8.4422,0.03,391,2388,100.0,39.16,23.392,201,162,Healthy,80.6,0
38,40,-0.003,-0.0,100.0,518.67,642.51,1584.26,1399.52,14.62,21.6,555.66,2388.01,9053.78,1.3,47.25,523.45,2387.99,8137.37,8.3419,0.03,392,2388,100.0,39.16,23.4493,201,161,Healthy,80.1,0
38,41,0.0023,0.0001,100.0,518.67,642.23,1590.39,1391.24,14.62,21.6,555.88,2388.06,9057.55,1.3,47.21,523.47,2388.04,8140.01,8.3522,0.03,391,2388,100.0,39.01,23.4447,201,160,Healthy,79.6,0
38,42,-0.0009,0.0005,100.0,518.67,642.3,1586.02,1396.1,14.62,21.6,556.29,2388.0,9060.68,1.3,47.01,523.8,2388.05,8139.76,8.3651,0.03,392,2388,100.0,39.15,23.3443,201,159,Healthy,79.1,0
38,43,-0.003,-0.0005,100.0,518.67,642.0,1587.71,1391.46,14.62,21.6,555.7,2388.01,9046.8,1.3,47.28,523.24,2388.04,8137.72,8.364,0.03,392,2388,100.0,39.15,23.5226,201,158,Healthy,78.61,0
38,44,0.0012,-0.0003,100.0,518.67,642.14,1578.15,1398.08,14.62,21.61,555.33,2388.03,9064.16,1.3,47.19,523.44,2388.03,8133.46,8.3822,0.03,392,2388,100.0,39.17,23.4017,201,157,Healthy,78.11,0
38,45,0.0049,0.0001,100.0,518.67,641.99,1586.88,1402.55,14.62,21.6,555.66,2388.04,9056.85,1.3,47.29,523.41,2388.05,8140.2,8.397,0.03,392,2388,100.0,39.17,23.4442,201,156,Healthy,77.61,0
38,46,0.0027,0.0004,100.0,518.67,641.88,1587.3,1398.26,14.62,21.61,555.09,2388.04,9061.07,1.3,47.18,523.77,2388.1,8144.87,8.3516,0.03,391,2388,100.0,39.18,23.3847,201,155,Healthy,77.11,0
38,47,0.0021,-0.0,100.0,518.67,641.87,1582.02,1398.58,14.62,21.6,556.34,2387.99,9054.94,1.3,47.18,523.9,2388.02,8142.66,8.3723,0.03,392,2388,100.0,39.16,23.6141,201,154,Healthy,76.62,0
38,48,-0.0012,0.0002,100.0,518.67,641.77,1585.51,1397.46,14.62,21.61,555.24,2388.05,9063.55,1.3,47.39,523.11,2388.0,8139.78,8.3956,0.03,393,2388,100.0,39.29,23.4138,201,153,Healthy,76.12,0
38,49,0.0011,0.0001,100.0,518.67,642.02,1586.84,1398.31,14.62,21.6,555.86,2387.96,9056.08,1.3,47.01,523.41,2388.04,8139.99,8.3795,0.03,389,2388,100.0,39.08,23.4051,201,152,Healthy,75.62,0
38,50,0.0013,0.0003,100.0,518.67,641.69,1585.9,1399.78,14.62,21.6,555.64,2388.04,9049.84,1.3,47.33,523.78,2387.98,8142.51,8.355,0.03,393,2388,100.0,39.13,23.5197,201,151,Healthy,75.12,0
39,1,0.002,0.0002,100.0,518.67,642.24,1575.31,1392.41,14.62,21.6,554.26,2387.96,9045.03,1.3,47.07,522.33,2388.03,8133.45,8.4017,0.03,392,2388,100.0,38.78,23.2648,288,287,Healthy,99.65,0
39,2,0.0014,-0.0005,100.0,518.67,642.04,1584.35,1393.7,14.62,21.6,554.21,2388.0,9052.39,1.3,47.01,521.7,2388.01,8141.6,8.3896,0.03,391,2388,100.0,38.97,23.3805,288,286,Healthy,99.31,0
39,3,0.0027,-0.0005,100.0,518.67,641.71,1583.12,1395.84,14.62,21.6,553.25,2387.95,9046.83,1.3,46.85,521.98,2387.95,8134.34,8.3924,0.03,391,2388,100.0,38.97,23.3902,288,285,Healthy,98.96,0
39,4,0.0012,-0.0005,100.0,518.67,641.98,1590.98,1394.15,14.62,21.6,554.24,2388.03,9049.41,1.3,47.12,522.42,2387.98,8134.54,8.3723,0.03,390,2388,100.0,39.07,23.4972,288,284,Healthy,98.61,0
39,5,-0.0037,-0.0002,100.0,518.67,641.46,1578.8,1395.78,14.62,21.6,554.62,2387.97,9044.39,1.3,47.21,522.98,2387.99,8132.56,8.4284,0.03,392,2388,100.0,39.02,23.3549,288,283,Healthy,98.26,0
39,6,0.0007,0.0002,100.0,518.67,641.96,1582.29,1391.12,14.62,21.6,553.06,2387.96,9048.1,1.3,47.13,522.56,2387.98,8133.35,8.3642,0.03,391,2388,100.0,39.15,23.444,288,282,Healthy,97.92,0
39,7,0.0043,-0.0003,100.0,518.67,642.08,1587.37,1397.84,14.62,21.6,554.59,2388.0,9046.74,1.3,47.01,522.54,2387.97,8132.5,8.3988,0.03,391,2388,100.0,38.88,23.3841,288,281,Healthy,97.57,0
39,8,-0.003,0.0004,100.0,518.67,641.81,1582.09,1389.69,14.62,21.6,554.16,2387.97,9055.51,1.3,47.18,521.59,2387.96,8135.54,8.4271,0.03,391,2388,100.0,39.0,23.4251,288,280,Healthy,97.22,0
39,9,0.0036,0.0004,100.0,518.67,642.13,1579.17,1397.2,14.62,21.6,553.86,2387.97,9053.02,1.3,47.02,522.28,2388.0,8133.36,8.4228,0.03,391,2388,100.0,39.16,23.4013,288,279,Healthy,96.88,0
39,10,-0.0012,-0.0004,100.0,518.67,642.45,1587.9,1394.16,14.62,21.6,555.16,2388.0,9049.03,1.3,47.14,522.32,2388.05,8136.47,8.4182,0.03,392,2388,100.0,39.22,23.5242,288,278,Healthy,96.53,0
39,11,0.0022,-0.0003,100.0,518.67,642.68,1574.26,1400.01,14.62,21.6,554.24,2387.98,9054.42,1.3,47.23,522.08,2387.95,8131.68,8.4006,0.03,389,2388,100.0,38.82,23.4231,288,277,Healthy,96.18,0
39,12,-0.0025,0.0004,100.0,518.67,642.57,1589.38,1401.23,14.62,21.6,554.02,2387.97,9048.86,1.3,46.85,522.05,2388.0,8132.44,8.4154,0.03,391,2388,100.0,39.06,23.4147,288,276,Healthy,95.83,0
39,13,-0.0004,0.0001,100.0,518.67,642.43,1584.23,1391.27,14.62,21.6,554.45,2387.96,9055.35,1.3,47.13,521.95,2387.98,8135.99,8.4095,0.03,391,2388,100.0,39.28,23.4867,288,275,Healthy,95.49,0
39,14,-0.0004,-0.0001,100.0,518.67,642.02,1585.9,1394.02,14.62,21.6,554.22,2388.0,9048.47,1.3,47.13,521.32,2387.99,8135.04,8.4136,0.03,389,2388,100.0,39.11,23.4466,288,274,Healthy,95.14,0
39,15,-0.0017,0.0002,100.0,518.67,642.13,1587.76,1391.33,14.62,21.6,554.22,2387.96,9041.3,1.3,47.06,522.06,2387.91,8135.33,8.3901,0.03,392,2388,100.0,39.1,23.4022,288,273,Healthy,94.79,0
39,16,0.0006,0.0003,100.0,518.67,641.81,1574.81,1387.07,14.62,21.6,553.73,2388.06,9051.04,1.3,47.17,522.1,2388.0,8134.11,8.3419,0.03,391,2388,100.0,39.06,23.4693,288,272,Healthy,94.44,0
39,17,0.0054,-0.0001,100.0,518.67,642.03,1580.51,1398.11,14.62,21.6,554.24,2387.93,9042.83,1.3,47.15,521.56,2388.01,8135.31,8.3994,0.03,390,2388,100.0,39.05,23.3956,288,271,Healthy,94.1,0
39,18,0.0018,-0.0003,100.0,518.67,641.97,1576.5,1387.55,14.62,21.6,554.36,2387.97,9051.54,1.3,47.11,522.08,2387.93,8133.05,8.3676,0.03,390,2388,100.0,39.22,23.5547,288,270,Healthy,93.75,0
39,19,0.0023,0.0004,100.0,518.67,642.14,1584.05,1391.64,14.62,21.6,554.12,2387.97,9051.91,1.3,47.19,521.63,2388.0,8133.7,8.3599,0.03,390,2388,100.0,39.02,23.4863,288,269,Healthy,93.4,0
39,20,-0.0001,-0.0001,100.0,518.67,641.54,1580.78,1398.31,14.62,21.6,554.36,2387.95,9042.48,1.3,47.21,521.95,2387.98,8134.59,8.3923,0.03,391,2388,100.0,38.99,23.4737,288,268,Healthy,93.06,0
39,21,-0.0014,0.0002,100.0,518.67,641.85,1580.71,1388.55,14.62,21.6,554.08,2387.93,9046.7,1.3,47.07,521.71,2387.92,8139.44,8.3691,0.03,390,2388,100.0,39.05,23.2922,288,267,Healthy,92.71,0
39,22,0.0031,-0.0004,100.0,518.67,641.94,1572.19,1393.76,14.62,21.6,554.26,2387.99,9052.99,1.3,47.25,522.17,2387.94,8135.93,8.4003,0.03,392,2388,100.0,39.02,23.5353,288,266,Healthy,92.36,0
39,23,-0.0012,0.0003,100.0,518.67,642.22,1584.32,1395.56,14.62,21.6,554.19,2387.96,9052.79,1.3,47.26,522.25,2387.97,8132.94,8.4042,0.03,390,2388,100.0,39.05,23.5572,288,265,Healthy,92.01,0
39,24,0.0021,-0.0,100.0,518.67,642.22,1577.56,1394.12,14.62,21.6,554.91,2388.02,9048.79,1.3,47.12,521.85,2387.99,8137.08,8.3818,0.03,392,2388,100.0,39.08,23.4775,288,264,Healthy,91.67,0
39,25,0.0008,0.0001,100.0,518.67,641.88,1585.52,1401.0,14.62,21.6,554.64,2388.0,9042.86,1.3,47.13,521.89,2387.95,8135.62,8.4376,0.03,390,2388,100.0,39.02,23.435,288,263,Healthy,91.32,0
39,26,-0.0008,-0.0001,100.0,518.67,642.38,1584.2,1390.34,14.62,21.6,554.54,2388.01,9050.42,1.3,47.03,522.49,2387.95,8140.11,8.402,0.03,390,2388,100.0,39.1,23.5779,288,262,Healthy,90.97,0
39,27,0.0022,0.0004,100.0,518.67,641.88,1585.45,1394.97,14.62,21.6,554.07,2387.97,9051.03,1.3,47.08,522.11,2387.98,8134.93,8.3634,0.03,391,2388,100.0,39.05,23.4345,288,261,Healthy,90.62,0
39,28,0.0035,-0.0004,100.0,518.67,641.99,1582.22,1389.78,14.62,21.6,553.93,2387.96,9044.59,1.3,47.21,521.56,2388.0,8132.02,8.4158,0.03,391,2388,100.0,39.17,23.347,288,260,Healthy,90.28,0
39,29,-0.002,0.0003,100.0,518.67,641.94,1582.29,1394.79,14.62,21.6,554.16,2387.93,9053.62,1.3,47.15,521.99,2388.03,8133.8,8.4353,0.03,392,2388,100.0,39.0,23.4578,288,259,Healthy,89.93,0
39,30,0.0015,0.0005,100.0,518.67,642.24,1580.33,1392.8,14.62,21.6,553.86,2388.0,9054.46,1.3,46.96,522.28,2387.98,8128.86,8.3704,0.03,389,2388,100.0,38.95,23.4827,288,258,Healthy,89.58,0
39,31,0.001,0.0002,100.0,518.67,642.18,1592.45,1396.14,14.62,21.6,553.68,2387.94,9054.13,1.3,47.05,522.3,2387.96,8136.59,8.3966,0.03,390,2388,100.0,39.03,23.3806,288,257,Healthy,89.24,0
39,32,-0.0,0.0005,100.0,518.67,641.65,1583.42,1394.49,14.62,21.6,553.9,2387.98,9050.72,1.3,46.86,522.34,2388.03,8139.93,8.3787,0.03,390,2388,100.0,39.11,23.413,288,256,Healthy,88.89,0
39,33,-0.0033,-0.0001,100.0,518.67,641.91,1585.02,1395.56,14.62,21.6,554.06,2387.95,9053.47,1.3,47.17,521.68,2388.04,8129.93,8.3884,0.03,392,2388,100.0,39.13,23.5056,288,255,Healthy,88.54,0
39,34,-0.0007,0.0005,100.0,518.67,641.68,1582.08,1398.12,14.62,21.6,554.16,2387.99,9040.82,1.3,47.14,522.13,2388.0,8133.6,8.3846,0.03,391,2388,100.0,39.2,23.393,288,254,Healthy,88.19,0
39,35,-0.0001,0.0005,100.0,518.67,642.66,1583.54,1395.85,14.62,21.6,554.0,2387.98,9047.83,1.3,47.03,522.09,2388.0,8131.07,8.431,0.03,390,2388,100.0,39.13,23.4903,288,253,Healthy,87.85,0
39,36,0.0024,-0.0001,100.0,518.67,641.96,1592.14,1403.44,14.62,21.6,553.87,2388.0,9054.89,1.3,47.02,522.02,2387.92,8138.89,8.3917,0.03,392,2388,100.0,38.94,23.459,288,252,Healthy,87.5,0
39,37,0.0038,-0.0004,100.0,518.67,642.25,1581.54,1387.95,14.62,21.6,554.55,2388.02,9059.6,1.3,46.88,521.52,2387.96,8131.77,8.4271,0.03,392,2388,100.0,39.16,23.4477,288,251,Healthy,87.15,0
39,38,-0.0021,0.0004,100.0,518.67,642.12,1579.05,1400.26,14.62,21.6,554.46,2387.97,9047.99,1.3,47.13,521.67,2387.95,8135.78,8.3952,0.03,391,2388,100.0,39.04,23.3641,288,250,Healthy,86.81,0
39,39,-0.0028,-0.0,100.0,518.67,641.9,1584.26,1393.99,14.62,21.61,554.36,2388.02,9046.14,1.3,47.22,522.47,2387.96,8139.0,8.3918,0.03,392,2388,100.0,39.13,23.5389,288,249,Healthy,86.46,0
39,40,0.0012,-0.0003,100.0,518.67,642.11,1582.36,1394.32,14.62,21.6,554.66,2388.0,9048.14,1.3,47.2,522.08,2387.95,8135.1,8.3908,0.03,392,2388,100.0,39.26,23.3755,288,248,Healthy,86.11,0
39,41,-0.0036,-0.0003,100.0,518.67,641.96,1582.49,1387.89,14.62,21.6,554.67,2387.97,9051.32,1.3,47.09,522.36,2387.93,8131.01,8.4273,0.03,390,2388,100.0,39.06,23.4545,288,247,Healthy,85.76,0
39,42,-0.0002,-0.0,100.0,518.67,641.6,1584.74,1391.0,14.62,21.6,553.99,2388.02,9048.05,1.3,46.99,522.57,2388.02,8138.43,8.4046,0.03,390,2388,100.0,39.09,23.4521,288,246,Healthy,85.42,0
39,43,-0.0028,0.0004,100.0,518.67,641.71,1579.68,1392.21,14.62,21.6,554.32,2387.94,9053.97,1.3,47.15,521.73,2387.98,8134.85,8.3963,0.03,392,2388,100.0,39.06,23.4333,288,245,Healthy,85.07,0
39,44,0.0034,0.0004,100.0,518.67,641.63,1580.71,1389.12,14.62,21.6,554.27,2388.04,9051.89,1.3,47.07,522.4,2387.98,8137.61,8.3845,0.03,391,2388,100.0,39.05,23.4685,288,244,Healthy,84.72,0
39,45,0.0021,0.0,100.0,518.67,641.77,1577.6,1393.31,14.62,21.6,554.7,2388.0,9047.77,1.3,47.32,521.97,2387.93,8134.24,8.3876,0.03,392,2388,100.0,38.99,23.4072,288,243,Healthy,84.38,0
39,46,0.0023,-0.0001,100.0,518.67,641.52,1585.2,1385.26,14.62,21.6,554.62,2388.02,9051.71,1.3,46.99,522.02,2387.93,8133.15,8.409,0.03,392,2388,100.0,38.9,23.4117,288,242,Healthy,84.03,0
39,47,-0.0,0.0004,100.0,518.67,641.96,1579.8,1394.6,14.62,21.61,554.32,2388.04,9047.49,1.3,47.24,522.52,2387.93,8136.84,8.3849,0.03,392,2388,100.0,39.01,23.3985,288,241,Healthy,83.68,0
39,48,0.001,0.0003,100.0,518.67,642.34,1576.81,1392.95,14.62,21.6,553.97,2387.98,9055.88,1.3,47.04,521.83,2388.01,8135.35,8.4249,0.03,390,2388,100.0,39.02,23.451,288,240,Healthy,83.33,0
39,49,-0.0001,-0.0003,100.0,518.67,641.64,1575.5,1389.57,14.62,21.6,554.37,2387.95,9056.13,1.3,47.15,522.55,2387.98,8134.13,8.3815,0.03,392,2388,100.0,39.09,23.5058,288,239,Healthy,82.99,0
39,50,0.0028,-0.0004,100.0,518.67,641.91,1585.62,1389.37,14.62,21.6,554.77,2387.97,9048.79,1.3,47.08,522.24,2387.95,8133.67,8.3631,0.03,393,2388,100.0,39.23,23.4704,288,238,Healthy,82.64,0
40,1,-0.002,-0.0,100.0,518.67,642.6,1588.86,1413.66,14.62,21.61,553.69,2388.07,9059.21,1.3,47.44,521.41,2388.08,8139.96,8.4446,0.03,394,2388,100.0,39.02,23.2771,188,187,Healthy,99.47,0
40,2,0.0023,-0.0005,100.0,518.67,642.65,1590.6,1404.89,14.62,21.61,553.97,2388.11,9055.19,1.3,47.53,521.74,2388.12,8132.87,8.409,0.03,393,2388,100.0,38.88,23.2907,188,186,Healthy,98.94,0
40,3,0.0041,0.0005,100.0,518.67,642.58,1590.05,1398.71,14.62,21.61,553.37,2388.08,9058.71,1.3,47.32,521.37,2388.07,8138.42,8.3886,0.03,392,2388,100.0,38.68,23.3397,188,185,Healthy,98.4,0
40,4,-0.0003,0.0001,100.0,518.67,642.93,1586.28,1409.03,14.62,21.61,553.67,2388.13,9056.42,1.3,47.51,521.75,2388.08,8135.83,8.4293,0.03,394,2388,100.0,38.86,23.2246,188,184,Healthy,97.87,0
40,5,-0.0032,-0.0003,100.0,518.67,642.47,1592.14,1402.2,14.62,21.61,553.46,2388.08,9057.59,1.3,47.48,522.15,2388.1,8141.06,8.4196,0.03,394,2388,100.0,38.92,23.3301,188,183,Healthy,97.34,0
40,6,-0.0011,0.0002,100.0,518.67,642.29,1593.69,1409.37,14.62,21.61,553.24,2388.08,9056.46,1.3,47.31,521.27,2388.02,8139.93,8.4122,0.03,393,2388,100.0,38.7,23.3787,188,182,Healthy,96.81,0
40,7,-0.0024,0.0002,100.0,518.67,642.58,1583.68,1405.66,14.62,21.61,552.97,2388.06,9055.45,1.3,47.47,521.87,2388.15,8144.52,8.4309,0.03,393,2388,100.0,38.79,23.3592,188,181,Healthy,96.28,0
40,8,0.0009,-0.0004,100.0,518.67,642.19,1585.88,1410.42,14.62,21.61,553.14,2388.05,9056.89,1.3,47.48,521.19,2388.1,8130.36,8.4101,0.03,393,2388,100.0,38.87,23.3044,188,180,Healthy,95.74,0
40,9,-0.0015,0.0,100.0,518.67,642.76,1577.86,1402.39,14.62,21.61,554.39,2388.1,9059.21,1.3,47.54,522.08,2388.1,8136.3,8.4303,0.03,394,2388,100.0,39.0,23.2103,188,179,Healthy,95.21,0
40,10,0.001,-0.0002,100.0,518.67,642.8,1580.55,1409.32,14.62,21.61,552.67,2388.13,9056.22,1.3,47.46,521.36,2388.13,8141.28,8.4256,0.03,395,2388,100.0,38.83,23.347,188,178,Healthy,94.68,0
40,11,0.0016,0.0003,100.0,518.67,642.22,1588.2,1405.64,14.62,21.61,553.39,2388.07,9053.37,1.3,47.44,521.15,2388.07,8140.85,8.4327,0.03,392,2388,100.0,38.84,23.2399,188,177,Healthy,94.15,0
40,12,0.0011,-0.0005,100.0,518.67,642.21,1587.86,1403.5,14.62,21.61,553.48,2388.06,9058.45,1.3,47.38,521.53,2388.07,8139.91,8.4567,0.03,391,2388,100.0,38.98,23.2688,188,176,Healthy,93.62,0
40,13,0.0018,-0.0001,100.0,518.67,642.05,1587.75,1407.64,14.62,21.61,553.36,2388.1,9054.04,1.3,47.49,521.44,2388.12,8138.37,8.4244,0.03,393,2388,100.0,38.76,23.2135,188,175,Healthy,93.09,0
40,14,0.0027,-0.0003,100.0,518.67,641.71,1589.61,1411.03,14.62,21.61,554.0,2388.05,9061.82,1.3,47.6,521.23,2388.1,8141.98,8.4456,0.03,393,2388,100.0,38.75,23.3718,188,174,Healthy,92.55,0
40,15,0.0025,-0.0003,100.0,518.67,642.17,1584.37,1408.34,14.62,21.61,553.82,2388.1,9061.65,1.3,47.38,522.04,2388.11,8143.88,8.4081,0.03,393,2388,100.0,38.97,23.3158,188,173,Healthy,92.02,0
40,16,-0.0032,0.0004,100.0,518.67,642.47,1592.68,1405.67,14.62,21.61,552.92,2388.07,9063.85,1.3,47.42,521.62,2388.15,8138.39,8.4583,0.03,393,2388,100.0,38.81,23.2167,188,172,Healthy,91.49,0
40,17,-0.001,0.0003,100.0,518.67,642.86,1589.62,1401.07,14.62,21.61,553.42,2388.1,9060.64,1.3,47.49,521.79,2388.06,8143.65,8.4406,0.03,393,2388,100.0,38.83,23.2927,188,171,Healthy,90.96,0
40,18,0.0006,0.0001,100.0,518.67,642.86,1586.41,1404.11,14.62,21.61,553.13,2388.07,9062.95,1.3,47.41,521.38,2388.07,8134.27,8.425,0.03,394,2388,100.0,38.78,23.3648,188,170,Healthy,90.43,0
40,19,0.0034,-0.0001,100.0,518.67,642.68,1589.26,1411.82,14.62,21.61,553.68,2388.05,9056.03,1.3,47.48,521.33,2388.1,8142.18,8.4259,0.03,392,2388,100.0,38.83,23.3118,188,169,Healthy,89.89,0
40,20,-0.0003,0.0003,100.0,518.67,642.12,1578.53,1402.02,14.62,21.61,553.45,2388.06,9066.77,1.3,47.57,521.47,2388.1,8135.68,8.4256,0.03,391,2388,100.0,39.03,23.2508,188,168,Healthy,89.36,0
40,21,-0.003,0.0003,100.0,518.67,642.78,1587.0,1406.08,14.62,21.61,553.55,2388.12,9059.43,1.3,47.49,521.7,2388.08,8141.27,8.4375,0.03,392,2388,100.0,38.64,23.3492,188,167,Healthy,88.83,0
40,22,-0.0015,0.0004,100.0,518.67,643.01,1587.25,1411.75,14.62,21.61,553.83,2388.1,9061.71,1.3,47.52,521.44,2388.08,8135.31,8.4514,0.03,394,2388,100.0,38.98,23.2548,188,166,Healthy,88.3,0
40,23,-0.0033,-0.0004,100.0,518.67,642.91,1586.29,1410.45,14.62,21.61,553.51,2388.12,9058.77,1.3,47.42,521.42,2388.15,8139.35,8.4008,0.03,393,2388,100.0,38.87,23.185,188,165,Healthy,87.77,0
40,24,-0.001,0.0003,100.0,518.67,642.68,1583.76,1411.74,14.62,21.61,553.41,2388.14,9060.62,1.3,47.42,521.75,2388.03,8140.72,8.4086,0.03,393,2388,100.0,38.96,23.3518,188,164,Healthy,87.23,0
40,25,0.0023,-0.0003,100.0,518.67,642.55,1592.54,1408.33,14.62,21.61,553.66,2388.09,9065.13,1.3,47.59,521.2,2388.08,8138.34,8.4385,0.03,393,2388,100.0,38.74,23.3663,188,163,Healthy,86.7,0
40,26,-0.0015,0.0001,100.0,518.67,642.85,1596.29,1402.65,14.62,21.61,553.58,2388.09,9057.55,1.3,47.47,521.4,2388.09,8142.45,8.401,0.03,394,2388,100.0,38.73,23.2691,188,162,Healthy,86.17,0
40,27,0.0001,-0.0004,100.0,518.67,642.29,1583.88,1402.32,14.62,21.61,554.26,2388.1,9054.97,1.3,47.53,521.58,2388.13,8139.97,8.4121,0.03,394,2388,100.0,38.7,23.2147,188,161,Healthy,85.64,0
40,28,-0.0019,0.0004,100.0,518.67,642.41,1584.89,1408.45,14.62,21.61,553.75,2388.13,9062.06,1.3,47.43,521.14,2388.1,8140.12,8.4464,0.03,392,2388,100.0,38.75,23.2569,188,160,Healthy,85.11,0
40,29,-0.0013,0.0001,100.0,518.67,642.65,1590.14,1411.99,14.62,21.61,553.2,2388.07,9056.93,1.3,47.46,521.74,2388.08,8136.06,8.4154,0.03,394,2388,100.0,38.82,23.1877,188,159,Healthy,84.57,0
40,30,-0.0028,0.0002,100.0,518.67,642.53,1594.42,1407.84,14.62,21.61,552.98,2388.12,9059.55,1.3,47.38,521.75,2388.07,8138.31,8.4389,0.03,393,2388,100.0,39.03,23.4001,188,158,Healthy,84.04,0
40,31,-0.0033,0.0,100.0,518.67,642.77,1590.58,1410.66,14.62,21.61,553.46,2388.07,9054.15,1.3,47.48,521.64,2388.09,8134.31,8.4391,0.03,392,2388,100.0,38.92,23.4587,188,157,Healthy,83.51,0
40,32,0.0006,0.0002,100.0,518.67,642.32,1586.16,1411.68,14.62,21.61,553.6,2388.04,9067.33,1.3,47.38,522.04,2388.1,8138.43,8.4319,0.03,393,2388,100.0,38.9,23.4099,188,156,Healthy,82.98,0
40,33,-0.0005,-0.0002,100.0,518.67,642.49,1584.82,1405.74,14.62,21.61,554.05,2388.1,9055.52,1.3,47.43,521.96,2388.05,8134.39,8.4584,0.03,392,2388,100.0,38.92,23.2791,188,155,Healthy,82.45,0
40,34,-0.0034,-0.0005,100.0,518.67,642.18,1596.27,1410.76,14.62,21.61,553.18,2388.12,9054.02,1.3,47.62,521.79,2388.1,8132.18,8.4543,0.03,394,2388,100.0,38.61,23.2788,188,154,Healthy,81.91,0
40,35,0.0022,-0.0005,100.0,518.67,643.03,1591.72,1405.31,14.62,21.61,553.31,2388.06,9058.37,1.3,47.58,521.7,2388.07,8138.18,8.3978,0.03,394,2388,100.0,38.77,23.2649,188,153,Healthy,81.38,0
40,36,-0.0079,-0.0002,100.0,518.67,642.74,1590.75,1405.48,14.62,21.61,553.07,2388.14,9056.36,1.3,47.54,521.54,2388.11,8138.26,8.4533,0.03,394,2388,100.0,39.03,23.3367,188,152,Healthy,80.85,0
40,37,0.0036,0.0003,100.0,518.67,642.42,1584.28,1405.72,14.62,21.61,553.74,2388.15,9060.74,1.3,47.42,521.53,2388.05,8134.21,8.4415,0.03,391,2388,100.0,38.94,23.293,188,151,Healthy,80.32,0
40,38,0.0006,0.0004,100.0,518.67,643.24,1595.33,1398.64,14.62,21.61,553.13,2388.14,9055.63,1.3,47.28,521.42,2388.12,8141.04,8.4252,0.03,394,2388,100.0,38.85,23.2999,188,150,Healthy,79.79,0
40,39,-0.0004,0.0004,100.0,518.67,642.24,1595.46,1403.67,14.62,21.61,553.49,2388.08,9057.79,1.3,47.32,521.59,2388.06,8138.08,8.4369,0.03,395,2388,100.0,38.94,23.2683,188,149,Healthy,79.26,0
40,40,0.0037,0.0001,100.0,518.67,642.51,1590.26,1410.72,14.62,21.61,553.5,2388.08,9062.72,1.3,47.54,521.13,2388.11,8141.4,8.3881,0.03,393,2388,100.0,38.8,23.2878,188,148,Healthy,78.72,0
40,41,-0.0009,-0.0002,100.0,518.67,642.3,1583.2,1407.19,14.62,21.61,553.03,2388.13,9053.86,1.3,47.42,521.73,2388.09,8136.69,8.3762,0.03,394,2388,100.0,38.84,23.3618,188,147,Healthy,78.19,0
40,42,-0.0011,0.0,100.0,518.67,642.9,1588.04,1406.46,14.62,21.61,553.52,2388.13,9060.03,1.3,47.73,521.85,2388.11,8134.68,8.4317,0.03,393,2388,100.0,39.0,23.3669,188,146,Healthy,77.66,0
40,43,-0.0032,0.0001,100.0,518.67,643.04,1591.88,1414.14,14.62,21.61,553.98,2388.12,9057.19,1.3,47.67,521.2,2388.08,8137.53,8.4293,0.03,393,2388,100.0,38.75,23.3701,188,145,Healthy,77.13,0
40,44,-0.002,0.0003,100.0,518.67,642.36,1597.05,1410.59,14.62,21.61,553.28,2388.07,9069.84,1.3,47.51,521.34,2388.16,8139.91,8.4353,0.03,394,2388,100.0,39.09,23.2308,188,144,Healthy,76.6,0
40,45,-0.002,0.0001,100.0,518.67,642.46,1592.26,1409.13,14.62,21.61,554.08,2388.1,9059.52,1.3,47.61,521.62,2388.07,8134.68,8.4442,0.03,393,2388,100.0,38.75,23.2552,188,143,Healthy,76.06,0
40,46,0.0022,-0.0003,100.0,518.67,642.49,1583.97,1398.72,14.62,21.61,553.51,2388.04,9055.0,1.3,47.64,521.55,2388.1,8132.56,8.4063,0.03,394,2388,100.0,38.92,23.2213,188,142,Healthy,75.53,0
40,47,0.0039,-0.0001,100.0,518.67,642.54,1587.23,1406.07,14.62,21.61,553.45,2388.1,9065.75,1.3,47.49,521.39,2388.08,8139.72,8.4403,0.03,394,2388,100.0,38.81,23.3327,188,141,Healthy,75.0,0
40,48,0.0025,-0.0005,100.0,518.67,642.21,1586.13,1410.05,14.62,21.61,553.28,2388.13,9060.04,1.3,47.48,521.76,2388.09,8136.87,8.4293,0.03,394,2388,100.0,38.94,23.3074,188,140,Healthy,74.47,0
40,49,-0.0008,0.0002,100.0,518.67,642.79,1592.3,1411.26,14.62,21.61,553.44,2388.09,9057.0,1.3,47.5,521.88,2388.08,8131.92,8.4469,0.03,392,2388,100.0,38.82,23.2918,188,139,Healthy,73.94,0
40,50,-0.0033,-0.0001,100.0,518.67,642.82,1589.22,1403.12,14.62,21.61,554.15,2388.11,9055.55,1.3,47.74,521.12,2388.1,8135.07,8.453,0.03,391,2388,100.0,38.97,23.3155,188,138,Healthy,73.4,0
41,1,0.0015,-0.0002,100.0,518.67,642.27,1589.37,1400.01,14.62,21.59,555.22,2387.97,9058.41,1.3,47.24,522.54,2388.07,8138.06,8.3843,0.03,391,2388,100.0,39.17,23.4382,295,294,Healthy,99.66,0
41,2,-0.0036,0.0006,100.0,518.67,642.1,1579.42,1397.91,14.62,21.59,554.96,2388.06,9060.43,1.3,47.21,522.91,2388.03,8135.58,8.3522,0.03,392,2388,100.0,39.23,23.5287,295,293,Healthy,99.32,0
41,3,-0.0028,-0.0004,100.0,518.67,642.13,1581.54,1393.76,14.62,21.59,555.86,2388.04,9051.2,1.3,47.18,523.36,2387.97,8138.77,8.3918,0.03,393,2388,100.0,39.19,23.3733,295,292,Healthy,98.98,0
41,4,0.0001,-0.0002,100.0,518.67,642.17,1588.62,1393.61,14.62,21.59,555.28,2388.0,9059.43,1.3,47.3,522.79,2388.02,8140.62,8.381,0.03,392,2388,100.0,39.17,23.4517,295,291,Healthy,98.64,0
41,5,-0.004,-0.0002,100.0,518.67,642.18,1583.74,1404.92,14.62,21.59,555.9,2388.0,9062.39,1.3,47.17,523.2,2387.95,8140.85,8.3776,0.03,391,2388,100.0,39.21,23.452,295,290,Healthy,98.31,0
41,6,0.0033,0.0005,100.0,518.67,642.56,1582.54,1396.12,14.62,21.6,555.44,2388.05,9052.71,1.3,47.15,523.61,2388.07,8140.8,8.3372,0.03,393,2388,100.0,39.08,23.5162,295,289,Healthy,97.97,0
41,7,-0.0019,0.0005,100.0,518.67,642.26,1584.6,1390.94,14.62,21.59,555.63,2388.07,9058.72,1.3,47.19,522.9,2387.99,8137.99,8.3739,0.03,390,2388,100.0,39.14,23.4797,295,288,Healthy,97.63,0
41,8,-0.0031,0.0004,100.0,518.67,642.17,1581.22,1397.31,14.62,21.59,556.25,2388.03,9056.38,1.3,47.13,523.56,2388.02,8137.38,8.3581,0.03,391,2388,100.0,39.09,23.4669,295,287,Healthy,97.29,0
41,9,0.0004,-0.0001,100.0,518.67,642.12,1585.58,1394.01,14.62,21.59,555.33,2388.01,9059.52,1.3,47.12,523.24,2388.02,8141.19,8.3936,0.03,391,2388,100.0,38.95,23.493,295,286,Healthy,96.95,0
41,10,-0.0007,-0.0002,100.0,518.67,641.89,1585.45,1398.92,14.62,21.59,554.68,2388.0,9053.27,1.3,47.02,523.17,2387.99,8139.34,8.3953,0.03,391,2388,100.0,38.95,23.4157,295,285,Healthy,96.61,0
41,11,-0.0017,0.0003,100.0,518.67,641.56,1580.11,1395.61,14.62,21.59,556.39,2388.02,9060.17,1.3,47.18,523.17,2388.02,8144.49,8.3898,0.03,391,2388,100.0,39.09,23.4619,295,284,Healthy,96.27,0
41,12,0.004,0.0004,100.0,518.67,641.98,1587.4,1401.0,14.62,21.59,555.36,2388.06,9052.69,1.3,47.11,523.75,2388.06,8137.23,8.3737,0.03,391,2388,100.0,39.05,23.5725,295,283,Healthy,95.93,0
41,13,0.004,0.0002,100.0,518.67,642.35,1583.32,1396.55,14.62,21.59,555.92,2388.0,9055.81,1.3,47.27,523.16,2388.09,8142.05,8.3413,0.03,393,2388,100.0,38.94,23.442,295,282,Healthy,95.59,0
41,14,-0.0011,0.0006,100.0,518.67,641.75,1587.89,1395.5,14.62,21.59,555.61,2388.02,9056.83,1.3,47.16,522.64,2388.03,8135.8,8.3712,0.03,393,2388,100.0,39.02,23.4239,295,281,Healthy,95.25,0
41,15,-0.0024,0.0006,100.0,518.67,641.8,1589.44,1399.29,14.62,21.59,555.23,2388.1,9047.85,1.3,47.06,522.57,2388.04,8138.91,8.3477,0.03,392,2388,100.0,39.13,23.3962,295,280,Healthy,94.92,0
41,16,0.0022,-0.0003,100.0,518.67,642.0,1577.61,1397.52,14.62,21.59,556.13,2388.02,9056.4,1.3,47.19,522.99,2388.03,8140.58,8.3842,0.03,392,2388,100.0,39.04,23.4723,295,279,Healthy,94.58,0
41,17,0.0012,0.0001,100.0,518.67,641.95,1591.83,1403.09,14.62,21.59,555.3,2388.02,9053.7,1.3,47.23,523.68,2388.04,8133.78,8.3456,0.03,390,2388,100.0,38.95,23.4287,295,278,Healthy,94.24,0
41,18,-0.0033,-0.0001,100.0,518.67,641.85,1587.9,1390.85,14.62,21.59,555.31,2388.05,9053.07,1.3,47.35,523.17,2388.01,8137.7,8.4258,0.03,390,2388,100.0,38.94,23.5705,295,277,Healthy,93.9,0
41,19,0.0032,0.0003,100.0,518.67,642.12,1578.99,1392.92,14.62,21.59,554.52,2388.0,9054.84,1.3,47.16,523.15,2387.94,8133.37,8.3552,0.03,391,2388,100.0,39.13,23.4287,295,276,Healthy,93.56,0
41,20,0.0001,-0.0,100.0,518.67,642.41,1582.0,1404.0,14.62,21.6,556.11,2388.05,9061.58,1.3,47.08,523.17,2388.06,8138.61,8.4022,0.03,391,2388,100.0,39.23,23.4421,295,275,Healthy,93.22,0
41,21,-0.005,-0.0003,100.0,518.67,642.1,1586.71,1395.64,14.62,21.59,555.63,2388.01,9060.07,1.3,47.18,522.68,2388.01,8141.5,8.3771,0.03,392,2388,100.0,39.11,23.5164,295,274,Healthy,92.88,0
41,22,0.0005,0.0002,100.0,518.67,642.12,1580.17,1390.9,14.62,21.59,555.38,2387.96,9064.1,1.3,47.23,523.97,2388.05,8136.14,8.3757,0.03,392,2388,100.0,39.02,23.4672,295,273,Healthy,92.54,0
41,23,-0.0007,0.0003,100.0,518.67,642.29,1589.24,1391.06,14.62,21.59,555.92,2388.1,9055.93,1.3,47.21,523.52,2388.03,8138.76,8.3602,0.03,391,2388,100.0,39.27,23.4837,295,272,Healthy,92.2,0
41,24,-0.0019,0.0001,100.0,518.67,642.65,1586.81,1397.53,14.62,21.6,555.07,2388.05,9053.88,1.3,47.11,523.07,2388.03,8139.55,8.3533,0.03,393,2388,100.0,39.06,23.5334,295,271,Healthy,91.86,0
41,25,-0.0008,-0.0002,100.0,518.67,642.19,1579.72,1400.88,14.62,21.59,555.79,2388.06,9058.22,1.3,46.98,523.11,2388.03,8138.13,8.3739,0.03,390,2388,100.0,39.12,23.3309,295,270,Healthy,91.53,0
41,26,-0.0014,-0.0003,100.0,518.67,642.31,1574.92,1395.18,14.62,21.59,555.94,2388.05,9054.4,1.3,47.19,523.41,2387.96,8141.72,8.3605,0.03,392,2388,100.0,39.07,23.4092,295,269,Healthy,91.19,0
41,27,-0.0038,-0.0002,100.0,518.67,642.27,1580.09,1399.81,14.62,21.59,556.04,2387.99,9059.75,1.3,47.17,523.03,2388.04,8141.95,8.4105,0.03,391,2388,100.0,39.25,23.4792,295,268,Healthy,90.85,0
41,28,0.0019,-0.0,100.0,518.67,642.26,1581.79,1396.68,14.62,21.59,554.83,2387.98,9052.97,1.3,47.25,522.87,2388.03,8142.63,8.3773,0.03,391,2388,100.0,39.13,23.4371,295,267,Healthy,90.51,0
41,29,-0.0034,-0.0003,100.0,518.67,641.96,1575.05,1396.4,14.62,21.59,555.3,2387.99,9061.43,1.3,47.23,522.88,2387.97,8135.87,8.3669,0.03,389,2388,100.0,39.14,23.5061,295,266,Healthy,90.17,0
41,30,-0.0002,-0.0001,100.0,518.67,642.12,1592.19,1397.75,14.62,21.59,555.64,2387.99,9062.13,1.3,47.17,523.46,2388.04,8140.84,8.3393,0.03,392,2388,100.0,39.17,23.4532,295,265,Healthy,89.83,0
41,31,-0.0004,0.0,100.0,518.67,642.09,1580.64,1395.7,14.62,21.59,554.41,2387.94,9052.23,1.3,47.26,523.25,2388.04,8144.85,8.3685,0.03,390,2388,100.0,39.08,23.3923,295,264,Healthy,89.49,0
41,32,0.0006,0.0006,100.0,518.67,642.64,1585.39,1395.33,14.62,21.59,555.54,2387.98,9052.03,1.3,47.23,523.62,2388.02,8141.09,8.3552,0.03,390,2388,100.0,39.13,23.3303,295,263,Healthy,89.15,0
41,33,-0.0005,-0.0001,100.0,518.67,641.96,1575.67,1386.68,14.62,21.59,554.7,2388.02,9056.04,1.3,47.14,523.1,2388.01,8138.38,8.3559,0.03,392,2388,100.0,38.97,23.5213,295,262,Healthy,88.81,0
41,34,-0.0037,0.0003,100.0,518.67,641.75,1580.52,1394.18,14.62,21.59,555.21,2388.05,9056.48,1.3,47.19,523.0,2388.01,8144.26,8.3774,0.03,391,2388,100.0,39.01,23.4678,295,261,Healthy,88.47,0
41,35,-0.0027,0.0004,100.0,518.67,642.14,1587.36,1394.8,14.62,21.59,555.67,2388.03,9054.31,1.3,47.17,523.86,2388.04,8143.26,8.3375,0.03,391,2388,100.0,39.28,23.3967,295,260,Healthy,88.14,0
41,36,0.0032,-0.0001,100.0,518.67,642.23,1587.11,1398.73,14.62,21.59,554.59,2388.02,9058.04,1.3,47.15,523.07,2388.04,8136.84,8.3772,0.03,392,2388,100.0,39.15,23.4214,295,259,Healthy,87.8,0
41,37,0.0013,-0.0002,100.0,518.67,642.3,1580.1,1396.55,14.62,21.59,555.6,2388.01,9060.34,1.3,47.14,522.88,2388.03,8135.24,8.3827,0.03,391,2388,100.0,39.24,23.4872,295,258,Healthy,87.46,0
41,38,-0.0037,0.0005,100.0,518.67,642.67,1582.7,1393.97,14.62,21.59,555.79,2387.99,9058.86,1.3,47.22,523.5,2387.98,8137.67,8.3672,0.03,392,2388,100.0,39.13,23.5011,295,257,Healthy,87.12,0
41,39,0.0013,0.0003,100.0,518.67,642.49,1589.08,1398.5,14.62,21.59,554.93,2388.06,9056.41,1.3,47.2,522.92,2387.98,8141.19,8.3319,0.03,393,2388,100.0,39.15,23.4224,295,256,Healthy,86.78,0
41,40,0.0044,-0.0004,100.0,518.67,641.87,1586.28,1399.19,14.62,21.59,556.11,2388.05,9055.81,1.3,47.39,524.27,2388.08,8139.48,8.3557,0.03,392,2388,100.0,38.95,23.4562,295,255,Healthy,86.44,0
41,41,-0.0012,-0.0002,100.0,518.67,641.8,1586.05,1400.53,14.62,21.59,555.73,2387.94,9053.75,1.3,47.16,522.8,2388.01,8137.98,8.3206,0.03,391,2388,100.0,38.87,23.4492,295,254,Healthy,86.1,0
41,42,-0.0019,-0.0002,100.0,518.67,642.25,1591.91,1396.9,14.62,21.59,555.73,2388.01,9062.83,1.3,47.38,523.41,2387.98,8139.46,8.3425,0.03,392,2388,100.0,39.13,23.4422,295,253,Healthy,85.76,0
41,43,0.0016,0.0005,100.0,518.67,641.71,1592.21,1401.8,14.62,21.59,554.78,2388.01,9054.84,1.3,47.06,523.48,2387.99,8137.72,8.3639,0.03,391,2388,100.0,39.11,23.3941,295,252,Healthy,85.42,0
41,44,0.0,0.0003,100.0,518.67,642.09,1580.35,1403.81,14.62,21.59,555.0,2388.01,9062.03,1.3,47.17,523.31,2388.02,8137.45,8.3853,0.03,391,2388,100.0,38.92,23.4987,295,251,Healthy,85.08,0
41,45,-0.0042,-0.0001,100.0,518.67,642.23,1586.26,1404.37,14.62,21.59,555.12,2388.04,9050.45,1.3,47.31,523.8,2388.06,8141.87,8.3714,0.03,392,2388,100.0,39.25,23.4195,295,250,Healthy,84.75,0
41,46,0.0013,0.0006,100.0,518.67,641.93,1572.4,1392.26,14.62,21.59,556.18,2388.06,9056.74,1.3,47.42,523.84,2388.03,8148.47,8.3531,0.03,392,2388,100.0,39.25,23.5163,295,249,Healthy,84.41,0
41,47,-0.0021,0.0003,100.0,518.67,642.0,1581.49,1395.38,14.62,21.59,555.63,2388.04,9059.79,1.3,47.22,523.17,2388.04,8139.51,8.3621,0.03,392,2388,100.0,39.23,23.3862,295,248,Healthy,84.07,0
41,48,-0.0024,-0.0002,100.0,518.67,642.11,1584.36,1395.83,14.62,21.59,555.58,2388.09,9054.37,1.3,47.31,523.81,2388.04,8141.75,8.3976,0.03,389,2388,100.0,39.15,23.4983,295,247,Healthy,83.73,0
41,49,-0.0021,-0.0002,100.0,518.67,641.76,1579.79,1398.59,14.62,21.59,554.67,2388.02,9055.94,1.3,47.19,523.69,2388.03,8136.27,8.3654,0.03,391,2388,100.0,39.2,23.571,295,246,Healthy,83.39,0
41,50,0.001,0.0001,100.0,518.67,642.09,1579.18,1395.66,14.62,21.59,556.25,2388.03,9057.16,1.3,47.38,523.37,2388.03,8136.26,8.392,0.03,390,2388,100.0,39.08,23.4075,295,245,Healthy,83.05,0
42,1,-0.002,0.0004,100.0,518.67,641.74,1575.98,1400.64,14.62,21.56,551.79,2387.81,9043.7,1.3,46.99,518.92,2387.75,8124.63,8.4392,0.03,390,2388,100.0,38.87,23.3459,193,192,Healthy,99.48,0
42,2,0.0001,0.0005,100.0,518.67,642.33,1577.25,1398.39,14.62,21.57,550.52,2387.74,9037.58,1.3,47.25,518.96,2387.76,8125.62,8.4278,0.03,390,2388,100.0,38.97,23.3178,193,191,Healthy,98.96,0
42,3,-0.0021,0.0003,100.0,518.67,642.41,1587.14,1393.14,14.62,21.57,550.31,2387.51,9042.71,1.3,47.01,518.97,2387.5,8126.36,8.4034,0.03,389,2388,100.0,39.01,23.3218,193,190,Healthy,98.45,0
42,4,0.0002,0.0,100.0,518.67,642.63,1578.2,1392.21,14.62,21.57,551.23,2387.57,9028.66,1.3,47.27,519.34,2387.57,8119.24,8.4358,0.03,389,2388,100.0,38.72,23.1799,193,189,Healthy,97.93,0
42,5,-0.0006,0.0004,100.0,518.67,641.52,1578.43,1394.21,14.62,21.57,550.13,2387.59,9032.14,1.3,47.01,519.04,2387.68,8124.74,8.4284,0.03,391,2388,100.0,38.68,23.2351,193,188,Healthy,97.41,0
42,6,0.0008,-0.0001,100.0,518.67,642.36,1581.76,1397.42,14.62,21.57,550.97,2387.49,9043.65,1.3,47.16,519.17,2387.51,8121.26,8.3807,0.03,390,2388,100.0,38.88,23.3234,193,187,Healthy,96.89,0
42,7,0.0013,0.0004,100.0,518.67,642.02,1571.54,1394.22,14.62,21.57,551.23,2387.84,9041.62,1.3,46.96,519.26,2387.81,8128.12,8.4118,0.03,391,2388,100.0,38.9,23.3232,193,186,Healthy,96.37,0
42,8,-0.0008,0.0004,100.0,518.67,641.89,1578.88,1399.09,14.62,21.56,550.62,2387.48,9041.25,1.3,47.21,519.02,2387.46,8118.65,8.4124,0.03,392,2388,100.0,38.78,23.3007,193,185,Healthy,95.85,0
42,9,-0.0026,-0.0002,100.0,518.67,641.99,1576.63,1397.35,14.62,21.57,549.77,2387.35,9029.08,1.3,47.4,519.16,2387.36,8117.78,8.4678,0.03,391,2388,100.0,38.77,23.3039,193,184,Healthy,95.34,0
42,10,-0.004,0.0,100.0,518.67,642.05,1571.43,1389.28,14.62,21.56,549.83,2387.73,9033.94,1.3,47.1,518.66,2387.75,8121.87,8.4243,0.03,391,2388,100.0,38.82,23.2366,193,183,Healthy,94.82,0
42,11,0.0044,-0.0001,100.0,518.67,641.7,1573.07,1396.01,14.62,21.57,551.01,2387.5,9042.55,1.3,47.09,518.67,2387.5,8120.56,8.4475,0.03,389,2388,100.0,38.88,23.3043,193,182,Healthy,94.3,0
42,12,0.0004,0.0005,100.0,518.67,641.39,1578.15,1398.92,14.62,21.57,551.74,2387.74,9037.83,1.3,47.22,518.92,2387.68,8117.7,8.4593,0.03,390,2388,100.0,38.99,23.3339,193,181,Healthy,93.78,0
42,13,-0.0001,0.0001,100.0,518.67,642.33,1581.44,1398.24,14.62,21.57,550.05,2387.64,9034.0,1.3,47.27,518.76,2387.64,8123.62,8.4029,0.03,389,2388,100.0,38.89,23.312,193,180,Healthy,93.26,0
42,14,-0.0022,-0.0004,100.0,518.67,641.73,1582.8,1385.57,14.62,21.57,551.71,2387.76,9040.57,1.3,46.97,518.83,2387.71,8124.03,8.4468,0.03,390,2388,100.0,38.92,23.4252,193,179,Healthy,92.75,0
42,15,0.0032,0.0001,100.0,518.67,642.18,1579.47,1396.86,14.62,21.57,550.97,2387.81,9038.09,1.3,47.26,518.71,2387.74,8130.16,8.4199,0.03,390,2388,100.0,38.84,23.3839,193,178,Healthy,92.23,0
42,16,0.0023,-0.0004,100.0,518.67,642.12,1575.6,1391.56,14.62,21.57,551.18,2387.79,9033.95,1.3,46.88,518.98,2387.8,8121.85,8.3884,0.03,391,2388,100.0,38.9,23.3052,193,177,Healthy,91.71,0
42,17,0.0007,0.0001,100.0,518.67,642.26,1575.35,1394.83,14.62,21.57,550.42,2387.76,9039.27,1.3,46.92,519.02,2387.8,8123.43,8.4214,0.03,390,2388,100.0,38.67,23.3731,193,176,Healthy,91.19,0
42,18,-0.0042,0.0004,100.0,518.67,642.43,1579.78,1391.22,14.62,21.57,550.78,2387.88,9033.59,1.3,47.32,518.61,2387.98,8125.92,8.4299,0.03,390,2388,100.0,38.83,23.3386,193,175,Healthy,90.67,0
42,19,-0.0061,-0.0002,100.0,518.67,642.64,1576.64,1393.96,14.62,21.57,550.79,2387.62,9039.1,1.3,46.88,518.93,2387.58,8125.35,8.4024,0.03,390,2388,100.0,38.86,23.3267,193,174,Healthy,90.16,0
42,20,0.003,-0.0002,100.0,518.67,641.92,1578.25,1399.11,14.62,21.57,550.96,2387.6,9031.9,1.3,47.3,518.99,2387.59,8123.09,8.4452,0.03,390,2388,100.0,38.73,23.3274,193,173,Healthy,89.64,0
42,21,-0.0011,0.0005,100.0,518.67,642.87,1577.95,1386.96,14.62,21.56,550.53,2387.47,9034.9,1.3,47.26,519.16,2387.42,8116.39,8.4258,0.03,391,2388,100.0,38.83,23.2648,193,172,Healthy,89.12,0
42,22,-0.0043,-0.0004,100.0,518.67,641.51,1581.06,1405.98,14.62,21.57,550.64,2387.6,9043.07,1.3,47.18,519.4,2387.6,8116.45,8.4371,0.03,389,2388,100.0,38.96,23.2457,193,171,Healthy,88.6,0
42,23,-0.0,-0.0001,100.0,518.67,641.65,1585.6,1395.18,14.62,21.56,551.03,2387.41,9039.68,1.3,47.41,519.05,2387.41,8123.05,8.4022,0.03,389,2388,100.0,38.75,23.3569,193,170,Healthy,88.08,0
42,24,0.0044,-0.0001,100.0,518.67,641.99,1585.13,1406.16,14.62,21.57,550.3,2387.15,9035.8,1.3,47.3,518.52,2387.18,8121.53,8.4479,0.03,389,2388,100.0,38.79,23.2729,193,169,Healthy,87.56,0
42,25,-0.0021,-0.0003,100.0,518.67,641.38,1581.91,1399.87,14.62,21.57,550.27,2387.41,9035.03,1.3,47.27,519.2,2387.48,8118.95,8.4183,0.03,390,2388,100.0,38.63,23.361,193,168,Healthy,87.05,0
42,26,0.0001,0.0001,100.0,518.67,641.84,1580.26,1397.87,14.62,21.57,551.06,2387.34,9032.76,1.3,47.02,519.61,2387.37,8126.29,8.3976,0.03,389,2388,100.0,38.78,23.3375,193,167,Healthy,86.53,0
42,27,-0.0008,-0.0002,100.0,518.67,642.07,1587.78,1394.38,14.62,21.56,550.88,2387.66,9038.42,1.3,47.14,518.88,2387.71,8123.56,8.4097,0.03,390,2388,100.0,38.97,23.3059,193,166,Healthy,86.01,0
42,28,-0.0015,0.0,100.0,518.67,642.38,1584.3,1403.84,14.62,21.57,550.19,2387.54,9036.33,1.3,47.12,518.84,2387.52,8119.94,8.4003,0.03,390,2388,100.0,38.71,23.2615,193,165,Healthy,85.49,0
42,29,-0.0025,0.0002,100.0,518.67,642.46,1573.2,1397.08,14.62,21.57,551.09,2387.54,9026.44,1.3,47.35,519.2,2387.54,8121.85,8.4196,0.03,392,2388,100.0,38.88,23.2541,193,164,Healthy,84.97,0
42,30,0.0,-0.0002,100.0,518.67,642.03,1574.35,1393.06,14.62,21.57,551.36,2387.44,9033.73,1.3,47.39,518.9,2387.46,8123.23,8.4425,0.03,391,2388,100.0,38.64,23.3602,193,163,Healthy,84.46,0
42,31,-0.0006,0.0004,100.0,518.67,641.42,1581.77,1393.05,14.62,21.56,550.73,2387.42,9039.21,1.3,47.08,519.48,2387.39,8123.95,8.4356,0.03,390,2388,100.0,38.77,23.2761,193,162,Healthy,83.94,0
42,32,-0.0042,-0.0001,100.0,518.67,641.49,1578.98,1389.0,14.62,21.57,551.37,2387.7,9035.12,1.3,47.17,518.68,2387.73,8121.45,8.4098,0.03,391,2388,100.0,38.75,23.3143,193,161,Healthy,83.42,0
42,33,0.0009,0.0003,100.0,518.67,641.98,1580.14,1396.31,14.62,21.57,550.9,2387.51,9039.09,1.3,47.19,518.63,2387.55,8122.15,8.4568,0.03,390,2388,100.0,38.82,23.334,193,160,Healthy,82.9,0
42,34,0.0008,0.0001,100.0,518.67,642.59,1581.24,1397.89,14.62,21.57,550.2,2387.75,9031.15,1.3,47.01,518.7,2387.71,8125.3,8.4411,0.03,390,2388,100.0,38.94,23.3553,193,159,Healthy,82.38,0
42,35,0.0027,-0.0003,100.0,518.67,642.37,1579.57,1398.06,14.62,21.57,550.41,2387.48,9028.58,1.3,47.06,518.45,2387.49,8121.83,8.4316,0.03,391,2388,100.0,38.96,23.2247,193,158,Healthy,81.87,0
42,36,0.0015,0.0005,100.0,518.67,641.96,1580.53,1393.98,14.62,21.56,550.73,2387.58,9044.74,1.3,47.13,519.05,2387.58,8121.89,8.4163,0.03,391,2388,100.0,38.78,23.2765,193,157,Healthy,81.35,0
42,37,-0.0005,-0.0002,100.0,518.67,642.29,1576.92,1393.82,14.62,21.57,550.3,2387.5,9033.0,1.3,47.1,518.77,2387.5,8127.25,8.3957,0.03,390,2388,100.0,38.6,23.2183,193,156,Healthy,80.83,0
42,38,0.0009,0.0001,100.0,518.67,642.37,1582.6,1393.68,14.62,21.57,551.01,2387.42,9039.12,1.3,47.35,519.2,2387.46,8121.73,8.4455,0.03,390,2388,100.0,38.73,23.3184,193,155,Healthy,80.31,0
42,39,-0.0027,-0.0003,100.0,518.67,642.17,1579.99,1405.06,14.62,21.57,550.92,2387.53,9031.76,1.3,47.33,518.51,2387.57,8123.18,8.4359,0.03,392,2388,100.0,38.94,23.3224,193,154,Healthy,79.79,0
42,40,-0.0014,0.0002,100.0,518.67,641.62,1566.77,1393.57,14.62,21.56,550.6,2387.75,9032.9,1.3,47.16,518.51,2387.71,8117.75,8.4114,0.03,390,2388,100.0,38.8,23.2442,193,153,Healthy,79.27,0
42,41,0.0021,-0.0002,100.0,518.67,641.51,1583.99,1409.4,14.62,21.57,550.66,2387.58,9039.65,1.3,47.17,519.32,2387.61,8116.69,8.4436,0.03,391,2388,100.0,38.71,23.3351,193,152,Healthy,78.76,0
42,42,0.0011,0.0002,100.0,518.67,642.36,1579.9,1409.75,14.62,21.57,550.42,2387.44,9038.61,1.3,47.25,518.47,2387.39,8123.27,8.4293,0.03,391,2388,100.0,38.85,23.3098,193,151,Healthy,78.24,0
42,43,0.0009,0.0003,100.0,518.67,641.72,1578.25,1395.77,14.62,21.57,550.63,2387.52,9033.98,1.3,47.36,518.85,2387.5,8121.64,8.4136,0.03,389,2388,100.0,38.93,23.1275,193,150,Healthy,77.72,0
42,44,-0.0,0.0002,100.0,518.67,642.25,1579.74,1391.03,14.62,21.56,550.87,2387.51,9035.69,1.3,47.11,518.71,2387.53,8123.35,8.4061,0.03,390,2388,100.0,38.81,23.2991,193,149,Healthy,77.2,0
42,45,0.0005,-0.0002,100.0,518.67,642.36,1587.47,1400.74,14.62,21.57,550.66,2387.5,9032.95,1.3,47.13,518.37,2387.49,8123.66,8.4405,0.03,391,2388,100.0,38.67,23.1991,193,148,Healthy,76.68,0
42,46,0.0019,0.0,100.0,518.67,642.25,1585.32,1401.01,14.62,21.57,550.69,2387.69,9031.52,1.3,47.12,518.41,2387.76,8119.89,8.4479,0.03,391,2388,100.0,38.93,23.2252,193,147,Healthy,76.17,0
42,47,0.0008,-0.0001,100.0,518.67,642.22,1577.15,1394.37,14.62,21.57,550.13,2387.54,9040.37,1.3,47.26,518.4,2387.57,8116.71,8.4296,0.03,390,2388,100.0,38.64,23.2013,193,146,Healthy,75.65,0
42,48,0.0002,-0.0002,100.0,518.67,642.22,1581.87,1400.22,14.62,21.56,550.27,2387.52,9029.05,1.3,47.08,518.62,2387.48,8116.49,8.4427,0.03,391,2388,100.0,38.84,23.251,193,145,Healthy,75.13,0
42,49,0.0009,0.0003,100.0,518.67,641.99,1576.51,1391.17,14.62,21.57,549.99,2387.73,9035.46,1.3,47.0,518.66,2387.75,8128.09,8.4406,0.03,389,2388,100.0,38.88,23.2147,193,144,Healthy,74.61,0
42,50,-0.0031,-0.0002,100.0,518.67,642.11,1570.85,1401.46,14.62,21.56,550.77,2386.93,9030.42,1.3,47.44,518.3,2386.93,8120.55,8.4607,0.03,389,2388,100.0,38.79,23.288,193,143,Healthy,74.09,0
43,1,0.0005,-0.0001,100.0,518.67,641.87,1589.33,1396.89,14.62,21.61,555.57,2387.98,9060.49,1.3,47.22,522.71,2388.05,8133.13,8.3835,0.03,391,2388,100.0,39.02,23.3367,321,320,Healthy,99.69,0
43,2,-0.0043,-0.0001,100.0,518.67,642.23,1588.1,1393.08,14.62,21.6,554.7,2388.02,9048.87,1.3,47.04,522.72,2387.99,8135.47,8.4184,0.03,390,2388,100.0,39.17,23.4304,321,319,Healthy,99.38,0
43,3,-0.0018,0.0002,100.0,518.67,641.69,1578.52,1392.37,14.62,21.6,554.17,2387.97,9053.11,1.3,46.94,522.39,2388.04,8137.69,8.3926,0.03,392,2388,100.0,39.08,23.5066,321,318,Healthy,99.07,0
43,4,0.0006,0.0001,100.0,518.67,641.89,1584.63,1401.35,14.62,21.6,554.16,2388.01,9046.84,1.3,47.13,521.93,2387.98,8133.88,8.3929,0.03,391,2388,100.0,39.0,23.4138,321,317,Healthy,98.75,0
43,5,0.0023,0.0002,100.0,518.67,642.11,1589.37,1395.21,14.62,21.61,554.61,2387.96,9046.51,1.3,47.2,521.85,2387.92,8138.25,8.4243,0.03,391,2388,100.0,39.14,23.3979,321,316,Healthy,98.44,0
43,6,-0.0016,-0.0001,100.0,518.67,642.1,1584.93,1391.2,14.62,21.61,553.87,2387.9,9043.76,1.3,47.21,522.6,2388.03,8140.01,8.3993,0.03,390,2388,100.0,39.09,23.4231,321,315,Healthy,98.13,0
43,7,-0.0008,-0.0002,100.0,518.67,642.29,1589.54,1391.02,14.62,21.6,554.56,2387.97,9046.42,1.3,47.13,522.88,2388.03,8135.23,8.3878,0.03,390,2388,100.0,38.98,23.3433,321,314,Healthy,97.82,0
43,8,0.0014,0.0003,100.0,518.67,642.24,1577.18,1394.51,14.62,21.61,554.99,2388.03,9060.15,1.3,47.21,522.47,2388.0,8135.43,8.4019,0.03,392,2388,100.0,39.03,23.4767,321,313,Healthy,97.51,0
43,9,-0.0006,-0.0002,100.0,518.67,641.8,1587.32,1389.8,14.62,21.6,554.1,2387.98,9048.22,1.3,47.15,522.25,2387.94,8140.13,8.4323,0.03,391,2388,100.0,38.86,23.3768,321,312,Healthy,97.2,0
43,10,0.0019,-0.0001,100.0,518.67,641.97,1578.29,1398.85,14.62,21.6,554.44,2387.99,9053.0,1.3,47.12,522.5,2388.05,8132.48,8.3972,0.03,390,2388,100.0,39.01,23.435,321,311,Healthy,96.88,0
43,11,0.0007,-0.0001,100.0,518.67,641.88,1588.37,1388.03,14.62,21.61,554.26,2387.99,9056.38,1.3,47.19,522.21,2388.01,8137.02,8.3657,0.03,390,2388,100.0,39.02,23.5173,321,310,Healthy,96.57,0
43,12,-0.0002,-0.0003,100.0,518.67,641.86,1580.91,1399.33,14.62,21.6,555.37,2388.04,9048.93,1.3,46.91,523.07,2388.03,8136.48,8.3814,0.03,391,2388,100.0,39.12,23.485,321,309,Healthy,96.26,0
43,13,0.0029,0.0001,100.0,518.67,642.19,1580.85,1393.18,14.62,21.6,554.56,2387.99,9055.09,1.3,47.32,523.33,2387.97,8136.17,8.4091,0.03,391,2388,100.0,39.01,23.3997,321,308,Healthy,95.95,0
43,14,0.0001,0.0001,100.0,518.67,641.73,1574.02,1396.5,14.62,21.61,554.99,2387.98,9049.28,1.3,47.11,522.4,2388.01,8133.22,8.3895,0.03,391,2388,100.0,39.02,23.4736,321,307,Healthy,95.64,0
43,15,0.0007,-0.0001,100.0,518.67,642.48,1579.16,1392.61,14.62,21.6,553.82,2387.96,9046.35,1.3,47.12,522.04,2388.0,8138.3,8.3974,0.03,390,2388,100.0,39.13,23.4999,321,306,Healthy,95.33,0
43,16,-0.0002,0.0004,100.0,518.67,641.49,1583.84,1390.13,14.62,21.6,553.44,2388.01,9047.72,1.3,47.17,522.59,2387.99,8135.45,8.4231,0.03,392,2388,100.0,39.31,23.4669,321,305,Healthy,95.02,0
43,17,0.001,0.0004,100.0,518.67,642.32,1582.02,1389.18,14.62,21.6,554.86,2388.0,9046.41,1.3,47.27,522.59,2388.02,8135.77,8.3777,0.03,391,2388,100.0,39.25,23.4322,321,304,Healthy,94.7,0
43,18,0.0016,-0.0,100.0,518.67,642.14,1578.29,1399.22,14.62,21.6,554.37,2388.02,9052.75,1.3,46.97,522.15,2387.97,8140.91,8.388,0.03,390,2388,100.0,39.04,23.3933,321,303,Healthy,94.39,0
43,19,0.0004,0.0,100.0,518.67,642.45,1587.6,1397.06,14.62,21.61,554.67,2387.95,9048.86,1.3,47.04,522.56,2387.95,8138.61,8.3829,0.03,391,2388,100.0,39.05,23.4532,321,302,Healthy,94.08,0
43,20,-0.0001,0.0001,100.0,518.67,642.3,1586.08,1399.14,14.62,21.6,555.3,2387.98,9048.22,1.3,47.05,522.29,2387.98,8136.69,8.3667,0.03,392,2388,100.0,39.2,23.4311,321,301,Healthy,93.77,0
43,21,-0.0005,-0.0004,100.0,518.67,641.46,1584.33,1397.71,14.62,21.61,555.16,2387.96,9056.68,1.3,47.18,522.82,2388.01,8137.67,8.3946,0.03,392,2388,100.0,39.05,23.4465,321,300,Healthy,93.46,0
43,22,-0.0017,0.0004,100.0,518.67,642.05,1579.16,1396.42,14.62,21.6,554.35,2387.95,9049.05,1.3,47.01,522.12,2387.95,8131.0,8.4212,0.03,390,2388,100.0,39.05,23.403,321,299,Healthy,93.15,0
43,23,0.001,0.0002,100.0,518.67,641.91,1576.82,1406.16,14.62,21.61,554.86,2387.98,9045.93,1.3,47.07,522.15,2387.98,8135.49,8.3818,0.03,390,2388,100.0,39.12,23.5196,321,298,Healthy,92.83,0
43,24,0.0005,0.0003,100.0,518.67,642.14,1587.92,1397.78,14.62,21.61,555.4,2388.05,9061.71,1.3,47.18,522.71,2388.02,8133.28,8.3722,0.03,391,2388,100.0,39.1,23.3673,321,297,Healthy,92.52,0
43,25,-0.0005,0.0,100.0,518.67,641.93,1585.23,1396.94,14.62,21.61,553.93,2387.99,9048.43,1.3,47.09,522.19,2388.04,8138.3,8.3747,0.03,392,2388,100.0,39.1,23.4311,321,296,Healthy,92.21,0
43,26,-0.0014,-0.0002,100.0,518.67,641.97,1593.14,1395.19,14.62,21.6,553.99,2387.96,9051.78,1.3,47.02,522.26,2387.95,8135.76,8.4067,0.03,390,2388,100.0,39.01,23.4604,321,295,Healthy,91.9,0
43,27,0.0001,-0.0002,100.0,518.67,641.78,1589.11,1395.77,14.62,21.61,553.96,2387.98,9049.07,1.3,46.99,522.72,2387.93,8139.03,8.37,0.03,391,2388,100.0,39.26,23.5049,321,294,Healthy,91.59,0
43,28,0.0034,-0.0002,100.0,518.67,641.99,1582.16,1393.41,14.62,21.6,553.94,2387.99,9048.63,1.3,47.12,522.5,2388.05,8137.13,8.3816,0.03,391,2388,100.0,39.11,23.5044,321,293,Healthy,91.28,0
43,29,-0.0007,0.0003,100.0,518.67,641.96,1584.94,1396.29,14.62,21.6,554.69,2388.01,9052.01,1.3,47.05,522.24,2387.96,8131.89,8.3829,0.03,391,2388,100.0,39.22,23.4443,321,292,Healthy,90.97,0
43,30,-0.002,-0.0005,100.0,518.67,642.16,1584.43,1402.68,14.62,21.61,555.59,2388.0,9049.2,1.3,47.24,522.16,2387.99,8136.56,8.414,0.03,391,2388,100.0,38.91,23.3488,321,291,Healthy,90.65,0
43,31,0.0003,-0.0005,100.0,518.67,642.15,1578.47,1391.83,14.62,21.6,554.85,2388.0,9056.98,1.3,46.93,522.63,2387.95,8135.67,8.3851,0.03,389,2388,100.0,39.02,23.4118,321,290,Healthy,90.34,0
43,32,0.0032,0.0003,100.0,518.67,641.96,1585.11,1386.93,14.62,21.6,554.34,2388.04,9047.42,1.3,47.13,523.19,2388.01,8135.34,8.382,0.03,391,2388,100.0,39.09,23.5072,321,289,Healthy,90.03,0
43,33,0.0009,0.0,100.0,518.67,642.19,1586.92,1391.59,14.62,21.6,554.74,2387.99,9047.26,1.3,47.26,522.46,2387.95,8137.19,8.3736,0.03,390,2388,100.0,39.1,23.5545,321,288,Healthy,89.72,0
43,34,-0.0014,0.0003,100.0,518.67,642.37,1583.61,1391.51,14.62,21.61,554.73,2388.01,9054.6,1.3,47.1,522.88,2387.99,8134.27,8.3769,0.03,390,2388,100.0,39.1,23.4612,321,287,Healthy,89.41,0
43,35,0.0024,0.0001,100.0,518.67,641.76,1587.34,1394.91,14.62,21.61,555.05,2388.03,9045.77,1.3,47.2,522.8,2388.01,8135.36,8.4018,0.03,391,2388,100.0,39.2,23.4589,321,286,Healthy,89.1,0
43,36,0.0013,-0.0005,100.0,518.67,642.01,1585.56,1392.0,14.62,21.6,553.99,2388.0,9055.52,1.3,47.02,522.74,2388.0,8141.55,8.3906,0.03,392,2388,100.0,39.11,23.4974,321,285,Healthy,88.79,0
43,37,-0.0003,-0.0002,100.0,518.67,641.91,1583.07,1394.26,14.62,21.6,555.8,2387.97,9049.26,1.3,47.1,522.1,2388.01,8133.02,8.3727,0.03,390,2388,100.0,38.94,23.48,321,284,Healthy,88.47,0
43,38,0.0028,0.0003,100.0,518.67,641.88,1585.76,1398.75,14.62,21.61,554.81,2387.95,9058.35,1.3,47.14,522.61,2387.97,8136.41,8.3984,0.03,392,2388,100.0,39.13,23.4898,321,283,Healthy,88.16,0
43,39,-0.0005,0.0002,100.0,518.67,642.2,1577.18,1396.01,14.62,21.61,554.34,2387.98,9052.31,1.3,47.18,522.18,2387.99,8134.01,8.3999,0.03,391,2388,100.0,39.05,23.512,321,282,Healthy,87.85,0
43,40,0.0019,0.0003,100.0,518.67,641.71,1588.27,1390.04,14.62,21.6,554.59,2388.0,9045.81,1.3,47.01,522.39,2387.97,8132.97,8.3804,0.03,389,2388,100.0,38.99,23.5654,321,281,Healthy,87.54,0
43,41,0.004,-0.0003,100.0,518.67,641.59,1581.41,1401.47,14.62,21.6,554.75,2388.0,9044.7,1.3,47.28,522.22,2387.98,8139.34,8.3867,0.03,392,2388,100.0,39.14,23.5785,321,280,Healthy,87.23,0
43,42,0.001,-0.0002,100.0,518.67,641.52,1578.5,1388.57,14.62,21.6,555.01,2387.96,9046.28,1.3,47.01,522.91,2387.93,8137.96,8.3883,0.03,391,2388,100.0,39.14,23.4429,321,279,Healthy,86.92,0
43,43,-0.002,-0.0005,100.0,518.67,641.82,1579.26,1393.66,14.62,21.6,554.67,2388.04,9047.55,1.3,47.03,521.75,2387.96,8130.02,8.3757,0.03,391,2388,100.0,39.03,23.4543,321,278,Healthy,86.6,0
43,44,-0.002,0.0003,100.0,518.67,642.42,1589.55,1397.05,14.62,21.6,555.51,2388.06,9050.0,1.3,46.89,522.65,2388.01,8138.12,8.3543,0.03,392,2388,100.0,39.1,23.4434,321,277,Healthy,86.29,0
43,45,0.0027,0.0002,100.0,518.67,641.78,1582.39,1394.64,14.62,21.61,555.41,2388.01,9057.68,1.3,47.17,522.85,2388.06,8135.57,8.3657,0.03,393,2388,100.0,39.11,23.4166,321,276,Healthy,85.98,0
43,46,0.0009,-0.0004,100.0,518.67,642.11,1589.28,1387.91,14.62,21.6,554.8,2388.08,9049.06,1.3,47.26,522.62,2388.06,8139.12,8.4253,0.03,390,2388,100.0,39.03,23.482,321,275,Healthy,85.67,0
43,47,-0.0006,-0.0004,100.0,518.67,642.01,1584.59,1393.31,14.62,21.6,553.93,2388.0,9051.67,1.3,47.05,522.28,2387.96,8131.72,8.3835,0.03,390,2388,100.0,39.03,23.473,321,274,Healthy,85.36,0
43,48,0.0021,-0.0002,100.0,518.67,642.54,1577.21,1403.7,14.62,21.61,554.58,2388.0,9054.15,1.3,47.16,522.41,2387.95,8134.06,8.3866,0.03,391,2388,100.0,39.03,23.4527,321,273,Healthy,85.05,0
43,49,0.001,-0.0003,100.0,518.67,641.75,1591.23,1396.7,14.62,21.61,555.1,2388.02,9054.76,1.3,46.99,521.84,2388.03,8135.83,8.4088,0.03,393,2388,100.0,39.06,23.4512,321,272,Healthy,84.74,0
43,50,-0.0012,-0.0001,100.0,518.67,642.01,1575.82,1391.56,14.62,21.6,554.76,2388.01,9046.5,1.3,47.19,522.31,2387.99,8139.55,8.3586,0.03,391,2388,100.0,39.29,23.3768,321,271,Healthy,84.42,0
44,1,-0.0019,-0.0002,100.0,518.67,642.46,1593.86,1416.53,14.62,21.61,552.75,2388.06,9067.84,1.3,47.56,521.79,2388.08,8137.23,8.4093,0.03,394,2388,100.0,38.7,23.2607,180,179,Healthy,99.44,0
44,2,-0.0037,0.0001,100.0,518.67,642.53,1584.72,1410.17,14.62,21.61,553.32,2388.07,9058.74,1.3,47.59,521.17,2388.1,8140.61,8.4726,0.03,393,2388,100.0,38.68,23.3381,180,178,Healthy,98.89,0
44,3,-0.0004,0.0004,100.0,518.67,642.41,1589.04,1410.02,14.62,21.61,553.09,2388.12,9060.96,1.3,47.41,521.53,2388.13,8139.19,8.4263,0.03,394,2388,100.0,38.84,23.2908,180,177,Healthy,98.33,0
44,4,0.0037,0.0002,100.0,518.67,642.87,1585.69,1413.89,14.62,21.61,553.2,2388.08,9051.27,1.3,47.42,521.79,2388.11,8131.18,8.4153,0.03,393,2388,100.0,38.75,23.2425,180,176,Healthy,97.78,0
44,5,-0.0007,0.0002,100.0,518.67,642.32,1582.64,1406.5,14.62,21.61,553.7,2388.11,9054.95,1.3,47.55,521.44,2388.12,8135.88,8.4291,0.03,393,2388,100.0,38.88,23.4494,180,175,Healthy,97.22,0
44,6,-0.0017,-0.0003,100.0,518.67,642.77,1588.12,1412.18,14.62,21.61,553.39,2388.11,9055.8,1.3,47.48,521.21,2388.12,8138.18,8.4213,0.03,392,2388,100.0,38.73,23.2946,180,174,Healthy,96.67,0
44,7,-0.0001,-0.0003,100.0,518.67,642.49,1590.93,1406.26,14.62,21.61,553.76,2388.1,9053.89,1.3,47.42,521.2,2388.11,8136.13,8.4173,0.03,394,2388,100.0,38.89,23.315,180,173,Healthy,96.11,0
44,8,0.0031,0.0005,100.0,518.67,642.09,1587.72,1407.69,14.62,21.61,553.46,2388.14,9065.86,1.3,47.52,521.35,2388.07,8137.48,8.4379,0.03,393,2388,100.0,38.79,23.3196,180,172,Healthy,95.56,0
44,9,-0.0019,0.0002,100.0,518.67,643.26,1588.53,1410.27,14.62,21.61,553.04,2388.08,9064.41,1.3,47.71,521.18,2388.15,8137.37,8.4126,0.03,393,2388,100.0,38.78,23.2813,180,171,Healthy,95.0,0
44,10,-0.0026,0.0002,100.0,518.67,642.85,1585.22,1409.81,14.62,21.61,553.95,2388.15,9053.6,1.3,47.51,521.83,2388.1,8133.85,8.4498,0.03,393,2388,100.0,38.94,23.2374,180,170,Healthy,94.44,0
44,11,0.0035,0.0001,100.0,518.67,642.51,1590.24,1413.63,14.62,21.61,552.41,2388.09,9058.66,1.3,47.65,521.65,2388.14,8137.9,8.4364,0.03,395,2388,100.0,38.82,23.1775,180,169,Healthy,93.89,0
44,12,0.0004,0.0004,100.0,518.67,642.8,1596.35,1404.74,14.62,21.61,552.66,2388.12,9057.69,1.3,47.49,521.03,2388.12,8141.06,8.4353,0.03,393,2388,100.0,38.7,23.291,180,168,Healthy,93.33,0
44,13,0.0016,0.0004,100.0,518.67,642.61,1593.47,1405.34,14.62,21.61,553.07,2388.1,9059.81,1.3,47.62,521.76,2388.19,8139.84,8.477,0.03,393,2388,100.0,38.7,23.2417,180,167,Healthy,92.78,0
44,14,0.0037,-0.0003,100.0,518.67,642.76,1584.38,1411.33,14.62,21.61,553.87,2388.12,9060.18,1.3,47.6,521.73,2388.09,8135.47,8.4176,0.03,393,2388,100.0,38.89,23.2873,180,166,Healthy,92.22,0
44,15,0.0002,0.0002,100.0,518.67,643.2,1601.14,1415.93,14.62,21.61,553.67,2388.07,9052.9,1.3,47.47,521.8,2388.08,8140.3,8.456,0.03,393,2388,100.0,38.82,23.1754,180,165,Healthy,91.67,0
44,16,-0.0008,0.0004,100.0,518.67,642.93,1594.04,1410.87,14.62,21.61,553.42,2388.07,9057.51,1.3,47.55,521.11,2388.17,8133.72,8.4392,0.03,394,2388,100.0,38.77,23.296,180,164,Healthy,91.11,0
44,17,0.0022,-0.0002,100.0,518.67,642.64,1585.32,1412.1,14.62,21.61,553.16,2388.17,9061.48,1.3,47.76,521.28,2388.14,8138.24,8.4187,0.03,393,2388,100.0,38.65,23.5665,180,163,Healthy,90.56,0
44,18,0.0019,0.0001,100.0,518.67,642.5,1588.32,1406.13,14.62,21.61,553.07,2388.09,9061.78,1.3,47.46,521.96,2388.16,8136.27,8.4466,0.03,393,2388,100.0,38.61,23.3172,180,162,Healthy,90.0,0
44,19,-0.0009,0.0002,100.0,518.67,642.88,1597.12,1412.58,14.62,21.61,553.71,2388.08,9059.34,1.3,47.56,521.33,2388.07,8138.81,8.454,0.03,393,2388,100.0,38.79,23.2716,180,161,Healthy,89.44,0
44,20,0.0018,0.0004,100.0,518.67,642.75,1587.4,1411.2,14.62,21.61,553.08,2388.13,9049.19,1.3,47.48,521.2,2388.1,8135.53,8.4375,0.03,394,2388,100.0,38.87,23.2824,180,160,Healthy,88.89,0
44,21,0.0015,-0.0003,100.0,518.67,642.95,1588.36,1404.12,14.62,21.61,552.92,2388.12,9062.5,1.3,47.65,521.36,2388.08,8139.02,8.4647,0.03,394,2388,100.0,38.51,23.3403,180,159,Healthy,88.33,0
44,22,-0.0018,0.0003,100.0,518.67,642.75,1588.2,1404.23,14.62,21.61,553.38,2388.09,9058.26,1.3,47.49,521.38,2388.1,8137.6,8.4282,0.03,393,2388,100.0,38.81,23.3289,180,158,Healthy,87.78,0
44,23,-0.002,-0.0002,100.0,518.67,642.43,1583.3,1408.99,14.62,21.61,553.17,2388.17,9055.37,1.3,47.62,520.79,2388.1,8135.45,8.4658,0.03,393,2388,100.0,38.67,23.2591,180,157,Healthy,87.22,0
44,24,0.0039,-0.0004,100.0,518.67,643.05,1587.14,1412.8,14.62,21.61,554.23,2388.13,9059.17,1.3,47.55,520.96,2388.15,8139.32,8.4502,0.03,394,2388,100.0,38.85,23.255,180,156,Healthy,86.67,0
44,25,0.0012,-0.0,100.0,518.67,643.3,1592.83,1410.59,14.62,21.61,553.28,2388.14,9051.78,1.3,47.37,521.59,2388.05,8135.35,8.4235,0.03,393,2388,100.0,38.94,23.3864,180,155,Healthy,86.11,0
44,26,-0.0005,0.0005,100.0,518.67,642.41,1591.67,1403.98,14.62,21.61,553.0,2388.14,9058.56,1.3,47.71,521.48,2388.08,8138.69,8.443,0.03,391,2388,100.0,38.66,23.2622,180,154,Healthy,85.56,0
44,27,0.0033,0.0001,100.0,518.67,642.42,1589.21,1411.38,14.62,21.61,553.52,2388.15,9062.43,1.3,47.37,521.16,2388.13,8138.21,8.4687,0.03,393,2388,100.0,38.85,23.3046,180,153,Healthy,85.0,0
44,28,-0.0001,0.0003,100.0,518.67,642.82,1589.48,1404.6,14.62,21.61,552.82,2388.09,9057.98,1.3,47.69,521.07,2388.12,8136.96,8.4383,0.03,393,2388,100.0,38.7,23.1969,180,152,Healthy,84.44,0
44,29,0.0026,0.0001,100.0,518.67,642.94,1588.76,1408.09,14.62,21.61,552.55,2388.09,9070.18,1.3,47.64,521.62,2388.13,8140.18,8.4434,0.03,394,2388,100.0,38.62,23.413,180,151,Healthy,83.89,0
44,30,-0.001,0.0005,100.0,518.67,642.65,1586.66,1419.44,14.62,21.61,552.76,2388.1,9060.33,1.3,47.62,520.9,2388.12,8134.02,8.4493,0.03,394,2388,100.0,38.95,23.2062,180,150,Healthy,83.33,0
44,31,0.0031,-0.0,100.0,518.67,643.08,1592.43,1417.04,14.62,21.61,553.28,2388.07,9058.16,1.3,47.52,520.97,2388.1,8139.46,8.4284,0.03,394,2388,100.0,38.89,23.2956,180,149,Healthy,82.78,0
44,32,-0.0023,-0.0002,100.0,518.67,642.5,1591.13,1415.61,14.62,21.61,553.27,2388.1,9058.24,1.3,47.45,521.55,2388.12,8136.39,8.432,0.03,394,2388,100.0,38.72,23.3797,180,148,Healthy,82.22,0
44,33,-0.0033,0.0004,100.0,518.67,642.53,1591.64,1413.78,14.62,21.61,553.14,2388.08,9057.33,1.3,47.34,521.54,2388.11,8139.86,8.4466,0.03,392,2388,100.0,38.74,23.2804,180,147,Healthy,81.67,0
44,34,-0.0005,-0.0004,100.0,518.67,643.2,1588.82,1415.0,14.62,21.61,553.66,2388.11,9060.78,1.3,47.66,521.39,2388.09,8131.18,8.4095,0.03,393,2388,100.0,38.86,23.2496,180,146,Healthy,81.11,0
44,35,0.0035,-0.0002,100.0,518.67,642.26,1587.84,1411.91,14.62,21.61,552.42,2388.12,9049.39,1.3,47.49,522.14,2388.14,8135.93,8.4299,0.03,392,2388,100.0,38.87,23.346,180,145,Healthy,80.56,0
44,36,0.0029,0.0004,100.0,518.67,642.64,1591.39,1407.08,14.62,21.61,552.76,2388.05,9053.9,1.3,47.43,521.34,2388.07,8141.21,8.4178,0.03,393,2388,100.0,38.62,23.3477,180,144,Healthy,80.0,0
44,37,0.0017,0.0004,100.0,518.67,643.11,1588.41,1410.25,14.62,21.61,553.32,2388.18,9049.83,1.3,47.54,521.35,2388.1,8140.15,8.4247,0.03,392,2388,100.0,38.65,23.3673,180,143,Healthy,79.44,0
44,38,-0.0027,0.0002,100.0,518.67,642.9,1599.02,1413.79,14.62,21.61,553.13,2388.14,9060.74,1.3,47.48,521.07,2388.11,8137.18,8.4227,0.03,394,2388,100.0,38.87,23.2,180,142,Healthy,78.89,0
44,39,-0.0028,0.0003,100.0,518.67,642.83,1593.65,1399.26,14.62,21.61,553.19,2388.1,9062.92,1.3,47.55,521.57,2388.16,8137.17,8.4288,0.03,392,2388,100.0,38.84,23.2709,180,141,Healthy,78.33,0
44,40,-0.0014,0.0006,100.0,518.67,643.07,1592.38,1411.05,14.62,21.61,552.99,2388.1,9055.31,1.3,47.66,521.61,2388.08,8130.61,8.4538,0.03,393,2388,100.0,38.74,23.2679,180,140,Healthy,77.78,0
44,41,0.0025,-0.0002,100.0,518.67,642.7,1587.77,1407.63,14.62,21.61,553.32,2388.05,9061.08,1.3,47.51,522.17,2388.05,8141.52,8.4451,0.03,394,2388,100.0,38.86,23.1763,180,139,Healthy,77.22,0
44,42,-0.0029,-0.0001,100.0,518.67,643.25,1591.8,1410.76,14.62,21.61,553.36,2388.09,9062.7,1.3,47.6,520.99,2388.05,8141.24,8.4678,0.03,394,2388,100.0,38.75,23.2211,180,138,Healthy,76.67,0
44,43,-0.0039,-0.0001,100.0,518.67,643.1,1591.77,1411.51,14.62,21.61,552.72,2388.17,9058.33,1.3,47.7,521.22,2388.14,8137.91,8.4741,0.03,393,2388,100.0,38.76,23.2477,180,137,Healthy,76.11,0
44,44,0.0044,-0.0001,100.0,518.67,642.75,1583.67,1419.14,14.62,21.61,553.81,2388.13,9063.22,1.3,47.62,522.08,2388.06,8135.48,8.4026,0.03,394,2388,100.0,38.59,23.2076,180,136,Healthy,75.56,0
44,45,-0.0015,0.0,100.0,518.67,642.44,1591.04,1413.88,14.62,21.61,553.53,2388.06,9062.03,1.3,47.7,521.54,2388.11,8137.04,8.4709,0.03,392,2388,100.0,38.69,23.3505,180,135,Healthy,75.0,0
44,46,-0.0023,0.0004,100.0,518.67,642.64,1591.03,1410.08,14.62,21.61,552.89,2388.13,9052.91,1.3,47.75,521.22,2388.1,8135.84,8.4624,0.03,394,2388,100.0,38.95,23.2381,180,134,Healthy,74.44,0
44,47,-0.0005,0.0002,100.0,518.67,642.51,1594.57,1410.55,14.62,21.61,552.77,2388.13,9051.92,1.3,47.63,521.47,2388.18,8141.69,8.4738,0.03,395,2388,100.0,38.64,23.256,180,133,Healthy,73.89,0
44,48,0.0014,0.0003,100.0,518.67,642.92,1590.95,1409.11,14.62,21.61,553.43,2388.1,9058.57,1.3,47.49,521.49,2388.11,8139.05,8.4488,0.03,395,2388,100.0,38.81,23.2609,180,132,Healthy,73.33,0
44,49,-0.0016,-0.0003,100.0,518.67,643.17,1592.51,1417.11,14.62,21.61,553.02,2388.08,9057.88,1.3,47.53,521.29,2388.12,8138.6,8.4888,0.03,391,2388,100.0,38.7,23.2189,180,131,Healthy,72.78,0
44,50,-0.0034,0.0002,100.0,518.67,643.03,1590.08,1407.47,14.62,21.61,552.97,2388.08,9051.34,1.3,47.51,521.52,2388.03,8140.08,8.46,0.03,394,2388,100.0,38.88,23.2022,180,130,Healthy,72.22,0
45,1,-0.0032,-0.0001,100.0,518.67,642.0,1587.7,1393.24,14.62,21.58,552.25,2387.91,9049.26,1.3,47.0,520.63,2387.97,8128.67,8.4236,0.03,392,2388,100.0,39.01,23.3605,205,204,Healthy,99.51,0
45,2,0.0024,0.0002,100.0,518.67,641.59,1575.66,1385.84,14.62,21.59,553.01,2387.89,9056.26,1.3,46.98,520.92,2387.95,8134.04,8.3877,0.03,390,2388,100.0,38.87,23.4168,205,203,Healthy,99.02,0
45,3,-0.0032,0.0003,100.0,518.67,642.42,1575.75,1393.83,14.62,21.58,553.72,2387.94,9044.68,1.3,47.15,521.39,2387.95,8132.77,8.3927,0.03,390,2388,100.0,38.74,23.419,205,202,Healthy,98.54,0
45,4,-0.0024,-0.0002,100.0,518.67,642.08,1580.98,1390.16,14.62,21.58,553.31,2387.88,9041.54,1.3,47.06,521.06,2387.98,8133.97,8.4127,0.03,391,2388,100.0,38.87,23.3903,205,201,Healthy,98.05,0
45,5,-0.0017,-0.0004,100.0,518.67,641.93,1579.08,1391.43,14.62,21.59,552.62,2387.93,9051.18,1.3,46.98,521.29,2387.97,8135.24,8.351,0.03,389,2388,100.0,38.85,23.3844,205,200,Healthy,97.56,0
45,6,0.0029,-0.0004,100.0,518.67,642.1,1576.97,1398.36,14.62,21.58,553.27,2387.91,9045.79,1.3,47.21,521.57,2387.9,8132.71,8.3662,0.03,391,2388,100.0,38.86,23.3381,205,199,Healthy,97.07,0
45,7,0.005,-0.0001,100.0,518.67,641.6,1586.06,1390.24,14.62,21.58,553.25,2387.99,9053.02,1.3,47.13,521.11,2387.99,8137.0,8.3677,0.03,390,2388,100.0,39.02,23.5133,205,198,Healthy,96.59,0
45,8,-0.0015,-0.0,100.0,518.67,641.54,1584.91,1388.89,14.62,21.59,553.26,2387.89,9048.7,1.3,47.1,521.09,2387.91,8131.94,8.3876,0.03,391,2388,100.0,39.0,23.328,205,197,Healthy,96.1,0
45,9,0.0027,0.0005,100.0,518.67,642.83,1585.88,1394.94,14.62,21.59,553.2,2387.93,9053.18,1.3,47.09,520.93,2387.94,8134.68,8.4168,0.03,390,2388,100.0,38.94,23.4393,205,196,Healthy,95.61,0
45,10,-0.003,-0.0003,100.0,518.67,641.65,1584.24,1393.66,14.62,21.59,554.07,2387.97,9042.27,1.3,47.03,521.43,2387.96,8136.12,8.4015,0.03,390,2388,100.0,38.82,23.377,205,195,Healthy,95.12,0
45,11,-0.0002,-0.0003,100.0,518.67,642.13,1570.76,1393.88,14.62,21.58,552.73,2388.01,9049.35,1.3,47.19,520.71,2387.95,8127.87,8.3914,0.03,391,2388,100.0,39.03,23.4427,205,194,Healthy,94.63,0
45,12,-0.0001,-0.0004,100.0,518.67,642.34,1580.7,1393.11,14.62,21.58,552.78,2388.0,9051.51,1.3,47.12,521.35,2387.92,8136.3,8.4069,0.03,391,2388,100.0,38.95,23.3674,205,193,Healthy,94.15,0
45,13,0.0012,0.0002,100.0,518.67,641.71,1584.47,1389.12,14.62,21.58,552.28,2387.91,9047.66,1.3,47.09,520.5,2387.98,8132.05,8.3705,0.03,390,2388,100.0,39.0,23.467,205,192,Healthy,93.66,0
45,14,-0.0015,0.0003,100.0,518.67,642.02,1581.58,1392.82,14.62,21.59,553.28,2387.99,9046.74,1.3,47.22,521.16,2387.97,8131.39,8.3684,0.03,391,2388,100.0,38.88,23.3814,205,191,Healthy,93.17,0
45,15,0.0026,-0.0004,100.0,518.67,641.84,1577.0,1396.2,14.62,21.58,552.88,2387.91,9050.24,1.3,47.1,520.89,2387.95,8136.37,8.4072,0.03,391,2388,100.0,38.96,23.452,205,190,Healthy,92.68,0
45,16,-0.0023,-0.0002,100.0,518.67,642.21,1580.96,1398.47,14.62,21.59,553.56,2387.9,9043.81,1.3,47.1,521.53,2387.94,8130.79,8.3715,0.03,392,2388,100.0,39.12,23.5116,205,189,Healthy,92.2,0
45,17,0.002,-0.0003,100.0,518.67,641.63,1585.2,1399.5,14.62,21.58,553.43,2387.95,9042.68,1.3,47.09,521.62,2387.97,8130.55,8.3734,0.03,391,2388,100.0,38.96,23.4142,205,188,Healthy,91.71,0
45,18,0.0012,0.0,100.0,518.67,641.42,1576.85,1386.37,14.62,21.58,553.12,2387.88,9046.8,1.3,47.16,521.18,2387.95,8135.62,8.433,0.03,390,2388,100.0,39.01,23.3892,205,187,Healthy,91.22,0
45,19,0.0004,0.0005,100.0,518.67,641.55,1583.21,1389.75,14.62,21.58,552.97,2387.96,9042.17,1.3,47.09,520.78,2387.91,8131.26,8.3959,0.03,393,2388,100.0,38.94,23.3234,205,186,Healthy,90.73,0
45,20,-0.0012,-0.0003,100.0,518.67,642.1,1587.36,1393.95,14.62,21.58,552.85,2387.95,9051.93,1.3,47.14,520.95,2387.9,8137.7,8.4013,0.03,390,2388,100.0,39.09,23.4646,205,185,Healthy,90.24,0
45,21,0.0007,0.0001,100.0,518.67,641.86,1576.69,1391.09,14.62,21.59,553.47,2387.93,9041.36,1.3,47.03,520.68,2387.96,8134.45,8.412,0.03,391,2388,100.0,39.05,23.4448,205,184,Healthy,89.76,0
45,22,0.0029,-0.0004,100.0,518.67,642.55,1581.7,1392.1,14.62,21.59,553.43,2387.92,9048.91,1.3,47.07,521.23,2387.99,8136.37,8.3944,0.03,392,2388,100.0,39.19,23.4981,205,183,Healthy,89.27,0
45,23,0.0002,-0.0001,100.0,518.67,642.02,1579.23,1389.67,14.62,21.58,552.58,2387.92,9042.36,1.3,46.96,520.53,2387.95,8125.58,8.3928,0.03,390,2388,100.0,39.06,23.4359,205,182,Healthy,88.78,0
45,24,0.0009,0.0003,100.0,518.67,641.48,1579.84,1389.09,14.62,21.58,553.48,2387.94,9043.5,1.3,47.17,521.37,2387.98,8130.65,8.4183,0.03,389,2388,100.0,38.97,23.3866,205,181,Healthy,88.29,0
45,25,-0.0019,-0.0,100.0,518.67,641.99,1580.11,1392.89,14.62,21.59,553.2,2387.95,9049.82,1.3,47.04,521.21,2387.97,8128.82,8.3637,0.03,392,2388,100.0,38.92,23.3839,205,180,Healthy,87.8,0
45,26,-0.0009,0.0001,100.0,518.67,641.71,1580.36,1393.6,14.62,21.58,553.48,2387.92,9048.11,1.3,47.19,521.4,2387.93,8133.06,8.4073,0.03,392,2388,100.0,39.02,23.3985,205,179,Healthy,87.32,0
45,27,-0.0,-0.0,100.0,518.67,641.94,1582.45,1393.17,14.62,21.58,552.95,2387.92,9045.95,1.3,47.08,521.37,2387.95,8126.57,8.4237,0.03,390,2388,100.0,38.93,23.4663,205,178,Healthy,86.83,0
45,28,-0.0001,-0.0003,100.0,518.67,642.18,1588.46,1396.78,14.62,21.58,553.16,2387.95,9048.15,1.3,47.1,521.72,2387.96,8131.5,8.4121,0.03,392,2388,100.0,39.09,23.378,205,177,Healthy,86.34,0
45,29,-0.0047,-0.0002,100.0,518.67,641.89,1579.98,1396.01,14.62,21.59,552.8,2387.9,9046.94,1.3,47.06,521.73,2387.97,8131.68,8.3913,0.03,390,2388,100.0,39.04,23.4065,205,176,Healthy,85.85,0
45,30,0.0002,0.0004,100.0,518.67,641.86,1585.73,1395.94,14.62,21.59,553.32,2387.92,9050.48,1.3,47.14,520.86,2387.94,8132.48,8.4103,0.03,389,2388,100.0,38.96,23.3992,205,175,Healthy,85.37,0
45,31,0.0033,0.0004,100.0,518.67,641.56,1579.39,1391.69,14.62,21.58,553.21,2387.91,9055.57,1.3,47.01,520.93,2387.95,8127.88,8.39,0.03,390,2388,100.0,38.98,23.2771,205,174,Healthy,84.88,0
45,32,0.0004,0.0002,100.0,518.67,641.98,1582.3,1394.62,14.62,21.58,553.28,2387.97,9043.86,1.3,47.08,520.76,2387.98,8135.38,8.4165,0.03,389,2388,100.0,39.01,23.4002,205,173,Healthy,84.39,0
45,33,0.0013,-0.0004,100.0,518.67,642.33,1584.07,1393.95,14.62,21.59,554.1,2387.94,9044.84,1.3,47.16,521.28,2387.94,8128.02,8.4241,0.03,390,2388,100.0,39.05,23.2973,205,172,Healthy,83.9,0
45,34,0.0024,-0.0004,100.0,518.67,642.23,1581.28,1389.07,14.62,21.58,552.79,2387.95,9042.13,1.3,47.05,521.52,2387.95,8132.23,8.4104,0.03,391,2388,100.0,39.2,23.4051,205,171,Healthy,83.41,0
45,35,-0.0001,0.0001,100.0,518.67,642.19,1577.56,1403.67,14.62,21.58,553.4,2387.95,9041.03,1.3,47.02,520.88,2387.97,8131.12,8.3898,0.03,391,2388,100.0,38.9,23.3413,205,170,Healthy,82.93,0
45,36,0.0006,0.0003,100.0,518.67,641.87,1589.4,1392.24,14.62,21.58,553.4,2387.91,9048.14,1.3,46.99,521.02,2387.92,8133.49,8.3788,0.03,390,2388,100.0,38.85,23.3941,205,169,Healthy,82.44,0
45,37,0.0015,0.0001,100.0,518.67,641.64,1590.99,1391.51,14.62,21.58,552.64,2387.96,9042.29,1.3,47.15,520.9,2387.92,8134.48,8.4203,0.03,390,2388,100.0,39.04,23.4624,205,168,Healthy,81.95,0
45,38,0.0008,-0.0001,100.0,518.67,641.97,1576.38,1395.0,14.62,21.59,553.53,2387.97,9046.91,1.3,46.98,521.07,2387.98,8131.01,8.4131,0.03,390,2388,100.0,39.17,23.3437,205,167,Healthy,81.46,0
45,39,0.0017,-0.0003,100.0,518.67,642.36,1583.14,1391.48,14.62,21.58,553.27,2387.98,9050.59,1.3,46.98,520.95,2387.91,8126.63,8.3776,0.03,389,2388,100.0,39.1,23.3189,205,166,Healthy,80.98,0
45,40,0.0017,0.0001,100.0,518.67,642.03,1580.19,1395.74,14.62,21.58,553.69,2387.99,9049.99,1.3,47.06,521.88,2387.97,8137.68,8.3987,0.03,391,2388,100.0,39.06,23.4143,205,165,Healthy,80.49,0
45,41,0.0016,-0.0002,100.0,518.67,641.76,1583.77,1393.44,14.62,21.58,553.7,2387.96,9048.17,1.3,47.0,520.61,2387.96,8135.16,8.3663,0.03,392,2388,100.0,38.86,23.3455,205,164,Healthy,80.0,0
45,42,-0.0027,0.0004,100.0,518.67,642.01,1580.14,1387.85,14.62,21.58,553.25,2387.9,9049.24,1.3,47.02,520.71,2387.95,8139.34,8.4007,0.03,392,2388,100.0,39.08,23.3309,205,163,Healthy,79.51,0
45,43,-0.0002,0.0002,100.0,518.67,642.37,1572.88,1395.46,14.62,21.58,551.64,2387.95,9048.34,1.3,47.07,521.16,2387.97,8127.32,8.388,0.03,391,2388,100.0,38.97,23.4086,205,162,Healthy,79.02,0
45,44,0.0018,0.0003,100.0,518.67,642.24,1586.92,1391.77,14.62,21.59,553.64,2387.92,9038.55,1.3,47.11,521.47,2387.92,8129.89,8.3784,0.03,391,2388,100.0,38.92,23.3596,205,161,Healthy,78.54,0
45,45,0.003,0.0002,100.0,518.67,642.21,1579.13,1394.21,14.62,21.58,553.43,2387.97,9043.63,1.3,47.07,521.08,2388.0,8127.56,8.4036,0.03,392,2388,100.0,38.82,23.5108,205,160,Healthy,78.05,0
45,46,-0.0007,-0.0004,100.0,518.67,641.68,1584.13,1401.91,14.62,21.58,553.27,2387.93,9046.2,1.3,47.12,521.08,2387.97,8133.88,8.3611,0.03,391,2388,100.0,39.01,23.4322,205,159,Healthy,77.56,0
45,47,-0.0021,0.0001,100.0,518.67,641.68,1574.19,1398.17,14.62,21.58,552.3,2387.95,9047.32,1.3,46.83,520.72,2387.94,8132.12,8.3971,0.03,390,2388,100.0,38.94,23.43,205,158,Healthy,77.07,0
45,48,0.0005,-0.0002,100.0,518.67,642.57,1582.09,1395.36,14.62,21.59,553.49,2387.93,9053.03,1.3,47.04,522.13,2387.97,8131.87,8.3663,0.03,392,2388,100.0,39.04,23.4589,205,157,Healthy,76.59,0
45,49,-0.0006,-0.0003,100.0,518.67,642.25,1584.71,1393.82,14.62,21.58,553.35,2387.93,9047.19,1.3,46.96,521.27,2387.94,8136.33,8.3734,0.03,391,2388,100.0,39.15,23.3886,205,156,Healthy,76.1,0
45,50,0.001,-0.0003,100.0,518.67,642.17,1586.59,1398.44,14.62,21.58,552.67,2387.99,9042.77,1.3,47.23,521.03,2387.97,8134.96,8.4003,0.03,391,2388,100.0,38.92,23.2387,205,155,Healthy,75.61,0
46,1,-0.0013,-0.0003,100.0,518.67,641.91,1580.76,1392.08,14.62,21.6,553.85,2387.95,9045.73,1.3,47.15,520.99,2387.98,8138.77,8.3631,0.03,391,2388,100.0,39.22,23.4937,204,203,Healthy,99.51,0
46,2,0.0035,-0.0002,100.0,518.67,642.23,1582.27,1389.33,14.62,21.6,553.95,2387.99,9048.28,1.3,47.03,522.31,2387.97,8125.27,8.3627,0.03,389,2388,100.0,39.12,23.4641,204,202,Healthy,99.02,0
46,3,-0.0017,-0.0001,100.0,518.67,641.89,1579.23,1396.86,14.62,21.6,553.37,2387.95,9037.07,1.3,47.1,520.98,2387.96,8132.81,8.405,0.03,390,2388,100.0,38.9,23.4148,204,201,Healthy,98.53,0
46,4,-0.0002,-0.0005,100.0,518.67,641.91,1575.53,1391.85,14.62,21.6,552.93,2387.94,9050.49,1.3,47.19,520.87,2387.91,8132.07,8.4294,0.03,390,2388,100.0,39.23,23.3574,204,200,Healthy,98.04,0
46,5,0.0028,-0.0003,100.0,518.67,641.74,1578.67,1393.61,14.62,21.6,554.25,2387.97,9054.01,1.3,47.15,521.86,2387.99,8134.19,8.3774,0.03,390,2388,100.0,38.9,23.3917,204,199,Healthy,97.55,0
46,6,0.0011,0.0,100.0,518.67,642.49,1580.45,1396.44,14.62,21.6,553.79,2387.95,9047.02,1.3,47.02,521.51,2387.99,8133.82,8.3992,0.03,392,2388,100.0,39.13,23.3654,204,198,Healthy,97.06,0
46,7,-0.002,-0.0003,100.0,518.67,642.02,1585.96,1391.2,14.62,21.6,553.23,2387.96,9051.62,1.3,47.11,521.75,2387.99,8128.09,8.358,0.03,390,2388,100.0,39.14,23.3829,204,197,Healthy,96.57,0
46,8,0.0002,-0.0002,100.0,518.67,641.87,1582.52,1391.31,14.62,21.6,553.94,2388.01,9047.08,1.3,47.14,521.76,2387.97,8137.65,8.406,0.03,391,2388,100.0,38.98,23.4871,204,196,Healthy,96.08,0
46,9,-0.0026,-0.0004,100.0,518.67,642.23,1582.08,1386.97,14.62,21.6,553.95,2387.94,9048.94,1.3,47.11,521.79,2387.95,8132.95,8.3807,0.03,391,2388,100.0,38.99,23.4525,204,195,Healthy,95.59,0
46,10,0.0003,-0.0,100.0,518.67,642.45,1581.16,1392.29,14.62,21.6,553.15,2387.98,9049.89,1.3,46.97,522.16,2387.95,8128.04,8.4173,0.03,389,2388,100.0,39.24,23.4168,204,194,Healthy,95.1,0
46,11,0.0041,0.0004,100.0,518.67,642.12,1580.38,1399.7,14.62,21.6,553.6,2387.96,9042.08,1.3,47.12,521.63,2388.0,8132.8,8.3866,0.03,390,2388,100.0,38.86,23.3543,204,193,Healthy,94.61,0
46,12,-0.0005,0.0001,100.0,518.67,641.71,1582.92,1396.16,14.62,21.6,553.95,2387.95,9052.76,1.3,47.06,521.28,2387.96,8131.99,8.3875,0.03,390,2388,100.0,38.83,23.3157,204,192,Healthy,94.12,0
46,13,0.0023,-0.0002,100.0,518.67,641.8,1584.9,1402.96,14.62,21.6,553.85,2387.94,9045.95,1.3,46.98,521.79,2387.9,8132.33,8.4331,0.03,391,2388,100.0,39.01,23.3326,204,191,Healthy,93.63,0
46,14,0.0005,0.0004,100.0,518.67,642.16,1577.56,1390.09,14.62,21.6,553.53,2387.96,9045.12,1.3,47.04,521.74,2387.97,8134.75,8.3959,0.03,392,2388,100.0,38.94,23.4349,204,190,Healthy,93.14,0
46,15,-0.0007,-0.0,100.0,518.67,642.26,1586.15,1393.0,14.62,21.6,553.48,2387.94,9051.3,1.3,47.06,521.2,2387.92,8131.03,8.4009,0.03,391,2388,100.0,39.19,23.543,204,189,Healthy,92.65,0
46,16,-0.001,-0.0,100.0,518.67,642.25,1577.4,1393.56,14.62,21.6,553.21,2387.92,9049.24,1.3,47.12,521.96,2387.99,8134.68,8.3961,0.03,391,2388,100.0,39.0,23.3961,204,188,Healthy,92.16,0
46,17,0.004,-0.0003,100.0,518.67,642.06,1577.8,1400.21,14.62,21.6,554.04,2387.99,9050.71,1.3,47.14,522.16,2388.04,8137.27,8.3899,0.03,390,2388,100.0,38.88,23.5534,204,187,Healthy,91.67,0
46,18,0.0013,-0.0001,100.0,518.67,642.58,1577.63,1389.01,14.62,21.6,554.71,2387.93,9052.56,1.3,47.07,521.52,2387.98,8132.3,8.3831,0.03,390,2388,100.0,39.06,23.4018,204,186,Healthy,91.18,0
46,19,-0.0,-0.0002,100.0,518.67,641.74,1578.83,1398.78,14.62,21.6,553.61,2387.98,9045.7,1.3,47.05,522.17,2387.98,8132.05,8.3981,0.03,390,2388,100.0,39.1,23.4767,204,185,Healthy,90.69,0
46,20,-0.0038,0.0004,100.0,518.67,642.72,1580.69,1392.51,14.62,21.6,553.81,2387.98,9046.97,1.3,46.99,521.86,2388.0,8132.61,8.398,0.03,389,2388,100.0,39.02,23.3849,204,184,Healthy,90.2,0
46,21,-0.0006,0.0002,100.0,518.67,641.82,1576.54,1389.75,14.62,21.6,553.5,2388.0,9043.97,1.3,47.06,521.7,2388.0,8129.07,8.3927,0.03,393,2388,100.0,39.31,23.4626,204,183,Healthy,89.71,0
46,22,-0.0006,-0.0004,100.0,518.67,641.56,1576.24,1392.03,14.62,21.6,553.1,2387.97,9054.0,1.3,46.94,521.45,2387.95,8133.05,8.4263,0.03,390,2388,100.0,38.85,23.4134,204,182,Healthy,89.22,0
46,23,-0.0007,0.0001,100.0,518.67,641.8,1584.75,1391.54,14.62,21.6,554.19,2387.93,9049.75,1.3,47.02,522.12,2387.91,8136.16,8.3692,0.03,391,2388,100.0,39.07,23.4703,204,181,Healthy,88.73,0
46,24,-0.0029,0.0004,100.0,518.67,641.78,1584.1,1395.62,14.62,21.6,553.88,2387.93,9044.23,1.3,47.12,522.14,2387.99,8135.67,8.3602,0.03,391,2388,100.0,39.22,23.3576,204,180,Healthy,88.24,0
46,25,-0.0003,-0.0004,100.0,518.67,642.16,1583.13,1404.45,14.62,21.6,554.29,2388.01,9052.24,1.3,47.16,521.46,2387.98,8135.54,8.4071,0.03,390,2388,100.0,39.04,23.4463,204,179,Healthy,87.75,0
46,26,-0.0013,-0.0002,100.0,518.67,641.93,1589.38,1392.91,14.62,21.6,553.84,2387.95,9046.85,1.3,47.09,521.5,2387.97,8133.4,8.3546,0.03,392,2388,100.0,39.02,23.3616,204,178,Healthy,87.25,0
46,27,0.0001,0.0005,100.0,518.67,642.17,1579.37,1394.66,14.62,21.6,553.93,2387.99,9053.43,1.3,47.07,521.63,2387.97,8135.06,8.3939,0.03,390,2388,100.0,38.81,23.493,204,177,Healthy,86.76,0
46,28,-0.0001,-0.0004,100.0,518.67,642.1,1586.84,1391.59,14.62,21.6,554.24,2387.96,9053.83,1.3,47.14,521.94,2388.01,8135.91,8.3644,0.03,390,2388,100.0,39.07,23.5024,204,176,Healthy,86.27,0
46,29,0.002,0.0004,100.0,518.67,642.47,1582.3,1390.55,14.62,21.6,554.54,2387.98,9059.02,1.3,46.93,521.96,2387.97,8135.23,8.3958,0.03,391,2388,100.0,38.97,23.387,204,175,Healthy,85.78,0
46,30,-0.0,-0.0002,100.0,518.67,642.04,1585.68,1397.66,14.62,21.6,553.15,2388.0,9046.02,1.3,47.02,522.04,2387.92,8134.23,8.3931,0.03,391,2388,100.0,38.9,23.4457,204,174,Healthy,85.29,0
46,31,-0.0014,-0.0,100.0,518.67,641.68,1584.4,1394.05,14.62,21.6,554.2,2387.94,9049.24,1.3,46.89,521.44,2387.96,8133.93,8.4294,0.03,391,2388,100.0,39.0,23.3266,204,173,Healthy,84.8,0
46,32,0.0015,0.0002,100.0,518.67,641.85,1585.52,1400.0,14.62,21.6,553.96,2387.9,9051.93,1.3,47.03,521.72,2387.98,8137.09,8.4034,0.03,390,2388,100.0,38.91,23.4036,204,172,Healthy,84.31,0
46,33,-0.0009,-0.0002,100.0,518.67,642.08,1583.24,1398.28,14.62,21.6,554.78,2387.96,9051.5,1.3,47.04,522.01,2387.98,8131.45,8.3869,0.03,393,2388,100.0,39.03,23.4852,204,171,Healthy,83.82,0
46,34,0.0011,-0.0003,100.0,518.67,642.08,1584.17,1394.75,14.62,21.6,553.55,2387.95,9054.67,1.3,47.14,522.41,2388.0,8133.95,8.4023,0.03,390,2388,100.0,39.06,23.431,204,170,Healthy,83.33,0
46,35,0.0025,-0.0005,100.0,518.67,641.84,1576.87,1389.96,14.62,21.6,553.83,2388.01,9054.98,1.3,47.01,521.56,2388.01,8138.45,8.3893,0.03,391,2388,100.0,38.93,23.5095,204,169,Healthy,82.84,0
46,36,-0.0013,0.0002,100.0,518.67,642.48,1580.94,1391.7,14.62,21.6,553.09,2387.9,9047.34,1.3,47.01,521.62,2387.95,8135.89,8.3955,0.03,390,2388,100.0,38.97,23.4242,204,168,Healthy,82.35,0
46,37,-0.004,0.0,100.0,518.67,641.61,1584.33,1395.75,14.62,21.6,554.2,2388.0,9048.38,1.3,46.96,521.85,2387.93,8131.58,8.3877,0.03,390,2388,100.0,38.93,23.5067,204,167,Healthy,81.86,0
46,38,-0.0015,-0.0005,100.0,518.67,642.48,1581.42,1395.47,14.62,21.6,554.19,2387.95,9044.05,1.3,47.0,521.48,2387.97,8132.61,8.3919,0.03,391,2388,100.0,38.96,23.3618,204,166,Healthy,81.37,0
46,39,0.0005,-0.0001,100.0,518.67,641.61,1586.19,1387.08,14.62,21.6,553.65,2387.9,9046.65,1.3,47.02,522.13,2387.96,8135.28,8.4236,0.03,391,2388,100.0,38.93,23.4613,204,165,Healthy,80.88,0
46,40,-0.0025,-0.0004,100.0,518.67,641.85,1591.33,1393.86,14.62,21.6,553.56,2387.96,9046.05,1.3,46.75,522.22,2387.97,8130.58,8.3545,0.03,389,2388,100.0,38.83,23.3761,204,164,Healthy,80.39,0
46,41,-0.0022,-0.0005,100.0,518.67,642.09,1575.21,1400.9,14.62,21.6,553.86,2387.93,9045.19,1.3,47.05,521.54,2388.01,8138.21,8.3707,0.03,391,2388,100.0,39.01,23.4449,204,163,Healthy,79.9,0
46,42,0.0014,0.0002,100.0,518.67,641.58,1577.41,1391.2,14.62,21.6,553.63,2387.95,9045.92,1.3,47.11,521.53,2388.0,8131.81,8.3531,0.03,390,2388,100.0,39.08,23.4459,204,162,Healthy,79.41,0
46,43,-0.0017,0.0002,100.0,518.67,641.48,1578.36,1391.47,14.62,21.6,553.7,2387.94,9042.55,1.3,47.1,521.6,2387.94,8134.37,8.3372,0.03,391,2388,100.0,39.14,23.3391,204,161,Healthy,78.92,0
46,44,-0.001,-0.0,100.0,518.67,642.34,1582.31,1390.81,14.62,21.6,553.93,2387.95,9044.73,1.3,47.08,521.51,2387.98,8134.98,8.4057,0.03,393,2388,100.0,39.07,23.4871,204,160,Healthy,78.43,0
46,45,-0.0023,0.0004,100.0,518.67,641.91,1579.34,1399.98,14.62,21.6,553.83,2387.97,9047.67,1.3,46.98,522.05,2387.96,8135.27,8.4076,0.03,391,2388,100.0,39.08,23.5286,204,159,Healthy,77.94,0
46,46,0.0017,0.0,100.0,518.67,641.46,1576.38,1391.51,14.62,21.6,554.56,2387.98,9055.0,1.3,47.19,521.79,2387.97,8136.19,8.397,0.03,392,2388,100.0,38.97,23.3983,204,158,Healthy,77.45,0
46,47,0.0013,-0.0001,100.0,518.67,641.92,1585.72,1398.69,14.62,21.6,553.93,2388.02,9052.04,1.3,47.15,521.9,2387.97,8131.0,8.4259,0.03,391,2388,100.0,39.19,23.4239,204,157,Healthy,76.96,0
46,48,0.0011,0.0003,100.0,518.67,642.23,1580.5,1387.66,14.62,21.6,553.2,2387.96,9048.44,1.3,47.08,521.32,2387.95,8135.99,8.3726,0.03,392,2388,100.0,38.99,23.4407,204,156,Healthy,76.47,0
46,49,0.0018,-0.0002,100.0,518.67,641.82,1584.9,1393.07,14.62,21.6,553.97,2387.95,9052.84,1.3,46.88,521.31,2387.99,8132.81,8.4251,0.03,389,2388,100.0,38.97,23.4556,204,155,Healthy,75.98,0
46,50,0.0019,0.0001,100.0,518.67,642.51,1579.93,1398.07,14.62,21.6,553.9,2387.96,9048.92,1.3,46.98,521.91,2387.96,8137.98,8.3987,0.03,390,2388,100.0,39.12,23.3868,204,154,Healthy,75.49,0
47,1,0.0031,0.0002,100.0,518.67,641.58,1582.45,1399.97,14.62,21.61,554.15,2388.0,9071.21,1.3,47.25,522.49,2387.96,8143.1,8.3999,0.03,391,2388,100.0,38.94,23.4721,269,268,Healthy,99.63,0
47,2,0.0002,0.0003,100.0,518.67,642.46,1584.23,1399.81,14.62,21.6,554.56,2388.0,9069.33,1.3,47.06,522.54,2387.96,8146.95,8.398,0.03,391,2388,100.0,39.09,23.4507,269,267,Healthy,99.26,0
47,3,0.0002,-0.0005,100.0,518.67,641.77,1580.63,1394.7,14.62,21.61,554.68,2387.99,9069.82,1.3,47.22,522.35,2387.98,8148.39,8.3964,0.03,392,2388,100.0,38.96,23.3505,269,266,Healthy,98.88,0
47,4,0.0017,-0.0004,100.0,518.67,642.18,1579.72,1394.29,14.62,21.6,554.33,2388.02,9064.0,1.3,47.08,522.4,2387.95,8148.92,8.3626,0.03,392,2388,100.0,39.07,23.5422,269,265,Healthy,98.51,0
47,5,-0.0007,0.0001,100.0,518.67,642.16,1583.88,1396.22,14.62,21.6,554.53,2388.0,9070.14,1.3,47.13,522.43,2387.99,8151.88,8.4133,0.03,390,2388,100.0,38.95,23.3409,269,264,Healthy,98.14,0
47,6,0.0018,0.0002,100.0,518.67,642.41,1580.98,1394.77,14.62,21.61,554.86,2387.99,9067.84,1.3,47.32,522.5,2387.97,8146.88,8.3864,0.03,392,2388,100.0,39.12,23.3628,269,263,Healthy,97.77,0
47,7,0.0019,0.0001,100.0,518.67,641.73,1586.98,1396.17,14.62,21.61,554.05,2387.99,9067.14,1.3,47.25,522.35,2388.0,8149.18,8.3911,0.03,392,2388,100.0,38.98,23.4671,269,262,Healthy,97.4,0
47,8,-0.0016,-0.0002,100.0,518.67,642.13,1585.04,1394.16,14.62,21.61,555.19,2387.99,9069.25,1.3,47.13,522.67,2387.99,8147.33,8.3762,0.03,392,2388,100.0,38.93,23.3994,269,261,Healthy,97.03,0
47,9,0.0029,0.0002,100.0,518.67,642.06,1585.65,1400.95,14.62,21.61,555.2,2387.96,9060.26,1.3,47.25,522.72,2388.0,8155.74,8.3979,0.03,391,2388,100.0,38.84,23.4421,269,260,Healthy,96.65,0
47,10,0.0001,0.0003,100.0,518.67,642.06,1592.15,1389.91,14.62,21.61,553.98,2387.98,9059.73,1.3,47.32,522.81,2387.93,8148.04,8.3997,0.03,392,2388,100.0,38.91,23.5323,269,259,Healthy,96.28,0
47,11,-0.0026,-0.0003,100.0,518.67,641.63,1589.21,1391.66,14.62,21.61,555.17,2387.98,9066.3,1.3,47.16,522.68,2387.98,8149.26,8.402,0.03,391,2388,100.0,39.12,23.3828,269,258,Healthy,95.91,0
47,12,-0.0009,-0.0001,100.0,518.67,642.28,1578.45,1399.06,14.62,21.6,554.74,2388.03,9070.1,1.3,47.02,522.33,2387.99,8153.09,8.3948,0.03,392,2388,100.0,39.12,23.4432,269,257,Healthy,95.54,0
47,13,-0.0051,-0.0005,100.0,518.67,642.28,1580.41,1392.38,14.62,21.61,554.67,2388.02,9065.04,1.3,46.94,523.02,2387.96,8147.09,8.4141,0.03,392,2388,100.0,39.05,23.4409,269,256,Healthy,95.17,0
47,14,-0.0,0.0004,100.0,518.67,642.35,1586.15,1387.5,14.62,21.61,554.97,2387.94,9059.93,1.3,47.15,522.72,2388.0,8144.55,8.4125,0.03,391,2388,100.0,39.16,23.4983,269,255,Healthy,94.8,0
47,15,0.0011,-0.0001,100.0,518.67,642.61,1584.79,1391.75,14.62,21.61,554.87,2387.96,9066.35,1.3,47.33,522.57,2387.98,8151.74,8.3755,0.03,391,2388,100.0,39.2,23.3364,269,254,Healthy,94.42,0
47,16,-0.0037,0.0004,100.0,518.67,642.42,1586.28,1389.45,14.62,21.61,554.28,2388.07,9063.15,1.3,47.27,522.58,2387.99,8148.51,8.4064,0.03,390,2388,100.0,38.97,23.3597,269,253,Healthy,94.05,0
47,17,-0.0008,-0.0001,100.0,518.67,642.61,1583.34,1394.0,14.62,21.61,554.6,2388.04,9057.58,1.3,47.24,522.47,2388.0,8150.79,8.3747,0.03,391,2388,100.0,39.0,23.3287,269,252,Healthy,93.68,0
47,18,-0.0027,0.0001,100.0,518.67,642.25,1585.91,1393.2,14.62,21.61,554.18,2388.02,9063.85,1.3,47.26,522.65,2387.99,8145.42,8.4345,0.03,391,2388,100.0,39.02,23.3536,269,251,Healthy,93.31,0
47,19,-0.0009,-0.0002,100.0,518.67,641.81,1581.34,1396.18,14.62,21.61,554.83,2388.0,9065.38,1.3,47.31,522.58,2387.99,8154.2,8.3942,0.03,392,2388,100.0,39.0,23.4791,269,250,Healthy,92.94,0
47,20,0.0019,0.0002,100.0,518.67,642.28,1594.36,1395.44,14.62,21.61,554.86,2388.0,9069.28,1.3,47.03,522.57,2387.97,8145.29,8.3834,0.03,390,2388,100.0,39.05,23.4471,269,249,Healthy,92.57,0
47,21,-0.0017,-0.0003,100.0,518.67,642.06,1586.3,1404.78,14.62,21.61,554.92,2387.99,9057.93,1.3,47.54,522.5,2388.04,8146.57,8.3805,0.03,391,2388,100.0,39.08,23.424,269,248,Healthy,92.19,0
47,22,0.0014,-0.0002,100.0,518.67,642.47,1584.7,1395.19,14.62,21.61,554.72,2387.98,9061.59,1.3,47.27,522.2,2388.0,8145.59,8.386,0.03,391,2388,100.0,39.1,23.3743,269,247,Healthy,91.82,0
47,23,0.0052,-0.0001,100.0,518.67,641.55,1578.74,1395.81,14.62,21.61,554.44,2388.03,9070.29,1.3,47.25,522.71,2387.96,8145.23,8.3843,0.03,392,2388,100.0,39.07,23.4136,269,246,Healthy,91.45,0
47,24,0.0002,0.0002,100.0,518.67,642.45,1584.17,1400.08,14.62,21.61,554.84,2387.97,9068.58,1.3,47.09,522.73,2388.02,8147.83,8.3898,0.03,393,2388,100.0,39.21,23.4466,269,245,Healthy,91.08,0
47,25,0.0026,-0.0005,100.0,518.67,642.04,1582.54,1396.16,14.62,21.6,554.03,2387.98,9067.01,1.3,47.15,522.69,2387.95,8150.71,8.4479,0.03,389,2388,100.0,38.95,23.4454,269,244,Healthy,90.71,0
47,26,0.0012,0.0,100.0,518.67,641.96,1579.07,1397.86,14.62,21.6,555.07,2388.03,9065.24,1.3,47.23,522.57,2387.98,8150.12,8.377,0.03,390,2388,100.0,39.23,23.4662,269,243,Healthy,90.33,0
47,27,-0.0001,-0.0002,100.0,518.67,641.5,1576.39,1386.39,14.62,21.61,554.95,2387.99,9073.47,1.3,47.3,522.21,2387.98,8150.28,8.3744,0.03,392,2388,100.0,39.14,23.4977,269,242,Healthy,89.96,0
47,28,-0.0015,-0.0005,100.0,518.67,642.26,1580.18,1398.69,14.62,21.61,555.15,2388.02,9070.52,1.3,46.91,522.59,2388.0,8151.0,8.4019,0.03,391,2388,100.0,38.99,23.4458,269,241,Healthy,89.59,0
47,29,0.0037,-0.0005,100.0,518.67,642.29,1581.84,1393.69,14.62,21.61,554.98,2387.97,9071.15,1.3,47.21,522.25,2387.96,8151.48,8.3992,0.03,392,2388,100.0,39.15,23.292,269,240,Healthy,89.22,0
47,30,0.0007,-0.0004,100.0,518.67,642.38,1583.22,1401.5,14.62,21.61,555.07,2387.96,9068.82,1.3,47.12,521.99,2388.0,8154.16,8.3898,0.03,392,2388,100.0,39.25,23.3662,269,239,Healthy,88.85,0
47,31,-0.0014,-0.0003,100.0,518.67,642.42,1586.05,1402.78,14.62,21.61,554.75,2387.94,9066.44,1.3,47.1,522.39,2387.95,8152.8,8.4124,0.03,390,2388,100.0,38.91,23.4121,269,238,Healthy,88.48,0
47,32,0.0043,-0.0001,100.0,518.67,642.5,1582.91,1393.81,14.62,21.61,554.16,2388.0,9064.16,1.3,47.27,522.39,2387.97,8149.24,8.4131,0.03,393,2388,100.0,39.06,23.4883,269,237,Healthy,88.1,0
47,33,0.0017,-0.0002,100.0,518.67,642.15,1583.4,1393.66,14.62,21.61,554.41,2387.99,9065.1,1.3,47.26,522.31,2387.99,8148.82,8.3916,0.03,391,2388,100.0,39.02,23.4763,269,236,Healthy,87.73,0
47,34,0.0017,-0.0,100.0,518.67,642.2,1585.34,1390.28,14.62,21.61,554.85,2387.95,9075.64,1.3,46.98,522.85,2388.02,8147.72,8.3801,0.03,391,2388,100.0,39.01,23.4229,269,235,Healthy,87.36,0
47,35,0.0039,0.0001,100.0,518.67,641.53,1582.02,1405.62,14.62,21.61,554.1,2388.06,9071.0,1.3,47.16,522.45,2387.99,8149.99,8.407,0.03,391,2388,100.0,39.1,23.3489,269,234,Healthy,86.99,0
47,36,-0.0032,0.0001,100.0,518.67,641.53,1582.98,1403.22,14.62,21.61,554.45,2387.96,9075.27,1.3,47.2,522.66,2388.01,8143.12,8.4014,0.03,392,2388,100.0,39.11,23.4483,269,233,Healthy,86.62,0
47,37,-0.0011,0.0001,100.0,518.67,642.34,1580.11,1391.79,14.62,21.61,554.77,2387.99,9064.35,1.3,47.19,522.83,2387.97,8152.83,8.382,0.03,393,2388,100.0,38.93,23.404,269,232,Healthy,86.25,0
47,38,0.002,-0.0002,100.0,518.67,642.47,1588.18,1398.9,14.62,21.61,554.18,2387.98,9071.8,1.3,47.17,522.59,2387.96,8150.91,8.3583,0.03,390,2388,100.0,38.93,23.383,269,231,Healthy,85.87,0
47,39,-0.0,-0.0002,100.0,518.67,641.66,1581.32,1398.53,14.62,21.61,554.66,2387.96,9067.85,1.3,47.42,522.52,2388.01,8151.51,8.4174,0.03,393,2388,100.0,38.95,23.4242,269,230,Healthy,85.5,0
47,40,0.0001,-0.0002,100.0,518.67,642.32,1583.9,1399.86,14.62,21.61,555.32,2387.97,9069.92,1.3,47.22,522.26,2387.97,8151.37,8.4104,0.03,393,2388,100.0,39.03,23.35,269,229,Healthy,85.13,0
47,41,0.0011,-0.0001,100.0,518.67,642.1,1592.24,1395.85,14.62,21.61,554.29,2387.99,9064.75,1.3,47.29,522.65,2387.96,8150.53,8.3706,0.03,392,2388,100.0,39.23,23.49,269,228,Healthy,84.76,0
47,42,0.0001,-0.0002,100.0,518.67,642.09,1583.38,1397.08,14.62,21.61,554.31,2387.98,9074.69,1.3,47.29,522.65,2387.99,8148.6,8.3761,0.03,391,2388,100.0,39.06,23.4551,269,227,Healthy,84.39,0
47,43,-0.0015,-0.0004,100.0,518.67,642.24,1578.65,1394.54,14.62,21.61,554.91,2387.96,9068.63,1.3,47.07,522.92,2387.99,8147.48,8.3647,0.03,393,2388,100.0,39.02,23.4336,269,226,Healthy,84.01,0
47,44,-0.0011,-0.0001,100.0,518.67,642.03,1586.58,1393.38,14.62,21.61,554.97,2388.0,9070.01,1.3,47.16,522.64,2388.02,8148.66,8.4071,0.03,391,2388,100.0,39.07,23.537,269,225,Healthy,83.64,0
47,45,0.0028,0.0004,100.0,518.67,641.72,1584.58,1398.71,14.62,21.6,554.65,2388.0,9067.2,1.3,47.38,522.8,2388.04,8150.23,8.4035,0.03,392,2388,100.0,39.14,23.405,269,224,Healthy,83.27,0
47,46,-0.0023,-0.0003,100.0,518.67,642.69,1575.07,1400.11,14.62,21.6,554.21,2388.01,9074.29,1.3,47.17,522.47,2388.0,8152.48,8.4102,0.03,389,2388,100.0,39.03,23.332,269,223,Healthy,82.9,0
47,47,0.0002,-0.0002,100.0,518.67,641.96,1578.15,1401.08,14.62,21.61,554.31,2387.99,9083.13,1.3,47.27,522.29,2387.98,8149.63,8.41,0.03,391,2388,100.0,38.88,23.5367,269,222,Healthy,82.53,0
47,48,0.0037,0.0,100.0,518.67,642.12,1587.99,1393.91,14.62,21.61,554.46,2387.98,9076.88,1.3,47.17,522.21,2387.95,8150.26,8.4311,0.03,392,2388,100.0,39.07,23.41,269,221,Healthy,82.16,0
47,49,0.0004,-0.0004,100.0,518.67,642.32,1586.76,1393.53,14.62,21.61,554.78,2387.95,9068.57,1.3,47.08,522.42,2387.92,8154.79,8.3619,0.03,391,2388,100.0,38.92,23.3351,269,220,Healthy,81.78,0
47,50,-0.0011,-0.0001,100.0,518.67,642.39,1587.38,1396.38,14.62,21.61,554.72,2388.04,9073.36,1.3,47.3,521.6,2388.02,8146.66,8.4412,0.03,391,2388,100.0,39.08,23.3353,269,219,Healthy,81.41,0
48,1,0.0005,-0.0001,100.0,518.67,642.48,1589.16,1398.06,14.62,21.61,553.55,2388.08,9058.25,1.3,47.36,521.85,2388.1,8135.97,8.4535,0.03,393,2388,100.0,38.69,23.3125,174,173,Healthy,99.43,0
48,2,0.0024,0.0003,100.0,518.67,642.36,1600.76,1401.43,14.62,21.61,554.36,2388.07,9060.98,1.3,47.39,522.09,2388.03,8139.77,8.4169,0.03,392,2388,100.0,38.71,23.341,174,172,Healthy,98.85,0
48,3,-0.0015,-0.0001,100.0,518.67,642.31,1590.67,1403.94,14.62,21.61,553.81,2388.11,9058.26,1.3,47.53,521.67,2388.12,8134.19,8.4499,0.03,395,2388,100.0,38.9,23.2967,174,171,Healthy,98.28,0
48,4,-0.0027,-0.0,100.0,518.67,642.68,1585.79,1405.33,14.62,21.61,553.44,2388.07,9058.06,1.3,47.51,521.53,2388.08,8134.19,8.4541,0.03,391,2388,100.0,38.92,23.3203,174,170,Healthy,97.7,0
48,5,0.0009,-0.0,100.0,518.67,642.08,1590.23,1406.69,14.62,21.61,553.48,2388.08,9050.94,1.3,47.5,521.36,2388.08,8135.48,8.4012,0.03,393,2388,100.0,38.66,23.3467,174,169,Healthy,97.13,0
48,6,0.0014,0.0005,100.0,518.67,642.87,1588.31,1411.24,14.62,21.61,553.28,2388.07,9056.51,1.3,47.43,521.88,2388.09,8136.79,8.4371,0.03,393,2388,100.0,38.8,23.3811,174,168,Healthy,96.55,0
48,7,0.0014,0.0004,100.0,518.67,642.26,1580.31,1406.17,14.62,21.61,554.59,2388.03,9062.7,1.3,47.3,521.59,2388.08,8140.67,8.4339,0.03,394,2388,100.0,38.9,23.2929,174,167,Healthy,95.98,0
48,8,-0.0001,0.0004,100.0,518.67,642.74,1589.43,1409.19,14.62,21.61,552.84,2388.07,9063.0,1.3,47.41,522.17,2388.07,8139.05,8.4292,0.03,392,2388,100.0,38.93,23.1768,174,166,Healthy,95.4,0
48,9,0.0029,-0.0004,100.0,518.67,642.1,1585.62,1408.67,14.62,21.61,553.7,2388.02,9049.75,1.3,47.3,521.86,2388.09,8133.21,8.4239,0.03,393,2388,100.0,38.76,23.3553,174,165,Healthy,94.83,0
48,10,0.0015,-0.0004,100.0,518.67,642.44,1588.24,1402.41,14.62,21.61,553.66,2388.1,9057.1,1.3,47.22,521.81,2388.02,8143.27,8.443,0.03,393,2388,100.0,38.84,23.2271,174,164,Healthy,94.25,0
48,11,-0.0012,-0.0003,100.0,518.67,642.61,1586.22,1400.15,14.62,21.61,554.08,2388.0,9054.41,1.3,47.47,521.85,2388.06,8141.06,8.4513,0.03,391,2388,100.0,38.84,23.4166,174,163,Healthy,93.68,0
48,12,-0.0012,-0.0003,100.0,518.67,642.66,1583.68,1398.57,14.62,21.61,553.22,2388.09,9063.88,1.3,47.37,521.65,2388.06,8133.26,8.4679,0.03,392,2388,100.0,38.8,23.2602,174,162,Healthy,93.1,0
48,13,0.0012,-0.0,100.0,518.67,642.51,1589.01,1406.97,14.62,21.61,553.83,2388.12,9054.42,1.3,47.42,521.73,2388.08,8136.26,8.4167,0.03,393,2388,100.0,38.93,23.3523,174,161,Healthy,92.53,0
48,14,-0.0015,0.0005,100.0,518.67,642.65,1592.17,1409.87,14.62,21.61,553.68,2388.05,9056.8,1.3,47.36,521.29,2388.09,8137.24,8.4051,0.03,392,2388,100.0,38.9,23.3636,174,160,Healthy,91.95,0
48,15,0.0,0.0001,100.0,518.67,642.47,1576.77,1406.55,14.62,21.61,553.82,2388.07,9050.95,1.3,47.46,521.41,2388.16,8133.59,8.3954,0.03,393,2388,100.0,38.74,23.2631,174,159,Healthy,91.38,0
48,16,0.0005,0.0002,100.0,518.67,642.64,1591.65,1406.7,14.62,21.61,553.56,2388.04,9057.22,1.3,47.47,521.72,2388.09,8138.6,8.4076,0.03,393,2388,100.0,38.91,23.3182,174,158,Healthy,90.8,0
48,17,0.0025,-0.0,100.0,518.67,642.68,1593.28,1399.94,14.62,21.61,554.36,2388.07,9048.05,1.3,47.46,521.32,2388.07,8139.37,8.4514,0.03,393,2388,100.0,38.88,23.2965,174,157,Healthy,90.23,0
48,18,-0.0021,-0.0,100.0,518.67,642.78,1586.01,1405.97,14.62,21.61,553.5,2388.06,9050.38,1.3,47.66,522.28,2388.13,8134.75,8.4229,0.03,393,2388,100.0,39.01,23.3402,174,156,Healthy,89.66,0
48,19,-0.0002,0.0002,100.0,518.67,642.28,1584.55,1402.64,14.62,21.61,553.15,2388.09,9060.36,1.3,47.43,521.75,2388.05,8135.54,8.3938,0.03,393,2388,100.0,38.78,23.296,174,155,Healthy,89.08,0
48,20,0.0004,-0.0004,100.0,518.67,642.64,1582.68,1406.28,14.62,21.61,554.36,2388.08,9058.49,1.3,47.47,521.63,2388.05,8134.73,8.4255,0.03,391,2388,100.0,38.93,23.3295,174,154,Healthy,88.51,0
48,21,0.0024,0.0,100.0,518.67,642.65,1592.17,1404.45,14.62,21.61,553.46,2388.11,9054.49,1.3,47.46,521.57,2388.13,8138.23,8.4485,0.03,393,2388,100.0,38.86,23.2943,174,153,Healthy,87.93,0
48,22,0.0021,-0.0004,100.0,518.67,642.61,1587.88,1405.95,14.62,21.61,553.94,2388.07,9056.04,1.3,47.54,521.77,2388.06,8138.49,8.4071,0.03,392,2388,100.0,38.86,23.3064,174,152,Healthy,87.36,0
48,23,0.0021,0.0003,100.0,518.67,642.56,1580.15,1402.91,14.62,21.61,553.7,2388.05,9060.38,1.3,47.55,521.55,2388.09,8136.97,8.4477,0.03,393,2388,100.0,38.91,23.3004,174,151,Healthy,86.78,0
48,24,0.002,0.0003,100.0,518.67,642.87,1591.26,1404.7,14.62,21.61,553.86,2388.05,9062.32,1.3,47.38,521.7,2388.09,8138.95,8.4493,0.03,393,2388,100.0,38.76,23.4346,174,150,Healthy,86.21,0
48,25,0.0029,0.0003,100.0,518.67,642.86,1589.45,1396.94,14.62,21.61,553.93,2388.1,9060.07,1.3,47.36,521.97,2388.08,8136.03,8.3925,0.03,392,2388,100.0,38.89,23.272,174,149,Healthy,85.63,0
48,26,0.0009,-0.0002,100.0,518.67,642.42,1588.14,1407.73,14.62,21.61,553.01,2388.12,9055.22,1.3,47.45,521.67,2388.07,8139.86,8.4462,0.03,393,2388,100.0,38.91,23.348,174,148,Healthy,85.06,0
48,27,-0.0014,0.0004,100.0,518.67,642.57,1582.86,1405.52,14.62,21.61,553.45,2388.07,9050.52,1.3,47.51,521.78,2388.07,8139.56,8.4751,0.03,394,2388,100.0,38.95,23.3093,174,147,Healthy,84.48,0
48,28,0.0001,-0.0003,100.0,518.67,642.24,1590.06,1406.11,14.62,21.61,553.94,2388.05,9054.88,1.3,47.36,521.66,2388.12,8132.2,8.4152,0.03,394,2388,100.0,38.91,23.3073,174,146,Healthy,83.91,0
48,29,-0.0012,0.0003,100.0,518.67,642.12,1597.64,1400.44,14.62,21.61,553.5,2388.1,9054.79,1.3,47.5,521.78,2388.11,8137.62,8.4234,0.03,392,2388,100.0,38.86,23.3611,174,145,Healthy,83.33,0
48,30,0.0007,-0.0,100.0,518.67,642.1,1593.05,1406.31,14.62,21.61,554.62,2388.1,9059.58,1.3,47.56,521.94,2388.05,8139.64,8.4466,0.03,392,2388,100.0,38.81,23.2778,174,144,Healthy,82.76,0
48,31,0.0004,-0.0003,100.0,518.67,642.12,1589.24,1411.25,14.62,21.61,553.78,2388.06,9057.37,1.3,47.42,521.81,2388.09,8136.23,8.4428,0.03,392,2388,100.0,38.89,23.3114,174,143,Healthy,82.18,0
48,32,-0.0009,-0.0003,100.0,518.67,642.62,1589.07,1407.96,14.62,21.61,553.96,2388.03,9060.03,1.3,47.56,521.8,2388.08,8134.14,8.4392,0.03,393,2388,100.0,38.88,23.2603,174,142,Healthy,81.61,0
48,33,-0.0007,0.0001,100.0,518.67,642.27,1588.76,1400.87,14.62,21.61,553.71,2388.06,9064.42,1.3,47.64,521.22,2388.11,8137.85,8.4211,0.03,393,2388,100.0,38.99,23.316,174,141,Healthy,81.03,0
48,34,0.0007,-0.0003,100.0,518.67,642.32,1587.21,1409.75,14.62,21.61,554.44,2388.07,9049.49,1.3,47.56,521.71,2388.06,8141.71,8.4209,0.03,392,2388,100.0,38.93,23.3228,174,140,Healthy,80.46,0
48,35,-0.0008,0.0001,100.0,518.67,642.1,1593.5,1406.34,14.62,21.61,554.29,2388.06,9052.12,1.3,47.49,521.96,2388.07,8136.53,8.381,0.03,393,2388,100.0,38.87,23.2743,174,139,Healthy,79.89,0
48,36,0.0017,0.0001,100.0,518.67,642.64,1590.05,1408.82,14.62,21.61,554.23,2388.08,9052.82,1.3,47.39,521.65,2388.08,8137.97,8.4134,0.03,393,2388,100.0,38.92,23.4157,174,138,Healthy,79.31,0
48,37,-0.0013,-0.0001,100.0,518.67,642.9,1591.16,1407.5,14.62,21.61,554.36,2388.07,9061.89,1.3,47.44,521.59,2388.07,8135.84,8.4666,0.03,393,2388,100.0,38.88,23.2656,174,137,Healthy,78.74,0
48,38,0.0034,0.0002,100.0,518.67,642.24,1587.02,1405.26,14.62,21.61,553.13,2388.09,9064.54,1.3,47.32,521.9,2388.07,8137.32,8.4116,0.03,392,2388,100.0,38.79,23.3744,174,136,Healthy,78.16,0
48,39,0.0048,-0.0002,100.0,518.67,642.54,1590.93,1406.19,14.62,21.61,553.64,2388.13,9057.36,1.3,47.58,521.57,2388.04,8136.3,8.4187,0.03,394,2388,100.0,38.95,23.4567,174,135,Healthy,77.59,0
48,40,0.001,-0.0,100.0,518.67,642.69,1590.43,1402.05,14.62,21.61,553.73,2388.09,9064.83,1.3,47.5,521.38,2388.11,8136.61,8.4369,0.03,394,2388,100.0,38.64,23.364,174,134,Healthy,77.01,0
48,41,-0.0031,0.0004,100.0,518.67,642.38,1594.74,1410.85,14.62,21.61,553.43,2388.06,9059.76,1.3,47.57,521.62,2388.1,8134.3,8.4492,0.03,394,2388,100.0,38.95,23.3432,174,133,Healthy,76.44,0
48,42,-0.0017,0.0003,100.0,518.67,642.58,1584.92,1407.31,14.62,21.61,553.86,2388.12,9052.09,1.3,47.49,521.72,2388.1,8136.64,8.4141,0.03,394,2388,100.0,38.95,23.3564,174,132,Healthy,75.86,0
48,43,0.0036,0.0003,100.0,518.67,642.78,1584.15,1404.22,14.62,21.61,553.63,2388.04,9051.43,1.3,47.57,521.87,2388.12,8136.63,8.4551,0.03,390,2388,100.0,38.88,23.4644,174,131,Healthy,75.29,0
48,44,0.0033,0.0005,100.0,518.67,642.13,1591.71,1409.81,14.62,21.61,553.85,2388.06,9060.44,1.3,47.41,521.45,2388.02,8139.74,8.4625,0.03,393,2388,100.0,38.88,23.3461,174,130,Healthy,74.71,0
48,45,-0.0049,0.0002,100.0,518.67,642.21,1586.65,1405.96,14.62,21.61,554.22,2388.05,9058.18,1.3,47.47,520.92,2388.04,8134.82,8.4536,0.03,393,2388,100.0,38.69,23.3308,174,129,Healthy,74.14,0
48,46,0.0021,0.0004,100.0,518.67,642.47,1597.15,1409.82,14.62,21.61,552.68,2388.07,9061.55,1.3,47.41,521.56,2388.12,8140.12,8.4662,0.03,393,2388,100.0,38.93,23.377,174,128,Healthy,73.56,0
48,47,0.0003,0.0,100.0,518.67,642.45,1595.14,1401.39,14.62,21.61,553.7,2388.08,9059.79,1.3,47.28,521.49,2388.06,8139.73,8.3991,0.03,394,2388,100.0,39.08,23.2883,174,127,Healthy,72.99,0
48,48,0.0004,-0.0004,100.0,518.67,642.81,1590.17,1412.5,14.62,21.61,554.23,2388.07,9060.51,1.3,47.52,521.08,2388.09,8137.68,8.4436,0.03,393,2388,100.0,38.89,23.3123,174,126,Healthy,72.41,0
48,49,0.0001,0.0004,100.0,518.67,642.76,1589.47,1410.65,14.62,21.61,553.44,2388.06,9057.92,1.3,47.39,521.41,2388.07,8134.72,8.4268,0.03,393,2388,100.0,38.96,23.1859,174,125,Healthy,71.84,0
48,50,0.001,-0.0003,100.0,518.67,642.66,1588.47,1415.84,14.62,21.61,553.81,2388.15,9060.43,1.3,47.47,522.06,2388.08,8141.73,8.4125,0.03,393,2388,100.0,38.83,23.3373,174,124,Healthy,71.26,0
49,1,0.0009,-0.0004,100.0,518.67,642.6,1587.02,1390.33,14.62,21.6,556.71,2387.99,9061.95,1.3,47.21,523.56,2388.02,8139.29,8.3611,0.03,392,2388,100.0,39.08,23.555,256,255,Healthy,99.61,0
49,2,0.0041,0.0001,100.0,518.67,642.54,1586.95,1398.02,14.62,21.6,555.93,2388.06,9058.22,1.3,47.1,523.66,2388.0,8139.45,8.3706,0.03,391,2388,100.0,39.08,23.4377,256,254,Healthy,99.22,0
49,3,-0.004,0.0001,100.0,518.67,641.92,1588.54,1399.51,14.62,21.6,555.14,2388.0,9050.17,1.3,47.13,523.36,2387.97,8139.57,8.3559,0.03,391,2388,100.0,38.98,23.386,256,253,Healthy,98.83,0
49,4,-0.0001,-0.0,100.0,518.67,641.73,1583.84,1393.23,14.62,21.6,554.97,2387.99,9054.38,1.3,47.15,523.11,2388.03,8131.48,8.4085,0.03,391,2388,100.0,39.4,23.4425,256,252,Healthy,98.44,0
49,5,-0.0001,0.0002,100.0,518.67,642.05,1581.88,1391.49,14.62,21.59,554.69,2388.03,9051.5,1.3,47.09,523.13,2388.02,8135.47,8.3898,0.03,392,2388,100.0,39.14,23.5383,256,251,Healthy,98.05,0
49,6,-0.0018,0.0,100.0,518.67,642.22,1593.07,1396.66,14.62,21.6,555.71,2388.03,9053.35,1.3,47.19,523.4,2388.07,8138.29,8.4222,0.03,392,2388,100.0,39.07,23.4709,256,250,Healthy,97.66,0
49,7,-0.0008,0.0004,100.0,518.67,641.86,1579.16,1392.17,14.62,21.59,554.93,2388.02,9053.98,1.3,47.25,523.22,2388.05,8137.84,8.3641,0.03,390,2388,100.0,39.15,23.4219,256,249,Healthy,97.27,0
49,8,0.0044,-0.0,100.0,518.67,642.15,1583.23,1401.45,14.62,21.59,554.89,2387.98,9055.49,1.3,47.25,523.49,2387.99,8139.87,8.3893,0.03,394,2388,100.0,39.05,23.5026,256,248,Healthy,96.88,0
49,9,0.0,0.0004,100.0,518.67,642.17,1591.44,1393.12,14.62,21.6,555.4,2388.02,9050.22,1.3,47.2,523.1,2388.03,8138.54,8.3809,0.03,392,2388,100.0,39.15,23.4673,256,247,Healthy,96.48,0
49,10,0.0045,0.0003,100.0,518.67,641.73,1581.62,1390.37,14.62,21.6,555.49,2388.0,9054.92,1.3,47.31,523.04,2388.0,8144.48,8.3917,0.03,391,2388,100.0,39.22,23.4356,256,246,Healthy,96.09,0
49,11,-0.0025,-0.0003,100.0,518.67,641.72,1586.03,1396.13,14.62,21.6,555.38,2387.99,9061.05,1.3,47.31,523.02,2388.02,8138.51,8.4002,0.03,392,2388,100.0,39.07,23.4377,256,245,Healthy,95.7,0
49,12,-0.0063,0.0002,100.0,518.67,641.77,1583.54,1397.54,14.62,21.6,556.11,2387.99,9051.93,1.3,47.33,523.56,2388.05,8137.51,8.4218,0.03,391,2388,100.0,39.1,23.4808,256,244,Healthy,95.31,0
49,13,0.0027,0.0002,100.0,518.67,642.06,1583.89,1399.37,14.62,21.59,555.36,2388.0,9057.78,1.3,47.24,523.35,2388.01,8139.0,8.3905,0.03,392,2388,100.0,39.05,23.477,256,243,Healthy,94.92,0
49,14,-0.0017,0.0004,100.0,518.67,642.28,1582.86,1400.73,14.62,21.6,555.47,2388.08,9059.0,1.3,47.09,523.17,2388.02,8140.59,8.3677,0.03,391,2388,100.0,38.97,23.4417,256,242,Healthy,94.53,0
49,15,0.0027,-0.0001,100.0,518.67,642.35,1583.71,1399.66,14.62,21.6,555.39,2388.01,9055.13,1.3,47.16,523.77,2388.02,8141.2,8.3748,0.03,392,2388,100.0,39.14,23.4163,256,241,Healthy,94.14,0
49,16,0.0008,0.0004,100.0,518.67,642.02,1587.14,1392.04,14.62,21.6,554.95,2388.04,9053.38,1.3,47.06,523.14,2388.06,8139.85,8.3745,0.03,391,2388,100.0,38.88,23.3398,256,240,Healthy,93.75,0
49,17,0.0015,0.0002,100.0,518.67,642.44,1586.0,1395.3,14.62,21.6,555.43,2388.03,9057.27,1.3,47.3,523.23,2388.04,8146.35,8.3782,0.03,392,2388,100.0,39.12,23.3907,256,239,Healthy,93.36,0
49,18,0.001,-0.0005,100.0,518.67,642.52,1582.21,1395.68,14.62,21.6,555.62,2388.04,9053.36,1.3,47.28,522.46,2388.0,8141.17,8.3577,0.03,391,2388,100.0,39.31,23.3988,256,238,Healthy,92.97,0
49,19,0.0032,-0.0001,100.0,518.67,641.97,1588.14,1401.12,14.62,21.6,555.21,2388.03,9046.38,1.3,47.19,523.27,2388.04,8142.43,8.3722,0.03,392,2388,100.0,39.34,23.483,256,237,Healthy,92.58,0
49,20,0.0012,0.0004,100.0,518.67,641.98,1581.33,1388.85,14.62,21.59,554.93,2388.02,9062.59,1.3,47.15,523.66,2388.03,8140.73,8.3873,0.03,391,2388,100.0,39.06,23.4702,256,236,Healthy,92.19,0
49,21,0.0022,0.0002,100.0,518.67,641.88,1590.6,1394.3,14.62,21.6,555.32,2388.01,9056.32,1.3,47.22,523.07,2388.02,8136.13,8.3817,0.03,391,2388,100.0,39.09,23.5007,256,235,Healthy,91.8,0
49,22,0.0007,0.0001,100.0,518.67,642.64,1590.65,1396.78,14.62,21.6,556.36,2388.0,9057.87,1.3,47.37,523.42,2388.04,8145.42,8.3958,0.03,392,2388,100.0,39.16,23.3755,256,234,Healthy,91.41,0
49,23,0.0003,0.0003,100.0,518.67,641.96,1576.32,1394.69,14.62,21.6,555.18,2387.98,9051.99,1.3,47.27,522.97,2387.99,8141.4,8.4048,0.03,392,2388,100.0,39.08,23.3681,256,233,Healthy,91.02,0
49,24,0.0,-0.0004,100.0,518.67,641.97,1580.72,1396.92,14.62,21.6,555.46,2388.02,9058.49,1.3,47.39,523.83,2388.05,8140.12,8.3612,0.03,391,2388,100.0,39.14,23.4975,256,232,Healthy,90.62,0
49,25,-0.0019,-0.0003,100.0,518.67,642.15,1584.46,1398.02,14.62,21.6,555.1,2387.99,9050.11,1.3,47.31,523.57,2388.05,8137.09,8.3528,0.03,391,2388,100.0,39.19,23.531,256,231,Healthy,90.23,0
49,26,0.0016,-0.0001,100.0,518.67,642.4,1582.13,1403.83,14.62,21.6,555.16,2388.02,9048.24,1.3,47.16,523.9,2388.02,8133.65,8.3475,0.03,391,2388,100.0,39.14,23.4512,256,230,Healthy,89.84,0
49,27,-0.0023,0.0,100.0,518.67,641.77,1582.72,1396.28,14.62,21.6,555.47,2388.04,9055.88,1.3,47.19,523.74,2388.08,8138.12,8.3964,0.03,393,2388,100.0,39.13,23.3928,256,229,Healthy,89.45,0
49,28,-0.0021,-0.0001,100.0,518.67,641.75,1578.8,1394.46,14.62,21.59,555.54,2388.0,9058.91,1.3,47.17,523.11,2388.04,8141.38,8.3599,0.03,393,2388,100.0,39.05,23.3476,256,228,Healthy,89.06,0
49,29,0.003,0.0003,100.0,518.67,642.2,1585.9,1395.5,14.62,21.6,555.94,2387.98,9054.45,1.3,47.22,523.29,2388.06,8136.53,8.375,0.03,392,2388,100.0,39.03,23.445,256,227,Healthy,88.67,0
49,30,-0.0013,0.0,100.0,518.67,642.38,1580.91,1391.12,14.62,21.6,555.71,2388.02,9056.05,1.3,47.08,522.97,2388.01,8144.98,8.3527,0.03,390,2388,100.0,39.15,23.5128,256,226,Healthy,88.28,0
49,31,-0.0011,-0.0002,100.0,518.67,642.01,1589.53,1400.29,14.62,21.6,555.36,2388.01,9060.44,1.3,47.06,522.62,2388.02,8139.04,8.4201,0.03,392,2388,100.0,39.39,23.6035,256,225,Healthy,87.89,0
49,32,-0.0009,-0.0005,100.0,518.67,642.37,1582.15,1395.39,14.62,21.6,555.18,2388.02,9053.36,1.3,47.06,523.01,2388.04,8135.91,8.3687,0.03,393,2388,100.0,38.96,23.3321,256,224,Healthy,87.5,0
49,33,0.0033,-0.0002,100.0,518.67,642.15,1582.61,1400.68,14.62,21.6,555.63,2388.06,9058.03,1.3,47.32,523.29,2388.06,8142.13,8.3635,0.03,391,2388,100.0,39.07,23.5079,256,223,Healthy,87.11,0
49,34,-0.0025,0.0001,100.0,518.67,642.23,1586.18,1395.08,14.62,21.6,555.77,2387.98,9056.78,1.3,47.25,524.5,2388.06,8141.89,8.3376,0.03,392,2388,100.0,39.28,23.3926,256,222,Healthy,86.72,0
49,35,-0.0015,-0.0004,100.0,518.67,641.95,1585.26,1402.18,14.62,21.6,556.14,2388.04,9058.18,1.3,46.96,523.69,2388.02,8137.93,8.3802,0.03,392,2388,100.0,39.24,23.5263,256,221,Healthy,86.33,0
49,36,0.0028,0.0001,100.0,518.67,642.01,1580.45,1396.78,14.62,21.6,555.43,2388.02,9061.05,1.3,47.22,523.2,2388.03,8142.97,8.3848,0.03,391,2388,100.0,39.01,23.4889,256,220,Healthy,85.94,0
49,37,0.0017,-0.0003,100.0,518.67,641.81,1585.02,1395.06,14.62,21.6,555.94,2388.05,9065.7,1.3,47.41,523.64,2388.0,8134.5,8.3572,0.03,391,2388,100.0,39.07,23.5402,256,219,Healthy,85.55,0
49,38,0.0002,-0.0005,100.0,518.67,642.44,1575.13,1395.1,14.62,21.6,555.07,2388.02,9056.6,1.3,47.35,523.58,2388.08,8133.57,8.3521,0.03,390,2388,100.0,39.16,23.4168,256,218,Healthy,85.16,0
49,39,0.0012,0.0,100.0,518.67,642.42,1582.1,1398.02,14.62,21.59,555.66,2388.0,9053.79,1.3,47.03,523.27,2388.05,8132.61,8.3898,0.03,391,2388,100.0,39.09,23.4058,256,217,Healthy,84.77,0
49,40,0.0028,0.0002,100.0,518.67,642.49,1596.02,1392.59,14.62,21.6,555.53,2388.08,9061.17,1.3,47.07,523.07,2388.03,8141.64,8.3669,0.03,392,2388,100.0,38.98,23.4549,256,216,Healthy,84.38,0
49,41,-0.0008,-0.0005,100.0,518.67,642.0,1587.35,1398.94,14.62,21.59,555.59,2388.0,9063.41,1.3,47.3,523.6,2388.08,8142.3,8.3879,0.03,392,2388,100.0,39.17,23.5076,256,215,Healthy,83.98,0
49,42,-0.0017,0.0001,100.0,518.67,642.01,1582.37,1402.8,14.62,21.6,556.38,2388.03,9056.24,1.3,47.26,523.68,2388.01,8140.21,8.3907,0.03,391,2388,100.0,39.05,23.3952,256,214,Healthy,83.59,0
49,43,-0.0048,-0.0001,100.0,518.67,642.11,1583.52,1395.86,14.62,21.59,555.18,2387.97,9056.38,1.3,47.09,522.63,2388.0,8138.22,8.3792,0.03,392,2388,100.0,39.03,23.3627,256,213,Healthy,83.2,0
49,44,-0.0015,0.0,100.0,518.67,642.02,1587.94,1393.72,14.62,21.6,555.51,2388.06,9062.48,1.3,47.22,523.36,2388.04,8135.72,8.3832,0.03,392,2388,100.0,39.22,23.5003,256,212,Healthy,82.81,0
49,45,-0.0002,0.0005,100.0,518.67,642.09,1576.21,1394.09,14.62,21.6,555.77,2388.02,9053.92,1.3,47.36,523.58,2388.02,8135.73,8.3785,0.03,391,2388,100.0,39.11,23.4874,256,211,Healthy,82.42,0
49,46,-0.002,-0.0003,100.0,518.67,642.4,1585.77,1392.53,14.62,21.59,555.15,2387.96,9054.22,1.3,47.16,523.09,2387.98,8143.52,8.3544,0.03,391,2388,100.0,39.21,23.4534,256,210,Healthy,82.03,0
49,47,0.0013,-0.0001,100.0,518.67,642.21,1586.97,1387.01,14.62,21.6,555.67,2388.07,9053.76,1.3,47.21,523.11,2388.02,8136.01,8.3606,0.03,391,2388,100.0,39.09,23.4638,256,209,Healthy,81.64,0
49,48,0.0014,0.0002,100.0,518.67,642.11,1583.08,1404.05,14.62,21.59,555.46,2388.02,9055.78,1.3,47.08,523.24,2388.03,8139.09,8.3613,0.03,389,2388,100.0,39.11,23.338,256,208,Healthy,81.25,0
49,49,0.0036,0.0002,100.0,518.67,642.3,1586.1,1400.6,14.62,21.6,555.36,2388.05,9054.87,1.3,47.26,523.53,2387.95,8134.19,8.3809,0.03,393,2388,100.0,39.13,23.4707,256,207,Healthy,80.86,0
49,50,-0.0015,-0.0001,100.0,518.67,641.95,1585.94,1396.62,14.62,21.6,555.73,2387.98,9054.56,1.3,47.19,522.92,2388.07,8137.78,8.3794,0.03,391,2388,100.0,39.18,23.4324,256,206,Healthy,80.47,0
50,1,0.0007,-0.0004,100.0,518.67,641.91,1587.33,1391.59,14.62,21.61,554.62,2388.01,9061.76,1.3,47.37,522.6,2387.99,8142.72,8.4409,0.03,391,2388,100.0,38.94,23.3599,161,160,Healthy,99.38,0
50,2,-0.0041,-0.0004,100.0,518.67,642.17,1583.83,1394.1,14.62,21.61,553.71,2388.02,9066.52,1.3,47.05,521.57,2388.01,8143.93,8.4126,0.03,392,2388,100.0,38.87,23.4434,161,159,Healthy,98.76,0
50,3,0.003,-0.0002,100.0,518.67,642.44,1582.99,1393.32,14.62,21.61,553.94,2387.97,9064.86,1.3,47.19,522.82,2387.98,8148.31,8.4304,0.03,392,2388,100.0,39.06,23.3846,161,158,Healthy,98.14,0
50,4,-0.0048,0.0004,100.0,518.67,642.47,1594.34,1401.57,14.62,21.61,554.73,2388.0,9075.22,1.3,47.37,522.06,2388.02,8146.84,8.3895,0.03,391,2388,100.0,38.9,23.3644,161,157,Healthy,97.52,0
50,5,-0.0014,0.0003,100.0,518.67,642.24,1582.17,1402.04,14.62,21.61,554.41,2388.02,9068.61,1.3,47.11,521.88,2388.02,8150.95,8.4207,0.03,392,2388,100.0,39.17,23.426,161,156,Healthy,96.89,0
50,6,0.0,0.0004,100.0,518.67,641.8,1586.34,1397.22,14.62,21.61,554.37,2388.0,9067.2,1.3,47.37,522.52,2388.01,8151.15,8.4205,0.03,393,2388,100.0,39.06,23.5349,161,155,Healthy,96.27,0
50,7,-0.0004,0.0004,100.0,518.67,642.52,1582.66,1395.4,14.62,21.61,553.69,2388.03,9065.46,1.3,47.23,522.7,2388.02,8154.33,8.3891,0.03,392,2388,100.0,39.02,23.433,161,154,Healthy,95.65,0
50,8,0.0011,-0.0003,100.0,518.67,642.46,1583.41,1407.55,14.62,21.61,554.11,2388.05,9059.47,1.3,47.24,521.96,2387.98,8148.12,8.4179,0.03,392,2388,100.0,39.07,23.3976,161,153,Healthy,95.03,0
50,9,-0.0016,-0.0001,100.0,518.67,642.22,1583.97,1398.65,14.62,21.61,554.55,2388.02,9070.34,1.3,47.28,522.09,2388.02,8144.04,8.3712,0.03,391,2388,100.0,39.06,23.4063,161,152,Healthy,94.41,0
50,10,-0.0005,-0.0004,100.0,518.67,641.44,1591.34,1392.98,14.62,21.61,554.47,2388.0,9067.56,1.3,47.33,522.56,2387.98,8140.83,8.3831,0.03,394,2388,100.0,39.02,23.4562,161,151,Healthy,93.79,0
50,11,-0.001,-0.0004,100.0,518.67,642.27,1580.17,1398.44,14.62,21.61,554.98,2388.0,9063.2,1.3,47.18,522.61,2388.0,8146.56,8.3898,0.03,391,2388,100.0,38.98,23.4607,161,150,Healthy,93.17,0
50,12,0.0025,0.0005,100.0,518.67,642.3,1596.24,1395.26,14.62,21.61,554.06,2387.98,9066.02,1.3,47.34,522.67,2388.05,8146.3,8.4035,0.03,391,2388,100.0,39.09,23.366,161,149,Healthy,92.55,0
50,13,0.0025,0.0005,100.0,518.67,642.17,1585.67,1405.41,14.62,21.61,554.34,2388.03,9066.75,1.3,47.28,522.41,2388.07,8144.93,8.4561,0.03,391,2388,100.0,38.9,23.3133,161,148,Healthy,91.93,0
50,14,0.0019,0.0002,100.0,518.67,642.19,1585.95,1394.99,14.62,21.61,554.63,2387.97,9062.83,1.3,47.11,522.54,2388.03,8144.71,8.3707,0.03,392,2388,100.0,38.99,23.4564,161,147,Healthy,91.3,0
50,15,-0.001,0.0004,100.0,518.67,642.26,1592.69,1397.75,14.62,21.61,554.62,2388.03,9061.03,1.3,47.29,522.23,2387.98,8154.36,8.4288,0.03,393,2388,100.0,39.05,23.4219,161,146,Healthy,90.68,0
50,16,-0.001,-0.0003,100.0,518.67,642.07,1584.53,1398.91,14.62,21.61,554.45,2388.01,9072.25,1.3,47.26,522.42,2387.97,8149.3,8.38,0.03,391,2388,100.0,38.72,23.36,161,145,Healthy,90.06,0
50,17,-0.0008,-0.0001,100.0,518.67,642.12,1582.97,1399.02,14.62,21.61,554.22,2388.01,9056.15,1.3,47.18,522.33,2387.98,8149.65,8.4212,0.03,393,2388,100.0,38.98,23.3768,161,144,Healthy,89.44,0
50,18,0.0024,0.0004,100.0,518.67,642.22,1583.32,1398.0,14.62,21.61,553.76,2388.07,9068.89,1.3,47.13,522.04,2387.98,8148.82,8.4032,0.03,391,2388,100.0,38.85,23.4301,161,143,Healthy,88.82,0
50,19,0.0011,-0.0,100.0,518.67,642.4,1582.77,1401.96,14.62,21.61,554.5,2388.01,9064.73,1.3,47.29,522.23,2388.0,8145.28,8.4134,0.03,391,2388,100.0,39.06,23.4606,161,142,Healthy,88.2,0
50,20,-0.0015,0.0001,100.0,518.67,642.41,1587.79,1396.48,14.62,21.61,554.14,2388.02,9068.32,1.3,47.26,522.22,2388.05,8145.67,8.432,0.03,394,2388,100.0,38.9,23.3302,161,141,Healthy,87.58,0
50,21,0.0035,0.0001,100.0,518.67,641.66,1573.61,1393.97,14.62,21.61,554.52,2388.03,9062.44,1.3,47.32,521.82,2387.98,8143.93,8.3969,0.03,392,2388,100.0,39.05,23.4318,161,140,Healthy,86.96,0
50,22,-0.0031,-0.0002,100.0,518.67,642.39,1589.57,1397.09,14.62,21.61,553.79,2387.95,9065.63,1.3,47.34,522.59,2388.01,8146.71,8.4109,0.03,392,2388,100.0,39.05,23.4025,161,139,Healthy,86.34,0
50,23,-0.0009,-0.0,100.0,518.67,642.41,1593.97,1402.14,14.62,21.61,554.1,2388.02,9067.35,1.3,47.42,521.5,2388.0,8140.31,8.3974,0.03,394,2388,100.0,39.19,23.3228,161,138,Healthy,85.71,0
50,24,0.0044,0.0003,100.0,518.67,642.21,1581.92,1392.84,14.62,21.61,553.98,2388.05,9069.41,1.3,47.29,522.55,2388.02,8147.6,8.3929,0.03,393,2388,100.0,38.87,23.3841,161,137,Healthy,85.09,0
50,25,-0.0031,-0.0003,100.0,518.67,642.12,1587.78,1393.99,14.62,21.6,554.83,2388.0,9064.41,1.3,47.44,522.1,2388.04,8145.4,8.406,0.03,391,2388,100.0,39.13,23.4331,161,136,Healthy,84.47,0
50,26,0.0014,-0.0002,100.0,518.67,641.89,1583.51,1399.06,14.62,21.61,554.21,2387.98,9067.69,1.3,47.18,522.75,2388.02,8144.71,8.3902,0.03,390,2388,100.0,39.23,23.3775,161,135,Healthy,83.85,0
50,27,0.0001,-0.0004,100.0,518.67,641.36,1588.33,1394.18,14.62,21.61,553.51,2388.02,9062.19,1.3,47.09,522.59,2387.96,8143.44,8.395,0.03,392,2388,100.0,38.81,23.3493,161,134,Healthy,83.23,0
50,28,-0.0048,-0.0004,100.0,518.67,641.95,1580.27,1398.61,14.62,21.61,555.29,2387.97,9064.4,1.3,47.14,522.28,2388.03,8148.7,8.3924,0.03,391,2388,100.0,39.0,23.4283,161,133,Healthy,82.61,0
50,29,-0.0003,0.0001,100.0,518.67,642.61,1586.62,1395.28,14.62,21.61,554.01,2388.0,9065.98,1.3,47.14,522.34,2387.99,8147.83,8.4075,0.03,391,2388,100.0,38.83,23.3663,161,132,Healthy,81.99,0
50,30,-0.0002,0.0002,100.0,518.67,642.31,1583.8,1396.69,14.62,21.61,554.2,2387.98,9067.86,1.3,47.17,522.41,2388.06,8146.36,8.4028,0.03,392,2388,100.0,38.87,23.4822,161,131,Healthy,81.37,0
50,31,-0.0009,-0.0,100.0,518.67,642.23,1585.14,1393.64,14.62,21.61,553.85,2388.06,9062.27,1.3,47.29,522.26,2387.98,8140.86,8.3721,0.03,392,2388,100.0,38.81,23.4893,161,130,Healthy,80.75,0
50,32,0.0024,-0.0004,100.0,518.67,642.37,1580.73,1391.83,14.62,21.61,553.77,2388.01,9067.73,1.3,47.22,522.65,2388.02,8152.01,8.4142,0.03,391,2388,100.0,38.91,23.4975,161,129,Healthy,80.12,0
50,33,0.0016,0.0004,100.0,518.67,641.97,1583.5,1394.43,14.62,21.61,554.9,2388.0,9059.23,1.3,47.41,522.26,2388.03,8141.16,8.4228,0.03,390,2388,100.0,38.89,23.3811,161,128,Healthy,79.5,0
50,34,0.001,0.0001,100.0,518.67,642.09,1587.18,1400.55,14.62,21.61,554.9,2387.98,9067.04,1.3,47.18,521.54,2387.98,8147.04,8.358,0.03,391,2388,100.0,38.98,23.481,161,127,Healthy,78.88,0
50,35,0.0014,0.0005,100.0,518.67,642.25,1579.15,1400.41,14.62,21.61,554.02,2388.0,9069.15,1.3,47.29,522.63,2388.07,8149.42,8.4215,0.03,391,2388,100.0,39.04,23.4558,161,126,Healthy,78.26,0
50,36,0.0003,-0.0003,100.0,518.67,642.17,1586.25,1401.99,14.62,21.61,554.45,2387.98,9064.26,1.3,47.38,522.09,2388.04,8151.42,8.3787,0.03,392,2388,100.0,38.92,23.435,161,125,Healthy,77.64,0
50,37,0.0016,-0.0003,100.0,518.67,642.29,1586.14,1397.01,14.62,21.61,554.19,2388.03,9060.05,1.3,47.29,522.27,2387.98,8149.27,8.3879,0.03,392,2388,100.0,38.95,23.3613,161,124,Healthy,77.02,0
50,38,0.0005,-0.0003,100.0,518.67,642.68,1585.79,1397.54,14.62,21.61,553.63,2388.05,9061.15,1.3,47.25,522.03,2388.02,8144.23,8.3608,0.03,393,2388,100.0,38.79,23.3344,161,123,Healthy,76.4,0
50,39,-0.0027,-0.0001,100.0,518.67,642.2,1588.71,1398.21,14.62,21.61,554.87,2388.0,9067.75,1.3,47.25,522.33,2388.01,8152.27,8.4337,0.03,392,2388,100.0,39.17,23.3314,161,122,Healthy,75.78,0
50,40,-0.0013,-0.0001,100.0,518.67,642.04,1583.37,1402.11,14.62,21.61,553.38,2388.02,9061.73,1.3,47.24,522.94,2388.03,8144.07,8.3755,0.03,392,2388,100.0,38.93,23.4278,161,121,Healthy,75.16,0
50,41,0.0007,0.0005,100.0,518.67,642.45,1587.84,1396.09,14.62,21.61,554.61,2388.03,9066.45,1.3,47.26,522.12,2388.01,8148.91,8.4139,0.03,391,2388,100.0,39.02,23.4019,161,120,Early_Wear,74.53,0
50,42,0.0047,0.0002,100.0,518.67,642.37,1588.34,1406.32,14.62,21.61,554.5,2388.04,9066.94,1.3,47.31,522.35,2388.04,8147.27,8.4168,0.03,391,2388,100.0,38.79,23.4236,161,119,Early_Wear,73.91,0
50,43,0.0005,0.0003,100.0,518.67,641.93,1588.34,1402.97,14.62,21.61,554.24,2388.03,9067.55,1.3,47.17,522.48,2388.0,8149.73,8.4133,0.03,390,2388,100.0,39.02,23.3958,161,118,Early_Wear,73.29,0
50,44,-0.002,0.0005,100.0,518.67,642.15,1586.02,1399.44,14.62,21.61,554.57,2387.98,9063.78,1.3,47.2,522.49,2387.98,8145.17,8.426,0.03,392,2388,100.0,38.83,23.2987,161,117,Early_Wear,72.67,0
50,45,-0.0012,0.0005,100.0,518.67,642.26,1586.73,1397.22,14.62,21.61,554.63,2388.01,9061.34,1.3,47.17,522.67,2388.0,8140.99,8.3866,0.03,392,2388,100.0,39.01,23.4025,161,116,Early_Wear,72.05,0
50,46,-0.0011,0.0001,100.0,518.67,642.18,1587.29,1401.14,14.62,21.61,554.09,2388.03,9063.71,1.3,47.43,522.42,2388.02,8146.15,8.4262,0.03,393,2388,100.0,39.02,23.4604,161,115,Early_Wear,71.43,0
50,47,-0.004,-0.0001,100.0,518.67,641.87,1587.84,1410.13,14.62,21.61,553.98,2388.04,9069.37,1.3,47.21,522.44,2388.04,8148.36,8.3745,0.03,392,2388,100.0,39.0,23.4234,161,114,Early_Wear,70.81,0
50,48,-0.0015,0.0002,100.0,518.67,642.64,1584.3,1397.94,14.62,21.6,554.0,2388.0,9060.42,1.3,47.25,521.92,2388.08,8144.42,8.3734,0.03,393,2388,100.0,39.07,23.4788,161,113,Early_Wear,70.19,0
50,49,-0.0011,0.0003,100.0,518.67,642.69,1580.73,1404.24,14.62,21.61,554.71,2388.03,9061.31,1.3,47.27,521.98,2388.08,8145.82,8.3766,0.03,393,2388,100.0,39.09,23.297,161,112,Early_Wear,69.57,0
50,50,0.0003,0.0004,100.0,518.67,642.2,1584.31,1403.36,14.62,21.61,554.21,2388.02,9063.77,1.3,47.09,521.98,2388.0,8148.77,8.411,0.03,391,2388,100.0,39.03,23.3811,161,111,Early_Wear,68.94,0
51,1,-0.0002,0.0004,100.0,518.67,642.23,1586.24,1405.46,14.62,21.61,553.66,2388.0,9051.62,1.3,47.28,522.02,2388.1,8134.3,8.3832,0.03,392,2388,100.0,38.84,23.3936,190,189,Healthy,99.47,0
51,2,-0.0005,0.0001,100.0,518.67,642.3,1585.02,1398.12,14.62,21.61,554.24,2388.09,9050.51,1.3,47.35,522.21,2388.07,8134.4,8.3984,0.03,393,2388,100.0,38.87,23.4163,190,188,Healthy,98.95,0
51,3,-0.0003,-0.0005,100.0,518.67,642.39,1589.29,1405.5,14.62,21.61,553.93,2388.03,9050.5,1.3,47.25,522.28,2388.09,8141.84,8.3965,0.03,393,2388,100.0,39.21,23.2705,190,187,Healthy,98.42,0
51,4,0.0005,0.0001,100.0,518.67,641.99,1582.96,1406.97,14.62,21.61,554.53,2388.05,9060.36,1.3,47.28,522.02,2388.08,8134.78,8.4045,0.03,392,2388,100.0,38.86,23.3072,190,186,Healthy,97.89,0
51,5,-0.001,-0.0,100.0,518.67,642.41,1582.9,1406.2,14.62,21.61,554.37,2388.09,9059.1,1.3,47.23,521.9,2388.07,8130.59,8.4064,0.03,392,2388,100.0,38.82,23.3586,190,185,Healthy,97.37,0
51,6,0.0022,-0.0001,100.0,518.67,642.24,1583.58,1405.32,14.62,21.61,554.31,2388.04,9049.11,1.3,47.37,521.84,2388.05,8133.48,8.4319,0.03,392,2388,100.0,38.78,23.4416,190,184,Healthy,96.84,0
51,7,0.0018,-0.0004,100.0,518.67,642.47,1584.7,1404.37,14.62,21.61,554.23,2388.03,9042.25,1.3,47.34,521.59,2388.07,8134.7,8.4172,0.03,392,2388,100.0,39.04,23.464,190,183,Healthy,96.32,0
51,8,0.0002,-0.0003,100.0,518.67,642.36,1584.25,1402.1,14.62,21.61,553.99,2388.05,9053.92,1.3,47.14,521.19,2388.07,8131.35,8.4564,0.03,391,2388,100.0,38.64,23.3493,190,182,Healthy,95.79,0
51,9,0.0003,-0.0003,100.0,518.67,642.47,1582.71,1396.99,14.62,21.61,554.2,2388.05,9057.75,1.3,47.37,521.85,2388.06,8134.57,8.3958,0.03,392,2388,100.0,38.97,23.2214,190,181,Healthy,95.26,0
51,10,-0.0001,-0.0003,100.0,518.67,642.25,1586.5,1401.57,14.62,21.61,553.89,2388.03,9051.6,1.3,47.29,522.18,2388.05,8135.5,8.4033,0.03,391,2388,100.0,38.97,23.3585,190,180,Healthy,94.74,0
51,11,-0.0013,-0.0003,100.0,518.67,641.95,1585.17,1405.59,14.62,21.61,554.08,2388.03,9059.83,1.3,47.36,521.96,2388.01,8141.84,8.3887,0.03,393,2388,100.0,38.99,23.3637,190,179,Healthy,94.21,0
51,12,0.0021,0.0004,100.0,518.67,642.4,1583.45,1401.33,14.62,21.61,553.75,2388.06,9059.11,1.3,47.22,522.38,2387.97,8130.43,8.4093,0.03,393,2388,100.0,38.89,23.2452,190,178,Healthy,93.68,0
51,13,0.0023,0.0005,100.0,518.67,642.2,1586.51,1403.51,14.62,21.61,553.68,2388.03,9052.12,1.3,47.31,522.27,2387.99,8135.48,8.4013,0.03,390,2388,100.0,38.92,23.3689,190,177,Healthy,93.16,0
51,14,-0.0006,-0.0,100.0,518.67,641.99,1586.68,1402.67,14.62,21.61,553.9,2388.01,9054.78,1.3,47.41,522.55,2388.09,8136.29,8.4599,0.03,392,2388,100.0,38.86,23.3754,190,176,Healthy,92.63,0
51,15,0.0,0.0004,100.0,518.67,642.37,1590.8,1401.4,14.62,21.61,554.17,2388.06,9054.42,1.3,47.14,522.11,2388.09,8137.98,8.4366,0.03,392,2388,100.0,38.95,23.3697,190,175,Healthy,92.11,0
51,16,0.0002,-0.0001,100.0,518.67,642.42,1583.98,1398.25,14.62,21.61,555.13,2388.03,9055.81,1.3,47.19,522.14,2388.05,8136.9,8.4416,0.03,391,2388,100.0,39.13,23.3788,190,174,Healthy,91.58,0
51,17,-0.0026,-0.0001,100.0,518.67,642.46,1578.25,1408.22,14.62,21.61,554.13,2388.04,9051.51,1.3,47.48,522.04,2388.02,8134.13,8.4113,0.03,391,2388,100.0,39.0,23.32,190,173,Healthy,91.05,0
51,18,0.001,0.0001,100.0,518.67,642.36,1580.42,1397.39,14.62,21.61,553.71,2388.06,9055.92,1.3,47.29,522.2,2388.07,8138.95,8.4177,0.03,391,2388,100.0,38.93,23.4367,190,172,Healthy,90.53,0
51,19,0.0003,0.0004,100.0,518.67,641.95,1582.56,1400.71,14.62,21.61,554.14,2388.05,9058.04,1.3,47.16,522.11,2388.01,8131.48,8.3977,0.03,394,2388,100.0,39.1,23.4157,190,171,Healthy,90.0,0
51,20,-0.0054,0.0001,100.0,518.67,641.97,1586.22,1399.73,14.62,21.61,554.36,2388.04,9052.87,1.3,47.47,522.14,2388.02,8129.51,8.4439,0.03,391,2388,100.0,39.1,23.3952,190,170,Healthy,89.47,0
51,21,0.0005,-0.0002,100.0,518.67,641.96,1584.75,1398.1,14.62,21.61,553.79,2388.06,9055.35,1.3,47.3,522.03,2388.07,8131.99,8.4471,0.03,392,2388,100.0,38.93,23.3401,190,169,Healthy,88.95,0
51,22,-0.0032,0.0,100.0,518.67,642.32,1584.98,1396.75,14.62,21.61,553.58,2388.03,9054.27,1.3,47.42,522.09,2388.05,8134.59,8.41,0.03,392,2388,100.0,39.01,23.3474,190,168,Healthy,88.42,0
51,23,-0.006,-0.0003,100.0,518.67,642.05,1585.35,1402.02,14.62,21.61,553.79,2388.08,9058.43,1.3,47.46,522.63,2388.03,8133.67,8.4114,0.03,392,2388,100.0,39.01,23.4125,190,167,Healthy,87.89,0
51,24,-0.0004,0.0003,100.0,518.67,642.55,1588.62,1397.42,14.62,21.61,553.87,2388.04,9052.87,1.3,47.29,522.41,2388.05,8131.69,8.4234,0.03,391,2388,100.0,38.88,23.3342,190,166,Healthy,87.37,0
51,25,0.0014,-0.0001,100.0,518.67,641.95,1584.24,1399.78,14.62,21.61,553.97,2388.01,9054.52,1.3,47.41,521.97,2388.04,8133.57,8.3874,0.03,393,2388,100.0,38.84,23.2969,190,165,Healthy,86.84,0
51,26,-0.0023,-0.0001,100.0,518.67,642.66,1588.96,1407.88,14.62,21.61,554.52,2388.07,9053.87,1.3,47.41,521.72,2388.06,8135.63,8.4224,0.03,390,2388,100.0,38.96,23.4373,190,164,Healthy,86.32,0
51,27,0.0041,0.0,100.0,518.67,642.4,1587.42,1392.64,14.62,21.61,553.91,2388.04,9059.02,1.3,47.24,522.7,2388.08,8144.45,8.4054,0.03,392,2388,100.0,38.88,23.4336,190,163,Healthy,85.79,0
51,28,-0.0004,0.0002,100.0,518.67,642.62,1587.16,1395.96,14.62,21.61,554.44,2388.09,9050.08,1.3,47.34,522.32,2388.09,8135.02,8.3983,0.03,393,2388,100.0,39.05,23.491,190,162,Healthy,85.26,0
51,29,-0.0015,0.0004,100.0,518.67,642.12,1587.53,1398.77,14.62,21.61,553.92,2388.04,9057.78,1.3,47.42,521.72,2388.05,8143.71,8.4468,0.03,392,2388,100.0,38.98,23.3718,190,161,Healthy,84.74,0
51,30,-0.0016,-0.0,100.0,518.67,642.35,1583.71,1404.33,14.62,21.61,554.2,2387.98,9054.29,1.3,47.35,522.36,2388.02,8136.67,8.4193,0.03,393,2388,100.0,39.04,23.4477,190,160,Healthy,84.21,0
51,31,-0.0,-0.0002,100.0,518.67,642.8,1590.92,1403.9,14.62,21.61,553.88,2388.07,9056.45,1.3,47.23,521.96,2388.08,8134.87,8.3888,0.03,392,2388,100.0,39.14,23.3278,190,159,Healthy,83.68,0
51,32,-0.0026,0.0001,100.0,518.67,642.54,1586.98,1404.18,14.62,21.61,553.87,2388.07,9059.74,1.3,47.28,522.04,2388.08,8135.57,8.4164,0.03,391,2388,100.0,39.02,23.3897,190,158,Healthy,83.16,0
51,33,-0.004,0.0003,100.0,518.67,642.26,1584.97,1401.37,14.62,21.61,553.66,2388.05,9056.18,1.3,47.34,521.86,2388.07,8134.36,8.4466,0.03,392,2388,100.0,38.92,23.3756,190,157,Healthy,82.63,0
51,34,0.0011,0.0002,100.0,518.67,642.65,1589.03,1397.99,14.62,21.61,553.67,2388.06,9050.82,1.3,47.24,522.21,2388.06,8135.85,8.4279,0.03,392,2388,100.0,38.91,23.4454,190,156,Healthy,82.11,0
51,35,-0.0032,-0.0002,100.0,518.67,642.24,1581.35,1398.76,14.62,21.6,554.56,2388.08,9058.71,1.3,47.34,522.04,2388.0,8137.28,8.4228,0.03,393,2388,100.0,38.98,23.4945,190,155,Healthy,81.58,0
51,36,-0.0028,-0.0004,100.0,518.67,641.96,1586.21,1395.57,14.62,21.61,553.58,2387.99,9050.33,1.3,47.23,521.86,2388.0,8141.63,8.4219,0.03,392,2388,100.0,39.04,23.4506,190,154,Healthy,81.05,0
51,37,-0.0015,-0.0004,100.0,518.67,642.6,1585.05,1396.53,14.62,21.61,554.46,2388.05,9060.01,1.3,47.44,521.62,2388.03,8135.83,8.3964,0.03,392,2388,100.0,38.94,23.4117,190,153,Healthy,80.53,0
51,38,0.0021,0.0004,100.0,518.67,642.05,1584.75,1406.89,14.62,21.61,554.06,2388.12,9049.7,1.3,47.33,522.22,2388.06,8134.01,8.4307,0.03,391,2388,100.0,38.92,23.4527,190,152,Healthy,80.0,0
51,39,-0.0008,-0.0003,100.0,518.67,642.74,1593.06,1403.12,14.62,21.61,553.83,2388.05,9060.69,1.3,47.2,521.74,2388.02,8139.0,8.4144,0.03,392,2388,100.0,39.03,23.4678,190,151,Healthy,79.47,0
51,40,0.0058,0.0002,100.0,518.67,642.14,1588.27,1401.02,14.62,21.61,553.63,2388.08,9055.58,1.3,47.29,522.12,2388.08,8136.64,8.4434,0.03,390,2388,100.0,38.88,23.3397,190,150,Healthy,78.95,0
51,41,-0.0005,0.0004,100.0,518.67,642.22,1582.18,1405.5,14.62,21.61,554.31,2388.08,9056.56,1.3,47.19,522.47,2388.02,8141.57,8.38,0.03,393,2388,100.0,38.93,23.4944,190,149,Healthy,78.42,0
51,42,-0.0008,-0.0004,100.0,518.67,641.81,1589.02,1396.83,14.62,21.61,554.29,2388.01,9053.19,1.3,47.39,521.96,2388.03,8135.43,8.4013,0.03,393,2388,100.0,39.02,23.3687,190,148,Healthy,77.89,0
51,43,0.0026,0.0004,100.0,518.67,642.9,1585.44,1407.36,14.62,21.61,553.91,2388.1,9064.98,1.3,47.33,521.84,2388.06,8134.96,8.4195,0.03,392,2388,100.0,39.19,23.3463,190,147,Healthy,77.37,0
51,44,-0.0021,-0.0004,100.0,518.67,642.02,1586.01,1398.99,14.62,21.61,554.2,2388.07,9054.38,1.3,47.13,522.04,2388.09,8141.82,8.4359,0.03,392,2388,100.0,38.84,23.3564,190,146,Healthy,76.84,0
51,45,0.0017,0.0004,100.0,518.67,642.06,1584.98,1403.37,14.62,21.61,554.77,2388.05,9058.69,1.3,47.34,522.08,2388.05,8133.63,8.4145,0.03,392,2388,100.0,39.05,23.2534,190,145,Healthy,76.32,0
51,46,0.0017,0.0003,100.0,518.67,642.11,1585.0,1398.07,14.62,21.61,554.73,2388.02,9057.61,1.3,47.32,521.82,2388.04,8136.75,8.4124,0.03,391,2388,100.0,38.95,23.3817,190,144,Healthy,75.79,0
51,47,0.002,-0.0004,100.0,518.67,642.4,1585.17,1394.9,14.62,21.61,554.03,2388.03,9051.9,1.3,47.38,522.05,2388.09,8139.44,8.4163,0.03,391,2388,100.0,38.96,23.3016,190,143,Healthy,75.26,0
51,48,0.0018,-0.0001,100.0,518.67,642.53,1588.86,1408.38,14.62,21.61,553.51,2388.07,9061.52,1.3,47.43,522.14,2388.06,8136.02,8.3851,0.03,391,2388,100.0,38.98,23.3959,190,142,Healthy,74.74,0
51,49,-0.0008,-0.0004,100.0,518.67,642.53,1588.71,1393.23,14.62,21.61,554.96,2388.01,9059.22,1.3,47.27,521.9,2388.11,8144.06,8.4302,0.03,392,2388,100.0,39.05,23.3528,190,141,Healthy,74.21,0
51,50,-0.0008,-0.0002,100.0,518.67,641.87,1579.57,1403.17,14.62,21.61,554.24,2388.06,9060.75,1.3,47.26,521.77,2388.05,8134.22,8.4301,0.03,391,2388,100.0,39.02,23.2833,190,140,Healthy,73.68,0
52,1,-0.0014,0.0004,100.0,518.67,642.18,1579.24,1396.04,14.62,21.61,554.26,2388.05,9057.2,1.3,47.15,522.35,2388.06,8139.76,8.3717,0.03,390,2388,100.0,39.02,23.4178,222,221,Healthy,99.55,0
52,2,0.0009,0.0005,100.0,518.67,641.89,1587.99,1400.53,14.62,21.61,554.31,2388.06,9058.59,1.3,47.1,522.22,2388.01,8139.04,8.387,0.03,392,2388,100.0,39.1,23.4303,222,220,Healthy,99.1,0
52,3,0.0009,-0.0,100.0,518.67,642.31,1587.88,1390.45,14.62,21.61,554.31,2388.0,9055.39,1.3,47.23,522.39,2388.07,8136.13,8.4007,0.03,392,2388,100.0,39.06,23.3934,222,219,Healthy,98.65,0
52,4,0.001,0.0004,100.0,518.67,642.31,1589.53,1399.14,14.62,21.6,555.33,2388.05,9049.76,1.3,47.05,522.4,2388.05,8138.73,8.4052,0.03,391,2388,100.0,39.07,23.4061,222,218,Healthy,98.2,0
52,5,-0.002,-0.0003,100.0,518.67,642.01,1580.68,1393.67,14.62,21.61,553.65,2388.04,9048.07,1.3,47.23,522.06,2387.98,8136.02,8.3614,0.03,391,2388,100.0,39.06,23.4394,222,217,Healthy,97.75,0
52,6,0.0032,0.0004,100.0,518.67,641.79,1585.32,1394.88,14.62,21.61,554.75,2388.07,9043.02,1.3,47.45,522.55,2387.95,8134.07,8.4076,0.03,392,2388,100.0,39.03,23.3128,222,216,Healthy,97.3,0
52,7,-0.0017,0.0002,100.0,518.67,642.09,1582.51,1392.77,14.62,21.61,554.76,2387.95,9056.04,1.3,47.21,522.67,2388.04,8140.41,8.3882,0.03,391,2388,100.0,39.06,23.3499,222,215,Healthy,96.85,0
52,8,0.0011,-0.0003,100.0,518.67,641.81,1583.33,1395.17,14.62,21.61,554.08,2388.02,9048.52,1.3,47.25,522.11,2387.97,8134.85,8.3929,0.03,391,2388,100.0,38.92,23.4595,222,214,Healthy,96.4,0
52,9,0.0019,0.0003,100.0,518.67,642.54,1581.33,1395.33,14.62,21.61,553.85,2388.04,9050.56,1.3,47.18,522.74,2388.0,8141.01,8.4173,0.03,391,2388,100.0,38.96,23.3717,222,213,Healthy,95.95,0
52,10,-0.0025,-0.0001,100.0,518.67,641.69,1579.65,1395.97,14.62,21.61,554.81,2388.0,9051.46,1.3,47.22,522.72,2388.03,8133.78,8.3997,0.03,392,2388,100.0,39.05,23.4821,222,212,Healthy,95.5,0
52,11,0.0002,0.0005,100.0,518.67,641.97,1579.16,1396.67,14.62,21.61,554.34,2388.04,9056.05,1.3,47.17,522.63,2388.02,8137.77,8.3708,0.03,390,2388,100.0,39.08,23.2971,222,211,Healthy,95.05,0
52,12,0.0017,0.0001,100.0,518.67,642.16,1587.28,1402.59,14.62,21.61,555.15,2387.99,9048.44,1.3,47.06,523.3,2387.97,8141.58,8.3913,0.03,391,2388,100.0,38.93,23.405,222,210,Healthy,94.59,0
52,13,0.0022,0.0,100.0,518.67,642.22,1582.61,1397.34,14.62,21.61,555.22,2388.06,9050.29,1.3,47.27,522.2,2387.98,8138.28,8.3553,0.03,393,2388,100.0,38.92,23.4393,222,209,Healthy,94.14,0
52,14,0.0013,0.0005,100.0,518.67,642.18,1582.63,1394.76,14.62,21.61,554.34,2388.0,9056.64,1.3,47.21,522.54,2388.01,8129.56,8.3993,0.03,392,2388,100.0,38.92,23.3504,222,208,Healthy,93.69,0
52,15,-0.0074,0.0001,100.0,518.67,642.2,1584.47,1406.07,14.62,21.61,554.2,2387.99,9054.39,1.3,47.25,522.66,2388.03,8140.3,8.3846,0.03,391,2388,100.0,38.91,23.4291,222,207,Healthy,93.24,0
52,16,0.0027,-0.0003,100.0,518.67,641.83,1588.89,1398.42,14.62,21.61,553.97,2387.99,9051.5,1.3,47.14,522.15,2388.02,8141.97,8.4143,0.03,391,2388,100.0,39.09,23.544,222,206,Healthy,92.79,0
52,17,-0.0014,0.0003,100.0,518.67,642.28,1584.45,1396.33,14.62,21.61,555.06,2387.98,9054.63,1.3,47.24,522.56,2388.01,8136.53,8.4201,0.03,390,2388,100.0,38.9,23.4549,222,205,Healthy,92.34,0
52,18,-0.002,0.0001,100.0,518.67,642.07,1585.98,1401.27,14.62,21.6,555.3,2388.02,9063.39,1.3,47.2,522.43,2388.02,8137.73,8.3865,0.03,390,2388,100.0,39.07,23.5029,222,204,Healthy,91.89,0
52,19,0.001,0.0002,100.0,518.67,641.96,1587.85,1397.39,14.62,21.61,553.92,2388.0,9057.82,1.3,47.2,522.53,2388.01,8143.17,8.4159,0.03,391,2388,100.0,39.11,23.374,222,203,Healthy,91.44,0
52,20,0.0009,0.0002,100.0,518.67,642.31,1577.21,1392.34,14.62,21.61,554.0,2387.99,9051.03,1.3,47.22,522.77,2388.01,8141.78,8.3844,0.03,390,2388,100.0,38.65,23.4255,222,202,Healthy,90.99,0
52,21,0.0047,-0.0004,100.0,518.67,641.91,1590.38,1399.35,14.62,21.61,554.26,2387.99,9051.33,1.3,47.14,522.14,2388.07,8135.93,8.3859,0.03,391,2388,100.0,38.9,23.3753,222,201,Healthy,90.54,0
52,22,0.001,-0.0001,100.0,518.67,641.74,1579.54,1394.04,14.62,21.61,554.16,2388.01,9045.44,1.3,47.3,522.2,2388.05,8136.16,8.4061,0.03,391,2388,100.0,39.17,23.3671,222,200,Healthy,90.09,0
52,23,-0.0035,0.0003,100.0,518.67,641.75,1578.68,1392.94,14.62,21.61,554.03,2388.02,9050.58,1.3,47.05,522.84,2388.02,8141.06,8.4271,0.03,391,2388,100.0,39.12,23.4131,222,199,Healthy,89.64,0
52,24,-0.0047,-0.0004,100.0,518.67,641.74,1581.82,1394.03,14.62,21.61,554.18,2388.01,9052.79,1.3,47.29,522.54,2388.05,8141.37,8.408,0.03,390,2388,100.0,39.2,23.4143,222,198,Healthy,89.19,0
52,25,-0.0036,0.0003,100.0,518.67,642.33,1579.29,1397.64,14.62,21.61,555.04,2387.99,9052.12,1.3,47.24,522.5,2388.06,8137.68,8.3828,0.03,393,2388,100.0,38.78,23.4063,222,197,Healthy,88.74,0
52,26,0.0008,0.0002,100.0,518.67,641.66,1578.91,1401.2,14.62,21.6,554.22,2388.05,9048.36,1.3,47.18,522.68,2388.0,8144.29,8.4042,0.03,390,2388,100.0,38.94,23.4642,222,196,Healthy,88.29,0
52,27,0.0013,0.0004,100.0,518.67,642.06,1584.4,1401.76,14.62,21.61,555.02,2388.04,9058.01,1.3,47.2,522.57,2388.03,8134.33,8.3707,0.03,391,2388,100.0,39.01,23.272,222,195,Healthy,87.84,0
52,28,0.0007,0.0001,100.0,518.67,642.18,1586.68,1397.45,14.62,21.61,554.48,2388.01,9059.26,1.3,47.34,522.29,2388.07,8141.45,8.4148,0.03,391,2388,100.0,38.96,23.3771,222,194,Healthy,87.39,0
52,29,-0.0002,0.0003,100.0,518.67,642.57,1581.71,1401.13,14.62,21.6,554.65,2388.0,9054.4,1.3,47.16,522.06,2388.0,8133.61,8.4187,0.03,391,2388,100.0,39.16,23.4272,222,193,Healthy,86.94,0
52,30,0.0052,-0.0002,100.0,518.67,642.08,1583.97,1401.11,14.62,21.61,554.91,2388.04,9056.74,1.3,47.1,522.23,2388.04,8138.65,8.3733,0.03,392,2388,100.0,39.02,23.427,222,192,Healthy,86.49,0
52,31,0.0024,0.0003,100.0,518.67,642.23,1592.53,1390.97,14.62,21.6,554.32,2388.03,9052.37,1.3,47.24,522.39,2388.08,8140.83,8.4001,0.03,391,2388,100.0,39.27,23.4249,222,191,Healthy,86.04,0
52,32,-0.0016,-0.0002,100.0,518.67,642.37,1587.23,1402.3,14.62,21.6,554.64,2388.05,9059.97,1.3,47.36,522.33,2387.95,8133.37,8.4187,0.03,391,2388,100.0,39.2,23.4666,222,190,Healthy,85.59,0
52,33,0.0013,0.0001,100.0,518.67,642.08,1587.53,1403.9,14.62,21.61,554.06,2388.01,9060.98,1.3,47.13,522.77,2388.03,8136.9,8.3976,0.03,392,2388,100.0,39.23,23.4587,222,189,Healthy,85.14,0
52,34,0.0028,0.0002,100.0,518.67,641.99,1584.34,1398.83,14.62,21.61,555.13,2388.05,9054.0,1.3,47.41,522.07,2387.99,8136.45,8.4114,0.03,392,2388,100.0,39.14,23.4241,222,188,Healthy,84.68,0
52,35,-0.0017,0.0001,100.0,518.67,642.12,1581.54,1400.8,14.62,21.61,554.41,2388.06,9055.58,1.3,47.23,521.66,2388.07,8140.54,8.3881,0.03,390,2388,100.0,39.12,23.4197,222,187,Healthy,84.23,0
52,36,-0.0021,0.0001,100.0,518.67,641.53,1580.14,1403.72,14.62,21.61,554.4,2388.0,9054.33,1.3,47.08,522.27,2387.98,8140.76,8.416,0.03,393,2388,100.0,38.99,23.372,222,186,Healthy,83.78,0
52,37,0.0026,0.0002,100.0,518.67,642.01,1591.09,1395.99,14.62,21.61,553.48,2387.95,9057.65,1.3,47.04,522.11,2388.01,8134.92,8.4234,0.03,391,2388,100.0,38.98,23.4532,222,185,Healthy,83.33,0
52,38,-0.0003,0.0004,100.0,518.67,641.78,1589.99,1398.22,14.62,21.61,554.51,2388.03,9062.54,1.3,47.28,522.13,2388.01,8138.08,8.3708,0.03,392,2388,100.0,38.99,23.4536,222,184,Healthy,82.88,0
52,39,-0.0019,-0.0002,100.0,518.67,642.49,1581.72,1395.25,14.62,21.61,554.37,2388.02,9047.78,1.3,47.24,522.12,2388.02,8139.31,8.4155,0.03,393,2388,100.0,39.05,23.352,222,183,Healthy,82.43,0
52,40,-0.0009,-0.0002,100.0,518.67,642.22,1586.83,1392.34,14.62,21.6,554.32,2388.04,9052.18,1.3,47.15,521.85,2388.03,8136.58,8.3842,0.03,390,2388,100.0,39.08,23.4072,222,182,Healthy,81.98,0
52,41,-0.0044,0.0003,100.0,518.67,642.5,1582.9,1396.24,14.62,21.61,554.47,2388.01,9052.83,1.3,47.22,522.76,2388.02,8139.65,8.3979,0.03,392,2388,100.0,39.05,23.3807,222,181,Healthy,81.53,0
52,42,0.0001,0.0002,100.0,518.67,642.04,1591.18,1402.67,14.62,21.61,554.1,2387.98,9055.62,1.3,47.05,522.33,2388.02,8135.63,8.4019,0.03,391,2388,100.0,39.12,23.4259,222,180,Healthy,81.08,0
52,43,0.002,-0.0,100.0,518.67,642.0,1582.78,1399.05,14.62,21.6,554.4,2388.0,9043.5,1.3,47.08,521.96,2388.03,8134.37,8.4113,0.03,391,2388,100.0,38.89,23.4585,222,179,Healthy,80.63,0
52,44,-0.0003,0.0003,100.0,518.67,642.46,1576.16,1412.21,14.62,21.61,554.38,2388.05,9052.41,1.3,47.16,522.31,2388.01,8138.57,8.3672,0.03,392,2388,100.0,39.07,23.4703,222,178,Healthy,80.18,0
52,45,-0.0002,0.0005,100.0,518.67,642.34,1587.92,1393.99,14.62,21.61,553.93,2388.0,9061.07,1.3,47.19,522.42,2388.05,8137.88,8.415,0.03,390,2388,100.0,39.07,23.3682,222,177,Healthy,79.73,0
52,46,-0.0035,-0.0002,100.0,518.67,642.05,1585.7,1395.27,14.62,21.61,554.12,2388.07,9054.07,1.3,47.17,522.7,2388.04,8146.8,8.3727,0.03,392,2388,100.0,38.98,23.3346,222,176,Healthy,79.28,0
52,47,0.0018,-0.0004,100.0,518.67,642.49,1592.01,1397.69,14.62,21.61,553.58,2387.98,9055.73,1.3,47.32,522.52,2387.99,8141.46,8.4335,0.03,392,2388,100.0,39.0,23.3624,222,175,Healthy,78.83,0
52,48,0.0016,-0.0003,100.0,518.67,642.04,1581.32,1398.36,14.62,21.61,554.35,2387.98,9053.27,1.3,46.98,522.27,2388.01,8139.91,8.3843,0.03,391,2388,100.0,38.99,23.4118,222,174,Healthy,78.38,0
52,49,0.0035,0.0,100.0,518.67,641.52,1583.05,1393.77,14.62,21.61,554.75,2388.03,9059.16,1.3,47.29,522.24,2388.05,8137.21,8.3764,0.03,392,2388,100.0,38.96,23.3764,222,173,Healthy,77.93,0
52,50,0.001,0.0005,100.0,518.67,642.46,1590.44,1394.15,14.62,21.61,554.84,2387.98,9052.01,1.3,47.16,522.53,2387.97,8136.44,8.3764,0.03,393,2388,100.0,38.86,23.5032,222,172,Healthy,77.48,0
53,1,0.0018,-0.0,100.0,518.67,642.43,1584.08,1392.4,14.62,21.61,554.4,2388.05,9044.65,1.3,47.3,521.95,2388.05,8137.17,8.4243,0.03,394,2388,100.0,39.06,23.2487,164,163,Healthy,99.39,0
53,2,-0.0012,0.0001,100.0,518.67,642.64,1574.54,1399.94,14.62,21.61,554.1,2388.03,9045.53,1.3,47.38,522.19,2388.08,8133.3,8.4322,0.03,392,2388,100.0,38.73,23.4579,164,162,Healthy,98.78,0
53,3,-0.0007,0.0001,100.0,518.67,642.44,1584.13,1404.31,14.62,21.61,554.32,2388.09,9046.56,1.3,47.19,522.1,2388.03,8133.52,8.4203,0.03,393,2388,100.0,38.97,23.2938,164,161,Healthy,98.17,0
53,4,0.0043,0.0002,100.0,518.67,642.36,1585.35,1403.0,14.62,21.61,553.53,2388.01,9048.43,1.3,47.44,522.43,2388.03,8138.82,8.4322,0.03,391,2388,100.0,38.86,23.3938,164,160,Healthy,97.56,0
53,5,-0.001,0.0004,100.0,518.67,642.76,1589.63,1402.9,14.62,21.61,554.03,2388.02,9043.2,1.3,47.45,521.85,2388.1,8132.2,8.4003,0.03,392,2388,100.0,39.05,23.389,164,159,Healthy,96.95,0
53,6,0.0032,0.0003,100.0,518.67,642.93,1581.16,1396.57,14.62,21.61,553.85,2388.06,9049.98,1.3,47.25,522.37,2388.02,8126.74,8.4222,0.03,391,2388,100.0,38.83,23.4681,164,158,Healthy,96.34,0
53,7,-0.0038,0.0,100.0,518.67,642.45,1581.51,1396.33,14.62,21.61,553.39,2388.04,9051.6,1.3,47.16,522.37,2388.09,8133.7,8.4427,0.03,393,2388,100.0,39.07,23.3225,164,157,Healthy,95.73,0
53,8,0.001,-0.0005,100.0,518.67,642.19,1586.29,1402.2,14.62,21.61,554.18,2388.04,9053.59,1.3,47.19,521.8,2388.05,8134.2,8.4031,0.03,392,2388,100.0,39.12,23.4091,164,156,Healthy,95.12,0
53,9,0.0005,-0.0,100.0,518.67,642.34,1588.77,1396.33,14.62,21.61,554.96,2388.07,9050.73,1.3,47.23,521.97,2388.06,8133.48,8.4205,0.03,393,2388,100.0,39.03,23.4662,164,155,Healthy,94.51,0
53,10,0.0004,-0.0003,100.0,518.67,642.6,1586.5,1396.07,14.62,21.61,553.78,2388.02,9049.83,1.3,47.23,522.61,2388.05,8131.49,8.4261,0.03,392,2388,100.0,38.93,23.4273,164,154,Healthy,93.9,0
53,11,-0.0018,-0.0,100.0,518.67,642.41,1584.35,1407.18,14.62,21.61,554.43,2388.1,9047.78,1.3,47.43,521.98,2388.09,8135.35,8.4018,0.03,391,2388,100.0,39.01,23.3531,164,153,Healthy,93.29,0
53,12,0.0041,-0.0004,100.0,518.67,642.42,1583.72,1401.13,14.62,21.61,554.04,2388.08,9051.59,1.3,47.21,522.38,2388.06,8137.85,8.4069,0.03,392,2388,100.0,38.91,23.3876,164,152,Healthy,92.68,0
53,13,0.0009,0.0004,100.0,518.67,642.0,1584.15,1394.13,14.62,21.61,553.9,2388.01,9048.82,1.3,47.32,522.62,2388.1,8136.19,8.4386,0.03,391,2388,100.0,38.91,23.2801,164,151,Healthy,92.07,0
53,14,-0.0007,-0.0003,100.0,518.67,642.26,1581.14,1398.91,14.62,21.61,553.02,2388.06,9050.68,1.3,47.56,521.8,2388.05,8132.64,8.3906,0.03,393,2388,100.0,38.97,23.3697,164,150,Healthy,91.46,0
53,15,0.0031,-0.0,100.0,518.67,642.15,1588.12,1403.71,14.62,21.61,554.39,2388.08,9049.66,1.3,47.32,521.99,2388.05,8136.55,8.385,0.03,391,2388,100.0,38.81,23.3724,164,149,Healthy,90.85,0
53,16,0.0051,-0.0002,100.0,518.67,641.77,1585.95,1405.98,14.62,21.61,554.72,2388.03,9052.3,1.3,47.33,521.9,2388.02,8134.76,8.3874,0.03,392,2388,100.0,39.06,23.4275,164,148,Healthy,90.24,0
53,17,0.0011,0.0001,100.0,518.67,642.12,1579.53,1396.36,14.62,21.61,554.34,2388.07,9051.62,1.3,47.29,521.86,2388.09,8133.82,8.4245,0.03,393,2388,100.0,39.01,23.3553,164,147,Healthy,89.63,0
53,18,0.0004,0.0002,100.0,518.67,642.37,1583.81,1402.88,14.62,21.61,554.36,2388.09,9044.31,1.3,47.18,521.69,2388.1,8129.8,8.4145,0.03,393,2388,100.0,38.89,23.4512,164,146,Healthy,89.02,0
53,19,0.0033,-0.0001,100.0,518.67,642.27,1591.35,1390.88,14.62,21.61,553.29,2388.05,9046.68,1.3,47.3,522.42,2388.09,8129.31,8.3771,0.03,390,2388,100.0,38.93,23.4708,164,145,Healthy,88.41,0
53,20,-0.0037,-0.0003,100.0,518.67,642.37,1588.3,1408.09,14.62,21.61,554.27,2388.05,9051.43,1.3,47.33,522.92,2388.01,8130.28,8.4512,0.03,393,2388,100.0,38.9,23.3507,164,144,Healthy,87.8,0
53,21,0.0004,0.0001,100.0,518.67,642.31,1577.61,1400.66,14.62,21.61,554.33,2388.07,9052.19,1.3,47.42,522.01,2388.05,8134.18,8.4295,0.03,391,2388,100.0,38.89,23.3895,164,143,Healthy,87.2,0
53,22,-0.0037,0.0005,100.0,518.67,642.2,1582.1,1403.76,14.62,21.61,554.43,2388.02,9049.08,1.3,47.55,521.98,2388.08,8132.29,8.4046,0.03,391,2388,100.0,39.09,23.3463,164,142,Healthy,86.59,0
53,23,-0.0023,-0.0002,100.0,518.67,642.66,1588.66,1403.86,14.62,21.61,554.26,2388.05,9056.61,1.3,47.42,522.11,2388.05,8134.46,8.4108,0.03,392,2388,100.0,38.94,23.3201,164,141,Healthy,85.98,0
53,24,-0.0048,0.0002,100.0,518.67,642.6,1578.61,1404.25,14.62,21.61,554.04,2388.04,9048.27,1.3,47.33,522.28,2388.05,8128.85,8.4181,0.03,392,2388,100.0,38.93,23.3566,164,140,Healthy,85.37,0
53,25,0.0007,-0.0004,100.0,518.67,643.1,1584.51,1402.04,14.62,21.61,553.93,2388.05,9048.2,1.3,47.33,521.87,2388.07,8133.29,8.3644,0.03,391,2388,100.0,39.07,23.3116,164,139,Healthy,84.76,0
53,26,-0.0017,0.0002,100.0,518.67,642.3,1590.88,1405.86,14.62,21.61,554.81,2388.05,9054.69,1.3,47.34,522.27,2388.07,8134.38,8.4138,0.03,391,2388,100.0,38.97,23.3187,164,138,Healthy,84.15,0
53,27,0.0012,-0.0002,100.0,518.67,641.98,1582.27,1400.5,14.62,21.6,553.49,2388.08,9051.97,1.3,47.31,521.47,2388.04,8129.52,8.4191,0.03,392,2388,100.0,38.78,23.2512,164,137,Healthy,83.54,0
53,28,0.0031,-0.0001,100.0,518.67,642.04,1589.32,1393.26,14.62,21.61,553.84,2388.03,9054.16,1.3,47.14,521.88,2388.07,8130.74,8.3741,0.03,393,2388,100.0,39.11,23.5233,164,136,Healthy,82.93,0
53,29,0.0018,0.0004,100.0,518.67,642.64,1582.08,1406.6,14.62,21.61,554.2,2388.13,9048.26,1.3,47.34,521.93,2388.09,8133.49,8.4132,0.03,393,2388,100.0,38.73,23.3333,164,135,Healthy,82.32,0
53,30,0.0009,-0.0004,100.0,518.67,642.38,1591.28,1402.85,14.62,21.61,554.39,2388.03,9049.06,1.3,47.42,522.01,2388.11,8133.49,8.4012,0.03,392,2388,100.0,38.95,23.3887,164,134,Healthy,81.71,0
53,31,-0.0017,0.0,100.0,518.67,642.22,1584.58,1405.27,14.62,21.61,554.09,2388.13,9045.76,1.3,47.46,521.78,2388.03,8131.04,8.4021,0.03,390,2388,100.0,38.99,23.3688,164,133,Healthy,81.1,0
53,32,0.0005,-0.0002,100.0,518.67,642.36,1591.56,1409.33,14.62,21.61,554.46,2388.04,9050.71,1.3,47.46,522.16,2388.01,8129.27,8.4036,0.03,392,2388,100.0,38.97,23.4515,164,132,Healthy,80.49,0
53,33,0.0024,0.0002,100.0,518.67,642.42,1588.23,1400.62,14.62,21.61,554.22,2388.09,9045.69,1.3,47.32,521.6,2388.07,8134.43,8.4148,0.03,392,2388,100.0,38.89,23.3535,164,131,Healthy,79.88,0
53,34,0.0004,-0.0002,100.0,518.67,643.04,1588.15,1401.27,14.62,21.61,554.78,2388.08,9052.03,1.3,47.32,522.43,2388.02,8129.35,8.4036,0.03,393,2388,100.0,38.89,23.3221,164,130,Healthy,79.27,0
53,35,-0.0007,-0.0003,100.0,518.67,642.43,1586.0,1411.38,14.62,21.61,554.14,2388.09,9052.1,1.3,47.11,521.47,2388.12,8133.11,8.4208,0.03,393,2388,100.0,38.73,23.2678,164,129,Healthy,78.66,0
53,36,0.0032,0.0,100.0,518.67,643.28,1583.5,1398.67,14.62,21.61,553.49,2388.08,9043.43,1.3,47.48,522.0,2388.05,8128.8,8.4224,0.03,392,2388,100.0,38.96,23.3731,164,128,Healthy,78.05,0
53,37,-0.0017,-0.0002,100.0,518.67,642.63,1580.03,1402.12,14.62,21.61,553.65,2388.04,9049.24,1.3,47.17,521.79,2388.03,8131.2,8.4334,0.03,392,2388,100.0,38.89,23.3929,164,127,Healthy,77.44,0
53,38,-0.0037,-0.0003,100.0,518.67,642.64,1591.0,1405.94,14.62,21.61,553.58,2388.07,9047.46,1.3,47.45,521.77,2388.07,8134.5,8.4145,0.03,390,2388,100.0,39.0,23.3679,164,126,Healthy,76.83,0
53,39,-0.0006,-0.0005,100.0,518.67,642.49,1580.45,1405.16,14.62,21.61,554.13,2388.06,9048.0,1.3,47.29,521.31,2388.03,8132.88,8.4237,0.03,393,2388,100.0,38.9,23.4667,164,125,Healthy,76.22,0
53,40,-0.0011,-0.0004,100.0,518.67,642.65,1588.38,1401.41,14.62,21.61,553.44,2388.06,9051.78,1.3,47.53,521.86,2388.06,8125.68,8.4137,0.03,392,2388,100.0,38.74,23.2838,164,124,Healthy,75.61,0
53,41,-0.0046,0.0001,100.0,518.67,642.63,1582.49,1400.09,14.62,21.61,554.06,2388.07,9056.03,1.3,47.38,522.31,2388.1,8130.76,8.4053,0.03,393,2388,100.0,39.06,23.2991,164,123,Healthy,75.0,0
53,42,0.0011,0.0,100.0,518.67,641.8,1588.63,1400.26,14.62,21.61,553.37,2388.07,9049.05,1.3,47.23,521.37,2388.08,8132.69,8.4132,0.03,393,2388,100.0,39.06,23.3279,164,122,Healthy,74.39,0
53,43,0.0036,0.0,100.0,518.67,641.95,1587.15,1400.0,14.62,21.61,554.92,2388.05,9045.56,1.3,47.16,521.68,2388.1,8134.26,8.3997,0.03,393,2388,100.0,39.03,23.2808,164,121,Healthy,73.78,0
53,44,-0.0016,0.0003,100.0,518.67,642.63,1586.78,1398.76,14.62,21.61,553.81,2388.07,9050.09,1.3,47.41,522.42,2388.06,8130.07,8.3947,0.03,392,2388,100.0,38.88,23.3927,164,120,Early_Wear,73.17,0
53,45,-0.0035,0.0003,100.0,518.67,642.26,1584.19,1404.14,14.62,21.61,554.87,2388.03,9054.29,1.3,47.45,522.09,2388.06,8131.28,8.4032,0.03,391,2388,100.0,38.95,23.3726,164,119,Early_Wear,72.56,0
53,46,-0.0014,-0.0003,100.0,518.67,642.75,1591.01,1401.11,14.62,21.61,553.99,2388.12,9045.58,1.3,47.31,522.01,2388.04,8130.33,8.3846,0.03,392,2388,100.0,38.93,23.3089,164,118,Early_Wear,71.95,0
53,47,0.0015,0.0003,100.0,518.67,641.9,1586.39,1404.98,14.62,21.61,553.21,2388.08,9051.31,1.3,47.4,522.13,2388.05,8136.82,8.3965,0.03,391,2388,100.0,38.9,23.4271,164,117,Early_Wear,71.34,0
53,48,-0.0004,-0.0001,100.0,518.67,642.51,1589.12,1402.45,14.62,21.61,554.28,2388.07,9046.13,1.3,47.24,522.21,2388.04,8128.54,8.4358,0.03,393,2388,100.0,38.97,23.3846,164,116,Early_Wear,70.73,0
53,49,-0.0026,-0.0001,100.0,518.67,641.85,1585.66,1398.98,14.62,21.61,553.76,2388.04,9059.85,1.3,47.18,521.7,2388.07,8137.1,8.4335,0.03,393,2388,100.0,38.89,23.3373,164,115,Early_Wear,70.12,0
53,50,-0.0011,0.0003,100.0,518.67,642.52,1593.4,1403.47,14.62,21.61,553.33,2387.99,9050.52,1.3,47.33,521.91,2388.12,8133.17,8.4338,0.03,392,2388,100.0,38.98,23.4276,164,114,Early_Wear,69.51,0
54,1,-0.0011,-0.0004,100.0,518.67,642.66,1587.0,1406.28,14.62,21.61,553.35,2388.12,9050.53,1.3,47.65,521.26,2388.12,8128.87,8.476,0.03,394,2388,100.0,38.87,23.3062,194,193,Healthy,99.48,0
54,2,-0.0009,-0.0002,100.0,518.67,643.29,1590.78,1405.99,14.62,21.61,553.42,2388.07,9049.17,1.3,47.51,521.83,2388.12,8126.76,8.434,0.03,394,2388,100.0,38.99,23.2795,194,192,Healthy,98.97,0
54,3,0.0024,-0.0,100.0,518.67,642.16,1587.41,1410.63,14.62,21.61,553.82,2388.12,9052.33,1.3,47.45,521.35,2388.06,8125.37,8.4475,0.03,394,2388,100.0,39.02,23.3578,194,191,Healthy,98.45,0
54,4,0.001,0.0001,100.0,518.67,642.57,1590.96,1415.61,14.62,21.61,552.98,2388.07,9048.97,1.3,47.48,521.34,2388.14,8131.97,8.4003,0.03,393,2388,100.0,39.05,23.2664,194,190,Healthy,97.94,0
54,5,-0.0051,-0.0004,100.0,518.67,643.08,1589.44,1413.24,14.62,21.61,553.32,2388.08,9039.66,1.3,47.52,521.77,2388.08,8128.32,8.4334,0.03,392,2388,100.0,38.82,23.3907,194,189,Healthy,97.42,0
54,6,0.0018,0.0003,100.0,518.67,643.08,1587.19,1401.73,14.62,21.61,553.53,2388.14,9052.78,1.3,47.38,521.52,2388.04,8130.15,8.4064,0.03,393,2388,100.0,38.77,23.2305,194,188,Healthy,96.91,0
54,7,0.0037,0.0003,100.0,518.67,642.31,1590.63,1405.94,14.62,21.61,553.85,2388.13,9047.01,1.3,47.43,521.22,2388.09,8130.94,8.4035,0.03,392,2388,100.0,38.79,23.2842,194,187,Healthy,96.39,0
54,8,-0.0032,-0.0004,100.0,518.67,642.62,1599.28,1414.2,14.62,21.61,552.9,2388.14,9050.3,1.3,47.69,521.4,2388.12,8133.57,8.4521,0.03,394,2388,100.0,38.82,23.2093,194,186,Healthy,95.88,0
54,9,-0.0003,-0.0002,100.0,518.67,642.23,1593.93,1397.9,14.62,21.61,552.62,2388.11,9043.76,1.3,47.53,521.44,2388.06,8132.79,8.4309,0.03,391,2388,100.0,38.82,23.3219,194,185,Healthy,95.36,0
54,10,-0.0002,0.0003,100.0,518.67,642.28,1587.57,1418.28,14.62,21.61,553.21,2388.11,9045.33,1.3,47.38,521.44,2388.11,8125.24,8.4261,0.03,393,2388,100.0,38.78,23.2789,194,184,Healthy,94.85,0
54,11,0.0016,0.0002,100.0,518.67,642.81,1587.47,1405.77,14.62,21.61,553.24,2388.15,9043.54,1.3,47.52,521.16,2388.1,8128.3,8.4175,0.03,393,2388,100.0,38.82,23.2294,194,183,Healthy,94.33,0
54,12,0.0005,0.0003,100.0,518.67,642.62,1595.4,1407.74,14.62,21.61,554.06,2388.11,9045.89,1.3,47.46,521.13,2388.11,8127.47,8.4204,0.03,392,2388,100.0,38.75,23.2189,194,182,Healthy,93.81,0
54,13,-0.0016,-0.0001,100.0,518.67,642.79,1589.1,1398.21,14.62,21.61,553.48,2388.11,9046.66,1.3,47.43,522.05,2388.12,8129.28,8.444,0.03,392,2388,100.0,38.86,23.3592,194,181,Healthy,93.3,0
54,14,0.0014,-0.0003,100.0,518.67,642.02,1583.31,1409.93,14.62,21.61,553.25,2388.16,9048.58,1.3,47.41,521.25,2388.08,8124.97,8.4476,0.03,393,2388,100.0,38.86,23.406,194,180,Healthy,92.78,0
54,15,0.0006,-0.0001,100.0,518.67,642.61,1589.9,1408.42,14.62,21.61,553.38,2388.13,9053.33,1.3,47.39,521.84,2388.1,8130.82,8.4287,0.03,392,2388,100.0,38.71,23.284,194,179,Healthy,92.27,0
54,16,0.0029,0.0001,100.0,518.67,642.71,1588.93,1398.1,14.62,21.61,553.19,2388.12,9054.04,1.3,47.61,521.89,2388.11,8127.82,8.4073,0.03,393,2388,100.0,38.92,23.2438,194,178,Healthy,91.75,0
54,17,-0.0021,-0.0001,100.0,518.67,642.32,1583.24,1404.93,14.62,21.61,553.62,2388.11,9052.45,1.3,47.47,521.49,2388.12,8127.15,8.4499,0.03,393,2388,100.0,39.13,23.2102,194,177,Healthy,91.24,0
54,18,-0.0018,-0.0001,100.0,518.67,642.32,1592.73,1407.64,14.62,21.61,553.79,2388.1,9051.35,1.3,47.55,521.6,2388.11,8126.5,8.4464,0.03,394,2388,100.0,38.66,23.2757,194,176,Healthy,90.72,0
54,19,-0.0025,0.0002,100.0,518.67,642.82,1588.58,1414.26,14.62,21.61,554.16,2388.09,9046.65,1.3,47.52,521.61,2388.17,8129.1,8.4242,0.03,393,2388,100.0,38.97,23.2746,194,175,Healthy,90.21,0
54,20,-0.0002,-0.0004,100.0,518.67,642.47,1588.31,1403.93,14.62,21.61,553.22,2388.12,9043.67,1.3,47.43,521.91,2388.06,8125.04,8.4382,0.03,393,2388,100.0,38.82,23.2921,194,174,Healthy,89.69,0
54,21,0.0003,-0.0004,100.0,518.67,643.0,1596.04,1410.8,14.62,21.61,553.9,2388.06,9047.86,1.3,47.47,521.79,2388.16,8126.68,8.4505,0.03,393,2388,100.0,38.96,23.4232,194,173,Healthy,89.18,0
54,22,0.0005,-0.0002,100.0,518.67,642.59,1592.92,1409.07,14.62,21.61,553.55,2388.09,9045.67,1.3,47.44,521.48,2388.12,8129.79,8.3904,0.03,392,2388,100.0,39.0,23.2273,194,172,Healthy,88.66,0
54,23,0.0009,-0.0,100.0,518.67,642.59,1586.85,1406.93,14.62,21.61,553.33,2388.15,9046.57,1.3,47.67,522.3,2388.12,8128.45,8.3953,0.03,391,2388,100.0,38.93,23.3531,194,171,Healthy,88.14,0
54,24,-0.0005,-0.0,100.0,518.67,642.48,1591.67,1402.84,14.62,21.61,553.15,2388.1,9055.71,1.3,47.61,521.71,2388.09,8129.63,8.4333,0.03,393,2388,100.0,38.93,23.3619,194,170,Healthy,87.63,0
54,25,0.0005,-0.0005,100.0,518.67,642.78,1592.74,1401.76,14.62,21.61,552.52,2388.09,9048.08,1.3,47.48,521.71,2388.1,8124.18,8.4417,0.03,393,2388,100.0,38.82,23.2342,194,169,Healthy,87.11,0
54,26,-0.0023,0.0001,100.0,518.67,642.41,1593.21,1409.06,14.62,21.61,553.77,2388.09,9051.44,1.3,47.42,520.9,2388.11,8131.92,8.4303,0.03,393,2388,100.0,38.82,23.3465,194,168,Healthy,86.6,0
54,27,0.0006,0.0,100.0,518.67,642.62,1582.98,1404.53,14.62,21.61,553.79,2388.11,9046.21,1.3,47.72,522.01,2388.1,8127.74,8.4264,0.03,392,2388,100.0,38.81,23.3572,194,167,Healthy,86.08,0
54,28,0.0009,-0.0001,100.0,518.67,642.21,1591.02,1405.03,14.62,21.61,553.79,2388.07,9047.91,1.3,47.28,521.62,2388.08,8133.27,8.4538,0.03,395,2388,100.0,38.9,23.3945,194,166,Healthy,85.57,0
54,29,0.0009,-0.0002,100.0,518.67,642.46,1594.37,1409.0,14.62,21.61,553.41,2388.12,9045.12,1.3,47.49,521.24,2388.1,8127.53,8.4232,0.03,392,2388,100.0,38.76,23.2141,194,165,Healthy,85.05,0
54,30,0.0023,0.0,100.0,518.67,642.87,1595.25,1402.46,14.62,21.61,553.45,2388.11,9044.42,1.3,47.62,521.7,2388.04,8128.12,8.4616,0.03,394,2388,100.0,38.74,23.2144,194,164,Healthy,84.54,0
54,31,0.0007,0.0004,100.0,518.67,642.56,1593.32,1404.06,14.62,21.61,552.71,2388.18,9053.38,1.3,47.43,521.46,2388.14,8130.74,8.406,0.03,396,2388,100.0,38.86,23.2946,194,163,Healthy,84.02,0
54,32,-0.0015,0.0003,100.0,518.67,642.82,1587.64,1404.78,14.62,21.61,554.16,2388.11,9044.97,1.3,47.36,521.71,2388.11,8130.93,8.4216,0.03,393,2388,100.0,38.83,23.3367,194,162,Healthy,83.51,0
54,33,0.0009,-0.0,100.0,518.67,642.75,1596.94,1408.7,14.62,21.61,553.21,2388.13,9055.31,1.3,47.54,521.88,2388.14,8125.15,8.4479,0.03,394,2388,100.0,38.88,23.2848,194,161,Healthy,82.99,0
54,34,0.0014,-0.0,100.0,518.67,642.52,1589.24,1407.76,14.62,21.61,554.0,2388.11,9048.96,1.3,47.57,521.58,2388.15,8130.23,8.4255,0.03,393,2388,100.0,38.85,23.2531,194,160,Healthy,82.47,0
54,35,0.0024,0.0002,100.0,518.67,642.91,1586.75,1410.0,14.62,21.61,554.14,2388.12,9047.85,1.3,47.64,521.08,2388.12,8127.98,8.4354,0.03,392,2388,100.0,38.77,23.2905,194,159,Healthy,81.96,0
54,36,0.0033,-0.0003,100.0,518.67,642.96,1588.91,1408.18,14.62,21.61,554.49,2388.09,9049.85,1.3,47.35,522.03,2388.18,8134.63,8.4511,0.03,391,2388,100.0,38.84,23.2667,194,158,Healthy,81.44,0
54,37,0.0005,-0.0003,100.0,518.67,643.03,1592.49,1399.31,14.62,21.61,553.88,2388.11,9043.03,1.3,47.47,521.31,2388.1,8130.24,8.4358,0.03,393,2388,100.0,38.77,23.195,194,157,Healthy,80.93,0
54,38,-0.0009,0.0003,100.0,518.67,642.75,1583.29,1405.95,14.62,21.61,552.49,2388.12,9044.51,1.3,47.54,521.83,2388.11,8129.8,8.4429,0.03,393,2388,100.0,38.91,23.3796,194,156,Healthy,80.41,0
54,39,0.0011,0.0002,100.0,518.67,642.64,1589.9,1410.2,14.62,21.61,553.18,2388.13,9046.51,1.3,47.45,521.97,2388.13,8133.03,8.4674,0.03,394,2388,100.0,38.98,23.1957,194,155,Healthy,79.9,0
54,40,0.0034,0.0004,100.0,518.67,642.55,1591.28,1409.49,14.62,21.61,553.93,2388.09,9045.53,1.3,47.47,521.71,2388.11,8132.93,8.4401,0.03,394,2388,100.0,38.94,23.2661,194,154,Healthy,79.38,0
54,41,-0.005,-0.0004,100.0,518.67,642.23,1597.82,1408.99,14.62,21.61,554.34,2388.12,9047.59,1.3,47.5,522.06,2388.06,8135.08,8.427,0.03,394,2388,100.0,38.92,23.3319,194,153,Healthy,78.87,0
54,42,0.0021,-0.0003,100.0,518.67,643.13,1589.0,1406.39,14.62,21.61,553.31,2388.09,9050.22,1.3,47.58,521.26,2388.18,8131.74,8.4341,0.03,393,2388,100.0,38.73,23.3049,194,152,Healthy,78.35,0
54,43,-0.0005,-0.0005,100.0,518.67,642.43,1595.22,1410.52,14.62,21.61,553.75,2388.1,9048.43,1.3,47.44,521.03,2388.11,8130.83,8.4344,0.03,395,2388,100.0,38.76,23.2046,194,151,Healthy,77.84,0
54,44,0.0005,-0.0003,100.0,518.67,642.62,1585.42,1407.12,14.62,21.61,553.94,2388.13,9047.68,1.3,47.6,521.48,2388.08,8131.5,8.4396,0.03,393,2388,100.0,38.69,23.3222,194,150,Healthy,77.32,0
54,45,-0.0018,-0.0,100.0,518.67,642.71,1591.33,1409.82,14.62,21.61,553.21,2388.13,9048.3,1.3,47.51,521.74,2388.12,8131.84,8.4438,0.03,393,2388,100.0,38.92,23.2375,194,149,Healthy,76.8,0
54,46,-0.0034,0.0004,100.0,518.67,642.5,1589.25,1408.31,14.62,21.61,553.08,2388.12,9045.6,1.3,47.65,520.71,2388.1,8126.99,8.4636,0.03,392,2388,100.0,38.81,23.3043,194,148,Healthy,76.29,0
54,47,0.0014,0.0002,100.0,518.67,642.71,1591.68,1408.35,14.62,21.61,553.17,2388.16,9042.07,1.3,47.63,521.57,2388.12,8121.51,8.4665,0.03,393,2388,100.0,38.71,23.2796,194,147,Healthy,75.77,0
54,48,0.0027,0.0003,100.0,518.67,643.48,1591.48,1409.86,14.62,21.61,553.43,2388.11,9048.63,1.3,47.59,521.31,2388.11,8127.37,8.4556,0.03,393,2388,100.0,38.83,23.3963,194,146,Healthy,75.26,0
54,49,-0.0034,0.0003,100.0,518.67,642.49,1590.33,1406.35,14.62,21.61,553.74,2388.11,9052.72,1.3,47.38,521.24,2388.14,8130.8,8.3997,0.03,391,2388,100.0,38.88,23.3205,194,145,Healthy,74.74,0
54,50,0.0006,-0.0001,100.0,518.67,642.62,1588.78,1411.76,14.62,21.61,553.3,2388.14,9052.88,1.3,47.46,521.11,2388.13,8129.48,8.4763,0.03,392,2388,100.0,38.78,23.3141,194,144,Healthy,74.23,0
55,1,-0.0019,0.0002,100.0,518.67,642.16,1580.24,1397.37,14.62,21.57,550.53,2387.81,9024.45,1.3,47.04,518.97,2387.82,8118.41,8.4148,0.03,390,2388,100.0,39.01,23.3661,525,524,Healthy,99.81,0
55,2,0.0003,0.0005,100.0,518.67,642.31,1574.57,1400.13,14.62,21.57,550.9,2387.28,9032.56,1.3,47.24,519.13,2387.23,8120.51,8.4486,0.03,391,2388,100.0,38.83,23.3465,525,523,Healthy,99.62,0
55,3,-0.0016,0.0003,100.0,518.67,641.64,1580.13,1385.27,14.62,21.57,552.45,2387.69,9041.36,1.3,47.04,518.97,2387.68,8126.37,8.442,0.03,391,2388,100.0,38.8,23.2594,525,522,Healthy,99.43,0
55,4,0.0019,0.0002,100.0,518.67,642.29,1579.75,1394.61,14.62,21.57,550.45,2387.68,9043.5,1.3,47.2,519.58,2387.68,8126.22,8.4099,0.03,390,2388,100.0,39.08,23.1942,525,521,Healthy,99.24,0
55,5,0.0002,-0.0004,100.0,518.67,642.33,1569.59,1397.83,14.62,21.57,549.84,2387.67,9037.97,1.3,47.28,518.66,2387.65,8118.95,8.4254,0.03,390,2388,100.0,39.0,23.3432,525,520,Healthy,99.05,0
55,6,-0.0002,-0.0002,100.0,518.67,642.97,1576.91,1398.55,14.62,21.57,551.26,2387.33,9030.75,1.3,47.13,519.04,2387.3,8121.45,8.4508,0.03,390,2388,100.0,38.76,23.2607,525,519,Healthy,98.86,0
55,7,-0.0005,0.0003,100.0,518.67,642.59,1578.24,1390.48,14.62,21.57,551.44,2387.9,9031.9,1.3,47.24,519.02,2387.86,8122.39,8.4245,0.03,389,2388,100.0,38.86,23.2205,525,518,Healthy,98.67,0
55,8,-0.0007,-0.0001,100.0,518.67,641.97,1581.9,1400.59,14.62,21.57,550.97,2387.5,9036.86,1.3,47.39,518.77,2387.5,8126.89,8.438,0.03,392,2388,100.0,38.81,23.2782,525,517,Healthy,98.48,0
55,9,-0.0005,-0.0001,100.0,518.67,641.64,1581.58,1392.91,14.62,21.58,552.23,2387.94,9045.11,1.3,46.88,520.16,2387.89,8134.08,8.4312,0.03,392,2388,100.0,39.07,23.2991,525,516,Healthy,98.29,0
55,10,-0.0004,-0.0002,100.0,518.67,641.84,1576.68,1398.78,14.62,21.57,551.2,2387.79,9035.73,1.3,47.0,518.62,2387.79,8126.91,8.434,0.03,389,2388,100.0,38.75,23.1723,525,515,Healthy,98.1,0
55,11,0.0009,0.0004,100.0,518.67,642.45,1576.7,1389.46,14.62,21.57,551.66,2387.64,9033.65,1.3,47.12,518.97,2387.72,8118.3,8.3694,0.03,389,2388,100.0,38.74,23.289,525,514,Healthy,97.9,0
55,12,-0.0036,0.0003,100.0,518.67,641.75,1577.8,1401.67,14.62,21.57,551.49,2387.52,9040.21,1.3,47.08,519.07,2387.55,8123.04,8.3911,0.03,390,2388,100.0,38.7,23.3951,525,513,Healthy,97.71,0
55,13,0.0005,0.0001,100.0,518.67,641.8,1576.47,1396.22,14.62,21.57,551.23,2387.77,9037.43,1.3,47.01,519.26,2387.74,8130.39,8.458,0.03,393,2388,100.0,38.97,23.352,525,512,Healthy,97.52,0
55,14,0.0018,0.0004,100.0,518.67,641.93,1578.98,1398.91,14.62,21.57,550.21,2387.79,9035.74,1.3,47.23,518.82,2387.79,8124.36,8.4342,0.03,390,2388,100.0,39.02,23.3046,525,511,Healthy,97.33,0
55,15,-0.0031,-0.0004,100.0,518.67,641.82,1575.54,1396.31,14.62,21.57,551.46,2387.37,9035.72,1.3,46.89,519.2,2387.41,8126.66,8.412,0.03,388,2388,100.0,38.94,23.3297,525,510,Healthy,97.14,0
55,16,0.0006,-0.0004,100.0,518.67,642.04,1582.12,1392.73,14.62,21.57,550.56,2387.66,9034.67,1.3,47.1,518.3,2387.64,8119.67,8.4161,0.03,389,2388,100.0,38.95,23.2859,525,509,Healthy,96.95,0
55,17,0.001,0.0,100.0,518.67,642.53,1586.18,1394.57,14.62,21.57,550.66,2387.86,9032.98,1.3,47.31,518.81,2387.8,8121.64,8.389,0.03,390,2388,100.0,38.76,23.4036,525,508,Healthy,96.76,0
55,18,0.0015,-0.0,100.0,518.67,642.28,1582.96,1396.31,14.62,21.57,550.08,2387.55,9034.66,1.3,47.34,518.56,2387.54,8117.87,8.3941,0.03,390,2388,100.0,38.79,23.2541,525,507,Healthy,96.57,0
55,19,0.002,0.0001,100.0,518.67,642.01,1582.09,1402.5,14.62,21.57,551.25,2387.52,9034.05,1.3,47.18,518.8,2387.52,8124.37,8.4098,0.03,390,2388,100.0,38.79,23.3652,525,506,Healthy,96.38,0
55,20,0.0003,-0.0004,100.0,518.67,641.9,1575.36,1393.04,14.62,21.57,549.61,2387.72,9031.45,1.3,47.17,519.52,2387.68,8122.5,8.4127,0.03,392,2388,100.0,38.63,23.2627,525,505,Healthy,96.19,0
55,21,-0.0036,0.0004,100.0,518.67,642.01,1579.1,1396.54,14.62,21.57,550.91,2387.37,9035.51,1.3,47.2,519.17,2387.41,8121.7,8.3969,0.03,392,2388,100.0,38.81,23.1945,525,504,Healthy,96.0,0
55,22,-0.0018,0.0004,100.0,518.67,641.32,1583.26,1397.31,14.62,21.57,550.67,2387.45,9030.31,1.3,47.18,519.42,2387.46,8124.25,8.4367,0.03,390,2388,100.0,38.98,23.2124,525,503,Healthy,95.81,0
55,23,0.0002,0.0003,100.0,518.67,641.91,1581.89,1402.88,14.62,21.57,550.67,2387.55,9033.78,1.3,47.32,518.68,2387.55,8121.05,8.4398,0.03,389,2388,100.0,38.79,23.2198,525,502,Healthy,95.62,0
55,24,-0.0044,-0.0,100.0,518.67,641.77,1570.81,1400.79,14.62,21.57,551.25,2387.38,9038.3,1.3,47.18,519.16,2387.3,8125.14,8.3979,0.03,390,2388,100.0,38.85,23.3448,525,501,Healthy,95.43,0
55,25,0.0001,-0.0002,100.0,518.67,642.22,1573.38,1397.49,14.62,21.57,550.47,2387.64,9045.01,1.3,47.03,519.05,2387.63,8119.88,8.4001,0.03,390,2388,100.0,38.75,23.1585,525,500,Healthy,95.24,0
55,26,-0.0015,0.0002,100.0,518.67,642.05,1572.3,1392.16,14.62,21.57,551.26,2387.93,9038.44,1.3,47.1,518.56,2387.94,8118.99,8.4276,0.03,390,2388,100.0,38.85,23.2576,525,499,Healthy,95.05,0
55,27,-0.0002,-0.0003,100.0,518.67,641.81,1581.08,1398.83,14.62,21.57,551.63,2387.57,9035.1,1.3,47.11,519.18,2387.58,8126.58,8.4911,0.03,391,2388,100.0,38.84,23.1937,525,498,Healthy,94.86,0
55,28,-0.0,0.0004,100.0,518.67,642.6,1577.57,1397.89,14.62,21.57,551.1,2387.66,9035.49,1.3,47.22,518.99,2387.67,8122.56,8.4307,0.03,390,2388,100.0,38.88,23.2509,525,497,Healthy,94.67,0
55,29,0.0007,0.0003,100.0,518.67,641.45,1581.94,1391.27,14.62,21.57,551.37,2387.68,9048.31,1.3,47.41,519.0,2387.73,8125.94,8.411,0.03,390,2388,100.0,38.9,23.2685,525,496,Healthy,94.48,0
55,30,-0.0049,-0.0004,100.0,518.67,641.95,1585.93,1397.83,14.62,21.57,551.36,2387.57,9029.36,1.3,47.16,519.14,2387.49,8122.86,8.4308,0.03,390,2388,100.0,38.52,23.2921,525,495,Healthy,94.29,0
55,31,-0.0005,0.0003,100.0,518.67,641.99,1585.5,1402.81,14.62,21.57,550.57,2387.5,9036.41,1.3,47.34,518.66,2387.5,8122.85,8.4218,0.03,390,2388,100.0,38.85,23.1996,525,494,Healthy,94.1,0
55,32,-0.0007,-0.0005,100.0,518.67,641.54,1581.13,1401.25,14.62,21.57,550.94,2387.52,9033.94,1.3,47.1,519.47,2387.54,8121.47,8.4293,0.03,389,2388,100.0,38.78,23.2505,525,493,Healthy,93.9,0
55,33,-0.0021,0.0003,100.0,518.67,642.36,1575.31,1393.83,14.62,21.57,551.31,2387.72,9037.45,1.3,47.05,519.08,2387.73,8117.76,8.4513,0.03,392,2388,100.0,38.73,23.3993,525,492,Healthy,93.71,0
55,34,0.0029,-0.0002,100.0,518.67,642.28,1582.18,1396.98,14.62,21.57,551.08,2387.36,9033.92,1.3,47.34,518.5,2387.36,8117.8,8.4412,0.03,391,2388,100.0,38.96,23.2231,525,491,Healthy,93.52,0
55,35,-0.001,0.0001,100.0,518.67,642.66,1578.36,1398.04,14.62,21.57,550.19,2387.46,9032.02,1.3,47.18,519.16,2387.49,8121.51,8.4458,0.03,390,2388,100.0,38.91,23.3557,525,490,Healthy,93.33,0
55,36,0.0028,0.0001,100.0,518.67,641.64,1581.37,1402.92,14.62,21.57,551.05,2387.72,9035.24,1.3,46.96,518.78,2387.71,8123.72,8.3985,0.03,392,2388,100.0,38.89,23.2558,525,489,Healthy,93.14,0
55,37,-0.001,0.0005,100.0,518.67,642.45,1581.18,1396.55,14.62,21.57,550.39,2387.69,9034.84,1.3,47.23,518.83,2387.63,8123.06,8.4139,0.03,391,2388,100.0,38.76,23.3039,525,488,Healthy,92.95,0
55,38,0.003,0.0004,100.0,518.67,642.26,1583.06,1403.07,14.62,21.57,550.41,2387.74,9036.48,1.3,46.96,518.86,2387.79,8124.38,8.4343,0.03,390,2388,100.0,38.72,23.3684,525,487,Healthy,92.76,0
55,39,-0.0005,0.0001,100.0,518.67,641.61,1582.5,1395.38,14.62,21.57,551.23,2387.5,9044.22,1.3,47.24,519.07,2387.47,8120.18,8.4397,0.03,390,2388,100.0,38.68,23.2895,525,486,Healthy,92.57,0
55,40,-0.001,-0.0,100.0,518.67,641.82,1574.3,1402.16,14.62,21.57,550.79,2387.35,9036.89,1.3,47.21,518.92,2387.46,8116.88,8.4247,0.03,389,2388,100.0,38.82,23.2832,525,485,Healthy,92.38,0
55,41,-0.0,0.0003,100.0,518.67,641.51,1586.27,1397.89,14.62,21.57,550.93,2387.63,9036.56,1.3,47.09,519.13,2387.67,8124.3,8.4124,0.03,391,2388,100.0,38.65,23.3007,525,484,Healthy,92.19,0
55,42,-0.0006,-0.0004,100.0,518.67,642.13,1586.81,1399.11,14.62,21.57,550.86,2387.52,9041.49,1.3,47.2,518.47,2387.54,8114.88,8.4391,0.03,391,2388,100.0,38.76,23.2518,525,483,Healthy,92.0,0
55,43,-0.0001,-0.0001,100.0,518.67,642.12,1582.61,1396.11,14.62,21.57,551.54,2387.67,9041.82,1.3,47.11,519.27,2387.72,8122.51,8.3919,0.03,390,2388,100.0,39.0,23.2443,525,482,Healthy,91.81,0
55,44,-0.0005,-0.0005,100.0,518.67,642.25,1579.68,1399.01,14.62,21.57,550.55,2387.61,9036.75,1.3,47.15,518.72,2387.67,8118.25,8.4318,0.03,391,2388,100.0,38.83,23.2436,525,481,Healthy,91.62,0
55,45,0.0003,-0.0001,100.0,518.67,642.52,1576.36,1392.76,14.62,21.57,550.86,2387.19,9033.4,1.3,47.41,519.3,2387.23,8119.6,8.4339,0.03,391,2388,100.0,38.81,23.1977,525,480,Healthy,91.43,0
55,46,-0.0019,0.0002,100.0,518.67,641.78,1585.41,1398.27,14.62,21.57,550.75,2387.87,9041.94,1.3,47.23,518.5,2387.93,8128.94,8.4465,0.03,391,2388,100.0,38.95,23.2458,525,479,Healthy,91.24,0
55,47,0.0011,-0.0002,100.0,518.67,641.32,1575.26,1399.21,14.62,21.57,550.01,2387.58,9032.7,1.3,47.06,519.45,2387.57,8122.4,8.4063,0.03,390,2388,100.0,38.86,23.2559,525,478,Healthy,91.05,0
55,48,-0.0027,0.0004,100.0,518.67,642.52,1578.11,1401.94,14.62,21.57,551.28,2387.35,9031.94,1.3,47.23,518.89,2387.29,8121.98,8.4481,0.03,389,2388,100.0,38.9,23.2744,525,477,Healthy,90.86,0
55,49,0.0007,-0.0,100.0,518.67,642.01,1583.92,1400.76,14.62,21.57,551.74,2387.78,9035.39,1.3,47.17,518.86,2387.69,8123.67,8.4632,0.03,390,2388,100.0,38.95,23.2826,525,476,Healthy,90.67,0
55,50,0.0008,0.0005,100.0,518.67,642.56,1579.72,1399.39,14.62,21.57,550.48,2387.5,9033.59,1.3,47.18,519.08,2387.49,8119.85,8.4383,0.03,388,2388,100.0,38.76,23.2183,525,475,Healthy,90.48,0
56,1,-0.0001,0.0001,100.0,518.67,642.66,1593.31,1406.81,14.62,21.61,552.92,2388.07,9053.84,1.3,47.64,521.84,2388.1,8133.41,8.4584,0.03,394,2388,100.0,38.9,23.3093,195,194,Healthy,99.49,0
56,2,0.0039,-0.0003,100.0,518.67,642.73,1579.06,1408.34,14.62,21.61,554.03,2388.09,9055.03,1.3,47.61,522.1,2388.08,8131.49,8.4382,0.03,393,2388,100.0,38.83,23.3756,195,193,Healthy,98.97,0
56,3,0.0006,0.0003,100.0,518.67,642.58,1592.05,1405.24,14.62,21.61,554.3,2388.13,9046.9,1.3,47.43,521.16,2388.13,8132.98,8.4445,0.03,393,2388,100.0,38.78,23.2912,195,192,Healthy,98.46,0
56,4,-0.0011,-0.0001,100.0,518.67,642.75,1590.67,1403.66,14.62,21.61,553.79,2388.1,9056.0,1.3,47.43,521.15,2388.06,8129.28,8.4223,0.03,393,2388,100.0,38.87,23.3833,195,191,Healthy,97.95,0
56,5,-0.0004,-0.0003,100.0,518.67,642.61,1586.36,1399.57,14.62,21.61,553.58,2388.14,9051.89,1.3,47.69,521.36,2388.07,8131.87,8.4432,0.03,394,2388,100.0,38.85,23.2668,195,190,Healthy,97.44,0
56,6,0.0004,0.0001,100.0,518.67,642.24,1592.91,1415.26,14.62,21.61,553.84,2388.12,9054.51,1.3,47.63,521.23,2388.13,8133.74,8.4187,0.03,392,2388,100.0,38.88,23.3125,195,189,Healthy,96.92,0
56,7,-0.0009,-0.0003,100.0,518.67,643.05,1594.82,1415.22,14.62,21.61,553.67,2388.1,9051.79,1.3,47.51,521.13,2388.15,8134.19,8.4596,0.03,393,2388,100.0,38.82,23.3148,195,188,Healthy,96.41,0
56,8,0.0033,0.0,100.0,518.67,642.85,1587.98,1408.28,14.62,21.61,553.66,2388.09,9051.21,1.3,47.47,521.36,2388.1,8131.91,8.4421,0.03,391,2388,100.0,38.97,23.3605,195,187,Healthy,95.9,0
56,9,-0.0036,-0.0002,100.0,518.67,642.74,1591.59,1410.39,14.62,21.61,553.16,2388.09,9053.51,1.3,47.46,521.68,2388.14,8128.29,8.4417,0.03,393,2388,100.0,38.89,23.3469,195,186,Healthy,95.38,0
56,10,0.0017,0.0002,100.0,518.67,642.59,1592.09,1401.95,14.62,21.61,553.09,2388.08,9046.32,1.3,47.52,521.54,2388.1,8126.52,8.4155,0.03,391,2388,100.0,38.78,23.3735,195,185,Healthy,94.87,0
56,11,0.0013,0.0003,100.0,518.67,642.05,1587.66,1409.41,14.62,21.61,553.61,2388.14,9053.15,1.3,47.39,521.33,2388.09,8133.86,8.4399,0.03,392,2388,100.0,38.87,23.3098,195,184,Healthy,94.36,0
56,12,-0.0002,-0.0004,100.0,518.67,641.85,1585.93,1411.65,14.62,21.61,553.73,2388.13,9050.6,1.3,47.48,521.45,2388.13,8134.92,8.4536,0.03,393,2388,100.0,38.98,23.3654,195,183,Healthy,93.85,0
56,13,0.0019,0.0002,100.0,518.67,642.99,1594.51,1403.59,14.62,21.61,553.17,2388.12,9057.66,1.3,47.21,521.79,2388.16,8131.82,8.4419,0.03,392,2388,100.0,38.9,23.273,195,182,Healthy,93.33,0
56,14,-0.0003,-0.0004,100.0,518.67,642.86,1587.53,1413.75,14.62,21.61,552.83,2388.15,9043.61,1.3,47.6,521.91,2388.08,8131.18,8.4545,0.03,393,2388,100.0,38.93,23.3049,195,181,Healthy,92.82,0
56,15,-0.0018,-0.0001,100.0,518.67,642.06,1583.16,1408.02,14.62,21.61,553.46,2388.09,9056.61,1.3,47.48,520.9,2388.08,8132.48,8.4209,0.03,393,2388,100.0,38.76,23.3443,195,180,Healthy,92.31,0
56,16,0.0021,-0.0,100.0,518.67,642.49,1590.02,1403.5,14.62,21.61,553.32,2388.11,9049.67,1.3,47.52,521.58,2388.09,8133.97,8.4307,0.03,393,2388,100.0,38.89,23.2661,195,179,Healthy,91.79,0
56,17,0.0003,0.0,100.0,518.67,642.82,1603.02,1410.73,14.62,21.61,553.59,2388.05,9047.29,1.3,47.63,521.29,2388.11,8130.62,8.4261,0.03,392,2388,100.0,38.83,23.371,195,178,Healthy,91.28,0
56,18,0.0015,-0.0,100.0,518.67,642.03,1587.91,1403.36,14.62,21.61,553.76,2388.09,9046.51,1.3,47.64,521.9,2388.13,8135.95,8.4556,0.03,393,2388,100.0,38.9,23.174,195,177,Healthy,90.77,0
56,19,0.003,-0.0002,100.0,518.67,642.47,1585.63,1404.83,14.62,21.61,553.87,2388.1,9056.96,1.3,47.37,521.35,2388.1,8130.19,8.4301,0.03,393,2388,100.0,38.85,23.2334,195,176,Healthy,90.26,0
56,20,0.0004,-0.0002,100.0,518.67,642.88,1584.93,1411.69,14.62,21.61,553.54,2388.14,9058.18,1.3,47.49,521.28,2388.15,8131.81,8.4375,0.03,394,2388,100.0,38.76,23.3077,195,175,Healthy,89.74,0
56,21,0.0006,0.0,100.0,518.67,642.35,1589.97,1402.4,14.62,21.61,553.62,2388.1,9058.43,1.3,47.6,521.29,2388.07,8134.63,8.4489,0.03,392,2388,100.0,38.75,23.3058,195,174,Healthy,89.23,0
56,22,0.0008,0.0002,100.0,518.67,642.54,1594.8,1406.03,14.62,21.61,552.6,2388.1,9050.87,1.3,47.66,521.59,2388.11,8130.46,8.418,0.03,393,2388,100.0,38.92,23.2671,195,173,Healthy,88.72,0
56,23,0.0016,-0.0001,100.0,518.67,642.87,1589.37,1412.39,14.62,21.61,553.78,2388.13,9052.26,1.3,47.6,521.59,2388.17,8129.34,8.4364,0.03,394,2388,100.0,39.0,23.3581,195,172,Healthy,88.21,0
56,24,0.0015,-0.0002,100.0,518.67,641.96,1584.78,1400.6,14.62,21.61,553.42,2388.12,9057.63,1.3,47.56,521.83,2388.09,8129.42,8.4181,0.03,393,2388,100.0,38.85,23.3149,195,171,Healthy,87.69,0
56,25,-0.0,0.0002,100.0,518.67,642.45,1589.28,1405.5,14.62,21.61,553.72,2388.1,9046.89,1.3,47.52,521.24,2388.18,8136.64,8.4181,0.03,393,2388,100.0,38.81,23.2666,195,170,Healthy,87.18,0
56,26,0.0039,0.0001,100.0,518.67,642.98,1590.14,1401.08,14.62,21.61,553.7,2388.11,9054.65,1.3,47.52,521.12,2388.09,8130.84,8.4474,0.03,392,2388,100.0,38.86,23.3017,195,169,Healthy,86.67,0
56,27,0.0018,0.0001,100.0,518.67,642.32,1587.01,1400.62,14.62,21.61,552.9,2388.1,9050.82,1.3,47.67,521.17,2388.12,8132.21,8.4678,0.03,392,2388,100.0,39.05,23.272,195,168,Healthy,86.15,0
56,28,-0.0019,0.0004,100.0,518.67,642.75,1586.83,1407.01,14.62,21.61,553.95,2388.12,9049.07,1.3,47.48,521.38,2388.06,8129.5,8.4629,0.03,393,2388,100.0,38.96,23.2809,195,167,Healthy,85.64,0
56,29,0.0007,-0.0003,100.0,518.67,642.29,1583.98,1413.73,14.62,21.61,553.64,2388.12,9053.66,1.3,47.45,521.14,2388.08,8133.81,8.4339,0.03,393,2388,100.0,38.87,23.2894,195,166,Healthy,85.13,0
56,30,-0.001,0.0001,100.0,518.67,642.98,1598.05,1407.67,14.62,21.61,553.71,2388.13,9047.88,1.3,47.6,521.4,2388.09,8132.75,8.4168,0.03,392,2388,100.0,38.65,23.3288,195,165,Healthy,84.62,0
56,31,0.0003,-0.0002,100.0,518.67,642.6,1586.57,1404.52,14.62,21.61,552.76,2388.14,9048.11,1.3,47.52,520.97,2388.13,8130.92,8.4398,0.03,392,2388,100.0,38.79,23.2594,195,164,Healthy,84.1,0
56,32,0.0035,-0.0002,100.0,518.67,642.66,1591.06,1407.08,14.62,21.61,554.24,2388.1,9057.44,1.3,47.51,521.6,2388.14,8131.06,8.4378,0.03,392,2388,100.0,38.76,23.2365,195,163,Healthy,83.59,0
56,33,0.0076,0.0004,100.0,518.67,642.55,1596.64,1401.8,14.62,21.61,554.05,2388.13,9054.92,1.3,47.52,521.05,2388.1,8136.95,8.4441,0.03,392,2388,100.0,38.83,23.4167,195,162,Healthy,83.08,0
56,34,-0.0024,0.0001,100.0,518.67,642.9,1585.45,1416.95,14.62,21.61,553.15,2388.09,9052.4,1.3,47.64,521.63,2388.12,8127.79,8.4641,0.03,393,2388,100.0,38.99,23.3314,195,161,Healthy,82.56,0
56,35,0.0018,0.0,100.0,518.67,642.2,1586.92,1411.4,14.62,21.61,553.32,2388.05,9045.62,1.3,47.37,521.73,2388.15,8136.63,8.4639,0.03,393,2388,100.0,38.85,23.402,195,160,Healthy,82.05,0
56,36,-0.0035,-0.0003,100.0,518.67,642.69,1596.2,1406.57,14.62,21.61,553.29,2388.1,9047.95,1.3,47.47,521.81,2388.1,8132.9,8.4534,0.03,392,2388,100.0,38.99,23.3478,195,159,Healthy,81.54,0
56,37,0.0038,-0.0003,100.0,518.67,642.27,1591.41,1408.53,14.62,21.61,553.23,2388.08,9055.25,1.3,47.34,521.16,2388.12,8124.49,8.4198,0.03,393,2388,100.0,38.8,23.3291,195,158,Healthy,81.03,0
56,38,0.0019,0.0002,100.0,518.67,642.53,1583.08,1408.01,14.62,21.61,553.35,2388.16,9049.8,1.3,47.45,521.9,2388.12,8133.65,8.4624,0.03,394,2388,100.0,38.79,23.3324,195,157,Healthy,80.51,0
56,39,0.0005,-0.0005,100.0,518.67,642.78,1578.09,1409.23,14.62,21.61,552.97,2388.08,9048.7,1.3,47.56,521.3,2388.08,8127.66,8.4507,0.03,392,2388,100.0,38.75,23.2137,195,156,Healthy,80.0,0
56,40,-0.0004,-0.0005,100.0,518.67,642.8,1587.45,1412.71,14.62,21.61,553.06,2388.1,9053.3,1.3,47.57,521.34,2388.14,8135.66,8.4071,0.03,393,2388,100.0,38.69,23.3555,195,155,Healthy,79.49,0
56,41,-0.0047,-0.0005,100.0,518.67,642.76,1592.82,1407.09,14.62,21.61,553.39,2388.09,9056.25,1.3,47.71,521.2,2388.15,8134.27,8.4452,0.03,392,2388,100.0,38.84,23.2698,195,154,Healthy,78.97,0
56,42,-0.0011,-0.0004,100.0,518.67,642.96,1593.83,1406.51,14.62,21.61,553.09,2388.13,9054.22,1.3,47.46,521.39,2388.11,8135.88,8.4572,0.03,393,2388,100.0,38.68,23.351,195,153,Healthy,78.46,0
56,43,0.0017,0.0001,100.0,518.67,642.52,1585.23,1407.14,14.62,21.61,554.18,2388.13,9056.74,1.3,47.61,521.22,2388.07,8128.47,8.423,0.03,393,2388,100.0,38.83,23.2942,195,152,Healthy,77.95,0
56,44,-0.0019,0.0,100.0,518.67,642.48,1596.21,1403.2,14.62,21.61,554.02,2388.1,9045.26,1.3,47.39,521.2,2388.12,8134.79,8.3997,0.03,394,2388,100.0,38.89,23.2533,195,151,Healthy,77.44,0
56,45,0.0003,-0.0004,100.0,518.67,643.29,1595.8,1407.31,14.62,21.61,553.52,2388.11,9046.19,1.3,47.65,520.6,2388.14,8134.0,8.4299,0.03,392,2388,100.0,38.79,23.3855,195,150,Healthy,76.92,0
56,46,-0.0006,-0.0002,100.0,518.67,642.94,1590.05,1407.44,14.62,21.61,553.61,2388.14,9051.96,1.3,47.29,521.56,2388.13,8126.89,8.441,0.03,393,2388,100.0,38.8,23.2843,195,149,Healthy,76.41,0
56,47,0.0015,-0.0005,100.0,518.67,642.54,1597.89,1404.84,14.62,21.61,553.14,2388.19,9053.0,1.3,47.65,521.78,2388.09,8130.29,8.4663,0.03,392,2388,100.0,38.66,23.3646,195,148,Healthy,75.9,0
56,48,0.0008,-0.0,100.0,518.67,642.59,1587.65,1418.88,14.62,21.61,553.18,2388.13,9056.62,1.3,47.67,521.83,2388.16,8127.57,8.4091,0.03,394,2388,100.0,38.75,23.3207,195,147,Healthy,75.38,0
56,49,0.0016,-0.0003,100.0,518.67,642.77,1582.53,1403.69,14.62,21.61,553.19,2388.1,9049.99,1.3,47.61,521.31,2388.11,8127.11,8.4383,0.03,394,2388,100.0,38.79,23.2229,195,146,Healthy,74.87,0
56,50,-0.0024,0.0001,100.0,518.67,642.32,1587.52,1405.08,14.62,21.61,553.73,2388.11,9060.38,1.3,47.56,521.43,2388.1,8135.1,8.4504,0.03,394,2388,100.0,38.8,23.3513,195,145,Healthy,74.36,0
57,1,0.0009,0.0004,100.0,518.67,642.39,1588.17,1397.35,14.62,21.6,556.15,2388.05,9060.83,1.3,47.14,524.11,2388.02,8139.12,8.3589,0.03,389,2388,100.0,39.12,23.4116,215,214,Healthy,99.53,0
57,2,0.001,-0.0001,100.0,518.67,642.38,1582.67,1397.6,14.62,21.61,555.22,2388.06,9060.48,1.3,47.08,523.75,2388.06,8138.03,8.3906,0.03,392,2388,100.0,39.14,23.5238,215,213,Healthy,99.07,0
57,3,0.0003,0.0001,100.0,518.67,641.98,1579.56,1394.72,14.62,21.6,556.08,2388.05,9057.45,1.3,47.17,524.5,2388.05,8137.09,8.4165,0.03,392,2388,100.0,39.01,23.5629,215,212,Healthy,98.6,0
57,4,-0.0014,-0.0,100.0,518.67,642.04,1585.6,1398.3,14.62,21.61,556.84,2388.07,9056.52,1.3,47.34,523.99,2388.03,8138.01,8.3848,0.03,393,2388,100.0,39.09,23.5696,215,211,Healthy,98.14,0
57,5,0.0003,0.0004,100.0,518.67,642.0,1583.98,1398.29,14.62,21.6,555.99,2387.98,9056.52,1.3,47.09,523.36,2388.01,8144.55,8.3768,0.03,391,2388,100.0,39.12,23.5243,215,210,Healthy,97.67,0
57,6,-0.0027,0.0003,100.0,518.67,642.43,1579.48,1396.03,14.62,21.61,555.36,2388.03,9054.31,1.3,47.09,523.21,2388.0,8137.68,8.3921,0.03,391,2388,100.0,39.35,23.4943,215,209,Healthy,97.21,0
57,7,0.0018,-0.0003,100.0,518.67,642.24,1585.01,1395.37,14.62,21.61,556.16,2388.07,9058.77,1.3,47.23,524.15,2388.01,8140.15,8.3465,0.03,392,2388,100.0,39.19,23.5932,215,208,Healthy,96.74,0
57,8,0.0011,0.0004,100.0,518.67,642.31,1584.51,1397.25,14.62,21.61,556.08,2388.06,9056.53,1.3,47.09,523.43,2388.03,8143.47,8.4073,0.03,392,2388,100.0,39.1,23.4542,215,207,Healthy,96.28,0
57,9,-0.0022,0.0003,100.0,518.67,641.77,1584.69,1401.99,14.62,21.6,555.83,2388.04,9048.09,1.3,47.14,523.93,2388.1,8131.86,8.4087,0.03,391,2388,100.0,39.21,23.4999,215,206,Healthy,95.81,0
57,10,0.0,-0.0004,100.0,518.67,642.63,1584.4,1397.74,14.62,21.61,556.25,2388.05,9060.95,1.3,47.17,524.03,2388.04,8143.08,8.3676,0.03,391,2388,100.0,39.38,23.5353,215,205,Healthy,95.35,0
57,11,-0.0024,0.0002,100.0,518.67,642.58,1592.52,1399.62,14.62,21.6,555.39,2388.09,9051.92,1.3,47.12,523.43,2388.0,8139.23,8.3515,0.03,391,2388,100.0,39.29,23.4266,215,204,Healthy,94.88,0
57,12,-0.0027,0.0002,100.0,518.67,642.01,1587.59,1398.58,14.62,21.61,555.92,2388.07,9053.77,1.3,47.15,524.07,2388.03,8138.9,8.3586,0.03,392,2388,100.0,39.2,23.4708,215,203,Healthy,94.42,0
57,13,-0.0017,0.0,100.0,518.67,642.46,1583.29,1395.03,14.62,21.61,556.1,2388.09,9055.59,1.3,47.38,524.08,2387.99,8145.47,8.3691,0.03,392,2388,100.0,39.18,23.6,215,202,Healthy,93.95,0
57,14,-0.002,0.0001,100.0,518.67,642.36,1587.62,1399.74,14.62,21.61,556.15,2388.07,9051.78,1.3,47.02,523.82,2388.08,8140.04,8.3459,0.03,390,2388,100.0,39.29,23.404,215,201,Healthy,93.49,0
57,15,-0.0011,-0.0001,100.0,518.67,642.19,1581.49,1398.84,14.62,21.6,555.51,2388.05,9055.98,1.3,47.18,523.17,2388.01,8134.93,8.3858,0.03,393,2388,100.0,39.27,23.44,215,200,Healthy,93.02,0
57,16,-0.0029,0.0002,100.0,518.67,641.52,1585.71,1400.9,14.62,21.6,556.22,2388.04,9057.88,1.3,47.19,523.85,2388.04,8142.44,8.3898,0.03,393,2388,100.0,39.25,23.4515,215,199,Healthy,92.56,0
57,17,-0.0018,-0.0002,100.0,518.67,642.39,1582.79,1397.72,14.62,21.61,555.88,2388.08,9055.11,1.3,47.17,523.34,2388.02,8136.14,8.3581,0.03,392,2388,100.0,39.02,23.4634,215,198,Healthy,92.09,0
57,18,0.0042,-0.0004,100.0,518.67,642.16,1583.6,1397.51,14.62,21.6,556.39,2388.02,9053.74,1.3,47.06,523.68,2388.06,8136.67,8.3633,0.03,392,2388,100.0,39.18,23.4908,215,197,Healthy,91.63,0
57,19,-0.0027,-0.0002,100.0,518.67,641.6,1586.83,1397.65,14.62,21.6,555.79,2388.04,9055.4,1.3,47.2,523.73,2388.01,8136.38,8.3341,0.03,390,2388,100.0,39.03,23.5543,215,196,Healthy,91.16,0
57,20,0.003,0.0004,100.0,518.67,641.58,1582.97,1396.04,14.62,21.61,557.1,2388.02,9056.81,1.3,47.14,523.93,2388.02,8143.65,8.3686,0.03,392,2388,100.0,39.2,23.5247,215,195,Healthy,90.7,0
57,21,0.0005,0.0002,100.0,518.67,642.02,1580.93,1397.12,14.62,21.61,556.55,2388.04,9060.76,1.3,47.24,523.83,2387.98,8141.56,8.3348,0.03,392,2388,100.0,39.17,23.5246,215,194,Healthy,90.23,0
57,22,0.0012,0.0002,100.0,518.67,642.12,1577.78,1398.18,14.62,21.6,555.77,2388.03,9054.07,1.3,47.03,522.94,2388.02,8139.81,8.359,0.03,392,2388,100.0,39.25,23.3682,215,193,Healthy,89.77,0
57,23,-0.0027,0.0003,100.0,518.67,641.84,1582.11,1399.83,14.62,21.6,556.09,2388.03,9056.33,1.3,46.94,523.35,2388.07,8139.88,8.3712,0.03,390,2388,100.0,39.19,23.3699,215,192,Healthy,89.3,0
57,24,0.0019,-0.0004,100.0,518.67,642.24,1585.1,1394.19,14.62,21.61,556.44,2388.01,9063.88,1.3,47.19,523.38,2388.01,8139.97,8.379,0.03,391,2388,100.0,39.13,23.3787,215,191,Healthy,88.84,0
57,25,-0.0026,0.0,100.0,518.67,642.05,1588.11,1392.51,14.62,21.61,556.52,2388.06,9059.33,1.3,47.18,524.2,2388.06,8135.78,8.3648,0.03,391,2388,100.0,39.22,23.4467,215,190,Healthy,88.37,0
57,26,0.0023,-0.0005,100.0,518.67,642.15,1584.98,1405.17,14.62,21.6,555.16,2388.05,9056.91,1.3,47.15,523.43,2388.05,8135.44,8.4054,0.03,391,2388,100.0,39.16,23.4556,215,189,Healthy,87.91,0
57,27,0.0043,-0.0003,100.0,518.67,642.24,1583.6,1396.45,14.62,21.6,556.36,2388.05,9054.22,1.3,47.17,523.33,2388.06,8139.05,8.3446,0.03,392,2388,100.0,39.0,23.436,215,188,Healthy,87.44,0
57,28,-0.0025,0.0001,100.0,518.67,641.59,1589.02,1401.77,14.62,21.6,555.83,2388.04,9053.45,1.3,47.23,523.08,2388.04,8137.56,8.3606,0.03,391,2388,100.0,38.9,23.4236,215,187,Healthy,86.98,0
57,29,0.001,-0.0004,100.0,518.67,642.04,1581.73,1395.49,14.62,21.61,555.51,2388.03,9061.06,1.3,47.22,524.12,2388.03,8135.16,8.3774,0.03,391,2388,100.0,39.19,23.4479,215,186,Healthy,86.51,0
57,30,0.0004,-0.0003,100.0,518.67,642.05,1584.82,1396.56,14.62,21.61,556.02,2388.11,9056.18,1.3,47.11,523.85,2388.08,8141.11,8.4047,0.03,391,2388,100.0,39.02,23.4678,215,185,Healthy,86.05,0
57,31,-0.0022,0.0005,100.0,518.67,642.16,1583.36,1397.22,14.62,21.61,556.25,2388.0,9058.82,1.3,47.34,523.68,2388.02,8140.37,8.3894,0.03,391,2388,100.0,38.88,23.3516,215,184,Healthy,85.58,0
57,32,-0.0022,0.0005,100.0,518.67,642.5,1585.15,1393.71,14.62,21.61,557.1,2388.01,9056.58,1.3,47.4,524.44,2388.07,8143.1,8.3724,0.03,392,2388,100.0,39.32,23.4568,215,183,Healthy,85.12,0
57,33,0.0031,0.0003,100.0,518.67,641.93,1584.33,1389.79,14.62,21.61,556.53,2388.04,9057.65,1.3,47.06,523.44,2388.06,8139.62,8.3695,0.03,391,2388,100.0,39.04,23.4847,215,182,Healthy,84.65,0
57,34,0.0012,0.0001,100.0,518.67,642.21,1577.56,1402.15,14.62,21.61,555.28,2388.05,9052.89,1.3,47.23,524.09,2388.06,8144.5,8.3522,0.03,392,2388,100.0,38.9,23.4248,215,181,Healthy,84.19,0
57,35,-0.0019,0.0004,100.0,518.67,641.83,1589.43,1392.81,14.62,21.6,555.61,2388.05,9047.66,1.3,47.27,523.64,2388.1,8139.07,8.3772,0.03,391,2388,100.0,39.13,23.4114,215,180,Healthy,83.72,0
57,36,0.0007,-0.0001,100.0,518.67,642.35,1590.96,1401.25,14.62,21.61,556.65,2388.05,9052.55,1.3,47.14,523.63,2388.02,8138.35,8.3898,0.03,392,2388,100.0,39.04,23.4629,215,179,Healthy,83.26,0
57,37,0.0035,-0.0004,100.0,518.67,641.92,1576.94,1387.13,14.62,21.61,556.4,2388.09,9062.6,1.3,47.21,524.05,2388.09,8140.54,8.3569,0.03,390,2388,100.0,39.17,23.5632,215,178,Healthy,82.79,0
57,38,-0.0037,-0.0003,100.0,518.67,642.5,1586.97,1391.36,14.62,21.61,555.76,2388.08,9059.33,1.3,47.23,523.89,2388.01,8141.83,8.3795,0.03,392,2388,100.0,39.0,23.4228,215,177,Healthy,82.33,0
57,39,0.0009,-0.0002,100.0,518.67,641.82,1583.82,1400.27,14.62,21.6,556.45,2388.12,9061.24,1.3,47.2,524.28,2388.05,8140.87,8.378,0.03,392,2388,100.0,39.06,23.5154,215,176,Healthy,81.86,0
57,40,-0.0012,-0.0004,100.0,518.67,642.7,1584.21,1400.25,14.62,21.61,555.55,2388.06,9062.15,1.3,47.27,524.32,2388.05,8135.53,8.3678,0.03,391,2388,100.0,39.11,23.4893,215,175,Healthy,81.4,0
57,41,-0.0019,-0.0003,100.0,518.67,642.54,1580.36,1391.0,14.62,21.61,555.84,2388.01,9053.33,1.3,47.37,523.73,2388.03,8140.86,8.3772,0.03,391,2388,100.0,38.97,23.4255,215,174,Healthy,80.93,0
57,42,-0.0038,-0.0005,100.0,518.67,642.5,1583.95,1395.78,14.62,21.61,555.94,2388.09,9065.06,1.3,47.16,524.09,2388.06,8143.62,8.3676,0.03,391,2388,100.0,39.2,23.4659,215,173,Healthy,80.47,0
57,43,-0.0005,-0.0003,100.0,518.67,642.15,1586.54,1394.21,14.62,21.61,556.3,2388.01,9067.75,1.3,47.15,524.02,2388.04,8148.64,8.3932,0.03,393,2388,100.0,39.13,23.5136,215,172,Healthy,80.0,0
57,44,0.001,0.0001,100.0,518.67,642.23,1580.23,1392.94,14.62,21.61,556.02,2388.09,9062.1,1.3,47.32,523.89,2388.04,8138.94,8.3834,0.03,391,2388,100.0,39.09,23.4685,215,171,Healthy,79.53,0
57,45,0.0013,0.0,100.0,518.67,642.84,1589.1,1393.18,14.62,21.61,556.85,2388.05,9069.55,1.3,47.11,524.35,2388.05,8143.54,8.4033,0.03,392,2388,100.0,39.12,23.4358,215,170,Healthy,79.07,0
57,46,-0.0011,-0.0003,100.0,518.67,641.73,1586.54,1399.8,14.62,21.6,556.42,2388.05,9056.62,1.3,47.17,524.22,2388.1,8135.99,8.3492,0.03,391,2388,100.0,39.14,23.5075,215,169,Healthy,78.6,0
57,47,-0.0046,0.0005,100.0,518.67,642.17,1581.02,1397.45,14.62,21.6,555.82,2388.03,9058.88,1.3,47.26,523.69,2388.09,8139.27,8.3835,0.03,393,2388,100.0,39.2,23.502,215,168,Healthy,78.14,0
57,48,0.0037,0.0003,100.0,518.67,641.93,1577.63,1400.03,14.62,21.6,555.53,2388.05,9059.01,1.3,47.21,523.52,2388.02,8143.75,8.4063,0.03,391,2388,100.0,39.17,23.5563,215,167,Healthy,77.67,0
57,49,-0.0017,0.0001,100.0,518.67,641.97,1587.3,1399.33,14.62,21.61,556.07,2388.06,9061.15,1.3,47.08,523.78,2388.05,8137.65,8.3826,0.03,393,2388,100.0,39.08,23.4659,215,166,Healthy,77.21,0
57,50,0.0017,0.0002,100.0,518.67,642.48,1581.87,1398.75,14.62,21.61,556.39,2388.1,9060.9,1.3,47.32,524.22,2388.03,8140.08,8.3581,0.03,392,2388,100.0,39.33,23.4719,215,165,Healthy,76.74,0
58,1,-0.0007,-0.0004,100.0,518.67,643.02,1590.06,1401.42,14.62,21.61,554.25,2388.06,9065.5,1.3,47.4,521.8,2388.05,8138.81,8.4167,0.03,391,2388,100.0,38.78,23.4966,178,177,Healthy,99.44,0
58,2,-0.0004,-0.0005,100.0,518.67,642.7,1580.28,1403.08,14.62,21.61,553.46,2388.05,9068.65,1.3,47.34,521.64,2388.0,8146.26,8.4743,0.03,393,2388,100.0,38.84,23.3268,178,176,Healthy,98.88,0
58,3,0.0042,0.0005,100.0,518.67,641.81,1586.01,1407.17,14.62,21.61,553.77,2388.06,9069.51,1.3,47.35,521.71,2388.06,8146.35,8.403,0.03,392,2388,100.0,38.86,23.3627,178,175,Healthy,98.31,0
58,4,0.002,0.0004,100.0,518.67,642.57,1580.09,1403.03,14.62,21.61,553.61,2388.07,9060.23,1.3,47.2,521.43,2388.08,8147.14,8.4111,0.03,393,2388,100.0,38.94,23.3352,178,174,Healthy,97.75,0
58,5,0.0009,0.0005,100.0,518.67,642.61,1584.32,1402.83,14.62,21.61,554.15,2388.02,9066.22,1.3,47.41,521.96,2388.1,8144.45,8.3954,0.03,392,2388,100.0,38.75,23.3814,178,173,Healthy,97.19,0
58,6,-0.002,-0.0001,100.0,518.67,642.33,1595.04,1407.11,14.62,21.61,553.5,2388.04,9062.28,1.3,47.37,521.48,2388.03,8145.52,8.418,0.03,392,2388,100.0,38.7,23.268,178,172,Healthy,96.63,0
58,7,0.0013,0.0002,100.0,518.67,642.51,1585.99,1398.81,14.62,21.61,553.68,2388.09,9066.98,1.3,47.43,522.17,2388.03,8142.96,8.4319,0.03,393,2388,100.0,38.96,23.3164,178,171,Healthy,96.07,0
58,8,-0.0008,0.0001,100.0,518.67,642.32,1585.39,1405.03,14.62,21.61,553.62,2388.05,9073.21,1.3,47.53,521.27,2388.05,8151.02,8.4027,0.03,394,2388,100.0,39.05,23.2979,178,170,Healthy,95.51,0
58,9,0.0004,0.0001,100.0,518.67,642.83,1582.88,1406.71,14.62,21.61,553.53,2388.08,9066.12,1.3,47.36,521.11,2388.03,8139.72,8.4695,0.03,392,2388,100.0,38.72,23.2882,178,169,Healthy,94.94,0
58,10,-0.0014,-0.0001,100.0,518.67,642.13,1587.83,1401.6,14.62,21.61,554.83,2388.03,9069.45,1.3,47.48,521.76,2388.13,8147.05,8.4139,0.03,393,2388,100.0,39.07,23.3436,178,168,Healthy,94.38,0
58,11,0.0017,-0.0003,100.0,518.67,641.96,1592.18,1404.12,14.62,21.61,553.39,2388.07,9060.62,1.3,47.37,521.84,2388.11,8148.12,8.4322,0.03,392,2388,100.0,38.79,23.3438,178,167,Healthy,93.82,0
58,12,-0.0,-0.0004,100.0,518.67,642.62,1584.4,1410.54,14.62,21.61,553.36,2388.09,9059.86,1.3,47.43,522.04,2388.09,8143.5,8.444,0.03,393,2388,100.0,38.91,23.2584,178,166,Healthy,93.26,0
58,13,-0.0006,-0.0001,100.0,518.67,642.42,1588.87,1408.74,14.62,21.61,553.62,2388.03,9068.71,1.3,47.48,521.22,2388.03,8146.52,8.4356,0.03,391,2388,100.0,38.83,23.3679,178,165,Healthy,92.7,0
58,14,0.0021,0.0003,100.0,518.67,642.4,1588.66,1401.18,14.62,21.61,553.71,2388.1,9062.46,1.3,47.45,521.44,2388.08,8143.97,8.4474,0.03,391,2388,100.0,38.83,23.3751,178,164,Healthy,92.13,0
58,15,-0.0023,-0.0003,100.0,518.67,642.73,1586.8,1405.52,14.62,21.61,553.33,2388.05,9064.49,1.3,47.45,521.71,2388.04,8136.9,8.427,0.03,394,2388,100.0,38.63,23.3157,178,163,Healthy,91.57,0
58,16,-0.0005,0.0,100.0,518.67,641.9,1590.93,1410.07,14.62,21.61,553.57,2388.06,9057.18,1.3,47.59,521.74,2388.06,8141.0,8.4142,0.03,393,2388,100.0,38.97,23.2433,178,162,Healthy,91.01,0
58,17,0.0031,-0.0004,100.0,518.67,642.47,1586.83,1405.46,14.62,21.61,554.13,2388.08,9066.19,1.3,47.37,521.81,2388.11,8140.72,8.4635,0.03,392,2388,100.0,38.94,23.3122,178,161,Healthy,90.45,0
58,18,-0.0014,-0.0004,100.0,518.67,642.58,1593.98,1402.15,14.62,21.61,553.54,2388.08,9063.55,1.3,47.38,521.62,2387.98,8137.91,8.4199,0.03,394,2388,100.0,38.87,23.2927,178,160,Healthy,89.89,0
58,19,0.0017,0.0001,100.0,518.67,642.45,1589.15,1409.78,14.62,21.61,553.83,2388.11,9055.41,1.3,47.58,522.02,2388.03,8144.21,8.4251,0.03,394,2388,100.0,38.8,23.3605,178,159,Healthy,89.33,0
58,20,0.0019,-0.0003,100.0,518.67,642.18,1585.92,1407.21,14.62,21.61,554.18,2388.0,9064.59,1.3,47.46,521.73,2388.14,8138.27,8.4369,0.03,393,2388,100.0,38.91,23.3895,178,158,Healthy,88.76,0
58,21,0.0007,0.0002,100.0,518.67,642.83,1589.94,1407.73,14.62,21.61,554.41,2388.07,9061.03,1.3,47.23,522.04,2388.06,8143.93,8.4228,0.03,392,2388,100.0,38.77,23.3585,178,157,Healthy,88.2,0
58,22,0.0004,0.0001,100.0,518.67,642.21,1583.28,1403.98,14.62,21.61,553.88,2388.09,9060.14,1.3,47.25,521.46,2388.03,8141.03,8.4241,0.03,392,2388,100.0,38.99,23.3824,178,156,Healthy,87.64,0
58,23,-0.0025,-0.0,100.0,518.67,641.85,1593.0,1404.46,14.62,21.61,553.63,2388.13,9059.03,1.3,47.47,521.8,2388.0,8145.0,8.4395,0.03,393,2388,100.0,38.94,23.3381,178,155,Healthy,87.08,0
58,24,0.0015,-0.0001,100.0,518.67,642.8,1585.88,1408.69,14.62,21.61,554.29,2388.1,9068.22,1.3,47.65,521.55,2388.11,8138.89,8.4133,0.03,393,2388,100.0,38.98,23.4126,178,154,Healthy,86.52,0
58,25,0.0001,0.0004,100.0,518.67,642.63,1587.18,1414.15,14.62,21.61,553.82,2388.06,9058.82,1.3,47.36,521.33,2388.05,8146.85,8.4383,0.03,394,2388,100.0,38.74,23.3478,178,153,Healthy,85.96,0
58,26,0.0043,0.0003,100.0,518.67,642.45,1583.24,1405.77,14.62,21.61,553.71,2388.07,9068.67,1.3,47.55,522.02,2388.08,8144.4,8.4518,0.03,391,2388,100.0,38.72,23.2025,178,152,Healthy,85.39,0
58,27,0.0003,-0.0001,100.0,518.67,642.65,1594.15,1403.71,14.62,21.61,553.29,2388.02,9059.38,1.3,47.45,521.3,2388.08,8140.01,8.4832,0.03,393,2388,100.0,39.03,23.3299,178,151,Healthy,84.83,0
58,28,-0.0021,-0.0,100.0,518.67,642.79,1588.52,1406.54,14.62,21.61,553.77,2388.14,9064.31,1.3,47.34,522.31,2388.08,8139.67,8.4353,0.03,393,2388,100.0,38.97,23.4258,178,150,Healthy,84.27,0
58,29,-0.0004,0.0004,100.0,518.67,642.34,1589.64,1409.51,14.62,21.61,553.45,2388.07,9057.64,1.3,47.53,521.38,2388.03,8146.04,8.4095,0.03,392,2388,100.0,38.99,23.2265,178,149,Healthy,83.71,0
58,30,0.0017,-0.0001,100.0,518.67,642.04,1587.85,1403.04,14.62,21.61,553.01,2388.09,9061.17,1.3,47.46,521.58,2388.05,8146.18,8.4455,0.03,393,2388,100.0,38.92,23.3102,178,148,Healthy,83.15,0
58,31,-0.0016,0.0001,100.0,518.67,642.82,1596.79,1407.63,14.62,21.61,553.62,2388.09,9063.87,1.3,47.62,521.89,2388.07,8147.3,8.3851,0.03,393,2388,100.0,38.9,23.3191,178,147,Healthy,82.58,0
58,32,-0.0004,-0.0004,100.0,518.67,642.88,1593.21,1398.15,14.62,21.61,553.07,2388.1,9065.39,1.3,47.55,521.85,2388.05,8141.57,8.4579,0.03,391,2388,100.0,38.83,23.3283,178,146,Healthy,82.02,0
58,33,-0.0016,-0.0002,100.0,518.67,642.71,1585.22,1407.22,14.62,21.61,554.16,2388.09,9060.94,1.3,47.24,521.73,2388.03,8143.76,8.4253,0.03,391,2388,100.0,38.86,23.3275,178,145,Healthy,81.46,0
58,34,-0.0007,0.0004,100.0,518.67,642.71,1585.5,1411.73,14.62,21.61,553.33,2388.09,9051.53,1.3,47.6,521.66,2388.03,8139.55,8.4446,0.03,392,2388,100.0,38.8,23.2156,178,144,Healthy,80.9,0
58,35,0.0033,0.0003,100.0,518.67,642.4,1590.36,1399.09,14.62,21.61,554.41,2388.08,9068.1,1.3,47.38,521.57,2388.13,8142.11,8.3988,0.03,391,2388,100.0,38.87,23.404,178,143,Healthy,80.34,0
58,36,0.0032,0.0004,100.0,518.67,642.73,1591.08,1411.23,14.62,21.61,553.57,2388.06,9071.15,1.3,47.47,521.39,2388.07,8142.05,8.4598,0.03,392,2388,100.0,39.16,23.3289,178,142,Healthy,79.78,0
58,37,0.0009,0.0003,100.0,518.67,642.26,1587.09,1401.31,14.62,21.61,553.83,2388.05,9070.9,1.3,47.36,521.2,2388.03,8143.13,8.4084,0.03,394,2388,100.0,38.9,23.1946,178,141,Healthy,79.21,0
58,38,-0.0027,0.0002,100.0,518.67,642.38,1587.56,1412.88,14.62,21.61,553.36,2388.1,9062.12,1.3,47.42,521.55,2388.07,8140.11,8.4082,0.03,393,2388,100.0,38.71,23.2065,178,140,Healthy,78.65,0
58,39,0.0026,-0.0002,100.0,518.67,642.91,1586.54,1407.94,14.62,21.61,553.73,2388.12,9068.3,1.3,47.53,521.67,2388.05,8140.37,8.4359,0.03,393,2388,100.0,38.91,23.28,178,139,Healthy,78.09,0
58,40,0.0006,0.0005,100.0,518.67,642.96,1595.48,1413.82,14.62,21.61,553.03,2388.04,9069.37,1.3,47.52,521.66,2388.09,8141.3,8.4622,0.03,393,2388,100.0,38.77,23.3741,178,138,Healthy,77.53,0
58,41,0.0031,-0.0004,100.0,518.67,642.83,1580.62,1414.32,14.62,21.61,553.74,2388.03,9074.72,1.3,47.5,521.44,2388.09,8142.22,8.4112,0.03,393,2388,100.0,38.84,23.2943,178,137,Healthy,76.97,0
58,42,0.0039,-0.0004,100.0,518.67,642.0,1585.93,1408.02,14.62,21.61,554.46,2388.11,9064.11,1.3,47.23,521.53,2388.04,8142.11,8.4346,0.03,392,2388,100.0,38.83,23.3207,178,136,Healthy,76.4,0
58,43,0.0,-0.0003,100.0,518.67,642.21,1588.09,1414.48,14.62,21.61,553.78,2388.09,9063.72,1.3,47.53,521.68,2388.0,8140.07,8.4124,0.03,393,2388,100.0,38.78,23.3443,178,135,Healthy,75.84,0
58,44,0.0005,-0.0002,100.0,518.67,643.11,1589.22,1412.5,14.62,21.61,553.87,2388.01,9063.06,1.3,47.4,521.83,2388.07,8142.95,8.4355,0.03,395,2388,100.0,38.83,23.3987,178,134,Healthy,75.28,0
58,45,-0.0012,0.0005,100.0,518.67,642.55,1586.19,1408.27,14.62,21.61,553.38,2388.09,9060.75,1.3,47.43,521.07,2388.11,8139.46,8.3906,0.03,393,2388,100.0,38.91,23.2791,178,133,Healthy,74.72,0
58,46,-0.0006,-0.0002,100.0,518.67,642.36,1594.03,1406.49,14.62,21.61,553.98,2388.08,9063.3,1.3,47.43,521.71,2388.03,8146.5,8.4015,0.03,392,2388,100.0,38.89,23.3666,178,132,Healthy,74.16,0
58,47,-0.0044,-0.0005,100.0,518.67,642.2,1582.56,1405.72,14.62,21.61,553.78,2388.06,9062.96,1.3,47.5,521.98,2388.05,8145.4,8.4191,0.03,391,2388,100.0,39.08,23.3132,178,131,Healthy,73.6,0
58,48,-0.002,-0.0001,100.0,518.67,643.03,1593.96,1406.01,14.62,21.61,553.48,2388.06,9060.82,1.3,47.4,521.84,2388.06,8139.4,8.4689,0.03,393,2388,100.0,38.99,23.3259,178,130,Healthy,73.03,0
58,49,0.0033,-0.0,100.0,518.67,642.32,1590.15,1411.94,14.62,21.61,553.79,2388.05,9058.46,1.3,47.36,521.27,2388.1,8138.65,8.4553,0.03,393,2388,100.0,38.91,23.1743,178,129,Healthy,72.47,0
58,50,-0.0036,-0.0004,100.0,518.67,642.09,1580.32,1408.54,14.62,21.61,553.72,2388.01,9068.4,1.3,47.49,521.64,2388.07,8150.17,8.4323,0.03,392,2388,100.0,38.73,23.3632,178,128,Healthy,71.91,0
59,1,0.0034,0.0004,100.0,518.67,642.25,1581.78,1392.65,14.62,21.61,557.18,2388.09,9058.73,1.3,47.25,524.55,2388.06,8139.55,8.3428,0.03,391,2388,100.0,39.05,23.5627,299,298,Healthy,99.67,0
59,2,-0.0005,0.0005,100.0,518.67,642.03,1582.39,1399.21,14.62,21.61,556.03,2388.04,9056.93,1.3,47.01,523.41,2388.02,8139.28,8.3432,0.03,391,2388,100.0,39.18,23.4367,299,297,Healthy,99.33,0
59,3,0.0013,0.0004,100.0,518.67,642.84,1579.0,1400.92,14.62,21.6,555.09,2388.05,9058.88,1.3,47.39,524.22,2388.05,8137.12,8.3611,0.03,392,2388,100.0,38.99,23.3923,299,296,Healthy,99.0,0
59,4,-0.0002,0.0002,100.0,518.67,642.17,1578.48,1393.02,14.62,21.6,555.93,2388.02,9052.16,1.3,47.08,523.85,2388.07,8142.55,8.3758,0.03,391,2388,100.0,39.14,23.5596,299,295,Healthy,98.66,0
59,5,0.003,-0.0,100.0,518.67,642.07,1581.34,1397.09,14.62,21.6,556.23,2388.03,9057.58,1.3,47.17,523.52,2388.02,8137.4,8.3919,0.03,392,2388,100.0,39.2,23.5197,299,294,Healthy,98.33,0
59,6,-0.0003,-0.0003,100.0,518.67,642.02,1593.12,1396.46,14.62,21.61,556.27,2388.08,9064.02,1.3,47.32,524.44,2388.1,8137.73,8.3818,0.03,391,2388,100.0,39.1,23.4864,299,293,Healthy,97.99,0
59,7,-0.0014,0.0005,100.0,518.67,641.79,1578.76,1399.91,14.62,21.6,556.33,2388.07,9062.46,1.3,47.24,524.16,2388.01,8140.66,8.4181,0.03,392,2388,100.0,39.07,23.4112,299,292,Healthy,97.66,0
59,8,0.001,-0.0001,100.0,518.67,642.16,1583.02,1392.23,14.62,21.6,555.55,2388.05,9055.2,1.3,47.0,523.81,2388.1,8144.1,8.39,0.03,390,2388,100.0,39.04,23.5067,299,291,Healthy,97.32,0
59,9,0.0031,-0.0003,100.0,518.67,642.53,1582.23,1395.78,14.62,21.61,556.31,2388.04,9062.77,1.3,47.11,523.55,2387.98,8140.28,8.3613,0.03,392,2388,100.0,39.29,23.4575,299,290,Healthy,96.99,0
59,10,-0.0015,0.0,100.0,518.67,642.23,1584.92,1405.12,14.62,21.61,556.5,2388.06,9066.71,1.3,47.14,524.32,2388.08,8142.68,8.3781,0.03,391,2388,100.0,39.02,23.4933,299,289,Healthy,96.66,0
59,11,-0.0023,0.0002,100.0,518.67,641.61,1588.04,1394.31,14.62,21.6,555.97,2388.04,9060.78,1.3,47.24,523.3,2387.99,8136.0,8.3674,0.03,391,2388,100.0,39.32,23.4775,299,288,Healthy,96.32,0
59,12,0.001,0.0005,100.0,518.67,642.46,1582.41,1398.27,14.62,21.6,555.68,2388.06,9054.92,1.3,47.32,523.56,2388.08,8146.04,8.3936,0.03,391,2388,100.0,39.1,23.4076,299,287,Healthy,95.99,0
59,13,-0.0005,-0.0,100.0,518.67,641.8,1581.08,1407.93,14.62,21.61,556.73,2388.08,9062.87,1.3,47.26,524.13,2388.03,8146.52,8.3717,0.03,391,2388,100.0,39.22,23.2979,299,286,Healthy,95.65,0
59,14,0.0029,-0.0004,100.0,518.67,642.54,1577.56,1401.89,14.62,21.61,556.1,2388.09,9060.87,1.3,47.09,524.04,2388.08,8138.87,8.3583,0.03,393,2388,100.0,39.01,23.4794,299,285,Healthy,95.32,0
59,15,0.0034,-0.0004,100.0,518.67,642.22,1586.53,1398.41,14.62,21.6,555.93,2388.07,9061.65,1.3,47.34,523.39,2388.05,8135.91,8.4277,0.03,392,2388,100.0,39.11,23.4552,299,284,Healthy,94.98,0
59,16,-0.0002,0.0004,100.0,518.67,641.87,1582.22,1399.37,14.62,21.6,556.38,2388.06,9052.66,1.3,47.36,523.58,2387.97,8140.84,8.3975,0.03,392,2388,100.0,39.15,23.6172,299,283,Healthy,94.65,0
59,17,-0.0009,0.0003,100.0,518.67,641.95,1588.14,1400.27,14.62,21.6,556.28,2388.0,9058.83,1.3,47.14,523.87,2388.02,8136.91,8.3619,0.03,392,2388,100.0,39.14,23.4605,299,282,Healthy,94.31,0
59,18,0.0003,0.0001,100.0,518.67,641.97,1584.33,1395.97,14.62,21.61,556.14,2388.06,9063.1,1.3,47.43,523.93,2388.09,8141.27,8.3694,0.03,393,2388,100.0,39.11,23.5619,299,281,Healthy,93.98,0
59,19,-0.0022,-0.0002,100.0,518.67,641.8,1583.04,1399.95,14.62,21.61,556.16,2388.05,9058.49,1.3,47.23,524.69,2388.1,8137.76,8.3668,0.03,391,2388,100.0,39.16,23.4927,299,280,Healthy,93.65,0
59,20,-0.0006,-0.0002,100.0,518.67,642.04,1581.91,1395.88,14.62,21.61,555.88,2387.99,9063.69,1.3,47.32,524.26,2388.14,8143.1,8.3739,0.03,390,2388,100.0,39.12,23.4925,299,279,Healthy,93.31,0
59,21,0.0003,-0.0005,100.0,518.67,641.86,1581.87,1394.58,14.62,21.61,556.27,2387.99,9053.12,1.3,47.24,524.55,2388.02,8140.62,8.4029,0.03,392,2388,100.0,39.29,23.4785,299,278,Healthy,92.98,0
59,22,0.0031,-0.0001,100.0,518.67,642.15,1589.35,1398.26,14.62,21.61,556.12,2388.09,9060.83,1.3,47.29,524.23,2388.01,8141.28,8.4101,0.03,390,2388,100.0,39.14,23.5101,299,277,Healthy,92.64,0
59,23,-0.0004,-0.0002,100.0,518.67,642.64,1581.73,1399.2,14.62,21.6,556.22,2388.05,9057.32,1.3,47.07,523.94,2388.05,8146.65,8.3375,0.03,393,2388,100.0,39.12,23.5292,299,276,Healthy,92.31,0
59,24,-0.0012,-0.0005,100.0,518.67,641.94,1583.52,1400.96,14.62,21.61,556.86,2388.02,9053.2,1.3,47.28,523.99,2388.05,8138.56,8.3567,0.03,392,2388,100.0,39.13,23.3969,299,275,Healthy,91.97,0
59,25,0.0016,0.0001,100.0,518.67,642.36,1582.02,1394.1,14.62,21.6,555.57,2388.03,9064.2,1.3,47.21,523.81,2388.1,8139.32,8.3716,0.03,390,2388,100.0,39.04,23.4451,299,274,Healthy,91.64,0
59,26,-0.0011,-0.0001,100.0,518.67,642.46,1585.59,1399.99,14.62,21.61,555.93,2388.08,9058.79,1.3,47.33,523.89,2388.09,8140.75,8.3532,0.03,392,2388,100.0,39.2,23.4231,299,273,Healthy,91.3,0
59,27,0.0033,-0.0001,100.0,518.67,642.11,1582.32,1399.65,14.62,21.6,556.33,2388.04,9055.74,1.3,47.05,523.87,2388.02,8140.72,8.3523,0.03,391,2388,100.0,38.9,23.4878,299,272,Healthy,90.97,0
59,28,0.0045,-0.0001,100.0,518.67,641.98,1588.82,1404.6,14.62,21.61,556.13,2388.08,9059.89,1.3,47.3,524.15,2387.98,8142.39,8.4065,0.03,390,2388,100.0,39.14,23.4533,299,271,Healthy,90.64,0
59,29,-0.0008,0.0003,100.0,518.67,642.05,1580.89,1393.66,14.62,21.6,555.96,2388.05,9055.49,1.3,47.16,523.5,2388.06,8137.43,8.3684,0.03,392,2388,100.0,39.09,23.4294,299,270,Healthy,90.3,0
59,30,0.0034,0.0003,100.0,518.67,641.48,1582.05,1399.37,14.62,21.6,555.88,2388.01,9059.48,1.3,47.19,523.24,2388.05,8134.83,8.3659,0.03,391,2388,100.0,39.02,23.4763,299,269,Healthy,89.97,0
59,31,0.001,0.0002,100.0,518.67,641.8,1581.6,1396.99,14.62,21.61,556.26,2388.07,9055.51,1.3,47.28,524.44,2388.03,8142.31,8.363,0.03,391,2388,100.0,39.21,23.4669,299,268,Healthy,89.63,0
59,32,0.0002,-0.0,100.0,518.67,641.75,1589.63,1400.22,14.62,21.61,556.2,2388.1,9055.66,1.3,47.2,523.93,2387.99,8143.45,8.3786,0.03,392,2388,100.0,39.24,23.522,299,267,Healthy,89.3,0
59,33,0.0024,-0.0005,100.0,518.67,642.07,1582.99,1395.06,14.62,21.61,556.83,2388.06,9066.22,1.3,47.04,523.93,2388.04,8141.98,8.4102,0.03,391,2388,100.0,39.04,23.3884,299,266,Healthy,88.96,0
59,34,0.0008,-0.0002,100.0,518.67,642.44,1576.61,1390.6,14.62,21.6,555.61,2388.09,9058.67,1.3,47.2,523.78,2388.04,8139.7,8.3913,0.03,391,2388,100.0,39.23,23.4355,299,265,Healthy,88.63,0
59,35,0.0013,0.0004,100.0,518.67,641.89,1585.17,1398.63,14.62,21.61,555.21,2388.05,9061.6,1.3,47.09,523.47,2388.04,8138.4,8.373,0.03,392,2388,100.0,39.1,23.4338,299,264,Healthy,88.29,0
59,36,0.0041,-0.0004,100.0,518.67,642.16,1583.41,1389.39,14.62,21.6,556.09,2388.08,9057.48,1.3,47.18,524.49,2388.04,8136.15,8.407,0.03,392,2388,100.0,39.35,23.5832,299,263,Healthy,87.96,0
59,37,-0.0028,-0.0002,100.0,518.67,642.55,1585.95,1402.95,14.62,21.61,556.68,2388.07,9054.02,1.3,47.3,524.29,2388.02,8138.33,8.3806,0.03,392,2388,100.0,39.24,23.4503,299,262,Healthy,87.63,0
59,38,-0.0043,0.0001,100.0,518.67,642.69,1582.57,1402.01,14.62,21.61,556.46,2388.09,9056.05,1.3,47.3,524.04,2388.02,8137.74,8.376,0.03,393,2388,100.0,39.13,23.5451,299,261,Healthy,87.29,0
59,39,-0.003,-0.0001,100.0,518.67,642.56,1584.49,1395.04,14.62,21.61,555.88,2388.01,9056.98,1.3,47.22,523.21,2388.01,8142.81,8.3872,0.03,392,2388,100.0,39.04,23.4627,299,260,Healthy,86.96,0
59,40,0.002,0.0,100.0,518.67,641.99,1585.93,1398.48,14.62,21.6,556.85,2388.07,9062.2,1.3,47.25,524.14,2388.05,8140.16,8.3712,0.03,393,2388,100.0,39.16,23.5449,299,259,Healthy,86.62,0
59,41,0.001,0.0001,100.0,518.67,642.4,1588.59,1393.78,14.62,21.6,555.61,2388.05,9059.41,1.3,47.32,524.22,2387.99,8141.73,8.387,0.03,392,2388,100.0,39.0,23.4844,299,258,Healthy,86.29,0
59,42,0.0018,-0.0001,100.0,518.67,641.43,1584.95,1395.19,14.62,21.6,555.8,2388.04,9056.11,1.3,47.36,524.1,2388.03,8140.96,8.3905,0.03,392,2388,100.0,39.04,23.5009,299,257,Healthy,85.95,0
59,43,-0.0004,0.0002,100.0,518.67,642.41,1579.98,1400.14,14.62,21.61,555.83,2388.06,9052.42,1.3,47.21,524.53,2388.04,8142.85,8.3825,0.03,392,2388,100.0,39.11,23.481,299,256,Healthy,85.62,0
59,44,0.0,-0.0003,100.0,518.67,642.32,1581.49,1387.76,14.62,21.6,556.22,2388.04,9061.79,1.3,47.35,523.59,2388.1,8139.56,8.3733,0.03,392,2388,100.0,39.17,23.4288,299,255,Healthy,85.28,0
59,45,0.0001,0.0002,100.0,518.67,642.61,1587.9,1398.74,14.62,21.6,555.74,2388.01,9061.47,1.3,47.0,523.95,2388.04,8140.66,8.3773,0.03,390,2388,100.0,39.17,23.4578,299,254,Healthy,84.95,0
59,46,-0.0022,-0.0001,100.0,518.67,642.25,1581.09,1393.04,14.62,21.61,555.83,2388.02,9063.36,1.3,47.11,524.13,2388.05,8140.01,8.3867,0.03,391,2388,100.0,39.0,23.4693,299,253,Healthy,84.62,0
59,47,0.0049,0.0002,100.0,518.67,641.94,1581.12,1407.19,14.62,21.61,556.7,2388.05,9061.83,1.3,47.24,523.87,2388.07,8140.97,8.3488,0.03,391,2388,100.0,39.01,23.5566,299,252,Healthy,84.28,0
59,48,-0.0004,0.0003,100.0,518.67,642.08,1587.28,1392.79,14.62,21.61,555.74,2388.08,9059.39,1.3,47.19,523.83,2388.06,8139.25,8.3789,0.03,392,2388,100.0,39.29,23.4858,299,251,Healthy,83.95,0
59,49,-0.0006,0.0002,100.0,518.67,642.0,1581.17,1392.65,14.62,21.6,555.47,2388.01,9059.72,1.3,47.0,523.5,2388.05,8143.59,8.3519,0.03,392,2388,100.0,39.17,23.4167,299,250,Healthy,83.61,0
59,50,-0.0017,-0.0001,100.0,518.67,642.53,1585.97,1389.55,14.62,21.61,556.55,2388.08,9062.69,1.3,47.26,523.84,2388.04,8138.75,8.3911,0.03,392,2388,100.0,39.04,23.4451,299,249,Healthy,83.28,0
60,1,0.0014,0.0003,100.0,518.67,641.61,1576.3,1391.32,14.62,21.59,553.07,2387.95,9043.89,1.3,47.02,521.29,2387.95,8129.32,8.408,0.03,392,2388,100.0,39.1,23.4199,190,189,Healthy,99.47,0
60,2,0.0011,0.0002,100.0,518.67,641.57,1578.78,1398.87,14.62,21.58,554.04,2387.94,9044.93,1.3,47.06,520.66,2387.91,8130.84,8.3943,0.03,390,2388,100.0,38.98,23.3986,190,188,Healthy,98.95,0
60,3,-0.0008,0.0005,100.0,518.67,641.24,1585.72,1397.95,14.62,21.59,554.22,2387.95,9039.37,1.3,46.97,521.25,2388.07,8138.21,8.4062,0.03,391,2388,100.0,39.13,23.4181,190,187,Healthy,98.42,0
60,4,-0.0024,0.0004,100.0,518.67,641.97,1585.93,1386.84,14.62,21.59,554.58,2387.98,9045.62,1.3,46.9,521.21,2387.96,8136.04,8.4071,0.03,390,2388,100.0,39.11,23.3802,190,186,Healthy,97.89,0
60,5,0.0004,0.0001,100.0,518.67,641.56,1583.0,1393.11,14.62,21.59,553.91,2387.88,9042.5,1.3,47.13,520.88,2387.95,8135.49,8.4128,0.03,391,2388,100.0,39.16,23.5032,190,185,Healthy,97.37,0
60,6,-0.0005,-0.0001,100.0,518.67,642.56,1580.33,1394.13,14.62,21.59,552.97,2387.9,9056.64,1.3,47.24,521.2,2387.95,8133.7,8.3506,0.03,390,2388,100.0,39.03,23.3647,190,184,Healthy,96.84,0
60,7,0.0019,0.0005,100.0,518.67,642.58,1582.46,1399.84,14.62,21.59,552.67,2387.99,9047.16,1.3,47.19,521.71,2387.95,8136.22,8.372,0.03,390,2388,100.0,38.95,23.4102,190,183,Healthy,96.32,0
60,8,0.0012,-0.0001,100.0,518.67,642.01,1581.2,1395.86,14.62,21.59,553.19,2387.99,9046.18,1.3,47.03,521.58,2387.99,8129.35,8.3965,0.03,392,2388,100.0,39.01,23.3841,190,182,Healthy,95.79,0
60,9,0.0031,-0.0,100.0,518.67,642.6,1580.79,1403.34,14.62,21.59,553.08,2387.96,9041.59,1.3,47.01,521.28,2387.94,8128.1,8.4135,0.03,391,2388,100.0,39.04,23.4313,190,181,Healthy,95.26,0
60,10,-0.0044,0.0,100.0,518.67,641.68,1581.47,1391.12,14.62,21.59,553.22,2387.93,9049.33,1.3,47.01,520.96,2387.94,8129.78,8.3893,0.03,389,2388,100.0,38.93,23.3882,190,180,Healthy,94.74,0
60,11,-0.0007,-0.0003,100.0,518.67,641.79,1583.69,1391.74,14.62,21.59,552.83,2387.98,9043.49,1.3,47.21,521.89,2387.92,8130.97,8.3938,0.03,391,2388,100.0,38.86,23.3377,190,179,Healthy,94.21,0
60,12,0.0022,-0.0003,100.0,518.67,642.17,1580.18,1387.33,14.62,21.59,553.83,2387.94,9042.31,1.3,47.02,521.27,2387.96,8134.18,8.3962,0.03,392,2388,100.0,38.97,23.3567,190,178,Healthy,93.68,0
60,13,-0.0032,0.0004,100.0,518.67,642.16,1577.7,1393.44,14.62,21.58,552.79,2387.97,9044.66,1.3,47.03,521.44,2387.97,8134.47,8.3728,0.03,391,2388,100.0,38.97,23.3826,190,177,Healthy,93.16,0
60,14,0.0026,-0.0,100.0,518.67,641.61,1584.39,1398.05,14.62,21.59,553.55,2387.94,9043.38,1.3,47.0,521.36,2387.97,8128.09,8.4202,0.03,390,2388,100.0,38.98,23.4374,190,176,Healthy,92.63,0
60,15,-0.0024,-0.0004,100.0,518.67,641.98,1576.06,1400.08,14.62,21.59,553.32,2387.96,9051.42,1.3,47.21,521.24,2387.99,8135.14,8.4455,0.03,390,2388,100.0,38.95,23.4655,190,175,Healthy,92.11,0
60,16,0.0016,0.0002,100.0,518.67,642.12,1577.78,1390.61,14.62,21.58,553.23,2387.98,9050.45,1.3,46.86,521.19,2387.94,8138.03,8.3913,0.03,390,2388,100.0,39.0,23.4175,190,174,Healthy,91.58,0
60,17,-0.0019,-0.0,100.0,518.67,641.77,1584.34,1393.86,14.62,21.59,553.34,2387.92,9049.62,1.3,47.03,521.43,2387.94,8136.02,8.3683,0.03,389,2388,100.0,38.82,23.4405,190,173,Healthy,91.05,0
60,18,0.0023,-0.0004,100.0,518.67,641.64,1579.85,1392.47,14.62,21.59,554.19,2388.02,9048.36,1.3,47.14,521.66,2387.99,8135.21,8.387,0.03,390,2388,100.0,39.08,23.3981,190,172,Healthy,90.53,0
60,19,-0.0006,0.0,100.0,518.67,641.32,1578.19,1395.58,14.62,21.59,552.64,2387.93,9047.04,1.3,47.18,521.32,2387.96,8140.61,8.3744,0.03,389,2388,100.0,39.09,23.3763,190,171,Healthy,90.0,0
60,20,-0.0024,0.0005,100.0,518.67,641.7,1576.5,1392.1,14.62,21.58,553.4,2387.95,9049.98,1.3,47.17,521.22,2387.88,8137.38,8.4171,0.03,390,2388,100.0,38.91,23.3194,190,170,Healthy,89.47,0
60,21,0.0012,0.0004,100.0,518.67,641.98,1577.71,1392.84,14.62,21.59,553.67,2387.93,9047.1,1.3,47.16,521.77,2387.96,8132.43,8.3749,0.03,391,2388,100.0,38.9,23.4156,190,169,Healthy,88.95,0
60,22,-0.0001,0.0002,100.0,518.67,641.87,1578.9,1392.06,14.62,21.59,553.29,2387.95,9045.12,1.3,47.07,520.97,2387.96,8129.62,8.3973,0.03,390,2388,100.0,38.72,23.3502,190,168,Healthy,88.42,0
60,23,-0.0003,-0.0004,100.0,518.67,641.91,1579.7,1398.56,14.62,21.59,554.17,2387.93,9050.65,1.3,46.95,521.96,2387.98,8140.77,8.3916,0.03,391,2388,100.0,39.25,23.3545,190,167,Healthy,87.89,0
60,24,-0.0008,0.0003,100.0,518.67,641.91,1577.41,1391.24,14.62,21.59,552.93,2387.98,9048.61,1.3,46.98,520.93,2387.97,8129.71,8.4064,0.03,393,2388,100.0,38.82,23.411,190,166,Healthy,87.37,0
60,25,0.0002,-0.0001,100.0,518.67,642.05,1583.01,1394.25,14.62,21.59,553.84,2387.96,9052.24,1.3,46.96,521.7,2388.06,8137.13,8.3993,0.03,392,2388,100.0,38.91,23.4547,190,165,Healthy,86.84,0
60,26,0.0039,0.0002,100.0,518.67,642.02,1580.7,1393.41,14.62,21.59,553.98,2387.96,9039.08,1.3,47.01,520.66,2387.87,8135.38,8.416,0.03,390,2388,100.0,38.94,23.3902,190,164,Healthy,86.32,0
60,27,-0.0007,-0.0004,100.0,518.67,641.92,1581.84,1396.77,14.62,21.59,553.46,2387.96,9047.07,1.3,47.02,522.45,2387.94,8140.28,8.3852,0.03,390,2388,100.0,39.02,23.4476,190,163,Healthy,85.79,0
60,28,-0.0019,0.0004,100.0,518.67,641.63,1582.99,1391.02,14.62,21.59,554.26,2387.93,9046.39,1.3,46.97,522.52,2387.98,8133.76,8.3878,0.03,390,2388,100.0,38.96,23.4261,190,162,Healthy,85.26,0
60,29,0.001,0.0001,100.0,518.67,641.79,1586.95,1393.57,14.62,21.58,553.61,2387.93,9045.51,1.3,47.15,521.38,2387.95,8123.17,8.4226,0.03,391,2388,100.0,38.98,23.4909,190,161,Healthy,84.74,0
60,30,-0.0003,-0.0002,100.0,518.67,642.37,1579.84,1386.66,14.62,21.58,553.31,2387.98,9049.74,1.3,46.95,521.08,2387.87,8132.87,8.369,0.03,392,2388,100.0,39.0,23.3996,190,160,Healthy,84.21,0
60,31,-0.0002,-0.0004,100.0,518.67,641.93,1583.07,1395.22,14.62,21.59,553.18,2387.96,9046.12,1.3,47.05,521.61,2387.99,8134.05,8.3962,0.03,391,2388,100.0,39.2,23.3883,190,159,Healthy,83.68,0
60,32,-0.0042,-0.0004,100.0,518.67,641.3,1580.75,1390.07,14.62,21.59,554.0,2388.01,9050.06,1.3,47.08,521.49,2387.94,8133.67,8.4137,0.03,390,2388,100.0,38.97,23.4197,190,158,Healthy,83.16,0
60,33,-0.001,0.0,100.0,518.67,642.12,1586.43,1382.75,14.62,21.59,552.74,2387.97,9054.76,1.3,46.89,521.53,2387.94,8136.29,8.4069,0.03,390,2388,100.0,38.96,23.3783,190,157,Healthy,82.63,0
60,34,-0.0017,0.0002,100.0,518.67,641.91,1582.58,1399.23,14.62,21.59,553.63,2387.95,9046.77,1.3,46.96,521.26,2387.93,8132.31,8.4052,0.03,392,2388,100.0,39.11,23.3549,190,156,Healthy,82.11,0
60,35,-0.0007,-0.0001,100.0,518.67,641.84,1579.65,1392.78,14.62,21.59,553.6,2387.96,9046.8,1.3,46.94,520.73,2387.9,8138.76,8.3708,0.03,391,2388,100.0,39.02,23.427,190,155,Healthy,81.58,0
60,36,0.0007,-0.0004,100.0,518.67,641.59,1581.89,1393.17,14.62,21.58,552.46,2387.92,9050.04,1.3,46.95,520.76,2387.91,8129.97,8.3774,0.03,392,2388,100.0,38.94,23.3279,190,154,Healthy,81.05,0
60,37,-0.0035,0.0004,100.0,518.67,641.68,1589.05,1400.71,14.62,21.59,553.6,2387.95,9048.63,1.3,47.1,521.89,2388.02,8135.05,8.4047,0.03,390,2388,100.0,39.02,23.38,190,153,Healthy,80.53,0
60,38,0.0055,-0.0004,100.0,518.67,641.33,1580.06,1395.19,14.62,21.58,553.14,2387.93,9044.07,1.3,47.14,520.49,2387.9,8130.0,8.3839,0.03,390,2388,100.0,39.04,23.462,190,152,Healthy,80.0,0
60,39,-0.0044,-0.0,100.0,518.67,641.54,1586.06,1395.39,14.62,21.58,553.19,2387.96,9056.83,1.3,47.05,521.39,2387.98,8133.05,8.3935,0.03,390,2388,100.0,39.12,23.4056,190,151,Healthy,79.47,0
60,40,0.0005,-0.0002,100.0,518.67,641.82,1592.82,1390.91,14.62,21.59,554.38,2387.96,9044.35,1.3,47.07,521.57,2387.95,8135.26,8.3774,0.03,389,2388,100.0,39.0,23.4966,190,150,Healthy,78.95,0
60,41,-0.0004,-0.0004,100.0,518.67,641.91,1590.24,1389.47,14.62,21.58,553.05,2387.99,9051.66,1.3,47.13,521.54,2387.95,8140.96,8.4202,0.03,391,2388,100.0,39.02,23.3873,190,149,Healthy,78.42,0
60,42,0.001,0.0003,100.0,518.67,642.74,1580.84,1394.9,14.62,21.58,552.66,2387.88,9038.69,1.3,47.17,521.26,2387.87,8134.71,8.3942,0.03,392,2388,100.0,39.02,23.4829,190,148,Healthy,77.89,0
60,43,-0.0002,0.0005,100.0,518.67,641.53,1577.37,1398.0,14.62,21.59,553.49,2387.91,9050.99,1.3,47.07,521.46,2387.94,8128.32,8.3972,0.03,391,2388,100.0,39.11,23.4201,190,147,Healthy,77.37,0
60,44,-0.0018,-0.0001,100.0,518.67,641.7,1583.15,1389.61,14.62,21.59,554.53,2387.99,9050.67,1.3,47.21,521.79,2387.93,8140.21,8.3522,0.03,391,2388,100.0,39.21,23.3555,190,146,Healthy,76.84,0
60,45,0.0025,-0.0003,100.0,518.67,642.37,1588.43,1389.01,14.62,21.59,553.52,2387.96,9060.94,1.3,47.16,521.76,2387.99,8134.66,8.3993,0.03,391,2388,100.0,39.02,23.4525,190,145,Healthy,76.32,0
60,46,-0.0019,-0.0004,100.0,518.67,641.93,1584.65,1398.54,14.62,21.59,554.46,2387.95,9053.73,1.3,46.93,521.95,2387.95,8133.43,8.3853,0.03,390,2388,100.0,38.95,23.4652,190,144,Healthy,75.79,0
60,47,0.0013,0.0003,100.0,518.67,641.49,1595.9,1392.36,14.62,21.59,553.2,2388.02,9047.04,1.3,47.18,521.78,2387.95,8137.15,8.3966,0.03,390,2388,100.0,38.94,23.4758,190,143,Healthy,75.26,0
60,48,0.0019,0.0003,100.0,518.67,641.64,1581.98,1396.71,14.62,21.59,553.68,2387.99,9051.29,1.3,47.16,521.28,2387.95,8134.88,8.4117,0.03,390,2388,100.0,38.92,23.3298,190,142,Healthy,74.74,0
60,49,-0.0036,-0.0002,100.0,518.67,641.86,1585.6,1390.05,14.62,21.58,552.87,2387.95,9050.38,1.3,46.95,521.39,2387.97,8136.52,8.3726,0.03,390,2388,100.0,39.05,23.3298,190,141,Healthy,74.21,0
60,50,0.0012,0.0004,100.0,518.67,641.89,1585.21,1396.48,14.62,21.58,553.09,2387.92,9049.92,1.3,47.05,521.35,2387.94,8129.76,8.4024,0.03,391,2388,100.0,38.89,23.3571,190,140,Healthy,73.68,0
61,1,-0.002,-0.0002,100.0,518.67,642.73,1590.19,1399.68,14.62,21.61,554.82,2388.08,9061.74,1.3,47.49,521.78,2388.06,8143.31,8.406,0.03,391,2388,100.0,38.96,23.3791,199,198,Healthy,99.5,0
61,2,0.0014,-0.0,100.0,518.67,642.4,1594.59,1404.12,14.62,21.61,553.26,2388.07,9063.74,1.3,47.46,522.34,2388.12,8138.2,8.4183,0.03,394,2388,100.0,38.8,23.2608,199,197,Healthy,98.99,0
61,3,-0.0008,-0.0002,100.0,518.67,642.38,1591.02,1404.05,14.62,21.61,553.97,2388.07,9064.48,1.3,47.56,521.55,2388.04,8137.92,8.4348,0.03,392,2388,100.0,38.81,23.2727,199,196,Healthy,98.49,0
61,4,0.0024,-0.0002,100.0,518.67,642.69,1594.07,1405.23,14.62,21.61,553.21,2388.07,9054.09,1.3,47.36,521.9,2388.03,8139.42,8.4413,0.03,392,2388,100.0,39.11,23.3409,199,195,Healthy,97.99,0
61,5,0.0001,0.0001,100.0,518.67,642.44,1590.06,1397.44,14.62,21.61,553.61,2388.04,9060.78,1.3,47.51,521.65,2388.08,8134.76,8.3988,0.03,391,2388,100.0,38.9,23.3577,199,194,Healthy,97.49,0
61,6,-0.0018,-0.0003,100.0,518.67,642.52,1587.15,1414.31,14.62,21.61,553.24,2388.1,9050.81,1.3,47.38,521.96,2388.03,8136.74,8.4127,0.03,393,2388,100.0,38.88,23.2955,199,193,Healthy,96.98,0
61,7,-0.004,0.0004,100.0,518.67,642.38,1580.87,1406.93,14.62,21.61,553.35,2388.05,9057.48,1.3,47.45,522.09,2388.12,8139.75,8.4426,0.03,392,2388,100.0,38.85,23.317,199,192,Healthy,96.48,0
61,8,-0.0056,0.0002,100.0,518.67,641.74,1586.8,1400.96,14.62,21.61,554.03,2388.05,9052.81,1.3,47.4,522.02,2388.09,8132.61,8.4518,0.03,391,2388,100.0,38.83,23.3615,199,191,Healthy,95.98,0
61,9,-0.0013,0.0005,100.0,518.67,642.09,1589.57,1406.28,14.62,21.61,553.64,2388.1,9058.31,1.3,47.23,521.51,2388.02,8141.5,8.4105,0.03,393,2388,100.0,38.96,23.3851,199,190,Healthy,95.48,0
61,10,-0.0026,0.0002,100.0,518.67,642.16,1592.24,1397.99,14.62,21.61,553.65,2388.07,9055.48,1.3,47.53,522.09,2388.07,8141.31,8.4173,0.03,393,2388,100.0,38.96,23.1731,199,189,Healthy,94.97,0
61,11,-0.0048,-0.0001,100.0,518.67,642.57,1589.46,1398.02,14.62,21.61,553.78,2388.08,9054.99,1.3,47.42,521.59,2388.07,8138.43,8.4175,0.03,392,2388,100.0,38.85,23.443,199,188,Healthy,94.47,0
61,12,0.0002,0.0003,100.0,518.67,642.87,1586.66,1400.65,14.62,21.61,554.19,2388.01,9058.07,1.3,47.39,522.18,2388.06,8137.47,8.3925,0.03,391,2388,100.0,39.11,23.4647,199,187,Healthy,93.97,0
61,13,-0.0004,0.0001,100.0,518.67,642.3,1589.07,1413.09,14.62,21.61,554.25,2388.06,9065.27,1.3,47.39,522.02,2388.02,8148.54,8.4536,0.03,392,2388,100.0,39.03,23.4026,199,186,Healthy,93.47,0
61,14,-0.002,0.0004,100.0,518.67,642.24,1594.21,1411.43,14.62,21.61,553.22,2388.04,9060.03,1.3,47.33,521.58,2388.07,8138.76,8.3949,0.03,392,2388,100.0,38.83,23.3459,199,185,Healthy,92.96,0
61,15,-0.0006,-0.0002,100.0,518.67,642.26,1587.71,1401.83,14.62,21.61,553.73,2388.12,9051.46,1.3,47.31,520.89,2388.04,8142.45,8.4306,0.03,392,2388,100.0,38.94,23.3167,199,184,Healthy,92.46,0
61,16,-0.002,0.0006,100.0,518.67,642.65,1581.0,1407.74,14.62,21.61,553.48,2388.09,9058.03,1.3,47.39,521.81,2388.05,8139.97,8.4327,0.03,393,2388,100.0,38.81,23.4289,199,183,Healthy,91.96,0
61,17,-0.0009,0.0002,100.0,518.67,642.34,1599.56,1398.88,14.62,21.61,553.47,2388.07,9050.95,1.3,47.36,521.87,2388.03,8137.75,8.4381,0.03,393,2388,100.0,38.92,23.3719,199,182,Healthy,91.46,0
61,18,0.0002,0.0001,100.0,518.67,642.47,1585.03,1406.54,14.62,21.61,554.8,2388.06,9057.2,1.3,47.43,521.74,2388.06,8141.13,8.439,0.03,393,2388,100.0,39.0,23.3952,199,181,Healthy,90.95,0
61,19,-0.0001,0.0001,100.0,518.67,642.85,1586.31,1402.4,14.62,21.61,553.66,2388.09,9060.36,1.3,47.48,521.84,2388.07,8141.16,8.3998,0.03,393,2388,100.0,38.99,23.2941,199,180,Healthy,90.45,0
61,20,-0.0039,-0.0003,100.0,518.67,642.53,1592.56,1406.7,14.62,21.61,554.18,2388.08,9053.84,1.3,47.31,521.41,2388.06,8138.44,8.3847,0.03,392,2388,100.0,39.03,23.4298,199,179,Healthy,89.95,0
61,21,-0.0003,-0.0001,100.0,518.67,642.87,1580.01,1397.77,14.62,21.61,554.24,2388.08,9065.74,1.3,47.3,521.54,2388.09,8143.71,8.4337,0.03,391,2388,100.0,38.86,23.3044,199,178,Healthy,89.45,0
61,22,-0.0016,0.0004,100.0,518.67,641.99,1583.5,1401.03,14.62,21.61,553.93,2388.07,9060.52,1.3,47.61,521.68,2388.11,8141.05,8.3889,0.03,393,2388,100.0,38.9,23.3021,199,177,Healthy,88.94,0
61,23,-0.004,-0.0003,100.0,518.67,642.09,1577.09,1414.67,14.62,21.61,553.49,2388.1,9059.44,1.3,47.58,521.68,2388.07,8144.68,8.424,0.03,392,2388,100.0,38.85,23.3698,199,176,Healthy,88.44,0
61,24,-0.0043,0.0006,100.0,518.67,642.6,1582.49,1403.23,14.62,21.61,553.81,2388.08,9062.64,1.3,47.39,521.27,2388.07,8136.84,8.3851,0.03,393,2388,100.0,38.89,23.3671,199,175,Healthy,87.94,0
61,25,-0.0033,0.0003,100.0,518.67,642.13,1589.58,1408.19,14.62,21.61,553.27,2388.07,9066.18,1.3,47.39,522.1,2388.02,8135.95,8.4106,0.03,392,2388,100.0,39.0,23.3439,199,174,Healthy,87.44,0
61,26,0.0007,-0.0,100.0,518.67,642.13,1581.29,1402.79,14.62,21.61,553.78,2388.12,9056.14,1.3,47.4,521.41,2388.05,8144.98,8.4069,0.03,393,2388,100.0,38.91,23.3003,199,173,Healthy,86.93,0
61,27,0.0032,0.0001,100.0,518.67,642.75,1586.86,1407.43,14.62,21.61,553.37,2388.13,9056.48,1.3,47.46,521.68,2388.13,8139.11,8.3851,0.03,392,2388,100.0,39.15,23.2507,199,172,Healthy,86.43,0
61,28,0.0006,0.0002,100.0,518.67,642.01,1585.56,1400.06,14.62,21.61,553.02,2388.06,9055.36,1.3,47.29,521.95,2388.02,8140.14,8.4034,0.03,391,2388,100.0,38.75,23.4038,199,171,Healthy,85.93,0
61,29,0.0061,-0.0004,100.0,518.67,642.54,1583.2,1405.15,14.62,21.61,554.01,2388.07,9054.95,1.3,47.47,521.98,2388.03,8133.63,8.4425,0.03,392,2388,100.0,38.81,23.3746,199,170,Healthy,85.43,0
61,30,0.0042,0.0003,100.0,518.67,642.4,1590.42,1406.69,14.62,21.61,553.92,2388.07,9061.91,1.3,47.44,521.34,2388.09,8145.61,8.3831,0.03,391,2388,100.0,38.98,23.3641,199,169,Healthy,84.92,0
61,31,0.003,0.0,100.0,518.67,642.95,1585.41,1406.19,14.62,21.61,554.2,2388.05,9059.05,1.3,47.22,522.02,2388.07,8135.58,8.408,0.03,393,2388,100.0,38.88,23.4135,199,168,Healthy,84.42,0
61,32,0.0018,-0.0004,100.0,518.67,642.42,1593.5,1401.89,14.62,21.61,554.08,2388.06,9059.31,1.3,47.42,521.83,2388.06,8139.61,8.3993,0.03,392,2388,100.0,38.84,23.2742,199,167,Healthy,83.92,0
61,33,-0.0007,0.0005,100.0,518.67,642.8,1587.76,1404.1,14.62,21.61,553.82,2388.05,9047.97,1.3,47.57,521.55,2388.05,8145.56,8.4331,0.03,392,2388,100.0,38.83,23.3037,199,166,Healthy,83.42,0
61,34,0.0022,0.0006,100.0,518.67,642.84,1581.73,1398.11,14.62,21.61,553.53,2388.12,9057.87,1.3,47.54,521.86,2388.08,8135.48,8.4362,0.03,393,2388,100.0,38.98,23.3676,199,165,Healthy,82.91,0
61,35,-0.0021,0.0003,100.0,518.67,642.57,1587.8,1399.98,14.62,21.61,553.98,2388.12,9057.32,1.3,47.45,521.96,2388.06,8144.72,8.4547,0.03,393,2388,100.0,38.88,23.3208,199,164,Healthy,82.41,0
61,36,-0.0022,-0.0003,100.0,518.67,642.42,1598.18,1407.76,14.62,21.61,554.02,2388.06,9063.02,1.3,47.36,522.03,2388.14,8139.82,8.4228,0.03,393,2388,100.0,38.88,23.2354,199,163,Healthy,81.91,0
61,37,0.0008,-0.0003,100.0,518.67,642.29,1582.89,1410.19,14.62,21.61,553.66,2388.01,9052.63,1.3,47.42,521.86,2388.08,8143.98,8.4338,0.03,392,2388,100.0,39.06,23.3068,199,162,Healthy,81.41,0
61,38,0.0006,0.0005,100.0,518.67,642.77,1586.71,1405.7,14.62,21.6,553.63,2388.12,9060.04,1.3,47.48,521.37,2388.1,8144.14,8.4594,0.03,393,2388,100.0,39.03,23.2558,199,161,Healthy,80.9,0
61,39,0.0053,0.0005,100.0,518.67,642.47,1585.96,1410.12,14.62,21.61,553.96,2388.02,9061.66,1.3,47.44,521.83,2388.04,8139.81,8.4292,0.03,393,2388,100.0,39.03,23.4432,199,160,Healthy,80.4,0
61,40,-0.0021,-0.0001,100.0,518.67,642.6,1588.91,1402.05,14.62,21.61,553.12,2388.02,9064.9,1.3,47.31,521.5,2388.08,8140.06,8.4204,0.03,392,2388,100.0,38.96,23.3238,199,159,Healthy,79.9,0
61,41,-0.0028,-0.0001,100.0,518.67,642.05,1591.0,1409.74,14.62,21.61,553.88,2388.1,9061.31,1.3,47.4,521.54,2388.07,8137.3,8.4583,0.03,392,2388,100.0,38.92,23.4157,199,158,Healthy,79.4,0
61,42,-0.0006,0.0002,100.0,518.67,642.75,1585.32,1396.76,14.62,21.61,553.94,2388.07,9062.22,1.3,47.52,521.67,2388.08,8143.48,8.4315,0.03,391,2388,100.0,38.81,23.3492,199,157,Healthy,78.89,0
61,43,-0.0003,-0.0004,100.0,518.67,642.22,1584.22,1408.22,14.62,21.61,553.87,2388.09,9051.15,1.3,47.36,522.59,2388.05,8140.81,8.4132,0.03,391,2388,100.0,38.88,23.3425,199,156,Healthy,78.39,0
61,44,-0.0004,0.0001,100.0,518.67,642.44,1587.16,1402.62,14.62,21.61,553.86,2388.04,9062.14,1.3,47.38,521.7,2388.06,8137.31,8.4612,0.03,392,2388,100.0,38.74,23.3705,199,155,Healthy,77.89,0
61,45,0.0014,0.0005,100.0,518.67,642.52,1577.09,1407.74,14.62,21.61,553.25,2388.09,9054.54,1.3,47.49,521.43,2388.13,8140.53,8.4349,0.03,393,2388,100.0,38.79,23.2808,199,154,Healthy,77.39,0
61,46,0.0023,-0.0003,100.0,518.67,641.7,1584.01,1405.09,14.62,21.61,553.87,2388.06,9055.61,1.3,47.26,522.11,2388.14,8144.59,8.414,0.03,391,2388,100.0,39.03,23.3212,199,153,Healthy,76.88,0
61,47,0.0018,0.0002,100.0,518.67,642.04,1588.87,1412.77,14.62,21.61,553.98,2388.03,9064.79,1.3,47.25,522.14,2388.08,8139.79,8.4154,0.03,394,2388,100.0,38.86,23.3223,199,152,Healthy,76.38,0
61,48,0.0002,-0.0003,100.0,518.67,642.71,1587.75,1410.51,14.62,21.61,553.72,2388.02,9056.33,1.3,47.39,521.89,2388.08,8138.66,8.4102,0.03,392,2388,100.0,38.92,23.3532,199,151,Healthy,75.88,0
61,49,0.0,-0.0004,100.0,518.67,642.1,1588.88,1404.91,14.62,21.61,553.54,2388.09,9066.22,1.3,47.44,522.08,2388.08,8140.35,8.4419,0.03,392,2388,100.0,39.12,23.288,199,150,Healthy,75.38,0
61,50,0.0024,0.0004,100.0,518.67,642.38,1593.76,1397.04,14.62,21.61,553.65,2388.06,9057.03,1.3,47.34,521.82,2388.06,8140.23,8.4379,0.03,391,2388,100.0,38.9,23.3046,199,149,Healthy,74.87,0
62,1,0.0011,0.0002,100.0,518.67,641.52,1581.55,1392.32,14.62,21.59,552.78,2387.96,9050.97,1.3,47.19,520.52,2387.9,8130.19,8.3923,0.03,391,2388,100.0,38.88,23.3717,246,245,Healthy,99.59,0
62,2,0.0014,0.0002,100.0,518.67,641.87,1581.35,1391.96,14.62,21.59,553.07,2387.9,9047.41,1.3,46.94,521.51,2388.03,8124.93,8.4087,0.03,390,2388,100.0,38.99,23.3995,246,244,Healthy,99.19,0
62,3,0.0007,0.0004,100.0,518.67,641.71,1580.04,1386.86,14.62,21.59,553.29,2387.92,9047.46,1.3,47.25,521.1,2387.94,8128.63,8.4064,0.03,390,2388,100.0,39.02,23.3901,246,243,Healthy,98.78,0
62,4,0.0014,0.0002,100.0,518.67,642.12,1580.34,1392.11,14.62,21.59,552.78,2387.95,9042.09,1.3,47.05,520.81,2387.99,8133.16,8.4447,0.03,392,2388,100.0,38.85,23.4553,246,242,Healthy,98.37,0
62,5,0.0028,0.0003,100.0,518.67,642.01,1581.68,1390.63,14.62,21.59,552.83,2387.94,9051.28,1.3,47.1,520.98,2387.93,8131.66,8.4303,0.03,391,2388,100.0,38.93,23.3909,246,241,Healthy,97.97,0
62,6,-0.0009,0.0003,100.0,518.67,641.66,1584.92,1390.98,14.62,21.59,552.8,2387.9,9044.51,1.3,46.96,521.27,2387.92,8131.43,8.4044,0.03,392,2388,100.0,39.12,23.4321,246,240,Healthy,97.56,0
62,7,0.0041,-0.0002,100.0,518.67,641.73,1575.03,1394.62,14.62,21.59,552.85,2387.88,9039.04,1.3,47.01,521.49,2388.0,8130.11,8.3785,0.03,391,2388,100.0,39.04,23.4577,246,239,Healthy,97.15,0
62,8,0.0044,0.0001,100.0,518.67,641.17,1580.58,1390.34,14.62,21.59,552.83,2387.89,9044.09,1.3,47.22,520.76,2387.94,8129.95,8.3552,0.03,392,2388,100.0,38.98,23.389,246,238,Healthy,96.75,0
62,9,0.0017,-0.0005,100.0,518.67,642.65,1577.71,1391.17,14.62,21.59,553.13,2387.97,9043.64,1.3,46.91,521.24,2387.89,8129.9,8.404,0.03,390,2388,100.0,38.9,23.3678,246,237,Healthy,96.34,0
62,10,0.0022,0.0001,100.0,518.67,642.19,1582.19,1401.08,14.62,21.59,553.95,2387.98,9048.26,1.3,47.15,521.12,2388.01,8134.75,8.4152,0.03,391,2388,100.0,38.93,23.3421,246,236,Healthy,95.93,0
62,11,0.0007,-0.0004,100.0,518.67,641.97,1581.41,1385.62,14.62,21.59,552.99,2387.95,9043.21,1.3,47.12,520.98,2387.89,8132.99,8.3641,0.03,389,2388,100.0,39.07,23.468,246,235,Healthy,95.53,0
62,12,-0.0022,-0.0,100.0,518.67,641.82,1582.66,1395.84,14.62,21.59,553.62,2387.92,9050.65,1.3,47.1,521.01,2387.97,8134.67,8.378,0.03,391,2388,100.0,39.0,23.3972,246,234,Healthy,95.12,0
62,13,-0.0013,-0.0004,100.0,518.67,641.67,1581.75,1393.91,14.62,21.59,553.31,2388.0,9049.88,1.3,47.15,521.17,2387.92,8135.14,8.4046,0.03,391,2388,100.0,38.87,23.4819,246,233,Healthy,94.72,0
62,14,-0.0005,-0.0001,100.0,518.67,642.06,1572.81,1392.29,14.62,21.59,553.6,2387.96,9047.21,1.3,47.06,521.26,2387.92,8133.69,8.3715,0.03,391,2388,100.0,39.01,23.3584,246,232,Healthy,94.31,0
62,15,-0.0009,0.0002,100.0,518.67,642.0,1579.96,1391.65,14.62,21.59,552.8,2387.91,9045.54,1.3,46.96,520.92,2387.89,8129.75,8.4022,0.03,391,2388,100.0,38.86,23.4082,246,231,Healthy,93.9,0
62,16,-0.001,0.0002,100.0,518.67,642.08,1588.07,1388.18,14.62,21.59,552.14,2387.96,9048.11,1.3,46.9,520.9,2387.94,8130.84,8.4154,0.03,390,2388,100.0,38.98,23.3466,246,230,Healthy,93.5,0
62,17,-0.0007,-0.0002,100.0,518.67,641.77,1578.37,1403.21,14.62,21.58,550.45,2387.2,9036.33,1.3,47.22,519.25,2387.17,8119.3,8.4482,0.03,390,2388,100.0,38.81,23.1946,246,229,Healthy,93.09,0
62,18,-0.0028,0.0002,100.0,518.67,642.16,1581.16,1404.26,14.62,21.58,551.77,2387.37,9032.77,1.3,47.26,519.71,2387.33,8113.71,8.4254,0.03,391,2388,100.0,38.75,23.3326,246,228,Healthy,92.68,0
62,19,-0.0019,-0.0003,100.0,518.67,642.45,1576.19,1393.47,14.62,21.59,553.2,2387.93,9041.9,1.3,46.93,520.9,2387.92,8131.38,8.3839,0.03,389,2388,100.0,39.0,23.3519,246,227,Healthy,92.28,0
62,20,0.0014,0.0003,100.0,518.67,641.62,1579.11,1391.68,14.62,21.59,553.17,2387.96,9041.07,1.3,46.96,521.84,2387.95,8131.8,8.3708,0.03,390,2388,100.0,39.04,23.4081,246,226,Healthy,91.87,0
62,21,0.0026,0.0,100.0,518.67,641.95,1578.41,1392.91,14.62,21.59,552.74,2387.93,9045.97,1.3,46.93,520.79,2387.96,8126.95,8.3761,0.03,390,2388,100.0,38.95,23.2463,246,225,Healthy,91.46,0
62,22,0.0003,0.0005,100.0,518.67,641.9,1580.44,1387.51,14.62,21.59,553.6,2387.92,9041.64,1.3,46.89,520.68,2387.95,8127.28,8.4128,0.03,391,2388,100.0,38.96,23.3915,246,224,Healthy,91.06,0
62,23,-0.0019,0.0003,100.0,518.67,642.03,1586.89,1396.54,14.62,21.59,553.09,2387.88,9045.53,1.3,47.03,520.85,2387.95,8131.76,8.4042,0.03,390,2388,100.0,38.99,23.3732,246,223,Healthy,90.65,0
62,24,-0.0018,-0.0004,100.0,518.67,642.03,1582.92,1396.95,14.62,21.58,551.57,2386.98,9030.67,1.3,47.22,519.41,2387.02,8121.63,8.3915,0.03,390,2388,100.0,38.77,23.3372,246,222,Healthy,90.24,0
62,25,-0.0011,-0.0001,100.0,518.67,641.62,1581.62,1391.07,14.62,21.59,553.09,2387.99,9039.92,1.3,47.06,520.52,2387.96,8134.19,8.385,0.03,389,2388,100.0,39.07,23.4172,246,221,Healthy,89.84,0
62,26,0.0,-0.0005,100.0,518.67,641.93,1578.93,1400.18,14.62,21.59,553.15,2387.95,9046.9,1.3,47.11,520.49,2387.94,8126.3,8.3906,0.03,391,2388,100.0,38.92,23.4317,246,220,Healthy,89.43,0
62,27,0.0005,-0.0005,100.0,518.67,642.3,1582.68,1387.89,14.62,21.59,553.13,2387.99,9040.16,1.3,47.06,520.89,2387.92,8134.35,8.3902,0.03,392,2388,100.0,39.06,23.2601,246,219,Healthy,89.02,0
62,28,0.0001,-0.0003,100.0,518.67,642.07,1575.75,1390.43,14.62,21.59,553.05,2387.9,9044.98,1.3,46.91,521.28,2387.96,8134.66,8.4034,0.03,391,2388,100.0,39.11,23.4966,246,218,Healthy,88.62,0
62,29,0.0013,-0.0,100.0,518.67,641.65,1573.1,1390.7,14.62,21.59,552.64,2387.96,9045.39,1.3,47.03,521.35,2387.97,8134.84,8.4193,0.03,392,2388,100.0,38.9,23.3212,246,217,Healthy,88.21,0
62,30,-0.0005,-0.0,100.0,518.67,642.54,1575.57,1394.69,14.62,21.58,550.51,2387.47,9033.05,1.3,47.38,518.9,2387.45,8119.22,8.4388,0.03,391,2388,100.0,38.75,23.2724,246,216,Healthy,87.8,0
62,31,-0.0007,0.0002,100.0,518.67,641.89,1577.34,1386.12,14.62,21.59,553.6,2387.95,9055.01,1.3,46.92,521.27,2387.95,8130.5,8.3768,0.03,392,2388,100.0,39.02,23.4646,246,215,Healthy,87.4,0
62,32,-0.0036,-0.0002,100.0,518.67,641.85,1578.56,1394.99,14.62,21.59,552.76,2387.97,9045.23,1.3,47.0,521.04,2387.96,8131.86,8.394,0.03,390,2388,100.0,38.82,23.4112,246,214,Healthy,86.99,0
62,33,-0.001,0.0003,100.0,518.67,642.15,1580.17,1394.18,14.62,21.59,553.75,2387.95,9039.07,1.3,47.19,521.27,2387.97,8130.56,8.3792,0.03,393,2388,100.0,39.16,23.48,246,213,Healthy,86.59,0
62,34,0.0014,-0.0,100.0,518.67,641.5,1579.44,1391.02,14.62,21.59,553.09,2387.9,9048.75,1.3,47.09,521.06,2387.93,8131.24,8.3994,0.03,391,2388,100.0,38.88,23.4694,246,212,Healthy,86.18,0
62,35,0.0007,-0.0005,100.0,518.67,642.14,1572.83,1402.66,14.62,21.58,550.14,2387.27,9042.63,1.3,47.18,518.83,2387.31,8116.19,8.4629,0.03,390,2388,100.0,38.86,23.2991,246,211,Healthy,85.77,0
62,36,0.0062,-0.0004,100.0,518.67,642.01,1578.67,1393.59,14.62,21.59,552.53,2387.87,9048.99,1.3,46.95,521.05,2387.95,8132.86,8.4128,0.03,391,2388,100.0,39.03,23.4984,246,210,Healthy,85.37,0
62,37,0.0018,0.0002,100.0,518.67,641.14,1574.22,1384.95,14.62,21.59,553.53,2387.97,9044.4,1.3,47.06,521.31,2387.93,8130.16,8.3764,0.03,391,2388,100.0,39.02,23.3513,246,209,Healthy,84.96,0
62,38,-0.0002,0.0001,100.0,518.67,642.0,1578.7,1389.76,14.62,21.59,553.09,2387.92,9047.82,1.3,46.88,521.24,2387.97,8126.95,8.3757,0.03,391,2388,100.0,39.03,23.4131,246,208,Healthy,84.55,0
62,39,0.0004,-0.0002,100.0,518.67,642.04,1580.74,1387.77,14.62,21.59,553.79,2387.91,9041.8,1.3,46.99,520.74,2387.97,8134.96,8.3828,0.03,391,2388,100.0,38.8,23.3853,246,207,Healthy,84.15,0
62,40,0.0047,0.0003,100.0,518.67,641.76,1586.93,1386.75,14.62,21.59,553.85,2387.96,9045.13,1.3,46.87,520.73,2387.94,8134.49,8.4289,0.03,390,2388,100.0,38.99,23.3767,246,206,Healthy,83.74,0
62,41,0.0005,-0.0003,100.0,518.67,641.52,1577.42,1387.42,14.62,21.59,555.02,2387.93,9046.64,1.3,46.88,521.41,2387.98,8131.22,8.3734,0.03,388,2388,100.0,39.11,23.4137,246,205,Healthy,83.33,0
62,42,0.0007,0.0004,100.0,518.67,642.11,1583.24,1388.71,14.62,21.59,553.38,2387.93,9042.66,1.3,46.92,520.44,2387.96,8130.29,8.3843,0.03,391,2388,100.0,39.09,23.4006,246,204,Healthy,82.93,0
62,43,-0.0009,0.0003,100.0,518.67,642.15,1582.13,1389.97,14.62,21.59,553.06,2387.95,9044.07,1.3,47.02,520.65,2387.9,8131.31,8.3996,0.03,391,2388,100.0,38.93,23.3261,246,203,Healthy,82.52,0
62,44,-0.004,0.0001,100.0,518.67,642.46,1586.69,1397.71,14.62,21.59,553.37,2387.91,9048.64,1.3,47.08,521.04,2387.95,8134.05,8.3838,0.03,389,2388,100.0,38.99,23.4665,246,202,Healthy,82.11,0
62,45,-0.0011,-0.0003,100.0,518.67,641.93,1578.04,1395.06,14.62,21.59,553.45,2387.97,9044.15,1.3,47.09,520.56,2387.97,8133.41,8.3855,0.03,391,2388,100.0,39.09,23.4125,246,201,Healthy,81.71,0
62,46,0.0022,-0.0001,100.0,518.67,641.8,1577.8,1387.17,14.62,21.59,553.37,2387.94,9047.23,1.3,47.01,520.93,2387.96,8129.46,8.4429,0.03,391,2388,100.0,38.88,23.4039,246,200,Healthy,81.3,0
62,47,-0.0003,-0.0003,100.0,518.67,641.35,1583.89,1389.44,14.62,21.58,552.44,2387.91,9039.95,1.3,46.92,520.97,2387.9,8130.57,8.396,0.03,391,2388,100.0,38.95,23.3413,246,199,Healthy,80.89,0
62,48,-0.0002,0.0001,100.0,518.67,641.93,1590.72,1392.99,14.62,21.59,552.42,2387.91,9047.79,1.3,46.96,521.16,2387.94,8131.79,8.3914,0.03,392,2388,100.0,38.93,23.3995,246,198,Healthy,80.49,0
62,49,-0.0033,0.0002,100.0,518.67,641.87,1581.03,1388.47,14.62,21.59,553.48,2387.96,9043.86,1.3,46.97,520.89,2387.95,8129.02,8.3837,0.03,390,2388,100.0,39.07,23.4284,246,197,Healthy,80.08,0
62,50,0.0007,0.0004,100.0,518.67,642.1,1579.95,1398.79,14.62,21.59,553.46,2387.88,9040.17,1.3,47.12,520.97,2387.92,8131.31,8.3831,0.03,392,2388,100.0,38.94,23.3996,246,196,Healthy,79.67,0
63,1,0.0023,-0.0004,100.0,518.67,642.49,1588.39,1407.84,14.62,21.61,554.17,2388.12,9044.12,1.3,47.28,522.31,2387.96,8129.72,8.4301,0.03,393,2388,100.0,39.04,23.3537,231,230,Healthy,99.57,0
63,2,-0.0017,-0.0001,100.0,518.67,642.06,1580.41,1398.93,14.62,21.61,554.24,2388.06,9049.64,1.3,47.44,521.93,2388.09,8138.19,8.425,0.03,393,2388,100.0,38.83,23.3576,231,229,Healthy,99.13,0
63,3,0.001,-0.0002,100.0,518.67,642.5,1583.99,1393.23,14.62,21.61,554.32,2388.09,9057.46,1.3,47.32,521.92,2388.05,8131.93,8.4389,0.03,392,2388,100.0,38.96,23.4229,231,228,Healthy,98.7,0
63,4,0.0008,-0.0004,100.0,518.67,642.46,1585.14,1405.2,14.62,21.61,554.54,2388.1,9047.56,1.3,47.49,521.91,2388.06,8127.0,8.3925,0.03,392,2388,100.0,38.82,23.4851,231,227,Healthy,98.27,0
63,5,0.0022,0.0001,100.0,518.67,642.63,1586.25,1406.42,14.62,21.61,553.58,2388.11,9041.82,1.3,47.44,521.91,2388.06,8128.16,8.4392,0.03,392,2388,100.0,38.87,23.3456,231,226,Healthy,97.84,0
63,6,0.0014,-0.0001,100.0,518.67,642.29,1591.33,1399.44,14.62,21.61,553.92,2388.11,9053.9,1.3,47.25,522.18,2388.04,8130.46,8.4263,0.03,393,2388,100.0,39.01,23.4197,231,225,Healthy,97.4,0
63,7,0.0,0.0002,100.0,518.67,641.99,1583.99,1403.71,14.62,21.61,553.96,2388.04,9049.11,1.3,47.18,521.99,2388.07,8128.7,8.3994,0.03,393,2388,100.0,39.0,23.3395,231,224,Healthy,96.97,0
63,8,0.0015,0.0003,100.0,518.67,642.7,1583.32,1399.22,14.62,21.61,554.65,2388.08,9048.84,1.3,47.34,521.81,2388.14,8129.28,8.4314,0.03,393,2388,100.0,38.94,23.3198,231,223,Healthy,96.54,0
63,9,-0.0012,0.0005,100.0,518.67,642.58,1590.65,1398.59,14.62,21.61,554.23,2388.04,9052.91,1.3,47.59,522.26,2388.03,8136.42,8.3983,0.03,393,2388,100.0,38.71,23.391,231,222,Healthy,96.1,0
63,10,-0.001,-0.0002,100.0,518.67,642.29,1586.55,1399.54,14.62,21.61,553.55,2388.04,9045.04,1.3,47.3,522.45,2388.09,8132.23,8.3928,0.03,392,2388,100.0,38.95,23.3646,231,221,Healthy,95.67,0
63,11,-0.0005,0.0,100.0,518.67,642.53,1589.31,1401.15,14.62,21.61,553.77,2388.03,9042.06,1.3,47.41,522.78,2388.05,8135.33,8.4167,0.03,392,2388,100.0,38.9,23.2838,231,220,Healthy,95.24,0
63,12,-0.0059,0.0003,100.0,518.67,641.89,1590.14,1407.54,14.62,21.61,554.36,2388.08,9040.56,1.3,47.38,522.29,2388.04,8124.39,8.405,0.03,392,2388,100.0,38.98,23.4039,231,219,Healthy,94.81,0
63,13,0.0051,0.0003,100.0,518.67,642.7,1585.29,1400.62,14.62,21.61,554.43,2388.05,9052.75,1.3,47.36,522.19,2388.11,8132.24,8.4374,0.03,389,2388,100.0,38.98,23.2653,231,218,Healthy,94.37,0
63,14,-0.0036,-0.0004,100.0,518.67,642.16,1581.52,1396.22,14.62,21.61,554.09,2388.11,9043.78,1.3,47.2,521.94,2388.08,8130.8,8.4659,0.03,392,2388,100.0,38.92,23.3281,231,217,Healthy,93.94,0
63,15,0.0006,-0.0001,100.0,518.67,642.49,1586.42,1404.42,14.62,21.61,554.18,2388.06,9047.94,1.3,47.24,521.92,2388.06,8137.38,8.4391,0.03,391,2388,100.0,39.05,23.376,231,216,Healthy,93.51,0
63,16,-0.0006,0.0003,100.0,518.67,641.93,1589.43,1410.26,14.62,21.61,553.75,2388.01,9042.8,1.3,47.55,521.41,2388.04,8132.52,8.4144,0.03,391,2388,100.0,39.08,23.2932,231,215,Healthy,93.07,0
63,17,-0.0011,0.0002,100.0,518.67,641.97,1593.78,1411.46,14.62,21.61,554.52,2388.09,9042.35,1.3,47.29,521.83,2388.12,8126.28,8.366,0.03,392,2388,100.0,39.02,23.3197,231,214,Healthy,92.64,0
63,18,-0.0015,0.0002,100.0,518.67,642.57,1586.83,1399.37,14.62,21.61,554.46,2388.09,9049.35,1.3,47.51,521.81,2388.07,8129.94,8.4153,0.03,392,2388,100.0,38.92,23.4382,231,213,Healthy,92.21,0
63,19,-0.0036,0.0004,100.0,518.67,642.93,1583.74,1397.64,14.62,21.61,554.04,2388.06,9052.28,1.3,47.33,522.03,2388.07,8129.26,8.416,0.03,392,2388,100.0,38.83,23.3171,231,212,Healthy,91.77,0
63,20,-0.0034,-0.0001,100.0,518.67,642.01,1581.23,1407.01,14.62,21.61,553.83,2388.08,9047.49,1.3,47.35,522.26,2388.05,8124.52,8.4253,0.03,391,2388,100.0,39.1,23.3612,231,211,Healthy,91.34,0
63,21,0.0003,0.0001,100.0,518.67,642.52,1586.4,1398.93,14.62,21.61,553.83,2388.09,9047.59,1.3,47.36,521.55,2388.09,8136.01,8.4496,0.03,391,2388,100.0,38.9,23.3351,231,210,Healthy,90.91,0
63,22,0.0035,0.0001,100.0,518.67,642.29,1584.33,1403.44,14.62,21.61,554.24,2388.08,9047.76,1.3,47.23,521.7,2388.06,8131.39,8.4139,0.03,391,2388,100.0,39.07,23.3585,231,209,Healthy,90.48,0
63,23,0.0006,0.0003,100.0,518.67,641.95,1587.02,1402.09,14.62,21.61,554.06,2388.06,9048.94,1.3,47.13,521.67,2388.07,8134.17,8.4188,0.03,392,2388,100.0,38.96,23.4,231,208,Healthy,90.04,0
63,24,-0.0021,-0.0004,100.0,518.67,642.05,1582.21,1403.87,14.62,21.61,553.71,2388.04,9059.07,1.3,47.25,521.4,2388.06,8135.08,8.4218,0.03,392,2388,100.0,38.84,23.3886,231,207,Healthy,89.61,0
63,25,-0.0004,-0.0,100.0,518.67,642.41,1591.38,1405.19,14.62,21.61,554.02,2388.07,9045.99,1.3,47.38,522.53,2388.06,8131.21,8.4047,0.03,391,2388,100.0,39.03,23.3477,231,206,Healthy,89.18,0
63,26,-0.0011,-0.0001,100.0,518.67,642.22,1593.7,1403.07,14.62,21.6,553.2,2388.0,9047.75,1.3,47.3,521.57,2388.11,8132.34,8.4377,0.03,392,2388,100.0,39.01,23.4465,231,205,Healthy,88.74,0
63,27,-0.0013,-0.0003,100.0,518.67,641.94,1590.79,1403.32,14.62,21.61,554.48,2388.09,9056.29,1.3,47.36,522.3,2388.08,8130.2,8.4402,0.03,392,2388,100.0,38.96,23.3526,231,204,Healthy,88.31,0
63,28,-0.0029,0.0003,100.0,518.67,642.31,1583.95,1404.45,14.62,21.61,553.53,2388.05,9053.3,1.3,47.18,521.9,2388.07,8136.51,8.4337,0.03,393,2388,100.0,39.04,23.3099,231,203,Healthy,87.88,0
63,29,0.0038,-0.0,100.0,518.67,642.26,1587.85,1402.77,14.62,21.61,554.07,2388.06,9041.43,1.3,47.34,521.81,2388.1,8132.57,8.4367,0.03,393,2388,100.0,38.99,23.3651,231,202,Healthy,87.45,0
63,30,0.0015,0.0001,100.0,518.67,642.38,1581.42,1399.17,14.62,21.61,553.87,2388.05,9050.37,1.3,47.42,521.49,2388.06,8132.09,8.4303,0.03,392,2388,100.0,38.83,23.3564,231,201,Healthy,87.01,0
63,31,0.0019,0.0,100.0,518.67,642.38,1585.99,1403.93,14.62,21.61,554.31,2388.03,9052.41,1.3,47.32,521.84,2388.07,8131.93,8.4552,0.03,391,2388,100.0,39.03,23.2535,231,200,Healthy,86.58,0
63,32,0.0004,0.0002,100.0,518.67,642.65,1583.57,1408.4,14.62,21.61,553.61,2388.08,9043.83,1.3,47.21,521.26,2388.07,8125.71,8.4109,0.03,391,2388,100.0,38.94,23.4501,231,199,Healthy,86.15,0
63,33,0.004,-0.0004,100.0,518.67,641.79,1589.66,1401.8,14.62,21.61,553.58,2388.11,9042.15,1.3,47.41,521.96,2388.07,8129.82,8.4105,0.03,393,2388,100.0,39.05,23.3919,231,198,Healthy,85.71,0
63,34,0.0006,0.0004,100.0,518.67,641.93,1579.47,1399.55,14.62,21.61,553.63,2388.03,9050.45,1.3,47.54,522.05,2388.08,8126.26,8.428,0.03,393,2388,100.0,38.85,23.3972,231,197,Healthy,85.28,0
63,35,-0.0039,-0.0001,100.0,518.67,642.27,1583.86,1403.05,14.62,21.61,553.7,2388.04,9050.55,1.3,47.43,521.13,2388.11,8130.75,8.4028,0.03,392,2388,100.0,38.87,23.3464,231,196,Healthy,84.85,0
63,36,-0.0037,-0.0001,100.0,518.67,642.21,1584.6,1401.5,14.62,21.61,554.02,2388.1,9055.06,1.3,47.48,521.98,2388.06,8135.88,8.3856,0.03,393,2388,100.0,38.9,23.3361,231,195,Healthy,84.42,0
63,37,-0.001,-0.0001,100.0,518.67,642.48,1590.11,1404.81,14.62,21.61,554.18,2388.1,9047.33,1.3,47.23,521.13,2388.1,8132.14,8.4294,0.03,391,2388,100.0,38.95,23.3643,231,194,Healthy,83.98,0
63,38,0.0015,0.0,100.0,518.67,642.62,1583.8,1401.2,14.62,21.61,554.25,2388.12,9048.75,1.3,47.26,521.42,2388.08,8132.64,8.4224,0.03,392,2388,100.0,38.85,23.3442,231,193,Healthy,83.55,0
63,39,0.0022,-0.0003,100.0,518.67,642.18,1586.64,1392.68,14.62,21.61,554.43,2388.06,9044.51,1.3,47.43,522.13,2388.08,8134.97,8.4247,0.03,391,2388,100.0,39.04,23.2785,231,192,Healthy,83.12,0
63,40,-0.0015,-0.0004,100.0,518.67,642.88,1578.52,1404.9,14.62,21.61,554.26,2388.03,9052.04,1.3,47.3,522.17,2388.03,8131.26,8.4268,0.03,393,2388,100.0,38.9,23.4465,231,191,Healthy,82.68,0
63,41,-0.0012,-0.0002,100.0,518.67,642.63,1587.78,1402.18,14.62,21.6,553.84,2388.02,9055.81,1.3,47.3,522.11,2388.06,8132.93,8.4132,0.03,393,2388,100.0,38.91,23.3894,231,190,Healthy,82.25,0
63,42,0.0012,-0.0,100.0,518.67,642.06,1582.95,1400.9,14.62,21.61,553.55,2388.12,9047.82,1.3,47.48,522.46,2388.06,8128.13,8.4258,0.03,393,2388,100.0,38.84,23.4391,231,189,Healthy,81.82,0
63,43,-0.0007,0.0004,100.0,518.67,642.66,1584.81,1403.39,14.62,21.61,554.23,2388.08,9051.41,1.3,47.39,521.92,2388.1,8126.1,8.3815,0.03,392,2388,100.0,38.84,23.3703,231,188,Healthy,81.39,0
63,44,-0.0022,-0.0002,100.0,518.67,642.41,1583.6,1405.97,14.62,21.61,553.66,2388.05,9046.72,1.3,47.26,521.68,2388.06,8132.29,8.4136,0.03,393,2388,100.0,39.1,23.3373,231,187,Healthy,80.95,0
63,45,-0.0001,-0.0005,100.0,518.67,641.95,1583.52,1408.0,14.62,21.61,553.52,2388.05,9047.82,1.3,47.46,521.82,2388.06,8129.03,8.4081,0.03,393,2388,100.0,39.0,23.3956,231,186,Healthy,80.52,0
63,46,0.0003,-0.0004,100.0,518.67,641.97,1589.15,1402.43,14.62,21.61,554.13,2388.06,9033.65,1.3,47.27,522.09,2388.07,8134.1,8.441,0.03,392,2388,100.0,38.87,23.3272,231,185,Healthy,80.09,0
63,47,0.0039,0.0004,100.0,518.67,642.37,1586.62,1405.33,14.62,21.61,554.3,2388.06,9047.76,1.3,47.15,521.39,2388.11,8125.91,8.4138,0.03,392,2388,100.0,39.03,23.3583,231,184,Healthy,79.65,0
63,48,0.0004,0.0,100.0,518.67,642.42,1585.87,1399.6,14.62,21.61,553.98,2388.14,9049.18,1.3,47.19,521.96,2388.05,8137.85,8.3935,0.03,392,2388,100.0,39.03,23.3425,231,183,Healthy,79.22,0
63,49,-0.0004,0.0003,100.0,518.67,642.62,1586.12,1395.69,14.62,21.61,553.32,2388.08,9052.27,1.3,47.39,522.34,2388.07,8124.7,8.4042,0.03,394,2388,100.0,38.94,23.3261,231,182,Healthy,78.79,0
63,50,-0.0023,0.0003,100.0,518.67,642.3,1585.78,1403.93,14.62,21.61,553.39,2388.08,9052.05,1.3,47.49,521.66,2388.08,8126.79,8.4593,0.03,391,2388,100.0,38.94,23.4332,231,181,Healthy,78.35,0
64,1,-0.0027,0.0006,100.0,518.67,642.67,1577.75,1397.44,14.62,21.61,553.81,2387.99,9061.27,1.3,47.3,522.27,2388.05,8143.82,8.4246,0.03,391,2388,100.0,39.05,23.429,195,194,Healthy,99.49,0
64,2,-0.0029,0.0002,100.0,518.67,642.32,1592.71,1396.5,14.62,21.61,554.56,2388.06,9067.83,1.3,47.39,522.02,2388.02,8147.13,8.3729,0.03,391,2388,100.0,38.9,23.3911,195,193,Healthy,98.97,0
64,3,0.0008,0.0001,100.0,518.67,642.38,1583.54,1392.18,14.62,21.61,553.94,2387.98,9065.08,1.3,47.38,522.52,2388.02,8148.17,8.3976,0.03,392,2388,100.0,38.77,23.4478,195,192,Healthy,98.46,0
64,4,-0.0026,0.0005,100.0,518.67,641.91,1585.74,1393.91,14.62,21.61,554.13,2388.0,9062.14,1.3,47.42,522.42,2387.99,8142.44,8.3927,0.03,393,2388,100.0,38.64,23.3325,195,191,Healthy,97.95,0
64,5,0.002,0.0005,100.0,518.67,642.04,1588.31,1399.31,14.62,21.61,554.66,2388.04,9060.02,1.3,47.33,522.37,2388.08,8143.37,8.4103,0.03,390,2388,100.0,38.96,23.4111,195,190,Healthy,97.44,0
64,6,-0.0032,-0.0001,100.0,518.67,642.25,1586.47,1396.54,14.62,21.61,554.56,2388.04,9062.22,1.3,47.31,522.41,2388.05,8145.44,8.3861,0.03,392,2388,100.0,39.06,23.3261,195,189,Healthy,96.92,0
64,7,0.0009,0.0003,100.0,518.67,642.67,1592.03,1404.67,14.62,21.61,554.47,2388.04,9058.27,1.3,47.13,522.26,2388.01,8149.07,8.3887,0.03,392,2388,100.0,38.9,23.4444,195,188,Healthy,96.41,0
64,8,0.0035,0.0004,100.0,518.67,642.27,1586.41,1398.22,14.62,21.61,554.62,2388.02,9069.77,1.3,47.3,522.22,2388.08,8146.09,8.4008,0.03,390,2388,100.0,38.91,23.4013,195,187,Healthy,95.9,0
64,9,-0.0012,-0.0001,100.0,518.67,642.34,1592.02,1395.46,14.62,21.61,554.16,2388.08,9064.21,1.3,47.2,522.17,2388.01,8144.07,8.3924,0.03,391,2388,100.0,39.1,23.4356,195,186,Healthy,95.38,0
64,10,-0.0031,0.0007,100.0,518.67,642.21,1584.08,1399.76,14.62,21.61,554.54,2388.0,9067.84,1.3,47.17,521.63,2388.03,8143.31,8.4418,0.03,393,2388,100.0,38.98,23.3164,195,185,Healthy,94.87,0
64,11,-0.0004,0.0006,100.0,518.67,642.13,1591.29,1397.35,14.62,21.61,553.8,2388.0,9063.52,1.3,47.32,521.58,2387.99,8151.29,8.4184,0.03,392,2388,100.0,38.85,23.3537,195,184,Healthy,94.36,0
64,12,-0.0004,0.0004,100.0,518.67,642.14,1581.92,1401.31,14.62,21.61,553.42,2388.03,9060.25,1.3,47.31,522.34,2388.03,8147.55,8.4086,0.03,392,2388,100.0,38.81,23.396,195,183,Healthy,93.85,0
64,13,-0.0023,0.0005,100.0,518.67,642.69,1585.77,1401.28,14.62,21.61,553.83,2388.04,9067.72,1.3,47.19,521.81,2388.03,8146.6,8.4255,0.03,391,2388,100.0,38.93,23.4386,195,182,Healthy,93.33,0
64,14,-0.0016,0.0007,100.0,518.67,642.11,1580.94,1395.74,14.62,21.61,553.99,2387.98,9062.78,1.3,47.07,521.95,2388.0,8141.64,8.4234,0.03,392,2388,100.0,39.08,23.3293,195,181,Healthy,92.82,0
64,15,-0.0018,0.0002,100.0,518.67,642.19,1586.22,1403.15,14.62,21.61,554.98,2388.02,9071.18,1.3,47.09,522.17,2388.08,8143.37,8.3994,0.03,391,2388,100.0,38.84,23.3292,195,180,Healthy,92.31,0
64,16,-0.0011,0.0005,100.0,518.67,642.29,1580.47,1397.69,14.62,21.61,554.1,2388.07,9059.5,1.3,47.27,522.09,2388.02,8149.09,8.4017,0.03,392,2388,100.0,39.07,23.3533,195,179,Healthy,91.79,0
64,17,0.0001,0.0005,100.0,518.67,642.44,1592.69,1402.07,14.62,21.61,554.18,2388.04,9063.87,1.3,47.38,521.9,2387.98,8144.45,8.3944,0.03,392,2388,100.0,39.03,23.4441,195,178,Healthy,91.28,0
64,18,-0.0025,-0.0003,100.0,518.67,642.53,1583.34,1404.85,14.62,21.61,554.27,2388.03,9061.11,1.3,47.47,522.42,2387.96,8148.28,8.4392,0.03,393,2388,100.0,39.01,23.4046,195,177,Healthy,90.77,0
64,19,-0.0009,0.0003,100.0,518.67,642.0,1586.65,1395.36,14.62,21.61,554.75,2388.0,9066.64,1.3,47.48,522.29,2388.01,8143.27,8.4021,0.03,392,2388,100.0,38.99,23.3969,195,176,Healthy,90.26,0
64,20,0.0006,-0.0002,100.0,518.67,642.24,1584.54,1398.84,14.62,21.61,554.24,2388.02,9066.45,1.3,47.15,522.2,2388.0,8145.69,8.4381,0.03,393,2388,100.0,39.01,23.3771,195,175,Healthy,89.74,0
64,21,0.0001,0.0001,100.0,518.67,641.4,1584.31,1407.36,14.62,21.61,554.5,2388.01,9060.23,1.3,47.22,521.99,2388.01,8147.09,8.425,0.03,390,2388,100.0,39.06,23.3409,195,174,Healthy,89.23,0
64,22,0.0035,0.0003,100.0,518.67,642.6,1586.06,1396.11,14.62,21.61,554.79,2388.0,9074.09,1.3,47.3,522.84,2388.0,8154.22,8.4348,0.03,392,2388,100.0,38.89,23.4046,195,173,Healthy,88.72,0
64,23,-0.0012,0.0005,100.0,518.67,642.35,1585.16,1406.21,14.62,21.61,554.56,2388.01,9067.98,1.3,47.27,522.29,2388.07,8142.52,8.3764,0.03,391,2388,100.0,39.05,23.4049,195,172,Healthy,88.21,0
64,24,0.0007,0.0001,100.0,518.67,642.38,1585.04,1410.6,14.62,21.61,553.86,2388.05,9066.86,1.3,47.1,522.03,2388.04,8142.69,8.4037,0.03,393,2388,100.0,38.95,23.417,195,171,Healthy,87.69,0
64,25,0.0019,-0.0003,100.0,518.67,641.78,1581.11,1397.69,14.62,21.61,554.35,2388.03,9061.98,1.3,47.33,522.04,2388.03,8145.71,8.3746,0.03,392,2388,100.0,38.98,23.3258,195,170,Healthy,87.18,0
64,26,0.0002,-0.0002,100.0,518.67,642.67,1594.59,1404.03,14.62,21.61,554.48,2387.97,9060.46,1.3,47.26,522.51,2388.03,8143.05,8.434,0.03,392,2388,100.0,38.96,23.3046,195,169,Healthy,86.67,0
64,27,-0.0024,0.0,100.0,518.67,642.08,1587.73,1396.45,14.62,21.61,553.7,2388.01,9066.56,1.3,47.42,522.3,2388.02,8145.52,8.4352,0.03,392,2388,100.0,39.07,23.3671,195,168,Healthy,86.15,0
64,28,-0.0037,0.0006,100.0,518.67,642.42,1590.41,1399.08,14.62,21.61,554.96,2388.02,9062.35,1.3,47.17,522.52,2388.01,8142.12,8.4004,0.03,392,2388,100.0,38.88,23.2955,195,167,Healthy,85.64,0
64,29,-0.0011,-0.0001,100.0,518.67,642.66,1586.7,1391.07,14.62,21.61,554.25,2388.05,9060.67,1.3,47.2,522.76,2388.03,8139.55,8.4157,0.03,393,2388,100.0,38.83,23.4055,195,166,Healthy,85.13,0
64,30,-0.0029,0.0006,100.0,518.67,642.52,1590.21,1393.01,14.62,21.61,554.32,2388.05,9069.63,1.3,47.27,521.6,2388.02,8149.33,8.4074,0.03,391,2388,100.0,39.08,23.3401,195,165,Healthy,84.62,0
64,31,0.0019,0.0005,100.0,518.67,642.57,1583.95,1401.8,14.62,21.61,554.47,2388.03,9065.69,1.3,47.24,521.73,2388.0,8148.35,8.392,0.03,392,2388,100.0,38.86,23.4083,195,164,Healthy,84.1,0
64,32,-0.0001,0.0002,100.0,518.67,642.72,1585.6,1391.3,14.62,21.6,553.76,2388.01,9064.77,1.3,47.35,522.39,2388.02,8144.68,8.4029,0.03,392,2388,100.0,38.91,23.432,195,163,Healthy,83.59,0
64,33,-0.0002,0.0003,100.0,518.67,641.85,1581.04,1401.66,14.62,21.61,553.82,2387.97,9060.58,1.3,47.26,522.28,2388.0,8141.44,8.3772,0.03,392,2388,100.0,38.88,23.3392,195,162,Healthy,83.08,0
64,34,0.0012,-0.0002,100.0,518.67,642.52,1585.87,1401.04,14.62,21.61,554.53,2388.05,9057.68,1.3,47.32,521.46,2388.01,8141.63,8.4315,0.03,392,2388,100.0,38.95,23.4387,195,161,Healthy,82.56,0
64,35,0.0008,-0.0001,100.0,518.67,642.61,1585.74,1406.37,14.62,21.61,554.18,2388.03,9061.27,1.3,47.22,522.46,2388.04,8151.34,8.4248,0.03,392,2388,100.0,38.98,23.38,195,160,Healthy,82.05,0
64,36,-0.0022,-0.0003,100.0,518.67,642.27,1589.71,1398.82,14.62,21.61,553.87,2388.06,9065.94,1.3,47.24,521.82,2388.06,8144.38,8.4299,0.03,392,2388,100.0,39.04,23.4119,195,159,Healthy,81.54,0
64,37,0.0025,0.0001,100.0,518.67,642.41,1588.89,1399.79,14.62,21.61,554.13,2388.09,9066.0,1.3,47.01,522.09,2388.02,8143.55,8.4094,0.03,393,2388,100.0,39.05,23.3732,195,158,Healthy,81.03,0
64,38,-0.0002,0.0001,100.0,518.67,642.18,1589.54,1403.39,14.62,21.61,554.74,2388.0,9058.55,1.3,47.23,522.06,2387.96,8149.18,8.4319,0.03,391,2388,100.0,38.89,23.3307,195,157,Healthy,80.51,0
64,39,-0.0044,-0.0003,100.0,518.67,642.73,1591.95,1391.62,14.62,21.61,554.1,2387.99,9063.88,1.3,47.2,521.72,2388.05,8140.48,8.4293,0.03,390,2388,100.0,38.98,23.2478,195,156,Healthy,80.0,0
64,40,0.0035,-0.0,100.0,518.67,642.12,1582.78,1404.88,14.62,21.61,553.66,2388.05,9067.29,1.3,47.35,522.24,2388.01,8141.23,8.4339,0.03,391,2388,100.0,38.89,23.4006,195,155,Healthy,79.49,0
64,41,-0.001,-0.0001,100.0,518.67,641.87,1583.9,1398.84,14.62,21.61,553.97,2388.06,9060.38,1.3,47.23,522.3,2388.07,8146.41,8.447,0.03,391,2388,100.0,38.88,23.4122,195,154,Healthy,78.97,0
64,42,0.0007,-0.0,100.0,518.67,642.45,1592.35,1408.86,14.62,21.61,554.16,2388.03,9077.52,1.3,47.38,522.19,2388.01,8142.52,8.4102,0.03,391,2388,100.0,38.84,23.4363,195,153,Healthy,78.46,0
64,43,-0.0003,0.0007,100.0,518.67,642.58,1588.32,1405.47,14.62,21.61,554.23,2388.0,9067.66,1.3,47.25,522.31,2388.06,8146.87,8.3927,0.03,392,2388,100.0,38.97,23.35,195,152,Healthy,77.95,0
64,44,0.0006,0.0004,100.0,518.67,642.27,1584.37,1402.75,14.62,21.61,554.31,2388.0,9060.13,1.3,47.21,522.23,2388.01,8143.25,8.4024,0.03,391,2388,100.0,38.95,23.411,195,151,Healthy,77.44,0
64,45,0.0022,-0.0002,100.0,518.67,642.08,1583.33,1401.16,14.62,21.61,554.29,2387.99,9062.69,1.3,47.33,522.15,2388.04,8144.08,8.4477,0.03,393,2388,100.0,38.69,23.3837,195,150,Healthy,76.92,0
64,46,0.0003,0.0002,100.0,518.67,642.63,1587.35,1402.1,14.62,21.6,554.55,2388.06,9063.81,1.3,47.22,522.22,2388.03,8143.42,8.3923,0.03,393,2388,100.0,38.93,23.3921,195,149,Healthy,76.41,0
64,47,0.0029,0.0006,100.0,518.67,641.75,1584.6,1397.39,14.62,21.61,554.81,2388.0,9067.2,1.3,47.22,521.6,2388.03,8142.93,8.4181,0.03,393,2388,100.0,38.85,23.403,195,148,Healthy,75.9,0
64,48,0.0013,0.0007,100.0,518.67,642.38,1585.94,1396.66,14.62,21.61,554.12,2388.01,9065.76,1.3,47.24,522.36,2388.03,8148.79,8.4061,0.03,391,2388,100.0,39.08,23.492,195,147,Healthy,75.38,0
64,49,-0.0005,-0.0,100.0,518.67,642.28,1581.47,1399.38,14.62,21.61,553.87,2388.05,9065.3,1.3,47.29,522.25,2388.0,8141.48,8.413,0.03,392,2388,100.0,39.05,23.4462,195,146,Healthy,74.87,0
64,50,0.0002,0.0004,100.0,518.67,642.48,1587.85,1408.21,14.62,21.61,554.06,2388.02,9062.8,1.3,47.46,521.89,2388.06,8146.23,8.4157,0.03,393,2388,100.0,39.0,23.3614,195,145,Healthy,74.36,0
65,1,-0.0009,-0.0,100.0,518.67,641.81,1581.12,1402.36,14.62,21.61,554.29,2388.01,9057.57,1.3,47.39,522.52,2388.0,8146.48,8.4252,0.03,392,2388,100.0,39.24,23.4857,234,233,Healthy,99.57,0
65,2,-0.0005,-0.0003,100.0,518.67,642.61,1585.76,1395.78,14.62,21.61,554.04,2388.01,9047.51,1.3,47.29,521.93,2388.01,8144.31,8.3963,0.03,391,2388,100.0,38.99,23.4964,234,232,Healthy,99.15,0
65,3,0.0029,-0.0002,100.0,518.67,641.69,1580.31,1396.31,14.62,21.61,554.14,2387.99,9059.02,1.3,47.32,522.3,2388.04,8139.52,8.4077,0.03,391,2388,100.0,38.88,23.4213,234,231,Healthy,98.72,0
65,4,-0.0037,-0.0002,100.0,518.67,642.1,1585.9,1392.8,14.62,21.61,553.73,2388.02,9058.81,1.3,47.16,522.4,2388.0,8140.7,8.3926,0.03,392,2388,100.0,38.96,23.5098,234,230,Healthy,98.29,0
65,5,-0.0011,0.0005,100.0,518.67,642.05,1585.82,1398.57,14.62,21.61,554.62,2388.07,9061.58,1.3,47.09,522.41,2388.05,8146.16,8.402,0.03,392,2388,100.0,38.91,23.2991,234,229,Healthy,97.86,0
65,6,-0.0003,-0.0003,100.0,518.67,641.62,1590.25,1398.62,14.62,21.61,554.48,2387.97,9052.85,1.3,47.22,522.34,2387.99,8136.78,8.4081,0.03,393,2388,100.0,38.96,23.3958,234,228,Healthy,97.44,0
65,7,-0.0031,0.0005,100.0,518.67,641.94,1584.12,1391.69,14.62,21.6,554.67,2388.06,9059.27,1.3,47.19,522.09,2387.98,8139.14,8.3858,0.03,391,2388,100.0,39.24,23.4245,234,227,Healthy,97.01,0
65,8,0.0032,-0.0002,100.0,518.67,641.72,1582.68,1393.07,14.62,21.61,553.66,2388.06,9056.46,1.3,47.09,522.64,2388.02,8142.01,8.4249,0.03,392,2388,100.0,39.06,23.4225,234,226,Healthy,96.58,0
65,9,0.0037,-0.0001,100.0,518.67,641.52,1585.66,1394.26,14.62,21.61,554.93,2387.99,9050.81,1.3,47.06,521.91,2388.01,8140.82,8.3779,0.03,393,2388,100.0,38.99,23.4671,234,225,Healthy,96.15,0
65,10,-0.0027,-0.0001,100.0,518.67,641.88,1589.74,1399.11,14.62,21.61,554.86,2388.0,9059.1,1.3,47.2,522.03,2388.05,8136.84,8.4,0.03,390,2388,100.0,38.99,23.631,234,224,Healthy,95.73,0
65,11,0.0013,0.0002,100.0,518.67,642.24,1579.34,1392.98,14.62,21.61,554.24,2388.0,9061.68,1.3,47.19,522.53,2387.98,8136.14,8.4053,0.03,391,2388,100.0,39.14,23.4876,234,223,Healthy,95.3,0
65,12,-0.0009,0.0003,100.0,518.67,642.43,1581.39,1401.67,14.62,21.61,554.39,2388.06,9052.57,1.3,47.24,522.48,2388.08,8136.92,8.3814,0.03,392,2388,100.0,38.81,23.43,234,222,Healthy,94.87,0
65,13,0.0042,-0.0001,100.0,518.67,642.18,1582.23,1393.91,14.62,21.61,554.3,2388.05,9058.25,1.3,47.25,522.24,2387.99,8141.7,8.3858,0.03,392,2388,100.0,38.92,23.3911,234,221,Healthy,94.44,0
65,14,-0.003,0.0001,100.0,518.67,641.7,1580.23,1393.88,14.62,21.61,554.8,2388.03,9053.47,1.3,47.28,522.38,2388.0,8142.92,8.3968,0.03,390,2388,100.0,39.08,23.4343,234,220,Healthy,94.02,0
65,15,0.0011,0.0001,100.0,518.67,641.85,1579.23,1406.85,14.62,21.61,554.68,2388.05,9043.65,1.3,47.29,522.22,2388.05,8139.81,8.4069,0.03,393,2388,100.0,39.09,23.4158,234,219,Healthy,93.59,0
65,16,0.0013,-0.0,100.0,518.67,641.91,1586.32,1393.73,14.62,21.6,555.19,2388.01,9054.28,1.3,47.19,522.63,2388.01,8139.17,8.3991,0.03,391,2388,100.0,38.89,23.4041,234,218,Healthy,93.16,0
65,17,-0.0027,0.0005,100.0,518.67,642.13,1579.85,1400.03,14.62,21.61,554.16,2388.02,9052.79,1.3,47.11,522.41,2388.09,8140.01,8.4153,0.03,390,2388,100.0,39.1,23.4324,234,217,Healthy,92.74,0
65,18,0.0019,0.0004,100.0,518.67,641.82,1580.14,1395.22,14.62,21.61,554.15,2388.0,9054.66,1.3,47.22,522.3,2387.98,8138.7,8.4125,0.03,391,2388,100.0,39.07,23.4776,234,216,Healthy,92.31,0
65,19,-0.0011,0.0,100.0,518.67,642.07,1580.72,1403.76,14.62,21.61,554.62,2388.03,9055.05,1.3,47.27,522.93,2388.06,8136.57,8.4158,0.03,391,2388,100.0,38.9,23.3486,234,215,Healthy,91.88,0
65,20,0.0009,-0.0003,100.0,518.67,642.16,1578.74,1393.65,14.62,21.61,554.36,2388.01,9051.51,1.3,47.14,522.6,2388.03,8135.09,8.4022,0.03,394,2388,100.0,39.06,23.469,234,214,Healthy,91.45,0
65,21,-0.0041,-0.0003,100.0,518.67,641.72,1582.04,1393.61,14.62,21.61,554.48,2388.06,9060.53,1.3,47.28,522.25,2388.1,8136.46,8.4352,0.03,392,2388,100.0,39.02,23.4898,234,213,Healthy,91.03,0
65,22,-0.0,0.0005,100.0,518.67,642.39,1584.67,1395.2,14.62,21.61,554.54,2388.02,9056.33,1.3,47.31,522.6,2387.95,8143.99,8.4352,0.03,392,2388,100.0,38.92,23.4391,234,212,Healthy,90.6,0
65,23,-0.0003,0.0001,100.0,518.67,641.96,1581.19,1395.71,14.62,21.61,554.13,2387.99,9056.2,1.3,47.25,522.46,2388.05,8136.51,8.3991,0.03,393,2388,100.0,39.06,23.4081,234,211,Healthy,90.17,0
65,24,-0.0009,0.0003,100.0,518.67,642.19,1579.71,1394.66,14.62,21.61,554.57,2388.0,9054.1,1.3,47.2,522.4,2388.0,8137.43,8.3831,0.03,391,2388,100.0,39.02,23.4192,234,210,Healthy,89.74,0
65,25,-0.0001,0.0003,100.0,518.67,642.36,1589.62,1398.55,14.62,21.61,553.64,2388.05,9054.01,1.3,47.11,522.8,2388.02,8145.23,8.3908,0.03,391,2388,100.0,39.02,23.4339,234,209,Healthy,89.32,0
65,26,-0.0034,0.0005,100.0,518.67,642.06,1581.97,1396.21,14.62,21.61,554.4,2387.97,9053.83,1.3,47.09,522.22,2388.0,8136.21,8.3836,0.03,392,2388,100.0,39.13,23.5056,234,208,Healthy,88.89,0
65,27,0.0007,0.0,100.0,518.67,642.57,1586.31,1394.04,14.62,21.61,553.82,2388.03,9053.22,1.3,47.07,522.69,2387.97,8134.54,8.3939,0.03,392,2388,100.0,38.89,23.4694,234,207,Healthy,88.46,0
65,28,-0.0014,-0.0002,100.0,518.67,642.47,1586.52,1398.23,14.62,21.61,554.65,2388.06,9065.51,1.3,47.26,522.31,2388.04,8136.18,8.3982,0.03,391,2388,100.0,39.03,23.4379,234,206,Healthy,88.03,0
65,29,0.0015,0.0004,100.0,518.67,642.34,1583.82,1398.87,14.62,21.61,554.54,2388.0,9052.6,1.3,47.25,522.58,2388.01,8138.32,8.4116,0.03,390,2388,100.0,39.13,23.3375,234,205,Healthy,87.61,0
65,30,0.0012,0.0003,100.0,518.67,641.6,1589.72,1397.26,14.62,21.6,554.46,2388.0,9062.55,1.3,47.14,522.0,2388.04,8139.91,8.3775,0.03,392,2388,100.0,39.13,23.4085,234,204,Healthy,87.18,0
65,31,0.0,0.0005,100.0,518.67,642.46,1581.2,1402.17,14.62,21.61,554.48,2388.03,9055.38,1.3,47.12,522.61,2388.04,8144.47,8.3863,0.03,391,2388,100.0,38.96,23.4157,234,203,Healthy,86.75,0
65,32,-0.0033,-0.0004,100.0,518.67,642.23,1578.89,1397.79,14.62,21.61,554.64,2387.99,9051.91,1.3,47.06,522.33,2387.98,8135.29,8.3968,0.03,389,2388,100.0,39.03,23.493,234,202,Healthy,86.32,0
65,33,0.0017,0.0004,100.0,518.67,642.17,1578.1,1404.59,14.62,21.61,554.72,2387.99,9065.73,1.3,47.26,522.45,2387.96,8143.45,8.3994,0.03,391,2388,100.0,39.13,23.4015,234,201,Healthy,85.9,0
65,34,0.0012,-0.0003,100.0,518.67,641.5,1584.13,1403.1,14.62,21.61,554.66,2388.03,9049.9,1.3,47.19,522.58,2388.01,8138.04,8.3619,0.03,391,2388,100.0,39.22,23.4001,234,200,Healthy,85.47,0
65,35,-0.002,0.0003,100.0,518.67,642.01,1582.61,1400.73,14.62,21.61,555.02,2388.01,9054.51,1.3,47.07,522.58,2388.03,8138.19,8.3828,0.03,392,2388,100.0,39.07,23.4862,234,199,Healthy,85.04,0
65,36,0.0022,-0.0003,100.0,518.67,642.24,1594.79,1392.43,14.62,21.61,554.23,2388.03,9049.62,1.3,47.19,522.51,2388.05,8140.62,8.3975,0.03,391,2388,100.0,39.03,23.4272,234,198,Healthy,84.62,0
65,37,-0.0003,-0.0003,100.0,518.67,641.87,1590.22,1396.85,14.62,21.61,554.11,2388.03,9054.89,1.3,47.11,522.38,2388.05,8143.81,8.4052,0.03,392,2388,100.0,39.02,23.3749,234,197,Healthy,84.19,0
65,38,0.0016,-0.0004,100.0,518.67,642.01,1584.95,1395.62,14.62,21.61,554.14,2387.93,9056.92,1.3,47.15,522.62,2388.07,8142.02,8.3851,0.03,392,2388,100.0,39.03,23.3787,234,196,Healthy,83.76,0
65,39,-0.0001,-0.0,100.0,518.67,641.97,1585.13,1395.36,14.62,21.61,554.87,2388.01,9055.32,1.3,47.3,522.46,2388.05,8141.54,8.4125,0.03,392,2388,100.0,39.1,23.3811,234,195,Healthy,83.33,0
65,40,0.0028,0.0001,100.0,518.67,642.44,1572.05,1391.91,14.62,21.6,554.51,2387.98,9053.99,1.3,46.88,521.98,2388.02,8138.64,8.3884,0.03,390,2388,100.0,39.0,23.4054,234,194,Healthy,82.91,0
65,41,-0.0012,-0.0,100.0,518.67,642.7,1584.57,1393.07,14.62,21.61,554.51,2387.99,9057.96,1.3,47.12,522.29,2388.07,8144.35,8.4357,0.03,392,2388,100.0,39.05,23.4527,234,193,Healthy,82.48,0
65,42,-0.0026,-0.0003,100.0,518.67,642.48,1587.95,1401.17,14.62,21.61,554.41,2388.01,9060.75,1.3,47.18,522.89,2388.03,8144.17,8.4236,0.03,391,2388,100.0,39.15,23.4966,234,192,Healthy,82.05,0
65,43,-0.0012,0.0003,100.0,518.67,642.57,1579.67,1394.15,14.62,21.61,554.38,2387.97,9053.21,1.3,47.27,522.46,2388.05,8137.97,8.4122,0.03,390,2388,100.0,38.78,23.4144,234,191,Healthy,81.62,0
65,44,-0.0012,-0.0003,100.0,518.67,641.94,1568.93,1398.2,14.62,21.6,553.8,2388.05,9047.71,1.3,47.08,522.74,2388.02,8139.49,8.4074,0.03,394,2388,100.0,38.99,23.5404,234,190,Healthy,81.2,0
65,45,-0.0017,0.0004,100.0,518.67,641.52,1579.49,1390.69,14.62,21.61,554.7,2388.03,9057.19,1.3,47.14,521.56,2387.99,8138.93,8.3825,0.03,390,2388,100.0,39.17,23.4302,234,189,Healthy,80.77,0
65,46,-0.0013,0.0005,100.0,518.67,642.34,1587.94,1388.78,14.62,21.61,554.1,2388.0,9058.25,1.3,47.25,522.68,2388.03,8142.22,8.4162,0.03,391,2388,100.0,39.13,23.4058,234,188,Healthy,80.34,0
65,47,-0.0036,-0.0003,100.0,518.67,641.68,1583.35,1398.0,14.62,21.61,555.42,2388.04,9055.42,1.3,47.12,522.37,2387.99,8137.88,8.41,0.03,390,2388,100.0,38.95,23.2811,234,187,Healthy,79.91,0
65,48,-0.007,-0.0004,100.0,518.67,642.03,1575.92,1397.91,14.62,21.61,555.18,2387.99,9054.85,1.3,47.16,522.27,2388.05,8141.51,8.4106,0.03,391,2388,100.0,38.84,23.3833,234,186,Healthy,79.49,0
65,49,-0.0013,-0.0002,100.0,518.67,642.18,1586.51,1397.61,14.62,21.61,554.34,2388.01,9056.97,1.3,47.29,522.46,2388.04,8142.25,8.4082,0.03,390,2388,100.0,39.04,23.4485,234,185,Healthy,79.06,0
65,50,0.0007,0.0004,100.0,518.67,641.89,1591.22,1402.97,14.62,21.61,554.21,2388.06,9055.48,1.3,47.33,522.2,2387.99,8140.83,8.3984,0.03,391,2388,100.0,38.93,23.3649,234,184,Healthy,78.63,0
66,1,-0.0003,-0.0001,100.0,518.67,641.95,1575.8,1399.51,14.62,21.61,554.89,2388.02,9060.68,1.3,47.32,522.22,2388.02,8149.15,8.364,0.03,392,2388,100.0,39.17,23.323,165,164,Healthy,99.39,0
66,2,-0.0002,0.0003,100.0,518.67,641.86,1573.88,1394.83,14.62,21.61,554.36,2388.0,9058.88,1.3,47.13,522.5,2388.02,8147.55,8.3973,0.03,390,2388,100.0,38.92,23.3749,165,163,Healthy,98.79,0
66,3,0.0006,-0.0004,100.0,518.67,642.12,1586.56,1394.62,14.62,21.6,554.47,2387.95,9058.67,1.3,47.01,522.58,2388.04,8141.47,8.3865,0.03,392,2388,100.0,39.14,23.5348,165,162,Healthy,98.18,0
66,4,0.002,-0.0001,100.0,518.67,642.5,1582.47,1400.46,14.62,21.61,555.45,2387.94,9071.77,1.3,47.0,522.66,2388.02,8148.09,8.3862,0.03,392,2388,100.0,39.04,23.4105,165,161,Healthy,97.58,0
66,5,0.0002,-0.0,100.0,518.67,642.21,1588.43,1401.52,14.62,21.61,554.99,2387.98,9059.63,1.3,47.11,522.93,2388.02,8141.14,8.4139,0.03,393,2388,100.0,39.13,23.4361,165,160,Healthy,96.97,0
66,6,0.0008,-0.0004,100.0,518.67,641.92,1580.51,1392.28,14.62,21.6,554.32,2388.01,9060.78,1.3,47.23,522.37,2388.0,8152.08,8.3865,0.03,392,2388,100.0,39.02,23.4526,165,159,Healthy,96.36,0
66,7,0.0029,-0.0002,100.0,518.67,642.05,1583.46,1400.08,14.62,21.61,555.01,2387.97,9064.9,1.3,46.98,522.32,2388.0,8146.83,8.3816,0.03,391,2388,100.0,39.17,23.3466,165,158,Healthy,95.76,0
66,8,-0.0002,0.0001,100.0,518.67,641.96,1586.69,1389.33,14.62,21.61,554.84,2388.03,9055.19,1.3,47.24,522.34,2387.95,8142.65,8.3534,0.03,391,2388,100.0,39.07,23.4222,165,157,Healthy,95.15,0
66,9,-0.0018,0.0002,100.0,518.67,641.45,1586.12,1396.18,14.62,21.61,554.12,2388.0,9062.31,1.3,47.13,522.47,2387.97,8146.62,8.3894,0.03,390,2388,100.0,39.21,23.4636,165,156,Healthy,94.55,0
66,10,-0.0004,0.0003,100.0,518.67,641.9,1585.63,1394.04,14.62,21.61,554.5,2387.96,9060.69,1.3,47.14,521.99,2387.98,8150.19,8.3877,0.03,391,2388,100.0,39.0,23.4465,165,155,Healthy,93.94,0
66,11,-0.0013,0.0004,100.0,518.67,642.3,1587.56,1401.55,14.62,21.61,554.7,2388.06,9052.7,1.3,47.42,522.64,2387.96,8142.34,8.3865,0.03,392,2388,100.0,39.1,23.4632,165,154,Healthy,93.33,0
66,12,-0.0001,0.0005,100.0,518.67,642.34,1574.99,1387.88,14.62,21.61,554.02,2388.01,9059.73,1.3,47.23,522.55,2388.0,8140.17,8.4114,0.03,392,2388,100.0,39.07,23.377,165,153,Healthy,92.73,0
66,13,0.0002,0.0005,100.0,518.67,641.98,1592.11,1401.37,14.62,21.61,555.04,2388.02,9055.58,1.3,47.25,522.28,2388.0,8146.95,8.3932,0.03,391,2388,100.0,38.84,23.3575,165,152,Healthy,92.12,0
66,14,0.0044,0.0002,100.0,518.67,642.14,1575.79,1400.27,14.62,21.61,554.75,2387.98,9059.68,1.3,47.1,522.87,2388.02,8137.84,8.3684,0.03,391,2388,100.0,38.83,23.4122,165,151,Healthy,91.52,0
66,15,-0.0004,0.0004,100.0,518.67,641.95,1575.5,1405.97,14.62,21.61,554.6,2387.96,9060.25,1.3,47.19,521.94,2387.96,8144.59,8.3673,0.03,390,2388,100.0,39.05,23.4141,165,150,Healthy,90.91,0
66,16,0.0034,-0.0001,100.0,518.67,642.18,1585.0,1400.97,14.62,21.61,555.17,2388.02,9064.4,1.3,47.05,522.01,2387.99,8142.77,8.4087,0.03,392,2388,100.0,39.11,23.5625,165,149,Healthy,90.3,0
66,17,-0.0005,-0.0001,100.0,518.67,641.51,1572.5,1392.22,14.62,21.61,555.38,2387.99,9063.49,1.3,47.12,522.52,2388.03,8150.02,8.4211,0.03,392,2388,100.0,38.95,23.337,165,148,Healthy,89.7,0
66,18,0.0039,-0.0001,100.0,518.67,642.26,1586.32,1396.5,14.62,21.61,554.21,2388.04,9069.28,1.3,47.21,522.23,2388.02,8147.8,8.3958,0.03,392,2388,100.0,38.85,23.3998,165,147,Healthy,89.09,0
66,19,-0.0012,0.0004,100.0,518.67,642.32,1578.71,1399.15,14.62,21.61,554.7,2387.94,9063.0,1.3,47.23,522.88,2387.99,8138.96,8.3771,0.03,390,2388,100.0,39.06,23.4358,165,146,Healthy,88.48,0
66,20,-0.0035,0.0001,100.0,518.67,642.55,1584.24,1400.15,14.62,21.61,554.35,2387.98,9056.48,1.3,47.15,522.41,2387.94,8143.65,8.3838,0.03,390,2388,100.0,39.0,23.3826,165,145,Healthy,87.88,0
66,21,-0.0019,0.0002,100.0,518.67,642.01,1589.8,1399.45,14.62,21.61,555.22,2387.97,9062.82,1.3,47.23,522.17,2387.97,8146.4,8.3944,0.03,392,2388,100.0,39.15,23.3802,165,144,Healthy,87.27,0
66,22,0.0023,0.0001,100.0,518.67,642.73,1575.48,1392.64,14.62,21.61,554.41,2388.03,9071.43,1.3,47.18,522.32,2387.96,8143.58,8.4123,0.03,391,2388,100.0,39.02,23.3996,165,143,Healthy,86.67,0
66,23,-0.0007,-0.0001,100.0,518.67,642.35,1585.73,1400.02,14.62,21.61,554.23,2387.97,9061.07,1.3,47.05,522.47,2387.99,8147.43,8.3719,0.03,392,2388,100.0,39.19,23.4743,165,142,Healthy,86.06,0
66,24,-0.0043,0.0001,100.0,518.67,642.46,1580.09,1401.37,14.62,21.61,554.41,2388.0,9069.73,1.3,47.18,521.43,2387.93,8146.36,8.4159,0.03,391,2388,100.0,39.2,23.4787,165,141,Healthy,85.45,0
66,25,0.0007,0.0004,100.0,518.67,642.44,1583.31,1396.61,14.62,21.61,554.35,2388.02,9058.84,1.3,47.05,522.22,2387.96,8143.42,8.3611,0.03,390,2388,100.0,38.96,23.4296,165,140,Healthy,84.85,0
66,26,0.0013,0.0004,100.0,518.67,641.89,1583.83,1392.91,14.62,21.61,554.33,2388.04,9062.14,1.3,47.06,521.96,2387.98,8144.66,8.3803,0.03,391,2388,100.0,39.15,23.3999,165,139,Healthy,84.24,0
66,27,-0.0014,0.0005,100.0,518.67,642.51,1583.43,1396.32,14.62,21.61,554.82,2387.99,9064.79,1.3,47.21,522.03,2388.0,8146.84,8.369,0.03,391,2388,100.0,39.03,23.4244,165,138,Healthy,83.64,0
66,28,-0.0016,0.0005,100.0,518.67,641.97,1587.06,1395.96,14.62,21.61,554.38,2387.99,9067.4,1.3,47.19,522.5,2387.98,8153.35,8.3672,0.03,392,2388,100.0,39.05,23.519,165,137,Healthy,83.03,0
66,29,0.0009,0.0002,100.0,518.67,641.89,1585.36,1394.32,14.62,21.61,555.21,2388.02,9062.97,1.3,47.24,522.65,2388.05,8137.8,8.384,0.03,391,2388,100.0,39.2,23.3993,165,136,Healthy,82.42,0
66,30,0.002,0.0004,100.0,518.67,642.24,1577.16,1394.64,14.62,21.61,553.66,2388.01,9060.72,1.3,47.17,522.09,2387.98,8142.08,8.3783,0.03,391,2388,100.0,38.96,23.5001,165,135,Healthy,81.82,0
66,31,-0.0011,0.0003,100.0,518.67,642.09,1588.57,1407.35,14.62,21.61,554.35,2388.05,9068.08,1.3,46.95,522.85,2387.99,8141.0,8.4003,0.03,392,2388,100.0,38.93,23.3973,165,134,Healthy,81.21,0
66,32,-0.0052,0.0002,100.0,518.67,641.98,1582.62,1397.79,14.62,21.6,554.21,2388.01,9068.37,1.3,47.29,522.77,2388.0,8147.2,8.3967,0.03,391,2388,100.0,39.04,23.4581,165,133,Healthy,80.61,0
66,33,-0.0022,0.0,100.0,518.67,641.48,1586.22,1394.85,14.62,21.61,554.27,2388.01,9067.94,1.3,47.2,522.65,2387.95,8151.26,8.3962,0.03,392,2388,100.0,39.19,23.5519,165,132,Healthy,80.0,0
66,34,-0.0021,0.0,100.0,518.67,641.73,1575.21,1401.62,14.62,21.61,554.28,2388.0,9060.42,1.3,47.18,522.54,2388.05,8139.35,8.4133,0.03,391,2388,100.0,39.26,23.3704,165,131,Healthy,79.39,0
66,35,-0.0021,0.0002,100.0,518.67,642.23,1586.09,1396.55,14.62,21.61,553.9,2388.0,9064.95,1.3,47.28,522.65,2388.0,8143.08,8.3798,0.03,392,2388,100.0,38.96,23.5429,165,130,Healthy,78.79,0
66,36,0.0022,0.0005,100.0,518.67,642.15,1584.48,1391.57,14.62,21.61,554.19,2388.01,9049.87,1.3,47.19,522.49,2387.99,8144.16,8.3802,0.03,393,2388,100.0,39.07,23.5253,165,129,Healthy,78.18,0
66,37,-0.003,-0.0002,100.0,518.67,642.34,1590.53,1398.22,14.62,21.61,555.07,2387.95,9064.91,1.3,47.2,522.43,2388.03,8143.33,8.3873,0.03,392,2388,100.0,38.94,23.495,165,128,Healthy,77.58,0
66,38,0.0009,-0.0001,100.0,518.67,642.29,1578.85,1391.7,14.62,21.61,554.53,2387.96,9058.0,1.3,47.07,522.99,2387.97,8147.15,8.3803,0.03,391,2388,100.0,39.0,23.5617,165,127,Healthy,76.97,0
66,39,0.0007,-0.0004,100.0,518.67,641.69,1584.45,1397.41,14.62,21.61,553.81,2388.02,9061.06,1.3,47.08,522.87,2388.06,8145.69,8.3661,0.03,391,2388,100.0,39.06,23.2992,165,126,Healthy,76.36,0
66,40,0.0002,-0.0002,100.0,518.67,642.07,1588.03,1399.85,14.62,21.61,553.9,2388.03,9063.32,1.3,47.22,522.02,2387.99,8145.9,8.4076,0.03,393,2388,100.0,38.96,23.5066,165,125,Healthy,75.76,0
66,41,-0.002,-0.0003,100.0,518.67,641.97,1579.92,1402.34,14.62,21.6,554.45,2388.0,9067.03,1.3,47.19,522.49,2388.01,8144.75,8.3959,0.03,390,2388,100.0,39.02,23.3675,165,124,Healthy,75.15,0
66,42,0.0023,-0.0004,100.0,518.67,641.69,1583.69,1398.34,14.62,21.6,554.46,2388.04,9064.87,1.3,47.18,522.24,2388.02,8143.0,8.3967,0.03,392,2388,100.0,39.08,23.377,165,123,Healthy,74.55,0
66,43,0.0019,-0.0001,100.0,518.67,641.5,1582.18,1396.16,14.62,21.61,554.6,2387.98,9059.44,1.3,47.16,523.04,2387.93,8148.64,8.3671,0.03,390,2388,100.0,39.2,23.3856,165,122,Healthy,73.94,0
66,44,-0.0028,-0.0004,100.0,518.67,641.8,1581.14,1390.88,14.62,21.61,554.38,2388.0,9060.75,1.3,46.94,522.68,2387.96,8144.25,8.389,0.03,393,2388,100.0,39.24,23.4681,165,121,Healthy,73.33,0
66,45,-0.0008,-0.0003,100.0,518.67,642.05,1574.15,1399.5,14.62,21.61,554.4,2388.03,9061.5,1.3,47.12,522.47,2387.99,8142.78,8.3884,0.03,393,2388,100.0,39.03,23.3562,165,120,Early_Wear,72.73,0
66,46,0.0,0.0003,100.0,518.67,641.86,1591.62,1404.15,14.62,21.61,554.26,2387.98,9061.92,1.3,47.15,522.92,2388.03,8141.84,8.3923,0.03,392,2388,100.0,39.06,23.4443,165,119,Early_Wear,72.12,0
66,47,0.0012,0.0005,100.0,518.67,642.0,1584.23,1390.24,14.62,21.61,554.81,2388.0,9061.68,1.3,47.09,522.01,2388.05,8149.14,8.3771,0.03,392,2388,100.0,38.77,23.4337,165,118,Early_Wear,71.52,0
66,48,-0.002,-0.0002,100.0,518.67,642.15,1587.9,1399.83,14.62,21.61,555.3,2387.98,9065.13,1.3,47.24,522.53,2388.0,8146.32,8.3994,0.03,391,2388,100.0,39.12,23.422,165,117,Early_Wear,70.91,0
66,49,-0.0048,0.0003,100.0,518.67,641.44,1585.93,1396.67,14.62,21.6,554.39,2387.98,9058.65,1.3,47.2,522.44,2387.97,8143.24,8.4339,0.03,390,2388,100.0,38.84,23.3601,165,116,Early_Wear,70.3,0
66,50,0.0001,0.0003,100.0,518.67,642.11,1574.42,1401.8,14.62,21.61,553.95,2388.0,9062.52,1.3,47.3,522.37,2388.02,8146.01,8.4452,0.03,391,2388,100.0,38.76,23.3921,165,115,Early_Wear,69.7,0
67,1,-0.0012,-0.0003,100.0,518.67,642.09,1593.87,1399.34,14.62,21.61,554.22,2388.11,9056.28,1.3,47.52,522.06,2388.05,8137.45,8.4402,0.03,393,2388,100.0,39.0,23.2713,263,262,Healthy,99.62,0
67,2,-0.0003,0.0002,100.0,518.67,642.39,1583.86,1406.3,14.62,21.61,554.47,2388.07,9062.92,1.3,47.32,521.6,2388.08,8136.95,8.4367,0.03,392,2388,100.0,39.0,23.424,263,261,Healthy,99.24,0
67,3,0.0004,0.0003,100.0,518.67,641.83,1593.75,1405.88,14.62,21.61,553.87,2388.09,9061.78,1.3,47.44,521.53,2388.04,8140.06,8.4364,0.03,392,2388,100.0,38.91,23.2944,263,260,Healthy,98.86,0
67,4,0.0016,0.0005,100.0,518.67,642.79,1584.04,1398.97,14.62,21.6,554.89,2388.09,9054.61,1.3,47.2,521.89,2388.09,8142.48,8.4685,0.03,392,2388,100.0,38.94,23.3336,263,259,Healthy,98.48,0
67,5,0.0008,0.0,100.0,518.67,642.79,1583.13,1406.72,14.62,21.61,553.82,2388.11,9058.77,1.3,47.48,521.27,2388.04,8137.94,8.3753,0.03,395,2388,100.0,39.04,23.2794,263,258,Healthy,98.1,0
67,6,0.0015,-0.0001,100.0,518.67,642.8,1586.46,1404.83,14.62,21.61,553.23,2388.08,9056.84,1.3,47.38,522.24,2388.03,8135.74,8.4181,0.03,392,2388,100.0,38.73,23.3813,263,257,Healthy,97.72,0
67,7,-0.0004,0.0001,100.0,518.67,642.52,1585.37,1406.2,14.62,21.61,554.09,2388.08,9060.66,1.3,47.32,521.82,2388.07,8140.48,8.4002,0.03,393,2388,100.0,39.18,23.297,263,256,Healthy,97.34,0
67,8,0.0013,-0.0,100.0,518.67,642.5,1590.82,1396.73,14.62,21.61,553.48,2388.1,9062.64,1.3,47.34,521.59,2388.07,8135.02,8.4488,0.03,392,2388,100.0,38.74,23.2898,263,255,Healthy,96.96,0
67,9,-0.0007,-0.0001,100.0,518.67,642.58,1588.78,1409.82,14.62,21.61,554.06,2388.07,9056.76,1.3,47.33,521.74,2387.98,8135.82,8.4329,0.03,393,2388,100.0,38.81,23.3651,263,254,Healthy,96.58,0
67,10,-0.001,-0.0003,100.0,518.67,642.33,1587.28,1404.69,14.62,21.61,553.27,2388.1,9062.4,1.3,47.17,521.48,2388.01,8136.82,8.4122,0.03,393,2388,100.0,39.09,23.3781,263,253,Healthy,96.2,0
67,11,-0.0004,-0.0002,100.0,518.67,642.2,1589.32,1404.14,14.62,21.61,553.9,2388.06,9056.78,1.3,47.35,521.94,2388.08,8140.61,8.4352,0.03,391,2388,100.0,38.88,23.413,263,252,Healthy,95.82,0
67,12,-0.0011,0.0003,100.0,518.67,642.19,1589.55,1405.25,14.62,21.61,553.61,2388.02,9060.0,1.3,47.24,521.82,2388.04,8136.08,8.4114,0.03,393,2388,100.0,38.88,23.3794,263,251,Healthy,95.44,0
67,13,0.0041,0.0,100.0,518.67,642.82,1589.88,1405.86,14.62,21.61,553.36,2388.12,9056.92,1.3,47.48,521.61,2388.09,8144.08,8.4325,0.03,394,2388,100.0,38.76,23.2829,263,250,Healthy,95.06,0
67,14,0.0017,0.0005,100.0,518.67,642.36,1585.57,1407.09,14.62,21.61,553.93,2388.05,9055.34,1.3,47.34,522.05,2388.08,8138.2,8.4518,0.03,394,2388,100.0,38.93,23.2962,263,249,Healthy,94.68,0
67,15,0.0021,0.0003,100.0,518.67,642.88,1590.51,1399.39,14.62,21.61,554.3,2388.05,9062.07,1.3,47.32,521.74,2388.04,8140.88,8.449,0.03,392,2388,100.0,38.89,23.4153,263,248,Healthy,94.3,0
67,16,0.0033,0.0002,100.0,518.67,643.04,1579.28,1401.63,14.62,21.61,553.81,2388.08,9068.0,1.3,47.36,521.78,2388.05,8135.75,8.3946,0.03,392,2388,100.0,38.72,23.3185,263,247,Healthy,93.92,0
67,17,-0.0005,0.0001,100.0,518.67,642.54,1586.52,1402.65,14.62,21.61,553.81,2388.03,9061.83,1.3,47.28,521.72,2388.04,8138.73,8.4689,0.03,391,2388,100.0,38.83,23.3795,263,246,Healthy,93.54,0
67,18,-0.0001,0.0002,100.0,518.67,642.73,1590.58,1403.61,14.62,21.61,553.64,2388.09,9059.74,1.3,47.47,520.98,2388.11,8141.75,8.4283,0.03,391,2388,100.0,38.88,23.2855,263,245,Healthy,93.16,0
67,19,-0.003,-0.0003,100.0,518.67,642.52,1587.28,1396.14,14.62,21.61,554.1,2388.14,9063.88,1.3,47.42,521.66,2388.01,8137.8,8.4248,0.03,393,2388,100.0,38.84,23.2907,263,244,Healthy,92.78,0
67,20,-0.0027,0.0005,100.0,518.67,641.95,1589.7,1409.97,14.62,21.61,553.89,2388.03,9054.06,1.3,47.13,521.79,2388.04,8139.66,8.4154,0.03,392,2388,100.0,38.88,23.3639,263,243,Healthy,92.4,0
67,21,-0.0063,0.0003,100.0,518.67,642.35,1586.8,1401.26,14.62,21.61,553.53,2388.02,9064.31,1.3,47.49,521.16,2388.06,8144.85,8.4403,0.03,392,2388,100.0,39.0,23.2786,263,242,Healthy,92.02,0
67,22,-0.0007,0.0001,100.0,518.67,642.41,1589.52,1403.54,14.62,21.61,553.36,2388.08,9063.51,1.3,47.73,521.11,2388.06,8141.46,8.4271,0.03,393,2388,100.0,38.96,23.3457,263,241,Healthy,91.63,0
67,23,0.0001,0.0002,100.0,518.67,642.66,1588.99,1401.72,14.62,21.61,553.59,2388.04,9060.54,1.3,47.5,521.88,2388.08,8141.26,8.4072,0.03,393,2388,100.0,39.03,23.3826,263,240,Healthy,91.25,0
67,24,-0.0032,-0.0002,100.0,518.67,642.94,1588.59,1400.57,14.62,21.61,553.56,2388.04,9053.81,1.3,47.38,521.92,2388.07,8145.01,8.4257,0.03,393,2388,100.0,38.94,23.2839,263,239,Healthy,90.87,0
67,25,0.0039,0.0002,100.0,518.67,642.78,1589.29,1403.84,14.62,21.61,554.0,2388.08,9060.17,1.3,47.36,521.91,2388.03,8139.91,8.4352,0.03,392,2388,100.0,38.95,23.4201,263,238,Healthy,90.49,0
67,26,0.0005,0.0002,100.0,518.67,643.0,1588.05,1404.9,14.62,21.61,554.05,2388.05,9071.62,1.3,47.31,521.88,2388.08,8141.25,8.3941,0.03,392,2388,100.0,38.82,23.3725,263,237,Healthy,90.11,0
67,27,-0.0014,-0.0002,100.0,518.67,643.13,1585.83,1401.81,14.62,21.61,553.85,2388.1,9056.5,1.3,47.43,521.39,2388.07,8143.58,8.415,0.03,393,2388,100.0,38.83,23.3176,263,236,Healthy,89.73,0
67,28,0.0028,-0.0001,100.0,518.67,642.47,1584.81,1405.46,14.62,21.61,552.92,2388.04,9054.81,1.3,47.55,521.68,2388.12,8138.14,8.4247,0.03,392,2388,100.0,38.89,23.3388,263,235,Healthy,89.35,0
67,29,0.001,-0.0003,100.0,518.67,642.73,1586.32,1406.07,14.62,21.61,553.86,2388.1,9055.02,1.3,47.47,521.7,2388.11,8141.62,8.4412,0.03,392,2388,100.0,38.79,23.2589,263,234,Healthy,88.97,0
67,30,0.0023,-0.0004,100.0,518.67,642.08,1587.08,1406.14,14.62,21.61,553.07,2388.1,9062.24,1.3,47.42,522.32,2388.06,8140.88,8.4146,0.03,393,2388,100.0,38.97,23.2766,263,233,Healthy,88.59,0
67,31,0.0045,-0.0001,100.0,518.67,642.65,1587.07,1400.04,14.62,21.61,554.34,2388.07,9052.5,1.3,47.39,521.52,2388.13,8144.17,8.4045,0.03,391,2388,100.0,38.82,23.3962,263,232,Healthy,88.21,0
67,32,-0.0012,0.0,100.0,518.67,642.33,1587.55,1404.42,14.62,21.61,553.43,2388.13,9056.14,1.3,47.41,521.48,2388.1,8132.19,8.4268,0.03,393,2388,100.0,38.8,23.2345,263,231,Healthy,87.83,0
67,33,0.003,-0.0003,100.0,518.67,642.93,1583.26,1401.11,14.62,21.61,554.18,2388.04,9060.9,1.3,47.45,521.75,2388.07,8140.4,8.4545,0.03,393,2388,100.0,38.94,23.2518,263,230,Healthy,87.45,0
67,34,-0.0001,-0.0003,100.0,518.67,642.62,1590.11,1407.09,14.62,21.61,554.21,2388.06,9054.57,1.3,47.17,521.97,2388.06,8143.06,8.4159,0.03,393,2388,100.0,38.85,23.3174,263,229,Healthy,87.07,0
67,35,-0.002,-0.0001,100.0,518.67,642.88,1586.36,1409.01,14.62,21.61,553.57,2388.03,9060.98,1.3,47.43,521.61,2388.05,8140.44,8.4445,0.03,393,2388,100.0,38.86,23.2873,263,228,Healthy,86.69,0
67,36,-0.0004,-0.0004,100.0,518.67,642.63,1583.35,1402.0,14.62,21.61,553.84,2388.04,9056.92,1.3,47.25,521.95,2388.09,8136.93,8.4167,0.03,392,2388,100.0,39.02,23.3304,263,227,Healthy,86.31,0
67,37,0.0044,0.0,100.0,518.67,642.08,1587.44,1404.02,14.62,21.61,554.17,2388.1,9059.91,1.3,47.42,521.63,2388.05,8147.27,8.4372,0.03,392,2388,100.0,39.11,23.371,263,226,Healthy,85.93,0
67,38,-0.0039,-0.0002,100.0,518.67,642.42,1588.11,1400.29,14.62,21.61,553.55,2388.05,9066.75,1.3,47.36,521.64,2388.09,8138.54,8.4013,0.03,393,2388,100.0,38.89,23.3772,263,225,Healthy,85.55,0
67,39,-0.0003,-0.0,100.0,518.67,642.89,1588.45,1407.87,14.62,21.61,554.13,2388.01,9062.64,1.3,47.59,521.52,2388.09,8142.3,8.4307,0.03,391,2388,100.0,38.96,23.2802,263,224,Healthy,85.17,0
67,40,0.0011,-0.0004,100.0,518.67,642.94,1598.69,1404.51,14.62,21.61,553.62,2388.08,9058.32,1.3,47.48,521.64,2388.03,8147.24,8.4002,0.03,392,2388,100.0,38.86,23.3673,263,223,Healthy,84.79,0
67,41,-0.0022,0.0,100.0,518.67,642.83,1594.43,1407.7,14.62,21.61,553.77,2388.09,9056.18,1.3,47.33,521.95,2388.04,8133.51,8.4352,0.03,392,2388,100.0,38.87,23.2329,263,222,Healthy,84.41,0
67,42,-0.0011,-0.0004,100.0,518.67,642.31,1585.76,1406.59,14.62,21.61,553.29,2388.06,9057.37,1.3,47.37,521.61,2388.06,8142.45,8.4333,0.03,393,2388,100.0,38.92,23.3488,263,221,Healthy,84.03,0
67,43,-0.0001,0.0001,100.0,518.67,642.24,1586.85,1401.41,14.62,21.61,553.26,2388.05,9058.39,1.3,47.46,521.78,2388.07,8137.14,8.4457,0.03,392,2388,100.0,38.96,23.3986,263,220,Healthy,83.65,0
67,44,-0.0001,0.0001,100.0,518.67,642.51,1593.12,1408.39,14.62,21.61,552.71,2388.06,9057.96,1.3,47.5,522.18,2388.07,8142.91,8.4044,0.03,394,2388,100.0,38.78,23.35,263,219,Healthy,83.27,0
67,45,0.0037,0.0001,100.0,518.67,642.87,1584.69,1409.11,14.62,21.61,553.92,2388.09,9059.17,1.3,47.51,521.33,2388.07,8137.48,8.4513,0.03,391,2388,100.0,39.02,23.4071,263,218,Healthy,82.89,0
67,46,-0.0007,0.0002,100.0,518.67,642.73,1580.16,1409.5,14.62,21.61,553.97,2388.06,9055.5,1.3,47.5,521.73,2388.04,8138.48,8.4521,0.03,393,2388,100.0,38.8,23.2304,263,217,Healthy,82.51,0
67,47,0.0033,-0.0003,100.0,518.67,642.27,1587.9,1404.94,14.62,21.61,554.58,2388.04,9066.49,1.3,47.4,521.21,2388.09,8135.1,8.4468,0.03,393,2388,100.0,38.92,23.2514,263,216,Healthy,82.13,0
67,48,-0.0045,0.0003,100.0,518.67,643.01,1590.11,1400.0,14.62,21.61,553.71,2388.09,9067.45,1.3,47.58,521.42,2388.05,8139.98,8.4275,0.03,393,2388,100.0,38.85,23.3269,263,215,Healthy,81.75,0
67,49,-0.0006,0.0001,100.0,518.67,642.53,1588.58,1401.2,14.62,21.61,553.75,2388.12,9054.45,1.3,47.38,522.1,2388.07,8139.55,8.406,0.03,393,2388,100.0,38.8,23.299,263,214,Healthy,81.37,0
67,50,0.0052,0.0004,100.0,518.67,642.93,1596.38,1405.22,14.62,21.61,553.81,2388.13,9054.69,1.3,47.39,521.12,2388.09,8138.41,8.4517,0.03,392,2388,100.0,38.93,23.2768,263,213,Healthy,80.99,0
68,1,0.0005,0.0004,100.0,518.67,642.34,1581.96,1394.11,14.62,21.61,553.84,2387.97,9061.71,1.3,47.08,522.42,2388.02,8146.6,8.3984,0.03,392,2388,100.0,38.93,23.3936,201,200,Healthy,99.5,0
68,2,0.0001,0.0001,100.0,518.67,641.9,1586.34,1392.94,14.62,21.61,554.29,2388.04,9060.7,1.3,47.1,523.03,2387.97,8142.76,8.4465,0.03,393,2388,100.0,38.94,23.4079,201,199,Healthy,99.0,0
68,3,-0.0009,-0.0003,100.0,518.67,642.1,1582.78,1397.94,14.62,21.61,553.69,2388.01,9067.43,1.3,47.03,523.12,2387.99,8143.85,8.4019,0.03,393,2388,100.0,38.9,23.3976,201,198,Healthy,98.51,0
68,4,-0.0022,0.0001,100.0,518.67,641.95,1585.18,1394.52,14.62,21.61,554.66,2387.98,9060.54,1.3,47.32,522.07,2388.02,8149.89,8.3882,0.03,392,2388,100.0,39.01,23.4075,201,197,Healthy,98.01,0
68,5,-0.0018,-0.0003,100.0,518.67,642.18,1583.75,1398.92,14.62,21.61,554.82,2388.0,9061.67,1.3,47.13,522.16,2388.02,8146.73,8.3993,0.03,389,2388,100.0,38.99,23.3487,201,196,Healthy,97.51,0
68,6,0.0009,-0.0005,100.0,518.67,641.51,1590.45,1398.36,14.62,21.61,554.43,2388.08,9053.4,1.3,47.22,522.42,2388.05,8145.36,8.4242,0.03,393,2388,100.0,38.77,23.4543,201,195,Healthy,97.01,0
68,7,-0.0021,-0.0004,100.0,518.67,641.87,1584.85,1398.3,14.62,21.61,554.08,2387.98,9067.01,1.3,47.07,522.14,2387.96,8150.39,8.3973,0.03,392,2388,100.0,39.08,23.415,201,194,Healthy,96.52,0
68,8,0.0018,0.0,100.0,518.67,642.32,1582.52,1393.03,14.62,21.61,554.69,2387.95,9063.69,1.3,47.18,522.6,2388.01,8146.64,8.4024,0.03,391,2388,100.0,39.15,23.4696,201,193,Healthy,96.02,0
68,9,0.0003,-0.0004,100.0,518.67,642.25,1579.53,1397.58,14.62,21.61,554.48,2388.01,9066.2,1.3,47.14,522.65,2387.97,8146.15,8.3808,0.03,393,2388,100.0,39.07,23.4181,201,192,Healthy,95.52,0
68,10,0.0009,-0.0002,100.0,518.67,641.76,1584.07,1394.85,14.62,21.61,554.01,2387.99,9067.29,1.3,47.24,522.51,2387.99,8143.62,8.4049,0.03,392,2388,100.0,39.01,23.3108,201,191,Healthy,95.02,0
68,11,-0.0012,-0.0004,100.0,518.67,642.01,1578.83,1401.48,14.62,21.61,554.27,2388.04,9067.2,1.3,47.23,522.5,2388.01,8149.75,8.4113,0.03,392,2388,100.0,39.09,23.4698,201,190,Healthy,94.53,0
68,12,-0.0001,-0.0001,100.0,518.67,642.36,1589.55,1392.02,14.62,21.61,554.3,2388.01,9064.02,1.3,47.07,522.51,2387.99,8146.05,8.4368,0.03,392,2388,100.0,39.0,23.3735,201,189,Healthy,94.03,0
68,13,0.003,-0.0003,100.0,518.67,642.38,1595.35,1389.31,14.62,21.61,554.77,2387.98,9072.0,1.3,47.01,522.44,2388.0,8148.19,8.4064,0.03,391,2388,100.0,38.9,23.4491,201,188,Healthy,93.53,0
68,14,-0.0022,0.0003,100.0,518.67,641.99,1581.78,1394.4,14.62,21.61,555.2,2387.94,9065.83,1.3,47.21,522.46,2388.04,8145.06,8.4394,0.03,392,2388,100.0,38.87,23.4256,201,187,Healthy,93.03,0
68,15,-0.0048,-0.0001,100.0,518.67,642.08,1579.33,1398.57,14.62,21.61,554.16,2387.98,9070.93,1.3,47.11,521.97,2387.97,8149.37,8.3912,0.03,390,2388,100.0,39.02,23.5257,201,186,Healthy,92.54,0
68,16,0.0001,0.0005,100.0,518.67,642.1,1584.12,1403.34,14.62,21.61,554.63,2387.98,9065.8,1.3,47.23,522.64,2388.02,8142.87,8.4102,0.03,392,2388,100.0,39.05,23.3887,201,185,Healthy,92.04,0
68,17,-0.0043,0.0,100.0,518.67,642.49,1585.69,1397.83,14.62,21.6,554.43,2387.97,9060.61,1.3,47.08,522.56,2388.01,8145.26,8.3812,0.03,391,2388,100.0,39.17,23.3624,201,184,Healthy,91.54,0
68,18,-0.0013,-0.0001,100.0,518.67,642.55,1585.81,1396.16,14.62,21.61,554.0,2387.99,9064.17,1.3,47.09,522.23,2387.95,8149.61,8.4005,0.03,392,2388,100.0,39.15,23.4037,201,183,Healthy,91.04,0
68,19,0.0012,-0.0001,100.0,518.67,642.04,1583.77,1397.25,14.62,21.61,554.49,2387.93,9063.54,1.3,47.22,522.1,2387.99,8148.42,8.4062,0.03,392,2388,100.0,38.81,23.3508,201,182,Healthy,90.55,0
68,20,-0.0023,0.0003,100.0,518.67,642.63,1590.25,1393.57,14.62,21.61,553.92,2388.01,9061.69,1.3,47.31,522.76,2387.96,8142.15,8.3685,0.03,393,2388,100.0,38.98,23.4257,201,181,Healthy,90.05,0
68,21,-0.0016,-0.0004,100.0,518.67,641.92,1588.31,1396.56,14.62,21.61,554.32,2388.05,9064.17,1.3,47.17,522.19,2387.98,8150.86,8.3775,0.03,390,2388,100.0,39.02,23.4644,201,180,Healthy,89.55,0
68,22,-0.0001,-0.0005,100.0,518.67,642.02,1574.34,1398.45,14.62,21.6,554.32,2387.96,9072.81,1.3,47.27,522.26,2387.99,8145.22,8.399,0.03,392,2388,100.0,39.03,23.3201,201,179,Healthy,89.05,0
68,23,0.0015,0.0004,100.0,518.67,642.48,1581.34,1400.68,14.62,21.61,553.47,2388.03,9065.07,1.3,47.11,522.28,2388.01,8146.81,8.3596,0.03,389,2388,100.0,39.11,23.2827,201,178,Healthy,88.56,0
68,24,0.0035,0.0003,100.0,518.67,641.72,1586.42,1396.79,14.62,21.61,554.69,2388.0,9061.83,1.3,47.26,522.38,2387.99,8145.03,8.4245,0.03,391,2388,100.0,38.97,23.4448,201,177,Healthy,88.06,0
68,25,0.0003,0.0001,100.0,518.67,641.89,1577.81,1398.4,14.62,21.61,554.76,2388.0,9065.85,1.3,47.08,522.38,2388.03,8146.53,8.3736,0.03,394,2388,100.0,38.88,23.3771,201,176,Healthy,87.56,0
68,26,0.0021,0.0002,100.0,518.67,642.73,1585.16,1398.34,14.62,21.61,554.78,2388.02,9073.72,1.3,47.12,522.86,2388.03,8145.77,8.4047,0.03,391,2388,100.0,38.93,23.4436,201,175,Healthy,87.06,0
68,27,0.0022,0.0004,100.0,518.67,641.85,1587.33,1389.29,14.62,21.61,554.02,2388.0,9064.55,1.3,47.28,522.83,2387.92,8149.32,8.3848,0.03,392,2388,100.0,39.19,23.3853,201,174,Healthy,86.57,0
68,28,0.001,-0.0001,100.0,518.67,642.47,1576.15,1395.99,14.62,21.61,554.74,2388.02,9059.45,1.3,47.2,522.53,2388.0,8148.62,8.3746,0.03,392,2388,100.0,39.09,23.3967,201,173,Healthy,86.07,0
68,29,-0.0009,-0.0005,100.0,518.67,642.02,1587.17,1397.4,14.62,21.6,554.07,2387.93,9068.61,1.3,47.02,522.6,2387.98,8143.69,8.3961,0.03,392,2388,100.0,38.97,23.4911,201,172,Healthy,85.57,0
68,30,0.0022,0.0004,100.0,518.67,641.47,1583.09,1397.24,14.62,21.61,554.91,2388.01,9061.14,1.3,47.24,523.24,2387.99,8151.85,8.3981,0.03,392,2388,100.0,39.07,23.4453,201,171,Healthy,85.07,0
68,31,-0.0001,0.0001,100.0,518.67,642.16,1574.36,1387.41,14.62,21.61,555.17,2388.06,9057.32,1.3,47.04,522.4,2388.0,8153.68,8.365,0.03,392,2388,100.0,38.93,23.4461,201,170,Healthy,84.58,0
68,32,-0.0018,0.0,100.0,518.67,642.05,1594.83,1398.74,14.62,21.61,554.24,2388.04,9059.47,1.3,47.27,521.98,2387.96,8145.52,8.4009,0.03,390,2388,100.0,39.13,23.357,201,169,Healthy,84.08,0
68,33,0.0019,0.0004,100.0,518.67,641.97,1584.95,1399.08,14.62,21.61,554.26,2387.96,9071.12,1.3,47.13,522.5,2388.0,8143.8,8.3779,0.03,393,2388,100.0,39.0,23.4732,201,168,Healthy,83.58,0
68,34,-0.0024,0.0004,100.0,518.67,641.77,1578.19,1397.6,14.62,21.61,553.82,2388.04,9054.91,1.3,47.15,522.18,2388.01,8146.54,8.4284,0.03,391,2388,100.0,39.06,23.3596,201,167,Healthy,83.08,0
68,35,0.0016,-0.0001,100.0,518.67,642.45,1591.8,1397.17,14.62,21.6,554.85,2387.98,9067.68,1.3,47.14,522.19,2388.03,8149.09,8.3924,0.03,392,2388,100.0,38.93,23.3327,201,166,Healthy,82.59,0
68,36,-0.0022,-0.0,100.0,518.67,641.36,1584.24,1389.97,14.62,21.61,554.7,2387.97,9063.63,1.3,47.08,522.01,2387.97,8146.63,8.438,0.03,391,2388,100.0,39.12,23.5289,201,165,Healthy,82.09,0
68,37,-0.0009,-0.0003,100.0,518.67,642.53,1578.21,1397.61,14.62,21.61,554.69,2388.03,9069.01,1.3,47.28,522.51,2388.02,8142.87,8.4022,0.03,392,2388,100.0,39.24,23.4056,201,164,Healthy,81.59,0
68,38,-0.0012,0.0002,100.0,518.67,642.22,1592.51,1398.42,14.62,21.61,555.23,2388.0,9063.43,1.3,47.18,522.64,2387.99,8150.84,8.3928,0.03,391,2388,100.0,38.95,23.4211,201,163,Healthy,81.09,0
68,39,0.0009,0.0003,100.0,518.67,641.83,1576.57,1399.24,14.62,21.61,554.75,2387.95,9066.31,1.3,47.26,522.94,2388.0,8153.13,8.3974,0.03,389,2388,100.0,39.21,23.4285,201,162,Healthy,80.6,0
68,40,-0.0049,0.0004,100.0,518.67,641.99,1589.22,1403.4,14.62,21.61,555.2,2388.0,9071.31,1.3,47.04,522.48,2387.94,8144.93,8.4597,0.03,392,2388,100.0,39.09,23.4803,201,161,Healthy,80.1,0
68,41,0.0009,-0.0002,100.0,518.67,642.26,1590.32,1398.98,14.62,21.61,554.92,2387.99,9060.75,1.3,47.2,522.45,2387.98,8145.11,8.4,0.03,390,2388,100.0,39.06,23.5159,201,160,Healthy,79.6,0
68,42,0.0029,0.0003,100.0,518.67,642.15,1581.9,1401.82,14.62,21.6,555.45,2387.95,9061.54,1.3,47.26,522.12,2387.97,8149.88,8.3932,0.03,391,2388,100.0,38.97,23.3923,201,159,Healthy,79.1,0
68,43,-0.0013,-0.0,100.0,518.67,641.94,1586.23,1402.31,14.62,21.61,554.37,2388.03,9065.46,1.3,47.28,522.22,2388.0,8148.8,8.4161,0.03,390,2388,100.0,39.11,23.3454,201,158,Healthy,78.61,0
68,44,0.0008,-0.0005,100.0,518.67,643.07,1586.17,1398.83,14.62,21.61,554.54,2387.98,9063.55,1.3,47.19,522.76,2388.02,8143.37,8.3655,0.03,391,2388,100.0,39.0,23.5018,201,157,Healthy,78.11,0
68,45,-0.0017,0.0002,100.0,518.67,641.97,1580.01,1392.84,14.62,21.61,554.07,2387.99,9058.91,1.3,47.2,521.73,2388.03,8147.8,8.4319,0.03,391,2388,100.0,39.2,23.4664,201,156,Healthy,77.61,0
68,46,0.0003,0.0002,100.0,518.67,642.13,1584.31,1395.42,14.62,21.61,555.07,2388.0,9055.37,1.3,47.22,522.76,2387.99,8148.31,8.411,0.03,392,2388,100.0,38.95,23.434,201,155,Healthy,77.11,0
68,47,-0.001,0.0001,100.0,518.67,641.96,1583.44,1394.2,14.62,21.61,554.71,2387.98,9063.78,1.3,47.14,522.45,2387.98,8148.4,8.434,0.03,392,2388,100.0,39.21,23.4816,201,154,Healthy,76.62,0
68,48,0.0009,0.0001,100.0,518.67,642.3,1581.71,1397.41,14.62,21.61,554.91,2387.98,9061.89,1.3,47.39,522.32,2388.02,8148.21,8.3814,0.03,392,2388,100.0,39.0,23.372,201,153,Healthy,76.12,0
68,49,0.0016,0.0004,100.0,518.67,642.38,1581.9,1401.66,14.62,21.61,554.41,2388.01,9064.63,1.3,47.04,522.6,2387.96,8154.1,8.389,0.03,392,2388,100.0,39.0,23.3974,201,152,Healthy,75.62,0
68,50,0.0029,0.0,100.0,518.67,642.61,1589.47,1397.93,14.62,21.61,555.0,2388.0,9068.13,1.3,47.23,521.92,2388.0,8151.52,8.4083,0.03,392,2388,100.0,38.98,23.4678,201,151,Healthy,75.12,0
69,1,0.0017,0.0003,100.0,518.67,643.11,1596.51,1405.43,14.62,21.61,553.18,2388.11,9045.66,1.3,47.45,521.5,2388.06,8127.87,8.4191,0.03,392,2388,100.0,39.0,23.2252,170,169,Healthy,99.41,0
69,2,-0.0004,0.0004,100.0,518.67,642.14,1582.13,1401.63,14.62,21.61,553.87,2388.16,9053.31,1.3,47.5,521.55,2388.06,8121.53,8.4282,0.03,391,2388,100.0,39.06,23.3393,170,168,Healthy,98.82,0
69,3,-0.0005,-0.0,100.0,518.67,642.55,1586.7,1406.88,14.62,21.61,553.24,2388.15,9040.04,1.3,47.6,522.26,2388.12,8124.81,8.4285,0.03,392,2388,100.0,38.74,23.3272,170,167,Healthy,98.24,0
69,4,-0.002,0.0004,100.0,518.67,642.84,1587.78,1406.39,14.62,21.61,552.57,2388.12,9043.04,1.3,47.61,520.89,2388.15,8123.69,8.4528,0.03,393,2388,100.0,39.05,23.405,170,166,Healthy,97.65,0
69,5,0.0064,-0.0002,100.0,518.67,643.26,1591.24,1408.94,14.62,21.61,553.35,2388.15,9042.55,1.3,47.53,521.23,2388.13,8123.62,8.4149,0.03,393,2388,100.0,38.81,23.2607,170,165,Healthy,97.06,0
69,6,0.0018,-0.0002,100.0,518.67,642.64,1584.61,1407.47,14.62,21.61,553.21,2388.08,9052.97,1.3,47.5,521.69,2388.11,8129.82,8.3802,0.03,392,2388,100.0,38.89,23.3298,170,164,Healthy,96.47,0
69,7,0.0005,-0.0003,100.0,518.67,642.26,1587.05,1410.77,14.62,21.61,553.77,2388.08,9043.86,1.3,47.53,521.14,2388.18,8123.21,8.4359,0.03,393,2388,100.0,38.76,23.3165,170,163,Healthy,95.88,0
69,8,-0.003,0.0002,100.0,518.67,642.55,1587.2,1405.96,14.62,21.61,553.61,2388.12,9042.83,1.3,47.41,521.84,2388.17,8120.56,8.4124,0.03,392,2388,100.0,38.9,23.3016,170,162,Healthy,95.29,0
69,9,0.001,-0.0001,100.0,518.67,642.8,1585.16,1405.8,14.62,21.61,553.39,2388.2,9041.65,1.3,47.39,521.33,2388.11,8125.29,8.4295,0.03,392,2388,100.0,38.91,23.3424,170,161,Healthy,94.71,0
69,10,-0.0007,-0.0003,100.0,518.67,642.43,1593.35,1406.06,14.62,21.61,553.21,2388.11,9050.36,1.3,47.65,520.92,2388.11,8123.26,8.3766,0.03,392,2388,100.0,38.77,23.2013,170,160,Healthy,94.12,0
69,11,-0.001,0.0003,100.0,518.67,642.64,1595.88,1414.61,14.62,21.6,552.64,2388.08,9050.0,1.3,47.41,521.54,2388.07,8127.91,8.4725,0.03,393,2388,100.0,38.95,23.2855,170,159,Healthy,93.53,0
69,12,-0.0026,-0.0001,100.0,518.67,642.54,1590.62,1403.48,14.62,21.61,553.21,2388.1,9039.78,1.3,47.58,521.3,2388.13,8122.77,8.3897,0.03,393,2388,100.0,38.82,23.3769,170,158,Healthy,92.94,0
69,13,-0.0018,0.0003,100.0,518.67,642.74,1591.41,1400.33,14.62,21.61,553.18,2388.11,9046.57,1.3,47.34,521.28,2388.11,8123.57,8.4361,0.03,393,2388,100.0,38.97,23.3243,170,157,Healthy,92.35,0
69,14,-0.0014,-0.0004,100.0,518.67,642.47,1594.82,1405.83,14.62,21.61,554.02,2388.13,9045.92,1.3,47.52,521.47,2388.12,8133.12,8.4196,0.03,392,2388,100.0,38.92,23.2997,170,156,Healthy,91.76,0
69,15,0.0013,-0.0001,100.0,518.67,642.46,1591.04,1404.95,14.62,21.61,552.96,2388.14,9042.93,1.3,47.48,521.57,2388.12,8122.42,8.4352,0.03,392,2388,100.0,38.82,23.3785,170,155,Healthy,91.18,0
69,16,-0.0021,0.0002,100.0,518.67,642.46,1583.4,1413.25,14.62,21.61,553.4,2388.13,9046.77,1.3,47.49,521.34,2388.15,8129.61,8.446,0.03,393,2388,100.0,38.83,23.3651,170,154,Healthy,90.59,0
69,17,-0.0008,-0.0004,100.0,518.67,642.86,1589.2,1407.42,14.62,21.61,553.89,2388.11,9045.83,1.3,47.56,521.94,2388.15,8130.0,8.3915,0.03,393,2388,100.0,38.93,23.3565,170,153,Healthy,90.0,0
69,18,-0.0049,-0.0002,100.0,518.67,643.15,1587.08,1403.82,14.62,21.61,552.84,2388.05,9048.02,1.3,47.52,521.37,2388.18,8120.25,8.462,0.03,393,2388,100.0,38.82,23.2983,170,152,Healthy,89.41,0
69,19,0.0007,0.0005,100.0,518.67,642.71,1590.32,1407.4,14.62,21.61,552.9,2388.16,9057.32,1.3,47.59,521.52,2388.07,8129.06,8.4499,0.03,394,2388,100.0,38.93,23.381,170,151,Healthy,88.82,0
69,20,0.0002,-0.0001,100.0,518.67,642.44,1589.23,1407.49,14.62,21.61,553.19,2388.12,9049.12,1.3,47.53,521.16,2388.13,8126.96,8.4627,0.03,394,2388,100.0,38.76,23.3657,170,150,Healthy,88.24,0
69,21,0.0016,-0.0004,100.0,518.67,642.52,1591.81,1408.48,14.62,21.61,554.56,2388.19,9041.16,1.3,47.41,521.5,2388.13,8130.26,8.4736,0.03,392,2388,100.0,38.96,23.338,170,149,Healthy,87.65,0
69,22,0.0006,-0.0003,100.0,518.67,642.36,1586.59,1406.59,14.62,21.61,553.79,2388.05,9040.39,1.3,47.66,521.67,2388.19,8125.9,8.4346,0.03,392,2388,100.0,39.1,23.3428,170,148,Healthy,87.06,0
69,23,0.0012,-0.0003,100.0,518.67,643.01,1590.82,1402.0,14.62,21.61,553.48,2388.13,9046.49,1.3,47.41,521.55,2388.07,8124.35,8.4083,0.03,392,2388,100.0,38.87,23.3779,170,147,Healthy,86.47,0
69,24,0.0016,0.0003,100.0,518.67,642.68,1585.77,1405.36,14.62,21.61,553.1,2388.11,9047.24,1.3,47.41,521.52,2388.11,8130.07,8.4166,0.03,393,2388,100.0,38.81,23.2764,170,146,Healthy,85.88,0
69,25,-0.0017,0.0005,100.0,518.67,642.68,1591.16,1404.12,14.62,21.61,553.18,2388.16,9049.68,1.3,47.47,521.29,2388.14,8127.91,8.4454,0.03,393,2388,100.0,38.79,23.3998,170,145,Healthy,85.29,0
69,26,0.0001,0.0002,100.0,518.67,642.87,1594.25,1415.84,14.62,21.61,552.7,2388.15,9046.27,1.3,47.57,521.18,2388.14,8128.72,8.4121,0.03,393,2388,100.0,38.83,23.2906,170,144,Healthy,84.71,0
69,27,0.0004,0.0005,100.0,518.67,642.8,1582.95,1410.19,14.62,21.61,553.79,2388.12,9051.52,1.3,47.3,521.43,2388.14,8128.47,8.4811,0.03,392,2388,100.0,38.82,23.4269,170,143,Healthy,84.12,0
69,28,-0.0007,0.0005,100.0,518.67,642.01,1587.56,1401.02,14.62,21.61,553.83,2388.1,9050.76,1.3,47.36,521.43,2388.15,8131.38,8.4014,0.03,393,2388,100.0,38.81,23.3402,170,142,Healthy,83.53,0
69,29,0.0034,-0.0,100.0,518.67,642.28,1588.15,1408.64,14.62,21.61,553.66,2388.1,9042.99,1.3,47.44,521.53,2388.1,8130.43,8.4015,0.03,392,2388,100.0,38.82,23.2503,170,141,Healthy,82.94,0
69,30,-0.0016,-0.0003,100.0,518.67,642.62,1591.5,1409.39,14.62,21.61,552.68,2388.1,9042.03,1.3,47.42,521.19,2388.12,8126.62,8.4602,0.03,393,2388,100.0,38.67,23.2779,170,140,Healthy,82.35,0
69,31,-0.0004,-0.0001,100.0,518.67,642.69,1583.73,1409.88,14.62,21.61,553.16,2388.12,9050.67,1.3,47.39,521.01,2388.11,8129.2,8.4165,0.03,394,2388,100.0,39.03,23.3111,170,139,Healthy,81.76,0
69,32,0.0015,-0.0001,100.0,518.67,642.17,1584.87,1406.45,14.62,21.61,553.67,2388.11,9045.82,1.3,47.57,521.65,2388.13,8124.75,8.4377,0.03,393,2388,100.0,38.81,23.2857,170,138,Healthy,81.18,0
69,33,-0.0009,-0.0,100.0,518.67,642.32,1589.33,1405.39,14.62,21.61,553.83,2388.11,9050.84,1.3,47.52,521.96,2388.14,8125.12,8.4371,0.03,393,2388,100.0,38.87,23.238,170,137,Healthy,80.59,0
69,34,0.0015,-0.0004,100.0,518.67,643.0,1589.29,1411.51,14.62,21.61,553.66,2388.09,9055.55,1.3,47.55,522.16,2388.13,8123.07,8.452,0.03,392,2388,100.0,38.87,23.2553,170,136,Healthy,80.0,0
69,35,0.0021,0.0,100.0,518.67,642.51,1585.61,1407.44,14.62,21.61,553.44,2388.1,9044.97,1.3,47.34,521.48,2388.15,8124.31,8.4054,0.03,395,2388,100.0,38.78,23.1884,170,135,Healthy,79.41,0
69,36,0.003,-0.0004,100.0,518.67,642.79,1591.68,1404.72,14.62,21.61,552.8,2388.1,9053.82,1.3,47.48,521.8,2388.14,8128.4,8.413,0.03,392,2388,100.0,38.96,23.2525,170,134,Healthy,78.82,0
69,37,0.0013,0.0003,100.0,518.67,642.52,1588.87,1410.66,14.62,21.61,553.05,2388.11,9045.81,1.3,47.63,521.56,2388.13,8128.72,8.4069,0.03,393,2388,100.0,38.71,23.3801,170,133,Healthy,78.24,0
69,38,-0.0001,0.0005,100.0,518.67,643.37,1593.69,1407.89,14.62,21.61,553.61,2388.18,9043.7,1.3,47.54,521.7,2388.09,8124.33,8.4171,0.03,394,2388,100.0,38.85,23.3083,170,132,Healthy,77.65,0
69,39,-0.0002,0.0001,100.0,518.67,642.75,1589.49,1409.15,14.62,21.61,553.62,2388.09,9040.26,1.3,47.56,520.86,2388.17,8121.94,8.4612,0.03,394,2388,100.0,38.81,23.3908,170,131,Healthy,77.06,0
69,40,-0.0014,-0.0001,100.0,518.67,642.52,1588.89,1403.26,14.62,21.61,553.34,2388.06,9048.44,1.3,47.47,521.68,2388.1,8123.87,8.3757,0.03,393,2388,100.0,38.89,23.283,170,130,Healthy,76.47,0
69,41,-0.0016,0.0004,100.0,518.67,643.11,1593.4,1405.67,14.62,21.61,553.74,2388.12,9043.69,1.3,47.49,521.38,2388.15,8124.53,8.4274,0.03,393,2388,100.0,38.89,23.3049,170,129,Healthy,75.88,0
69,42,-0.0042,0.0005,100.0,518.67,642.73,1583.54,1405.73,14.62,21.61,553.41,2388.14,9046.56,1.3,47.49,521.73,2388.06,8121.28,8.402,0.03,392,2388,100.0,38.78,23.3201,170,128,Healthy,75.29,0
69,43,-0.0009,-0.0001,100.0,518.67,642.78,1595.07,1407.49,14.62,21.61,553.8,2388.09,9039.05,1.3,47.59,521.22,2388.1,8126.84,8.4499,0.03,394,2388,100.0,38.79,23.2615,170,127,Healthy,74.71,0
69,44,-0.0031,-0.0,100.0,518.67,642.6,1593.06,1407.4,14.62,21.61,553.74,2388.14,9054.6,1.3,47.6,521.51,2388.12,8126.1,8.4061,0.03,393,2388,100.0,38.97,23.3958,170,126,Healthy,74.12,0
69,45,-0.0018,0.0001,100.0,518.67,642.03,1581.48,1410.53,14.62,21.61,552.79,2388.12,9043.78,1.3,47.6,521.47,2388.16,8129.47,8.4575,0.03,393,2388,100.0,38.84,23.3174,170,125,Healthy,73.53,0
69,46,-0.0003,-0.0003,100.0,518.67,642.25,1587.73,1405.87,14.62,21.61,553.81,2388.16,9043.11,1.3,47.58,521.18,2388.07,8121.98,8.4423,0.03,392,2388,100.0,38.97,23.3259,170,124,Healthy,72.94,0
69,47,0.001,-0.0004,100.0,518.67,642.11,1592.62,1402.42,14.62,21.61,553.22,2388.05,9046.46,1.3,47.49,521.92,2388.13,8124.3,8.4114,0.03,394,2388,100.0,38.81,23.308,170,123,Healthy,72.35,0
69,48,0.0001,-0.0,100.0,518.67,643.17,1589.93,1409.78,14.62,21.61,553.38,2388.13,9048.64,1.3,47.49,521.29,2388.17,8124.65,8.4424,0.03,393,2388,100.0,38.87,23.3545,170,122,Healthy,71.76,0
69,49,0.0013,0.0003,100.0,518.67,642.56,1592.1,1406.99,14.62,21.61,553.65,2388.12,9044.72,1.3,47.54,521.79,2388.16,8124.36,8.4677,0.03,392,2388,100.0,38.83,23.2882,170,121,Healthy,71.18,0
69,50,0.0009,0.0004,100.0,518.67,642.7,1585.82,1407.8,14.62,21.61,553.44,2388.15,9047.74,1.3,47.72,521.78,2388.14,8124.53,8.4652,0.03,393,2388,100.0,38.86,23.4292,170,120,Early_Wear,70.59,0
70,1,-0.0048,-0.0004,100.0,518.67,641.59,1579.55,1399.63,14.62,21.61,553.6,2388.0,9066.03,1.3,47.32,522.22,2388.01,8139.15,8.413,0.03,391,2388,100.0,39.15,23.4905,172,171,Healthy,99.42,0
70,2,-0.0032,-0.0001,100.0,518.67,641.94,1587.26,1393.25,14.62,21.61,555.01,2388.03,9060.43,1.3,47.19,522.02,2387.97,8143.94,8.412,0.03,392,2388,100.0,39.14,23.3773,172,170,Healthy,98.84,0
70,3,-0.0006,-0.0003,100.0,518.67,642.03,1585.59,1396.47,14.62,21.61,554.29,2388.06,9058.09,1.3,47.18,522.48,2388.01,8141.37,8.4022,0.03,393,2388,100.0,38.87,23.336,172,169,Healthy,98.26,0
70,4,0.0002,-0.0002,100.0,518.67,642.07,1586.24,1401.74,14.62,21.61,554.18,2388.02,9057.74,1.3,47.08,522.23,2388.01,8146.59,8.4482,0.03,392,2388,100.0,38.87,23.3983,172,168,Healthy,97.67,0
70,5,-0.0003,0.0004,100.0,518.67,642.62,1592.3,1402.64,14.62,21.61,554.3,2387.97,9061.57,1.3,47.21,522.15,2387.97,8144.77,8.4156,0.03,392,2388,100.0,38.99,23.5257,172,167,Healthy,97.09,0
70,6,0.0013,-0.0,100.0,518.67,642.31,1582.98,1399.76,14.62,21.61,554.56,2388.07,9062.89,1.3,47.13,522.05,2388.01,8143.69,8.4012,0.03,392,2388,100.0,38.97,23.3136,172,166,Healthy,96.51,0
70,7,0.0014,-0.0003,100.0,518.67,642.87,1584.9,1399.57,14.62,21.61,554.32,2388.02,9053.52,1.3,47.43,522.17,2388.02,8143.18,8.3958,0.03,393,2388,100.0,39.1,23.4733,172,165,Healthy,95.93,0
70,8,0.0049,0.0002,100.0,518.67,642.6,1590.17,1401.06,14.62,21.61,553.81,2387.99,9064.7,1.3,47.09,522.23,2387.99,8143.88,8.3932,0.03,391,2388,100.0,39.13,23.3634,172,164,Healthy,95.35,0
70,9,-0.0006,0.0002,100.0,518.67,642.08,1585.47,1404.95,14.62,21.61,554.55,2387.98,9062.08,1.3,47.34,522.24,2388.01,8142.83,8.3913,0.03,391,2388,100.0,38.87,23.3779,172,163,Healthy,94.77,0
70,10,-0.0037,-0.0,100.0,518.67,642.42,1584.65,1395.53,14.62,21.61,554.17,2388.07,9059.95,1.3,47.17,522.48,2387.94,8139.78,8.4066,0.03,391,2388,100.0,38.93,23.4484,172,162,Healthy,94.19,0
70,11,0.0034,0.0003,100.0,518.67,642.06,1587.16,1397.89,14.62,21.61,554.9,2387.97,9059.91,1.3,47.47,522.44,2387.98,8141.87,8.4094,0.03,391,2388,100.0,39.12,23.5003,172,161,Healthy,93.6,0
70,12,0.0014,0.0,100.0,518.67,642.38,1585.64,1400.72,14.62,21.61,554.95,2388.03,9055.61,1.3,47.24,522.65,2388.0,8141.46,8.3837,0.03,391,2388,100.0,39.0,23.4385,172,160,Healthy,93.02,0
70,13,-0.0063,0.0002,100.0,518.67,641.94,1589.19,1396.81,14.62,21.61,553.25,2387.97,9060.98,1.3,47.29,521.96,2388.04,8145.78,8.3891,0.03,391,2388,100.0,39.16,23.4668,172,159,Healthy,92.44,0
70,14,-0.0003,-0.0,100.0,518.67,642.46,1591.37,1397.77,14.62,21.61,553.97,2388.0,9062.26,1.3,47.15,522.4,2388.04,8141.06,8.4042,0.03,391,2388,100.0,38.99,23.27,172,158,Healthy,91.86,0
70,15,0.0029,0.0002,100.0,518.67,642.25,1584.91,1398.67,14.62,21.61,553.94,2388.03,9064.28,1.3,47.3,522.45,2388.07,8140.66,8.4055,0.03,391,2388,100.0,39.21,23.3367,172,157,Healthy,91.28,0
70,16,0.005,0.0001,100.0,518.67,642.34,1587.58,1402.39,14.62,21.61,554.59,2388.03,9061.5,1.3,47.02,521.88,2388.03,8140.09,8.3996,0.03,391,2388,100.0,38.94,23.3789,172,156,Healthy,90.7,0
70,17,0.0005,0.0003,100.0,518.67,642.44,1584.94,1395.89,14.62,21.61,554.99,2388.01,9056.4,1.3,47.34,522.27,2387.98,8139.46,8.4173,0.03,392,2388,100.0,39.05,23.4523,172,155,Healthy,90.12,0
70,18,-0.001,-0.0002,100.0,518.67,641.72,1582.19,1401.99,14.62,21.61,554.89,2388.0,9058.1,1.3,47.22,522.55,2388.0,8141.97,8.3999,0.03,392,2388,100.0,39.09,23.3589,172,154,Healthy,89.53,0
70,19,0.0028,0.0004,100.0,518.67,641.6,1585.54,1404.8,14.62,21.61,554.73,2388.06,9055.39,1.3,47.2,522.05,2387.98,8143.24,8.3953,0.03,394,2388,100.0,39.1,23.475,172,153,Healthy,88.95,0
70,20,-0.0027,0.0005,100.0,518.67,642.1,1583.94,1396.61,14.62,21.61,554.4,2387.98,9062.56,1.3,47.41,521.96,2388.04,8142.77,8.4077,0.03,392,2388,100.0,38.96,23.3847,172,152,Healthy,88.37,0
70,21,0.0018,0.0001,100.0,518.67,641.99,1586.61,1401.38,14.62,21.61,553.82,2388.01,9054.81,1.3,47.14,522.32,2388.0,8147.64,8.4214,0.03,391,2388,100.0,39.06,23.4428,172,151,Healthy,87.79,0
70,22,0.0011,0.0004,100.0,518.67,641.83,1584.06,1402.9,14.62,21.61,554.15,2388.03,9056.96,1.3,47.37,522.97,2388.03,8140.37,8.3891,0.03,392,2388,100.0,39.01,23.4526,172,150,Healthy,87.21,0
70,23,0.0054,0.0005,100.0,518.67,642.16,1583.43,1403.75,14.62,21.61,554.5,2388.07,9060.28,1.3,47.18,522.43,2388.05,8147.74,8.4445,0.03,392,2388,100.0,39.03,23.3957,172,149,Healthy,86.63,0
70,24,0.0005,0.0005,100.0,518.67,642.37,1581.86,1395.49,14.62,21.6,554.57,2388.0,9060.98,1.3,47.07,522.49,2388.03,8146.5,8.4272,0.03,391,2388,100.0,38.91,23.3861,172,148,Healthy,86.05,0
70,25,-0.004,0.0003,100.0,518.67,642.59,1589.87,1402.45,14.62,21.6,554.04,2388.02,9066.82,1.3,47.08,522.66,2388.0,8148.09,8.3961,0.03,393,2388,100.0,38.96,23.4311,172,147,Healthy,85.47,0
70,26,0.0019,0.0001,100.0,518.67,642.29,1581.05,1397.73,14.62,21.61,554.13,2388.04,9059.45,1.3,47.29,522.45,2388.02,8143.3,8.3754,0.03,392,2388,100.0,38.91,23.4606,172,146,Healthy,84.88,0
70,27,0.001,-0.0,100.0,518.67,642.26,1583.84,1403.55,14.62,21.61,554.48,2387.96,9058.7,1.3,47.24,522.28,2388.02,8138.27,8.3576,0.03,392,2388,100.0,38.98,23.3949,172,145,Healthy,84.3,0
70,28,0.0049,-0.0004,100.0,518.67,641.83,1588.86,1395.91,14.62,21.61,554.72,2388.03,9053.88,1.3,47.25,522.48,2387.98,8141.75,8.4282,0.03,392,2388,100.0,38.82,23.3226,172,144,Healthy,83.72,0
70,29,0.0013,0.0001,100.0,518.67,642.26,1583.96,1398.47,14.62,21.61,554.24,2388.02,9054.87,1.3,47.27,522.87,2388.02,8144.5,8.3928,0.03,391,2388,100.0,39.2,23.4206,172,143,Healthy,83.14,0
70,30,-0.0033,-0.0001,100.0,518.67,642.32,1586.13,1405.02,14.62,21.61,554.55,2388.03,9060.99,1.3,47.37,521.74,2388.06,8147.28,8.4177,0.03,391,2388,100.0,38.97,23.426,172,142,Healthy,82.56,0
70,31,0.003,0.0,100.0,518.67,642.27,1582.21,1401.52,14.62,21.61,554.53,2388.07,9055.48,1.3,47.33,522.55,2388.04,8140.84,8.4058,0.03,392,2388,100.0,38.78,23.434,172,141,Healthy,81.98,0
70,32,-0.0004,-0.0003,100.0,518.67,642.32,1579.81,1398.21,14.62,21.61,554.37,2387.99,9059.96,1.3,47.24,522.17,2388.09,8143.61,8.4211,0.03,391,2388,100.0,39.06,23.4311,172,140,Healthy,81.4,0
70,33,-0.0009,0.0001,100.0,518.67,642.32,1591.66,1401.0,14.62,21.61,554.23,2388.09,9056.05,1.3,47.3,521.86,2388.11,8138.7,8.4127,0.03,390,2388,100.0,39.06,23.3232,172,139,Healthy,80.81,0
70,34,0.0015,0.0003,100.0,518.67,641.38,1586.04,1403.08,14.62,21.61,553.88,2387.96,9068.36,1.3,47.09,522.07,2388.03,8143.61,8.3796,0.03,392,2388,100.0,38.95,23.3885,172,138,Healthy,80.23,0
70,35,0.0023,-0.0002,100.0,518.67,642.63,1590.52,1400.2,14.62,21.61,554.5,2388.05,9069.06,1.3,47.23,521.69,2388.03,8144.13,8.4044,0.03,391,2388,100.0,39.01,23.4563,172,137,Healthy,79.65,0
70,36,0.0023,-0.0003,100.0,518.67,642.05,1581.82,1403.33,14.62,21.61,554.77,2388.05,9056.86,1.3,47.35,522.31,2388.03,8138.57,8.3661,0.03,392,2388,100.0,38.91,23.5197,172,136,Healthy,79.07,0
70,37,0.0019,-0.0003,100.0,518.67,642.0,1590.21,1398.1,14.62,21.61,553.91,2388.06,9059.38,1.3,47.34,522.26,2388.06,8142.22,8.3957,0.03,392,2388,100.0,39.0,23.4643,172,135,Healthy,78.49,0
70,38,0.0004,0.0005,100.0,518.67,642.22,1587.39,1402.54,14.62,21.61,553.99,2387.98,9063.75,1.3,47.26,522.13,2388.01,8145.18,8.4016,0.03,394,2388,100.0,39.04,23.3411,172,134,Healthy,77.91,0
70,39,-0.0014,0.0004,100.0,518.67,642.54,1582.55,1404.54,14.62,21.61,554.36,2388.0,9059.24,1.3,47.28,522.18,2387.98,8139.98,8.4151,0.03,392,2388,100.0,38.88,23.3443,172,133,Healthy,77.33,0
70,40,-0.0013,0.0002,100.0,518.67,642.69,1591.34,1399.27,14.62,21.61,553.45,2388.02,9064.18,1.3,47.26,522.3,2388.03,8143.44,8.4482,0.03,392,2388,100.0,38.9,23.3514,172,132,Healthy,76.74,0
70,41,0.0017,-0.0001,100.0,518.67,642.05,1587.96,1399.05,14.62,21.6,553.36,2388.0,9063.86,1.3,47.29,522.83,2388.02,8150.46,8.4118,0.03,393,2388,100.0,39.01,23.3512,172,131,Healthy,76.16,0
70,42,-0.0004,0.0002,100.0,518.67,642.07,1587.47,1399.42,14.62,21.61,554.61,2388.08,9061.44,1.3,47.48,522.1,2387.98,8143.06,8.4044,0.03,392,2388,100.0,38.83,23.2864,172,130,Healthy,75.58,0
70,43,0.0001,0.0005,100.0,518.67,641.8,1582.2,1400.61,14.62,21.61,553.94,2388.01,9063.44,1.3,47.29,522.62,2388.05,8141.3,8.4128,0.03,391,2388,100.0,39.01,23.4003,172,129,Healthy,75.0,0
70,44,0.0002,-0.0002,100.0,518.67,642.56,1588.46,1396.91,14.62,21.61,554.04,2387.99,9055.31,1.3,47.4,522.04,2388.04,8138.24,8.4126,0.03,393,2388,100.0,39.0,23.305,172,128,Healthy,74.42,0
70,45,-0.0024,-0.0004,100.0,518.67,642.37,1592.71,1394.97,14.62,21.61,553.84,2388.04,9061.01,1.3,47.28,521.99,2388.05,8148.18,8.4157,0.03,393,2388,100.0,39.0,23.3785,172,127,Healthy,73.84,0
70,46,-0.0018,0.0002,100.0,518.67,641.78,1586.39,1396.79,14.62,21.61,554.72,2388.04,9061.46,1.3,47.4,522.39,2387.99,8143.86,8.4041,0.03,391,2388,100.0,39.05,23.319,172,126,Healthy,73.26,0
70,47,-0.0002,-0.0002,100.0,518.67,642.48,1582.28,1402.17,14.62,21.61,554.75,2388.09,9058.9,1.3,47.15,521.99,2387.98,8143.55,8.4145,0.03,393,2388,100.0,39.08,23.2967,172,125,Healthy,72.67,0
70,48,0.0005,0.0002,100.0,518.67,641.93,1582.2,1400.39,14.62,21.61,553.95,2387.99,9055.34,1.3,47.32,522.1,2388.0,8146.32,8.3993,0.03,392,2388,100.0,38.83,23.2876,172,124,Healthy,72.09,0
70,49,-0.0005,0.0001,100.0,518.67,642.49,1587.97,1400.49,14.62,21.61,554.29,2387.99,9051.39,1.3,47.33,522.55,2388.0,8144.18,8.4112,0.03,392,2388,100.0,39.01,23.4065,172,123,Healthy,71.51,0
70,50,-0.001,0.0005,100.0,518.67,642.55,1585.66,1403.83,14.62,21.61,554.43,2388.03,9058.07,1.3,47.18,522.66,2388.05,8139.23,8.4309,0.03,393,2388,100.0,38.81,23.349,172,122,Healthy,70.93,0
71,1,-0.0003,0.0001,100.0,518.67,642.08,1581.48,1400.26,14.62,21.57,551.28,2387.73,9037.91,1.3,47.12,517.77,2387.76,8120.8,8.4192,0.03,390,2388,100.0,38.87,23.2429,409,408,Healthy,99.76,0
71,2,-0.0038,-0.0002,100.0,518.67,641.52,1581.05,1394.0,14.62,21.57,551.46,2387.81,9039.94,1.3,47.14,518.98,2387.84,8130.14,8.4414,0.03,389,2388,100.0,38.88,23.2883,409,407,Healthy,99.51,0
71,3,-0.0027,-0.0003,100.0,518.67,641.7,1575.72,1390.85,14.62,21.58,553.04,2387.94,9047.49,1.3,47.07,520.35,2387.95,8132.44,8.3852,0.03,392,2388,100.0,38.83,23.3616,409,406,Healthy,99.27,0
71,4,0.0029,-0.0003,100.0,518.67,642.02,1574.43,1396.86,14.62,21.57,550.62,2387.52,9035.72,1.3,47.2,518.76,2387.56,8120.28,8.4243,0.03,391,2388,100.0,39.01,23.2899,409,405,Healthy,99.02,0
71,5,-0.0007,0.0002,100.0,518.67,642.3,1580.29,1395.08,14.62,21.57,551.09,2387.47,9032.59,1.3,47.05,519.53,2387.43,8122.43,8.4014,0.03,392,2388,100.0,38.85,23.3676,409,404,Healthy,98.78,0
71,6,-0.002,0.0002,100.0,518.67,641.65,1581.62,1396.36,14.62,21.57,550.25,2387.58,9031.84,1.3,46.98,519.22,2387.66,8123.38,8.4156,0.03,390,2388,100.0,38.81,23.3307,409,403,Healthy,98.53,0
71,7,0.0014,-0.0001,100.0,518.67,641.76,1581.7,1402.78,14.62,21.57,551.34,2387.69,9032.66,1.3,47.25,518.87,2387.73,8129.67,8.4296,0.03,390,2388,100.0,39.07,23.3203,409,402,Healthy,98.29,0
71,8,-0.0032,0.0005,100.0,518.67,642.55,1580.81,1401.97,14.62,21.57,550.71,2387.88,9035.63,1.3,47.3,519.24,2387.84,8124.67,8.3767,0.03,390,2388,100.0,38.72,23.203,409,401,Healthy,98.04,0
71,9,0.0015,-0.0,100.0,518.67,642.47,1576.82,1396.96,14.62,21.57,550.27,2387.27,9040.0,1.3,47.18,519.47,2387.22,8121.67,8.4291,0.03,391,2388,100.0,38.73,23.3656,409,400,Healthy,97.8,0
71,10,0.005,-0.0003,100.0,518.67,641.84,1583.16,1390.99,14.62,21.57,550.22,2387.67,9045.39,1.3,47.24,519.07,2387.73,8122.93,8.4384,0.03,388,2388,100.0,39.0,23.2757,409,399,Healthy,97.56,0
71,11,-0.0015,0.0002,100.0,518.67,642.13,1576.29,1402.22,14.62,21.58,550.79,2387.31,9037.97,1.3,47.22,518.57,2387.31,8117.38,8.4665,0.03,390,2388,100.0,38.84,23.2971,409,398,Healthy,97.31,0
71,12,-0.0006,-0.0003,100.0,518.67,641.96,1579.15,1399.36,14.62,21.57,551.25,2387.41,9035.94,1.3,47.39,519.12,2387.35,8121.76,8.3867,0.03,389,2388,100.0,38.98,23.3376,409,397,Healthy,97.07,0
71,13,0.0005,0.0001,100.0,518.67,642.06,1580.04,1398.74,14.62,21.57,550.86,2387.56,9036.92,1.3,47.02,518.97,2387.56,8124.69,8.427,0.03,391,2388,100.0,38.9,23.3099,409,396,Healthy,96.82,0
71,14,0.0026,0.0001,100.0,518.67,642.31,1578.0,1402.4,14.62,21.57,550.82,2387.59,9040.79,1.3,47.11,519.16,2387.63,8120.97,8.4254,0.03,391,2388,100.0,38.96,23.2616,409,395,Healthy,96.58,0
71,15,0.0013,-0.0002,100.0,518.67,641.61,1582.68,1403.2,14.62,21.57,550.08,2387.45,9030.66,1.3,46.9,518.96,2387.58,8126.72,8.4386,0.03,390,2388,100.0,38.97,23.3006,409,394,Healthy,96.33,0
71,16,-0.0006,-0.0004,100.0,518.67,642.02,1581.06,1401.18,14.62,21.58,550.88,2387.47,9037.51,1.3,47.32,519.6,2387.37,8126.28,8.4467,0.03,390,2388,100.0,38.86,23.2368,409,393,Healthy,96.09,0
71,17,0.0018,-0.0004,100.0,518.67,642.31,1576.5,1403.8,14.62,21.58,550.27,2387.57,9028.99,1.3,47.27,518.59,2387.58,8121.35,8.4858,0.03,389,2388,100.0,38.9,23.2976,409,392,Healthy,95.84,0
71,18,-0.0031,0.0004,100.0,518.67,641.96,1579.72,1401.3,14.62,21.57,551.16,2387.52,9034.3,1.3,47.23,519.12,2387.49,8120.1,8.4399,0.03,392,2388,100.0,38.74,23.4108,409,391,Healthy,95.6,0
71,19,-0.0032,-0.0001,100.0,518.67,642.71,1575.64,1407.0,14.62,21.57,550.25,2387.53,9039.06,1.3,47.29,519.07,2387.51,8119.73,8.4644,0.03,390,2388,100.0,38.94,23.1877,409,390,Healthy,95.35,0
71,20,-0.0029,-0.0003,100.0,518.67,641.61,1577.15,1400.19,14.62,21.57,550.42,2387.43,9035.48,1.3,46.91,519.24,2387.44,8121.86,8.4299,0.03,390,2388,100.0,38.85,23.3868,409,389,Healthy,95.11,0
71,21,-0.0007,0.0004,100.0,518.67,642.24,1578.88,1400.6,14.62,21.57,551.23,2387.38,9028.87,1.3,47.3,519.02,2387.37,8121.64,8.4502,0.03,389,2388,100.0,38.83,23.2229,409,388,Healthy,94.87,0
71,22,-0.0018,-0.0002,100.0,518.67,642.13,1577.9,1389.31,14.62,21.57,550.79,2387.45,9039.38,1.3,47.17,518.75,2387.5,8123.44,8.3914,0.03,391,2388,100.0,38.69,23.308,409,387,Healthy,94.62,0
71,23,0.0026,0.0002,100.0,518.67,642.05,1585.78,1394.3,14.62,21.57,550.69,2387.35,9040.72,1.3,47.16,518.99,2387.35,8118.42,8.4719,0.03,389,2388,100.0,38.79,23.2143,409,386,Healthy,94.38,0
71,24,-0.004,0.0005,100.0,518.67,641.83,1580.48,1396.87,14.62,21.57,550.71,2387.4,9039.27,1.3,47.25,519.62,2387.45,8123.08,8.4037,0.03,390,2388,100.0,38.84,23.1748,409,385,Healthy,94.13,0
71,25,-0.0009,0.0001,100.0,518.67,641.92,1576.55,1395.64,14.62,21.57,551.26,2387.63,9031.89,1.3,47.19,518.87,2387.62,8118.0,8.3846,0.03,390,2388,100.0,38.76,23.2543,409,384,Healthy,93.89,0
71,26,0.0007,0.0004,100.0,518.67,642.26,1586.34,1395.17,14.62,21.57,550.41,2387.67,9037.94,1.3,46.97,519.1,2387.75,8120.9,8.461,0.03,391,2388,100.0,38.92,23.3343,409,383,Healthy,93.64,0
71,27,0.0011,0.0001,100.0,518.67,642.5,1582.47,1404.15,14.62,21.57,550.37,2387.61,9038.51,1.3,47.28,519.44,2387.72,8116.85,8.3992,0.03,390,2388,100.0,38.69,23.3434,409,382,Healthy,93.4,0
71,28,0.0028,-0.0001,100.0,518.67,642.43,1577.78,1402.51,14.62,21.57,550.21,2387.24,9034.47,1.3,47.41,518.68,2387.17,8121.73,8.4813,0.03,392,2388,100.0,38.73,23.3112,409,381,Healthy,93.15,0
71,29,-0.0017,-0.0,100.0,518.67,642.09,1583.18,1402.15,14.62,21.57,551.64,2387.42,9037.64,1.29,47.05,519.57,2387.43,8125.34,8.4258,0.03,390,2388,100.0,38.76,23.2625,409,380,Healthy,92.91,0
71,30,0.0003,0.0003,100.0,518.67,641.75,1574.47,1399.42,14.62,21.57,551.71,2387.46,9033.83,1.3,47.13,518.71,2387.48,8124.21,8.4407,0.03,392,2388,100.0,38.8,23.2483,409,379,Healthy,92.67,0
71,31,-0.0012,-0.0005,100.0,518.67,642.55,1586.09,1398.24,14.62,21.57,550.46,2387.48,9029.18,1.3,47.25,518.65,2387.45,8117.37,8.4622,0.03,388,2388,100.0,38.71,23.262,409,378,Healthy,92.42,0
71,32,-0.0057,0.0003,100.0,518.67,641.72,1580.12,1399.58,14.62,21.58,552.78,2387.95,9039.66,1.3,46.9,520.8,2387.86,8132.92,8.39,0.03,389,2388,100.0,39.09,23.3186,409,377,Healthy,92.18,0
71,33,-0.0,-0.0,100.0,518.67,642.01,1576.14,1406.18,14.62,21.57,550.79,2387.39,9037.05,1.3,47.17,518.85,2387.37,8121.8,8.4158,0.03,391,2388,100.0,38.82,23.2644,409,376,Healthy,91.93,0
71,34,0.0011,0.0003,100.0,518.67,642.3,1579.1,1390.93,14.62,21.57,551.04,2387.59,9028.49,1.3,47.01,519.27,2387.64,8122.17,8.4101,0.03,391,2388,100.0,38.93,23.3697,409,375,Healthy,91.69,0
71,35,-0.0028,0.0001,100.0,518.67,642.26,1576.68,1398.37,14.62,21.57,550.76,2387.64,9037.27,1.3,47.13,518.57,2387.68,8123.18,8.399,0.03,391,2388,100.0,38.74,23.1845,409,374,Healthy,91.44,0
71,36,0.0009,0.0004,100.0,518.67,642.09,1574.95,1402.36,14.62,21.57,551.22,2387.7,9037.11,1.3,47.18,519.02,2387.72,8119.21,8.4233,0.03,390,2388,100.0,38.8,23.2061,409,373,Healthy,91.2,0
71,37,-0.0027,-0.0002,100.0,518.67,642.5,1577.3,1403.17,14.62,21.57,550.84,2387.2,9031.76,1.3,47.32,518.77,2387.22,8116.43,8.438,0.03,392,2388,100.0,38.74,23.3024,409,372,Healthy,90.95,0
71,38,-0.0009,-0.0002,100.0,518.67,642.18,1568.77,1400.43,14.62,21.57,550.52,2387.56,9035.82,1.3,47.24,519.19,2387.56,8121.78,8.4247,0.03,390,2388,100.0,38.8,23.2738,409,371,Healthy,90.71,0
71,39,0.0017,-0.0004,100.0,518.67,642.02,1574.74,1394.59,14.62,21.57,550.76,2387.53,9033.89,1.3,47.28,518.03,2387.45,8113.95,8.4335,0.03,390,2388,100.0,38.89,23.325,409,370,Healthy,90.46,0
71,40,0.0008,0.0004,100.0,518.67,642.44,1577.81,1396.78,14.62,21.57,551.28,2387.55,9033.78,1.3,47.09,519.06,2387.54,8118.0,8.44,0.03,392,2388,100.0,38.98,23.2947,409,369,Healthy,90.22,0
71,41,0.0032,-0.0005,100.0,518.67,641.79,1576.82,1393.51,14.62,21.57,550.75,2387.4,9032.98,1.3,47.16,518.99,2387.42,8119.74,8.4097,0.03,390,2388,100.0,38.72,23.2691,409,368,Healthy,89.98,0
71,42,-0.0008,0.0001,100.0,518.67,641.72,1574.4,1400.52,14.62,21.57,551.2,2387.55,9032.68,1.3,47.2,518.57,2387.6,8116.87,8.3925,0.03,390,2388,100.0,38.83,23.2909,409,367,Healthy,89.73,0
71,43,0.0026,-0.0,100.0,518.67,642.45,1583.73,1397.26,14.62,21.57,551.54,2387.7,9036.25,1.3,47.26,519.2,2387.71,8120.41,8.4141,0.03,390,2388,100.0,38.72,23.2647,409,366,Healthy,89.49,0
71,44,-0.0004,-0.0003,100.0,518.67,642.01,1581.32,1400.56,14.62,21.58,551.11,2387.38,9035.14,1.3,47.24,518.85,2387.39,8120.22,8.4463,0.03,393,2388,100.0,38.94,23.3136,409,365,Healthy,89.24,0
71,45,-0.0005,0.0001,100.0,518.67,642.27,1579.45,1399.17,14.62,21.57,551.49,2387.34,9039.05,1.3,47.27,518.9,2387.37,8116.45,8.4275,0.03,389,2388,100.0,38.75,23.2863,409,364,Healthy,89.0,0
71,46,0.0032,-0.0001,100.0,518.67,641.9,1573.79,1388.54,14.62,21.58,552.28,2387.98,9048.47,1.3,46.97,520.67,2387.93,8133.72,8.4277,0.03,390,2388,100.0,38.95,23.3338,409,363,Healthy,88.75,0
71,47,-0.0006,0.0001,100.0,518.67,641.68,1583.07,1401.81,14.62,21.57,550.65,2387.74,9040.97,1.3,47.18,518.77,2387.72,8124.92,8.4248,0.03,390,2388,100.0,38.79,23.296,409,362,Healthy,88.51,0
71,48,0.0051,0.0003,100.0,518.67,641.97,1575.64,1398.9,14.62,21.57,550.05,2387.31,9031.8,1.3,47.42,518.65,2387.33,8118.52,8.4113,0.03,388,2388,100.0,38.72,23.3432,409,361,Healthy,88.26,0
71,49,0.0041,-0.0005,100.0,518.67,641.53,1585.7,1386.12,14.62,21.58,552.66,2387.92,9053.27,1.3,46.96,520.2,2387.9,8132.09,8.3854,0.03,391,2388,100.0,38.92,23.2948,409,360,Healthy,88.02,0
71,50,0.0001,-0.0001,100.0,518.67,642.46,1577.34,1393.88,14.62,21.57,550.12,2387.48,9031.57,1.3,47.26,519.14,2387.42,8122.25,8.4241,0.03,389,2388,100.0,38.78,23.1703,409,359,Healthy,87.78,0
72,1,-0.0027,-0.0003,100.0,518.67,641.97,1580.67,1394.04,14.62,21.59,554.72,2388.03,9051.36,1.3,47.28,522.87,2387.98,8139.22,8.3825,0.03,391,2388,100.0,39.15,23.4729,232,231,Healthy,99.57,0
72,2,0.0028,0.0004,100.0,518.67,641.37,1586.61,1399.72,14.62,21.59,555.12,2387.97,9056.68,1.3,47.27,522.8,2388.04,8135.6,8.3792,0.03,393,2388,100.0,39.12,23.4542,232,230,Healthy,99.14,0
72,3,-0.003,-0.0,100.0,518.67,642.43,1585.78,1393.04,14.62,21.58,555.38,2387.96,9053.03,1.3,47.14,522.69,2388.03,8141.07,8.3965,0.03,392,2388,100.0,38.87,23.4537,232,229,Healthy,98.71,0
72,4,-0.0055,0.0003,100.0,518.67,641.66,1588.22,1394.51,14.62,21.59,555.19,2388.02,9058.32,1.3,47.24,522.98,2388.01,8139.03,8.3847,0.03,391,2388,100.0,39.3,23.5415,232,228,Healthy,98.28,0
72,5,0.0017,0.0004,100.0,518.67,641.89,1587.31,1392.7,14.62,21.59,554.95,2388.02,9052.86,1.3,47.09,523.07,2387.98,8143.22,8.3523,0.03,393,2388,100.0,39.11,23.4514,232,227,Healthy,97.84,0
72,6,-0.0008,-0.0003,100.0,518.67,641.89,1586.9,1401.08,14.62,21.59,555.32,2388.08,9057.75,1.3,47.32,523.37,2388.05,8144.0,8.3342,0.03,390,2388,100.0,38.95,23.5141,232,226,Healthy,97.41,0
72,7,-0.0025,-0.0002,100.0,518.67,642.22,1578.28,1393.93,14.62,21.59,555.21,2388.07,9063.08,1.3,47.24,523.5,2387.91,8136.82,8.39,0.03,391,2388,100.0,39.15,23.4584,232,225,Healthy,96.98,0
72,8,-0.0031,0.0,100.0,518.67,641.63,1586.32,1395.23,14.62,21.59,555.05,2387.97,9053.98,1.3,47.26,522.95,2388.05,8135.26,8.3836,0.03,390,2388,100.0,39.21,23.383,232,224,Healthy,96.55,0
72,9,0.0032,-0.0003,100.0,518.67,642.62,1583.44,1396.96,14.62,21.59,555.64,2387.98,9055.07,1.3,47.3,523.16,2388.02,8145.64,8.3531,0.03,391,2388,100.0,39.13,23.5731,232,223,Healthy,96.12,0
72,10,-0.0031,-0.0004,100.0,518.67,641.83,1588.82,1399.23,14.62,21.59,555.65,2388.0,9056.43,1.3,47.16,523.47,2387.96,8141.54,8.3959,0.03,391,2388,100.0,38.99,23.4179,232,222,Healthy,95.69,0
72,11,0.0029,0.0005,100.0,518.67,641.92,1588.88,1398.62,14.62,21.58,554.81,2388.06,9058.05,1.3,47.03,522.75,2387.96,8136.73,8.3665,0.03,391,2388,100.0,39.01,23.4166,232,221,Healthy,95.26,0
72,12,-0.0002,-0.0005,100.0,518.67,642.63,1581.03,1400.02,14.62,21.59,554.3,2388.02,9053.66,1.3,47.28,522.68,2388.05,8139.16,8.4089,0.03,391,2388,100.0,39.14,23.4486,232,220,Healthy,94.83,0
72,13,0.0008,-0.0,100.0,518.67,642.45,1578.02,1394.64,14.62,21.59,555.45,2388.06,9056.08,1.3,47.16,523.84,2388.05,8140.19,8.373,0.03,391,2388,100.0,39.29,23.4644,232,219,Healthy,94.4,0
72,14,0.0003,0.0005,100.0,518.67,642.21,1586.36,1395.39,14.62,21.59,555.92,2387.99,9055.58,1.3,47.32,523.09,2388.03,8144.93,8.3545,0.03,391,2388,100.0,38.96,23.4505,232,218,Healthy,93.97,0
72,15,0.0019,0.0001,100.0,518.67,642.13,1584.87,1394.63,14.62,21.59,555.32,2388.0,9054.74,1.3,47.3,522.82,2388.03,8137.65,8.3604,0.03,392,2388,100.0,39.2,23.6243,232,217,Healthy,93.53,0
72,16,-0.0017,0.0,100.0,518.67,641.79,1586.31,1399.2,14.62,21.59,555.24,2388.02,9057.18,1.3,47.21,523.13,2388.07,8133.34,8.4071,0.03,392,2388,100.0,39.06,23.4532,232,216,Healthy,93.1,0
72,17,0.0017,0.0001,100.0,518.67,642.17,1582.96,1396.4,14.62,21.59,555.21,2388.0,9049.71,1.3,47.36,523.22,2388.04,8135.05,8.3758,0.03,391,2388,100.0,39.0,23.3562,232,215,Healthy,92.67,0
72,18,0.002,-0.0004,100.0,518.67,642.31,1588.26,1402.03,14.62,21.59,555.06,2388.01,9065.81,1.3,47.36,522.77,2388.07,8137.14,8.3787,0.03,392,2388,100.0,39.12,23.4157,232,214,Healthy,92.24,0
72,19,0.002,-0.0004,100.0,518.67,642.22,1580.83,1397.29,14.62,21.58,555.04,2387.98,9051.01,1.3,47.27,522.37,2388.03,8139.05,8.3392,0.03,392,2388,100.0,38.92,23.4035,232,213,Healthy,91.81,0
72,20,-0.0017,0.0005,100.0,518.67,641.99,1586.58,1391.28,14.62,21.59,554.97,2388.02,9062.49,1.3,47.19,522.56,2387.99,8146.77,8.3846,0.03,391,2388,100.0,38.97,23.4492,232,212,Healthy,91.38,0
72,21,-0.0026,-0.0002,100.0,518.67,642.32,1581.69,1400.76,14.62,21.59,555.04,2387.99,9055.91,1.3,47.17,523.35,2388.02,8135.56,8.3668,0.03,392,2388,100.0,39.11,23.4286,232,211,Healthy,90.95,0
72,22,0.001,0.0003,100.0,518.67,642.32,1583.22,1395.58,14.62,21.59,555.86,2388.05,9063.78,1.3,47.1,522.8,2388.04,8139.2,8.3441,0.03,392,2388,100.0,39.1,23.4415,232,210,Healthy,90.52,0
72,23,-0.0013,-0.0002,100.0,518.67,642.41,1587.08,1395.02,14.62,21.58,555.02,2388.04,9047.77,1.3,47.23,522.88,2388.04,8141.07,8.3885,0.03,391,2388,100.0,38.72,23.3497,232,209,Healthy,90.09,0
72,24,-0.0015,-0.0002,100.0,518.67,641.64,1580.54,1396.1,14.62,21.59,555.64,2388.02,9062.62,1.3,47.16,523.09,2388.03,8141.22,8.3799,0.03,391,2388,100.0,39.08,23.4537,232,208,Healthy,89.66,0
72,25,-0.0056,-0.0001,100.0,518.67,642.53,1587.86,1397.22,14.62,21.59,555.11,2388.06,9061.93,1.3,47.13,523.7,2388.0,8137.33,8.3851,0.03,391,2388,100.0,39.13,23.47,232,207,Healthy,89.22,0
72,26,-0.0047,0.0,100.0,518.67,642.16,1582.29,1390.83,14.62,21.59,555.29,2388.02,9058.9,1.3,47.09,523.14,2387.99,8140.22,8.3636,0.03,393,2388,100.0,39.11,23.375,232,206,Healthy,88.79,0
72,27,-0.0026,-0.0001,100.0,518.67,642.23,1578.72,1395.78,14.62,21.58,554.85,2388.02,9053.94,1.3,46.96,522.58,2387.94,8138.36,8.3512,0.03,390,2388,100.0,38.99,23.3518,232,205,Healthy,88.36,0
72,28,0.0011,-0.0005,100.0,518.67,641.9,1585.49,1400.71,14.62,21.59,555.02,2387.99,9058.72,1.3,47.19,522.92,2387.97,8142.37,8.3383,0.03,389,2388,100.0,39.0,23.4202,232,204,Healthy,87.93,0
72,29,0.0013,0.0004,100.0,518.67,642.21,1580.17,1402.49,14.62,21.59,554.85,2388.02,9056.0,1.3,47.23,522.55,2388.04,8134.79,8.3527,0.03,390,2388,100.0,39.23,23.4811,232,203,Healthy,87.5,0
72,30,-0.0008,0.0001,100.0,518.67,641.98,1576.16,1396.54,14.62,21.58,554.7,2387.99,9053.73,1.3,47.22,523.1,2387.98,8143.26,8.3836,0.03,391,2388,100.0,39.06,23.4455,232,202,Healthy,87.07,0
72,31,-0.0003,0.0002,100.0,518.67,641.79,1579.54,1397.52,14.62,21.58,554.02,2388.02,9053.36,1.3,47.31,523.19,2388.03,8137.1,8.3924,0.03,392,2388,100.0,38.85,23.3706,232,201,Healthy,86.64,0
72,32,-0.0002,-0.0004,100.0,518.67,642.24,1580.48,1394.5,14.62,21.59,555.23,2388.06,9056.49,1.3,47.15,523.25,2388.06,8138.91,8.3704,0.03,392,2388,100.0,39.07,23.5377,232,200,Healthy,86.21,0
72,33,0.0015,0.0,100.0,518.67,642.22,1585.68,1399.09,14.62,21.59,555.33,2387.99,9056.9,1.3,47.1,522.86,2388.01,8139.8,8.3784,0.03,390,2388,100.0,39.08,23.4799,232,199,Healthy,85.78,0
72,34,0.0024,0.0001,100.0,518.67,641.7,1586.08,1397.74,14.62,21.59,554.72,2387.97,9059.68,1.3,47.17,522.7,2388.0,8139.92,8.3588,0.03,392,2388,100.0,39.12,23.4573,232,198,Healthy,85.34,0
72,35,0.0014,0.0001,100.0,518.67,641.82,1585.74,1396.22,14.62,21.59,554.94,2388.02,9060.62,1.3,47.29,523.06,2388.05,8138.1,8.3836,0.03,392,2388,100.0,38.93,23.3898,232,197,Healthy,84.91,0
72,36,0.0001,-0.0004,100.0,518.67,641.99,1589.31,1398.56,14.62,21.59,555.1,2388.02,9053.67,1.3,47.19,523.29,2387.98,8142.45,8.3483,0.03,392,2388,100.0,39.21,23.512,232,196,Healthy,84.48,0
72,37,-0.0026,0.0005,100.0,518.67,642.02,1579.46,1397.9,14.62,21.58,555.21,2388.03,9058.91,1.3,47.25,523.32,2387.96,8143.1,8.3803,0.03,392,2388,100.0,39.06,23.3728,232,195,Healthy,84.05,0
72,38,0.0017,0.0002,100.0,518.67,641.71,1590.91,1398.41,14.62,21.59,554.93,2387.99,9055.09,1.3,47.31,523.06,2388.05,8138.25,8.3584,0.03,390,2388,100.0,39.04,23.3962,232,194,Healthy,83.62,0
72,39,-0.0022,0.0005,100.0,518.67,641.79,1585.35,1402.11,14.62,21.59,555.55,2388.03,9056.12,1.3,47.19,523.16,2388.02,8135.89,8.3743,0.03,392,2388,100.0,39.0,23.5216,232,193,Healthy,83.19,0
72,40,-0.0023,-0.0003,100.0,518.67,642.2,1588.71,1400.73,14.62,21.58,555.52,2388.0,9052.85,1.3,47.16,522.5,2388.04,8142.63,8.4157,0.03,390,2388,100.0,39.18,23.4792,232,192,Healthy,82.76,0
72,41,-0.0049,0.0004,100.0,518.67,642.05,1584.1,1398.6,14.62,21.58,554.95,2388.0,9057.17,1.3,46.9,522.68,2387.98,8137.22,8.401,0.03,390,2388,100.0,39.0,23.4915,232,191,Healthy,82.33,0
72,42,0.0012,0.0004,100.0,518.67,641.99,1583.51,1398.33,14.62,21.58,555.17,2388.03,9058.31,1.3,47.24,523.07,2388.01,8138.68,8.3547,0.03,390,2388,100.0,39.02,23.4429,232,190,Healthy,81.9,0
72,43,-0.0011,0.0003,100.0,518.67,642.26,1577.25,1394.58,14.62,21.58,554.4,2388.07,9061.4,1.3,47.28,522.62,2388.02,8139.6,8.3845,0.03,390,2388,100.0,39.15,23.4295,232,189,Healthy,81.47,0
72,44,0.001,-0.0004,100.0,518.67,642.78,1587.89,1402.87,14.62,21.58,555.5,2388.0,9053.42,1.3,47.06,523.0,2388.0,8137.85,8.3865,0.03,391,2388,100.0,38.99,23.4592,232,188,Healthy,81.03,0
72,45,-0.003,0.0005,100.0,518.67,642.4,1583.97,1396.7,14.62,21.58,555.69,2388.04,9057.23,1.3,47.21,523.4,2388.04,8144.85,8.4069,0.03,391,2388,100.0,38.97,23.4944,232,187,Healthy,80.6,0
72,46,-0.0022,-0.0002,100.0,518.67,641.68,1580.32,1401.46,14.62,21.59,554.56,2388.03,9053.36,1.3,47.33,523.09,2388.0,8140.23,8.3699,0.03,391,2388,100.0,39.04,23.4955,232,186,Healthy,80.17,0
72,47,-0.0037,0.0003,100.0,518.67,642.11,1583.14,1391.25,14.62,21.58,555.39,2388.03,9052.85,1.3,47.29,523.41,2388.05,8142.91,8.3805,0.03,391,2388,100.0,39.04,23.4574,232,185,Healthy,79.74,0
72,48,0.0,0.0004,100.0,518.67,642.23,1591.94,1396.71,14.62,21.59,555.49,2388.01,9064.99,1.3,47.32,522.75,2387.99,8144.0,8.3854,0.03,393,2388,100.0,39.04,23.4039,232,184,Healthy,79.31,0
72,49,0.0024,-0.0003,100.0,518.67,641.52,1581.7,1401.04,14.62,21.59,554.77,2388.0,9055.1,1.3,46.99,523.15,2387.98,8138.35,8.3495,0.03,393,2388,100.0,39.18,23.4238,232,183,Healthy,78.88,0
72,50,-0.0021,-0.0003,100.0,518.67,642.87,1589.69,1397.15,14.62,21.59,555.72,2387.96,9059.36,1.3,47.08,523.52,2388.03,8135.59,8.4002,0.03,391,2388,100.0,38.96,23.404,232,182,Healthy,78.45,0
73,1,-0.0009,0.0004,100.0,518.67,642.67,1581.57,1397.1,14.62,21.58,550.69,2387.61,9034.41,1.3,47.16,520.0,2387.6,8121.47,8.4162,0.03,392,2388,100.0,38.66,23.324,215,214,Healthy,99.53,0
73,2,-0.0001,-0.0,100.0,518.67,642.09,1577.33,1392.38,14.62,21.57,551.09,2387.85,9042.78,1.3,47.08,518.84,2387.88,8126.67,8.409,0.03,389,2388,100.0,38.8,23.4332,215,213,Healthy,99.07,0
73,3,0.0005,0.0002,100.0,518.67,642.11,1581.65,1386.01,14.62,21.58,551.74,2387.89,9044.08,1.3,47.0,518.8,2387.87,8126.53,8.4177,0.03,390,2388,100.0,38.87,23.323,215,212,Healthy,98.6,0
73,4,0.0023,-0.0002,100.0,518.67,642.42,1580.56,1394.19,14.62,21.58,550.6,2387.49,9041.8,1.3,47.12,519.22,2387.51,8118.09,8.4565,0.03,389,2388,100.0,38.88,23.2458,215,211,Healthy,98.14,0
73,5,-0.0019,-0.0001,100.0,518.67,641.68,1570.51,1395.44,14.62,21.58,550.98,2387.66,9042.23,1.3,47.15,519.49,2387.68,8127.16,8.4156,0.03,391,2388,100.0,39.01,23.271,215,210,Healthy,97.67,0
73,6,-0.0028,0.0002,100.0,518.67,642.46,1576.17,1396.17,14.62,21.58,551.7,2387.67,9035.92,1.3,47.19,519.27,2387.6,8119.63,8.4142,0.03,390,2388,100.0,38.88,23.2278,215,209,Healthy,97.21,0
73,7,0.0018,-0.0,100.0,518.67,642.03,1580.06,1399.11,14.62,21.58,551.23,2387.65,9036.24,1.3,47.31,518.7,2387.67,8120.21,8.4543,0.03,389,2388,100.0,38.84,23.2445,215,208,Healthy,96.74,0
73,8,-0.0016,0.0001,100.0,518.67,642.07,1580.74,1402.11,14.62,21.58,551.2,2387.54,9035.09,1.3,47.09,519.05,2387.51,8123.81,8.4394,0.03,390,2388,100.0,38.69,23.2921,215,207,Healthy,96.28,0
73,9,-0.0031,-0.0003,100.0,518.67,642.11,1578.88,1390.16,14.62,21.57,551.57,2387.94,9043.11,1.3,47.09,519.39,2387.89,8121.77,8.4085,0.03,390,2388,100.0,38.89,23.2631,215,206,Healthy,95.81,0
73,10,0.0005,0.0,100.0,518.67,641.39,1577.24,1392.39,14.62,21.58,551.68,2387.71,9029.82,1.3,47.08,519.68,2387.7,8119.96,8.407,0.03,391,2388,100.0,38.79,23.279,215,205,Healthy,95.35,0
73,11,0.0011,0.0005,100.0,518.67,642.49,1579.74,1395.28,14.62,21.58,551.44,2387.78,9040.33,1.3,47.29,519.34,2387.76,8118.73,8.4481,0.03,392,2388,100.0,39.04,23.3935,215,204,Healthy,94.88,0
73,12,0.002,-0.0003,100.0,518.67,642.17,1586.09,1400.45,14.62,21.58,550.9,2387.65,9037.76,1.3,46.78,519.77,2387.71,8127.85,8.444,0.03,389,2388,100.0,38.87,23.323,215,203,Healthy,94.42,0
73,13,0.0049,-0.0001,100.0,518.67,641.98,1574.02,1397.49,14.62,21.58,550.5,2387.77,9031.04,1.3,47.0,519.54,2387.72,8121.6,8.4251,0.03,389,2388,100.0,38.73,23.3132,215,202,Healthy,93.95,0
73,14,0.0016,0.0004,100.0,518.67,641.38,1576.71,1395.79,14.62,21.58,551.35,2387.66,9037.31,1.3,47.42,519.53,2387.68,8128.33,8.3966,0.03,390,2388,100.0,38.81,23.2992,215,201,Healthy,93.49,0
73,15,-0.0012,0.0003,100.0,518.67,642.24,1584.35,1393.3,14.62,21.58,551.34,2387.48,9038.36,1.3,47.08,519.64,2387.49,8124.96,8.3922,0.03,390,2388,100.0,38.98,23.3186,215,200,Healthy,93.02,0
73,16,-0.0003,0.0002,100.0,518.67,642.31,1575.13,1403.6,14.62,21.58,550.93,2387.76,9040.26,1.3,47.12,519.42,2387.81,8120.73,8.4297,0.03,389,2388,100.0,39.08,23.3426,215,199,Healthy,92.56,0
73,17,-0.0006,-0.0003,100.0,518.67,641.71,1572.24,1395.58,14.62,21.58,551.36,2387.86,9037.62,1.3,47.08,519.34,2387.78,8127.02,8.4479,0.03,391,2388,100.0,38.8,23.2534,215,198,Healthy,92.09,0
73,18,0.0016,0.0001,100.0,518.67,642.11,1574.44,1400.49,14.62,21.58,551.04,2387.82,9035.79,1.3,47.37,519.06,2387.9,8122.23,8.4745,0.03,390,2388,100.0,38.79,23.3691,215,197,Healthy,91.63,0
73,19,-0.0007,-0.0,100.0,518.67,641.96,1570.03,1395.48,14.62,21.58,551.44,2387.51,9034.98,1.3,47.21,518.98,2387.48,8123.94,8.4375,0.03,390,2388,100.0,38.98,23.3506,215,196,Healthy,91.16,0
73,20,0.002,0.0004,100.0,518.67,642.13,1581.35,1394.78,14.62,21.58,551.48,2387.51,9034.58,1.3,47.21,519.38,2387.51,8123.88,8.406,0.03,389,2388,100.0,38.87,23.2887,215,195,Healthy,90.7,0
73,21,-0.0009,0.0005,100.0,518.67,642.09,1576.73,1400.15,14.62,21.58,551.04,2387.56,9035.83,1.3,47.1,518.9,2387.59,8122.64,8.4382,0.03,391,2388,100.0,38.75,23.2656,215,194,Healthy,90.23,0
73,22,-0.0002,0.0005,100.0,518.67,642.15,1581.66,1390.62,14.62,21.58,550.79,2387.72,9036.75,1.3,47.22,519.18,2387.64,8125.37,8.3811,0.03,390,2388,100.0,38.81,23.2823,215,193,Healthy,89.77,0
73,23,-0.0008,0.0002,100.0,518.67,642.09,1574.25,1399.91,14.62,21.58,550.68,2387.84,9038.45,1.3,47.09,518.84,2387.79,8118.73,8.4322,0.03,390,2388,100.0,39.02,23.3165,215,192,Healthy,89.3,0
73,24,-0.0006,-0.0003,100.0,518.67,641.96,1583.39,1393.23,14.62,21.58,551.9,2387.81,9037.36,1.3,47.17,519.03,2387.83,8126.67,8.4655,0.03,390,2388,100.0,38.87,23.2174,215,191,Healthy,88.84,0
73,25,-0.0003,0.0003,100.0,518.67,642.54,1581.31,1399.79,14.62,21.58,551.33,2387.68,9039.83,1.3,47.15,519.05,2387.63,8126.77,8.445,0.03,391,2388,100.0,38.99,23.2104,215,190,Healthy,88.37,0
73,26,-0.0044,0.0005,100.0,518.67,642.3,1583.82,1403.14,14.62,21.58,551.54,2387.67,9032.09,1.3,47.26,519.26,2387.61,8125.25,8.4349,0.03,390,2388,100.0,38.82,23.2798,215,189,Healthy,87.91,0
73,27,-0.0029,0.0004,100.0,518.67,642.1,1577.48,1395.24,14.62,21.58,550.78,2387.43,9035.64,1.3,47.01,519.4,2387.42,8120.46,8.4502,0.03,390,2388,100.0,38.77,23.2867,215,188,Healthy,87.44,0
73,28,0.001,0.0002,100.0,518.67,642.19,1579.37,1404.76,14.62,21.58,551.0,2387.26,9033.89,1.3,47.44,519.12,2387.25,8124.28,8.4343,0.03,391,2388,100.0,38.58,23.321,215,187,Healthy,86.98,0
73,29,0.0013,0.0005,100.0,518.67,641.86,1576.05,1399.75,14.62,21.58,550.49,2387.44,9034.27,1.3,47.19,518.8,2387.48,8117.78,8.45,0.03,389,2388,100.0,38.8,23.2949,215,186,Healthy,86.51,0
73,30,-0.0007,-0.0,100.0,518.67,642.11,1578.73,1408.32,14.62,21.58,550.61,2387.57,9034.31,1.3,47.2,519.11,2387.61,8119.08,8.4404,0.03,389,2388,100.0,38.66,23.1814,215,185,Healthy,86.05,0
73,31,0.0043,0.0003,100.0,518.67,642.41,1576.63,1395.53,14.62,21.58,550.49,2387.28,9029.47,1.3,47.23,519.18,2387.32,8119.35,8.4335,0.03,391,2388,100.0,38.82,23.2038,215,184,Healthy,85.58,0
73,32,0.0018,-0.0004,100.0,518.67,642.89,1584.2,1398.38,14.62,21.58,551.77,2387.63,9038.3,1.3,47.2,519.46,2387.61,8121.96,8.4253,0.03,388,2388,100.0,38.93,23.2817,215,183,Healthy,85.12,0
73,33,0.001,-0.0002,100.0,518.67,642.05,1579.58,1394.71,14.62,21.58,551.31,2387.42,9048.05,1.3,47.17,519.55,2387.51,8127.86,8.4101,0.03,391,2388,100.0,39.0,23.3852,215,182,Healthy,84.65,0
73,34,0.002,0.0001,100.0,518.67,642.41,1584.69,1405.04,14.62,21.58,550.55,2387.57,9040.84,1.3,47.38,518.74,2387.47,8119.44,8.4243,0.03,390,2388,100.0,38.73,23.1477,215,181,Healthy,84.19,0
73,35,0.0052,-0.0002,100.0,518.67,642.91,1578.46,1394.76,14.62,21.58,550.59,2387.88,9040.27,1.3,47.05,519.17,2387.92,8120.55,8.4605,0.03,390,2388,100.0,38.99,23.4551,215,180,Healthy,83.72,0
73,36,0.0005,-0.0003,100.0,518.67,642.31,1577.3,1400.46,14.62,21.58,550.53,2387.78,9034.42,1.3,47.19,519.08,2387.76,8116.12,8.4583,0.03,391,2388,100.0,38.83,23.2678,215,179,Healthy,83.26,0
73,37,0.0018,-0.0002,100.0,518.67,642.24,1579.03,1401.61,14.62,21.58,551.04,2387.58,9035.92,1.3,47.23,519.74,2387.61,8124.61,8.4579,0.03,390,2388,100.0,38.96,23.1679,215,178,Healthy,82.79,0
73,38,-0.0009,0.0005,100.0,518.67,642.03,1576.21,1403.39,14.62,21.58,551.0,2387.42,9034.62,1.3,47.11,519.24,2387.5,8119.8,8.4188,0.03,392,2388,100.0,38.84,23.3134,215,177,Healthy,82.33,0
73,39,0.0004,0.0003,100.0,518.67,641.47,1578.38,1397.24,14.62,21.58,550.77,2387.58,9037.84,1.3,47.19,519.02,2387.59,8119.37,8.445,0.03,391,2388,100.0,39.02,23.3571,215,176,Healthy,81.86,0
73,40,-0.0005,-0.0004,100.0,518.67,642.37,1579.69,1394.61,14.62,21.58,550.35,2387.8,9037.29,1.3,47.34,519.24,2387.77,8122.72,8.4033,0.03,390,2388,100.0,38.64,23.2935,215,175,Healthy,81.4,0
73,41,-0.0001,-0.0004,100.0,518.67,642.0,1580.98,1395.27,14.62,21.58,550.75,2387.72,9040.77,1.3,46.95,519.08,2387.72,8124.16,8.4051,0.03,391,2388,100.0,38.83,23.2758,215,174,Healthy,80.93,0
73,42,-0.0001,-0.0001,100.0,518.67,642.26,1574.39,1396.25,14.62,21.58,551.08,2387.62,9038.66,1.3,47.24,519.42,2387.59,8120.69,8.4443,0.03,390,2388,100.0,38.66,23.3209,215,173,Healthy,80.47,0
73,43,0.0029,-0.0,100.0,518.67,642.14,1577.51,1397.21,14.62,21.58,550.16,2387.42,9035.56,1.3,47.24,519.11,2387.44,8120.74,8.4131,0.03,389,2388,100.0,38.67,23.3005,215,172,Healthy,80.0,0
73,44,0.0006,-0.0004,100.0,518.67,641.64,1574.52,1399.89,14.62,21.58,551.33,2387.36,9037.14,1.3,47.37,518.96,2387.4,8118.11,8.4417,0.03,388,2388,100.0,38.81,23.2907,215,171,Healthy,79.53,0
73,45,0.002,0.0003,100.0,518.67,642.14,1578.26,1401.47,14.62,21.58,551.07,2387.54,9030.37,1.3,47.17,519.31,2387.52,8115.05,8.441,0.03,391,2388,100.0,38.89,23.253,215,170,Healthy,79.07,0
73,46,-0.0012,-0.0001,100.0,518.67,642.43,1583.26,1397.85,14.62,21.58,550.23,2387.63,9039.35,1.3,47.16,518.54,2387.52,8119.61,8.4573,0.03,390,2388,100.0,38.81,23.2828,215,169,Healthy,78.6,0
73,47,-0.0045,-0.0005,100.0,518.67,642.12,1573.46,1403.55,14.62,21.58,550.51,2387.29,9038.41,1.3,47.35,519.65,2387.26,8120.99,8.4554,0.03,390,2388,100.0,38.58,23.3631,215,168,Healthy,78.14,0
73,48,-0.0001,-0.0001,100.0,518.67,642.01,1578.99,1399.87,14.62,21.58,550.65,2387.58,9031.56,1.3,47.28,519.29,2387.6,8117.07,8.4218,0.03,391,2388,100.0,38.87,23.2698,215,167,Healthy,77.67,0
73,49,-0.0017,-0.0003,100.0,518.67,642.26,1582.13,1395.73,14.62,21.58,550.59,2387.46,9033.93,1.3,47.13,519.09,2387.49,8123.87,8.3923,0.03,391,2388,100.0,38.66,23.3275,215,166,Healthy,77.21,0
73,50,0.0006,-0.0004,100.0,518.67,641.42,1583.4,1394.0,14.62,21.58,552.86,2387.93,9043.02,1.3,46.95,520.79,2387.95,8137.19,8.4096,0.03,390,2388,100.0,38.98,23.4148,215,165,Healthy,76.74,0
74,1,0.0013,-0.0003,100.0,518.67,642.19,1589.58,1408.54,14.62,21.61,553.88,2387.99,9064.91,1.3,47.43,521.79,2388.0,8145.35,8.4601,0.03,391,2388,100.0,38.89,23.3443,193,192,Healthy,99.48,0
74,2,0.0021,-0.0003,100.0,518.67,642.73,1578.25,1398.5,14.62,21.61,553.32,2388.01,9066.94,1.3,47.14,522.59,2388.02,8145.24,8.4233,0.03,393,2388,100.0,38.72,23.3481,193,191,Healthy,98.96,0
74,3,-0.0005,0.0003,100.0,518.67,642.76,1595.35,1407.18,14.62,21.61,554.03,2388.04,9061.43,1.3,47.38,522.25,2388.08,8141.36,8.4304,0.03,393,2388,100.0,38.87,23.4117,193,190,Healthy,98.45,0
74,4,0.0013,0.0002,100.0,518.67,642.52,1591.23,1407.57,14.62,21.61,553.8,2388.08,9062.55,1.3,47.34,521.8,2388.1,8144.92,8.4131,0.03,393,2388,100.0,38.94,23.2593,193,189,Healthy,97.93,0
74,5,0.002,0.0001,100.0,518.67,642.68,1586.28,1403.38,14.62,21.61,553.79,2388.08,9063.34,1.3,47.47,521.81,2388.04,8142.5,8.4154,0.03,392,2388,100.0,38.85,23.2933,193,188,Healthy,97.41,0
74,6,-0.0002,0.0003,100.0,518.67,642.76,1587.59,1410.27,14.62,21.61,554.13,2388.05,9057.55,1.3,47.47,521.85,2388.05,8142.93,8.3988,0.03,394,2388,100.0,38.75,23.3528,193,187,Healthy,96.89,0
74,7,-0.003,0.0005,100.0,518.67,642.16,1585.84,1400.03,14.62,21.61,553.57,2388.06,9070.65,1.3,47.14,521.74,2388.08,8147.35,8.4391,0.03,392,2388,100.0,38.93,23.4539,193,186,Healthy,96.37,0
74,8,-0.0004,-0.0002,100.0,518.67,642.98,1593.5,1404.39,14.62,21.6,553.87,2388.0,9064.56,1.3,47.27,522.13,2388.05,8140.75,8.3979,0.03,392,2388,100.0,38.93,23.2133,193,185,Healthy,95.85,0
74,9,-0.0028,0.0003,100.0,518.67,642.25,1589.95,1399.97,14.62,21.61,554.64,2388.09,9065.58,1.3,47.15,521.42,2388.02,8143.13,8.379,0.03,393,2388,100.0,38.98,23.4365,193,184,Healthy,95.34,0
74,10,0.0001,0.0002,100.0,518.67,642.59,1593.47,1400.06,14.62,21.61,553.3,2388.07,9060.7,1.3,47.42,521.9,2388.11,8140.38,8.4146,0.03,391,2388,100.0,38.89,23.4128,193,183,Healthy,94.82,0
74,11,-0.0017,0.0,100.0,518.67,642.18,1581.7,1401.97,14.62,21.61,554.61,2388.07,9060.59,1.3,47.29,521.28,2388.05,8142.2,8.4058,0.03,390,2388,100.0,39.07,23.3636,193,182,Healthy,94.3,0
74,12,-0.0011,0.0004,100.0,518.67,642.74,1587.42,1411.9,14.62,21.61,554.09,2388.09,9066.78,1.3,47.35,522.34,2388.04,8144.56,8.3622,0.03,393,2388,100.0,38.9,23.4294,193,181,Healthy,93.78,0
74,13,-0.0005,-0.0004,100.0,518.67,642.37,1588.41,1402.92,14.62,21.61,553.74,2388.06,9062.91,1.3,47.49,521.32,2388.09,8143.42,8.4001,0.03,391,2388,100.0,38.79,23.3449,193,180,Healthy,93.26,0
74,14,-0.0049,-0.0002,100.0,518.67,642.72,1590.14,1402.66,14.62,21.61,553.21,2388.05,9057.5,1.3,47.23,521.54,2388.06,8144.07,8.4209,0.03,392,2388,100.0,38.95,23.4228,193,179,Healthy,92.75,0
74,15,-0.0005,0.0002,100.0,518.67,642.2,1587.12,1409.56,14.62,21.61,554.35,2388.05,9063.92,1.3,47.41,521.63,2388.04,8144.52,8.4177,0.03,392,2388,100.0,38.88,23.2178,193,178,Healthy,92.23,0
74,16,-0.0018,-0.0002,100.0,518.67,642.08,1588.43,1402.73,14.62,21.61,554.31,2388.02,9054.46,1.3,47.29,522.33,2388.09,8141.69,8.4176,0.03,393,2388,100.0,38.97,23.2719,193,177,Healthy,91.71,0
74,17,-0.0026,-0.0001,100.0,518.67,642.66,1591.85,1402.02,14.62,21.61,553.57,2388.06,9063.95,1.3,47.44,521.03,2388.07,8142.07,8.4235,0.03,393,2388,100.0,38.8,23.2524,193,176,Healthy,91.19,0
74,18,-0.0023,0.0005,100.0,518.67,642.45,1587.43,1404.21,14.62,21.61,554.25,2388.05,9074.98,1.3,47.53,522.16,2387.99,8145.66,8.4306,0.03,391,2388,100.0,38.78,23.4953,193,175,Healthy,90.67,0
74,19,0.0007,0.0004,100.0,518.67,642.13,1591.08,1409.41,14.62,21.61,553.95,2388.06,9063.92,1.3,47.35,521.68,2388.01,8142.99,8.4245,0.03,392,2388,100.0,38.9,23.3481,193,174,Healthy,90.16,0
74,20,-0.0044,-0.0004,100.0,518.67,642.07,1583.4,1405.1,14.62,21.61,553.34,2388.05,9063.4,1.3,47.3,521.84,2388.06,8144.77,8.4198,0.03,392,2388,100.0,38.99,23.3411,193,173,Healthy,89.64,0
74,21,-0.0012,-0.0003,100.0,518.67,642.34,1597.12,1405.54,14.62,21.61,554.25,2388.05,9064.01,1.3,47.33,521.69,2388.06,8141.32,8.3983,0.03,394,2388,100.0,38.71,23.3222,193,172,Healthy,89.12,0
74,22,0.0009,-0.0001,100.0,518.67,642.46,1586.03,1400.32,14.62,21.61,554.77,2387.96,9058.51,1.3,47.48,521.57,2388.12,8140.31,8.4609,0.03,393,2388,100.0,38.81,23.3595,193,171,Healthy,88.6,0
74,23,0.0018,0.0002,100.0,518.67,642.56,1583.37,1405.41,14.62,21.61,553.96,2388.01,9066.26,1.3,47.32,522.1,2388.03,8142.52,8.4009,0.03,393,2388,100.0,38.82,23.3181,193,170,Healthy,88.08,0
74,24,0.0011,0.0001,100.0,518.67,642.26,1585.44,1406.4,14.62,21.61,554.21,2388.09,9069.94,1.3,47.29,522.05,2388.08,8146.6,8.4464,0.03,392,2388,100.0,38.97,23.4348,193,169,Healthy,87.56,0
74,25,0.0002,-0.0,100.0,518.67,642.97,1590.64,1407.69,14.62,21.61,553.22,2387.99,9059.69,1.3,47.31,521.69,2388.1,8148.93,8.4011,0.03,393,2388,100.0,38.89,23.3371,193,168,Healthy,87.05,0
74,26,0.0047,-0.0005,100.0,518.67,642.42,1590.38,1405.09,14.62,21.61,553.74,2388.11,9060.3,1.3,47.36,521.5,2388.09,8146.15,8.4626,0.03,392,2388,100.0,39.06,23.3361,193,167,Healthy,86.53,0
74,27,0.0011,0.0002,100.0,518.67,641.98,1587.03,1406.02,14.62,21.61,553.8,2388.09,9068.49,1.3,47.49,521.25,2388.09,8146.12,8.4439,0.03,392,2388,100.0,38.9,23.3525,193,166,Healthy,86.01,0
74,28,0.0013,0.0005,100.0,518.67,642.51,1586.84,1400.45,14.62,21.61,553.41,2388.08,9068.24,1.3,47.6,521.18,2388.1,8147.8,8.4201,0.03,393,2388,100.0,38.91,23.3369,193,165,Healthy,85.49,0
74,29,0.0,-0.0005,100.0,518.67,642.41,1591.52,1398.92,14.62,21.61,553.81,2388.01,9063.49,1.3,47.3,521.7,2388.03,8143.06,8.4192,0.03,393,2388,100.0,38.93,23.3955,193,164,Healthy,84.97,0
74,30,-0.0011,-0.0005,100.0,518.67,642.47,1589.01,1405.39,14.62,21.61,554.46,2388.05,9058.79,1.3,47.61,522.08,2388.08,8151.83,8.4161,0.03,391,2388,100.0,38.98,23.3555,193,163,Healthy,84.46,0
74,31,0.002,-0.0005,100.0,518.67,642.37,1590.09,1407.72,14.62,21.61,554.01,2388.04,9065.3,1.3,47.5,521.8,2388.03,8150.28,8.4351,0.03,392,2388,100.0,38.78,23.2518,193,162,Healthy,83.94,0
74,32,0.0009,0.0003,100.0,518.67,642.04,1594.68,1410.14,14.62,21.61,553.72,2388.04,9067.25,1.3,47.38,521.41,2388.06,8152.54,8.4072,0.03,393,2388,100.0,38.97,23.4454,193,161,Healthy,83.42,0
74,33,0.0036,0.0001,100.0,518.67,642.33,1593.32,1399.84,14.62,21.61,553.43,2388.13,9063.78,1.3,47.39,522.15,2388.03,8138.26,8.4315,0.03,393,2388,100.0,38.84,23.3434,193,160,Healthy,82.9,0
74,34,0.0015,-0.0005,100.0,518.67,642.78,1589.03,1399.61,14.62,21.61,553.48,2388.07,9064.59,1.3,47.38,521.76,2388.02,8144.65,8.4469,0.03,393,2388,100.0,38.98,23.3813,193,159,Healthy,82.38,0
74,35,-0.0015,-0.0004,100.0,518.67,643.13,1588.06,1401.07,14.62,21.61,552.92,2388.09,9068.6,1.3,47.39,521.5,2388.04,8145.51,8.4162,0.03,392,2388,100.0,39.05,23.2713,193,158,Healthy,81.87,0
74,36,0.0005,0.0002,100.0,518.67,642.65,1590.25,1399.8,14.62,21.61,553.62,2388.09,9064.14,1.3,47.31,521.84,2388.06,8145.36,8.4442,0.03,395,2388,100.0,38.77,23.3455,193,157,Healthy,81.35,0
74,37,0.0018,-0.0005,100.0,518.67,642.47,1592.42,1402.01,14.62,21.61,553.77,2388.08,9067.17,1.3,47.42,522.1,2388.01,8145.8,8.4418,0.03,392,2388,100.0,38.91,23.3767,193,156,Healthy,80.83,0
74,38,-0.0042,0.0003,100.0,518.67,642.28,1584.66,1407.24,14.62,21.61,553.38,2388.07,9069.63,1.3,47.56,522.27,2388.05,8141.4,8.455,0.03,392,2388,100.0,38.8,23.3994,193,155,Healthy,80.31,0
74,39,-0.0008,-0.0,100.0,518.67,642.21,1598.31,1409.92,14.62,21.61,554.5,2388.1,9065.5,1.3,47.2,521.74,2388.07,8140.63,8.4276,0.03,393,2388,100.0,38.76,23.358,193,154,Healthy,79.79,0
74,40,0.0007,0.0,100.0,518.67,642.16,1579.48,1408.15,14.62,21.61,554.0,2388.09,9070.63,1.3,47.43,521.64,2388.03,8143.68,8.4587,0.03,391,2388,100.0,38.78,23.3095,193,153,Healthy,79.27,0
74,41,0.0018,0.0,100.0,518.67,642.43,1591.77,1403.21,14.62,21.61,554.07,2388.07,9063.65,1.3,47.45,521.57,2388.09,8150.53,8.4319,0.03,393,2388,100.0,38.85,23.3651,193,152,Healthy,78.76,0
74,42,-0.0022,0.0001,100.0,518.67,642.15,1587.04,1409.08,14.62,21.61,553.69,2388.09,9067.73,1.3,47.16,521.63,2388.1,8145.37,8.4232,0.03,393,2388,100.0,38.87,23.3319,193,151,Healthy,78.24,0
74,43,0.0016,-0.0002,100.0,518.67,642.22,1585.91,1410.03,14.62,21.61,554.44,2388.11,9064.58,1.3,47.26,521.49,2388.04,8149.15,8.422,0.03,392,2388,100.0,38.94,23.3119,193,150,Healthy,77.72,0
74,44,0.0007,-0.0003,100.0,518.67,642.69,1591.46,1405.54,14.62,21.61,553.06,2388.03,9071.46,1.3,47.25,522.13,2388.05,8149.52,8.4373,0.03,392,2388,100.0,38.68,23.2431,193,149,Healthy,77.2,0
74,45,-0.0037,0.0002,100.0,518.67,642.39,1587.36,1407.08,14.62,21.61,554.19,2387.97,9061.52,1.3,47.34,521.74,2388.1,8145.81,8.4061,0.03,392,2388,100.0,38.83,23.3375,193,148,Healthy,76.68,0
74,46,-0.0015,-0.0005,100.0,518.67,643.18,1589.87,1405.57,14.62,21.61,554.02,2388.05,9067.5,1.3,47.26,522.22,2388.05,8142.28,8.4426,0.03,392,2388,100.0,39.01,23.3608,193,147,Healthy,76.17,0
74,47,0.0004,0.0004,100.0,518.67,643.1,1587.19,1404.41,14.62,21.61,553.71,2388.09,9069.45,1.3,47.51,522.17,2388.06,8139.24,8.4419,0.03,393,2388,100.0,38.85,23.296,193,146,Healthy,75.65,0
74,48,0.0003,-0.0004,100.0,518.67,642.73,1586.9,1401.81,14.62,21.61,553.35,2388.05,9069.35,1.3,47.54,521.54,2388.06,8146.69,8.436,0.03,393,2388,100.0,39.09,23.3935,193,145,Healthy,75.13,0
74,49,-0.0013,0.0004,100.0,518.67,642.46,1589.31,1406.62,14.62,21.61,554.07,2388.07,9066.41,1.3,47.45,521.98,2388.02,8144.81,8.4213,0.03,391,2388,100.0,38.95,23.3433,193,144,Healthy,74.61,0
74,50,0.0019,-0.0003,100.0,518.67,642.9,1589.59,1403.48,14.62,21.61,553.45,2388.02,9057.75,1.3,47.44,522.13,2388.07,8143.0,8.4087,0.03,392,2388,100.0,38.77,23.3274,193,143,Healthy,74.09,0
75,1,0.0016,-0.0005,100.0,518.67,641.06,1579.43,1391.2,14.62,21.57,552.16,2387.88,9039.87,1.3,47.19,520.42,2387.93,8131.1,8.3988,0.03,392,2388,100.0,38.92,23.3607,259,258,Healthy,99.61,0
75,2,-0.0018,0.0004,100.0,518.67,642.03,1579.1,1393.39,14.62,21.58,553.12,2387.88,9044.27,1.3,47.09,520.75,2387.94,8139.1,8.3827,0.03,391,2388,100.0,38.88,23.3958,259,257,Healthy,99.23,0
75,3,-0.0023,0.0002,100.0,518.67,641.68,1580.43,1391.99,14.62,21.58,552.54,2387.98,9047.66,1.3,47.05,520.54,2387.98,8131.36,8.4115,0.03,390,2388,100.0,39.0,23.344,259,256,Healthy,98.84,0
75,4,-0.0026,-0.0004,100.0,518.67,641.45,1583.33,1394.74,14.62,21.58,552.3,2387.98,9041.61,1.3,47.06,520.36,2387.88,8132.64,8.4125,0.03,391,2388,100.0,39.1,23.4254,259,255,Healthy,98.46,0
75,5,0.0033,-0.0002,100.0,518.67,642.18,1580.54,1397.59,14.62,21.58,552.57,2387.92,9048.9,1.3,47.14,521.08,2387.89,8131.37,8.4163,0.03,391,2388,100.0,38.96,23.4077,259,254,Healthy,98.07,0
75,6,0.0014,0.0001,100.0,518.67,641.99,1582.24,1390.73,14.62,21.57,551.87,2387.95,9051.68,1.3,46.99,520.22,2387.94,8134.04,8.392,0.03,392,2388,100.0,38.96,23.3857,259,253,Healthy,97.68,0
75,7,-0.0012,-0.0,100.0,518.67,641.86,1576.05,1388.42,14.62,21.57,552.69,2387.95,9050.93,1.3,46.81,520.57,2387.93,8137.18,8.4197,0.03,390,2388,100.0,38.85,23.5121,259,252,Healthy,97.3,0
75,8,-0.0012,0.0003,100.0,518.67,641.29,1573.86,1391.69,14.62,21.57,552.14,2387.92,9045.88,1.3,46.99,520.78,2387.91,8135.23,8.3943,0.03,391,2388,100.0,39.14,23.3166,259,251,Healthy,96.91,0
75,9,0.0027,0.0003,100.0,518.67,642.67,1586.82,1391.69,14.62,21.57,553.14,2387.97,9040.21,1.3,47.06,520.49,2387.92,8134.7,8.3848,0.03,390,2388,100.0,38.93,23.4762,259,250,Healthy,96.53,0
75,10,-0.0037,-0.0002,100.0,518.67,642.05,1575.71,1392.27,14.62,21.57,552.64,2387.92,9054.16,1.3,47.13,521.27,2387.95,8128.58,8.3789,0.03,390,2388,100.0,39.01,23.3679,259,249,Healthy,96.14,0
75,11,0.0047,-0.0002,100.0,518.67,642.49,1585.07,1396.64,14.62,21.58,552.99,2387.99,9054.15,1.3,47.0,520.73,2387.96,8132.41,8.3814,0.03,392,2388,100.0,39.1,23.4318,259,248,Healthy,95.75,0
75,12,0.0025,0.0002,100.0,518.67,641.93,1591.54,1395.3,14.62,21.57,552.16,2387.87,9046.56,1.3,46.99,521.09,2387.93,8133.96,8.4045,0.03,390,2388,100.0,39.02,23.4619,259,247,Healthy,95.37,0
75,13,-0.0003,0.0003,100.0,518.67,642.42,1576.7,1397.8,14.62,21.57,552.49,2387.89,9054.5,1.3,46.87,520.11,2387.89,8135.81,8.4072,0.03,391,2388,100.0,38.88,23.2677,259,246,Healthy,94.98,0
75,14,0.0004,-0.0005,100.0,518.67,641.65,1587.64,1387.85,14.62,21.57,552.18,2387.89,9044.05,1.3,46.93,520.52,2387.89,8129.61,8.3805,0.03,391,2388,100.0,39.01,23.4476,259,245,Healthy,94.59,0
75,15,-0.0018,-0.0001,100.0,518.67,641.98,1585.22,1398.67,14.62,21.58,552.59,2387.9,9038.88,1.3,47.1,520.74,2387.88,8130.07,8.3952,0.03,391,2388,100.0,38.92,23.3529,259,244,Healthy,94.21,0
75,16,0.003,0.0002,100.0,518.67,642.07,1578.93,1398.34,14.62,21.57,553.5,2387.97,9045.96,1.3,47.04,520.69,2387.96,8128.54,8.3698,0.03,391,2388,100.0,38.95,23.3164,259,243,Healthy,93.82,0
75,17,0.0003,-0.0003,100.0,518.67,642.09,1587.49,1398.36,14.62,21.58,552.71,2387.92,9041.83,1.3,47.01,520.61,2387.94,8134.46,8.4347,0.03,391,2388,100.0,39.16,23.4238,259,242,Healthy,93.44,0
75,18,0.0008,0.0004,100.0,518.67,641.76,1577.67,1403.15,14.62,21.57,552.62,2387.9,9044.34,1.3,47.04,520.09,2387.93,8132.31,8.3931,0.03,391,2388,100.0,39.08,23.2256,259,241,Healthy,93.05,0
75,19,0.0026,-0.0005,100.0,518.67,641.35,1578.25,1390.52,14.62,21.57,552.74,2387.91,9037.42,1.3,46.94,520.61,2387.94,8135.1,8.4004,0.03,390,2388,100.0,38.9,23.4172,259,240,Healthy,92.66,0
75,20,-0.0015,-0.0002,100.0,518.67,641.7,1579.22,1398.24,14.62,21.58,552.91,2387.94,9048.97,1.3,47.22,521.29,2387.94,8129.78,8.3753,0.03,390,2388,100.0,39.1,23.2972,259,239,Healthy,92.28,0
75,21,-0.0023,0.0001,100.0,518.67,642.5,1583.82,1392.15,14.62,21.57,552.4,2387.93,9047.83,1.3,47.01,520.05,2387.99,8132.96,8.3856,0.03,389,2388,100.0,38.88,23.3031,259,238,Healthy,91.89,0
75,22,0.0015,-0.0002,100.0,518.67,641.85,1587.48,1396.16,14.62,21.57,553.08,2387.93,9048.67,1.3,47.14,520.07,2387.91,8134.65,8.3856,0.03,390,2388,100.0,38.96,23.3712,259,237,Healthy,91.51,0
75,23,-0.0002,0.0002,100.0,518.67,642.2,1574.0,1396.34,14.62,21.58,553.02,2387.93,9048.38,1.3,47.02,521.2,2387.93,8127.88,8.4176,0.03,393,2388,100.0,39.08,23.5036,259,236,Healthy,91.12,0
75,24,-0.0057,0.0001,100.0,518.67,641.74,1583.92,1392.41,14.62,21.57,553.29,2387.97,9049.07,1.3,47.09,519.92,2387.98,8131.01,8.3709,0.03,391,2388,100.0,39.06,23.3505,259,235,Healthy,90.73,0
75,25,0.0002,0.0003,100.0,518.67,642.1,1584.83,1388.97,14.62,21.57,551.75,2387.9,9042.02,1.3,47.14,519.52,2387.89,8130.75,8.4027,0.03,389,2388,100.0,38.84,23.3419,259,234,Healthy,90.35,0
75,26,0.0007,0.0001,100.0,518.67,641.31,1582.52,1392.52,14.62,21.57,553.2,2387.98,9051.57,1.3,46.99,521.17,2387.94,8136.57,8.4285,0.03,389,2388,100.0,39.05,23.346,259,233,Healthy,89.96,0
75,27,0.0026,0.0002,100.0,518.67,642.5,1584.84,1390.88,14.62,21.57,552.98,2387.91,9049.17,1.3,47.17,521.21,2387.87,8134.63,8.3911,0.03,391,2388,100.0,39.14,23.2854,259,232,Healthy,89.58,0
75,28,0.0013,0.0001,100.0,518.67,642.08,1578.09,1398.9,14.62,21.58,552.93,2387.92,9052.86,1.3,47.04,521.05,2387.97,8132.21,8.4069,0.03,390,2388,100.0,38.88,23.4148,259,231,Healthy,89.19,0
75,29,-0.0001,-0.0003,100.0,518.67,641.61,1581.83,1394.66,14.62,21.57,551.96,2387.91,9046.61,1.3,47.05,520.6,2387.88,8133.56,8.3928,0.03,391,2388,100.0,39.04,23.3049,259,230,Healthy,88.8,0
75,30,0.0041,-0.0002,100.0,518.67,641.86,1582.07,1399.49,14.62,21.58,553.15,2388.0,9049.07,1.3,47.21,520.87,2387.93,8129.98,8.3805,0.03,392,2388,100.0,39.1,23.4779,259,229,Healthy,88.42,0
75,31,0.0016,0.0003,100.0,518.67,641.86,1578.44,1392.72,14.62,21.58,552.78,2387.93,9050.07,1.3,47.2,520.74,2387.99,8129.38,8.3594,0.03,392,2388,100.0,38.97,23.492,259,228,Healthy,88.03,0
75,32,-0.0023,0.0004,100.0,518.67,641.69,1580.07,1392.51,14.62,21.58,553.71,2387.91,9045.33,1.3,47.11,521.42,2387.98,8132.08,8.3994,0.03,393,2388,100.0,38.92,23.4144,259,227,Healthy,87.64,0
75,33,-0.0004,0.0004,100.0,518.67,641.33,1577.92,1393.53,14.62,21.57,552.41,2387.89,9040.27,1.3,47.01,519.8,2387.91,8129.22,8.3944,0.03,391,2388,100.0,39.06,23.3673,259,226,Healthy,87.26,0
75,34,-0.0001,0.0001,100.0,518.67,641.88,1581.6,1396.85,14.62,21.57,552.55,2387.95,9046.08,1.3,47.08,520.95,2387.97,8131.87,8.377,0.03,389,2388,100.0,38.85,23.499,259,225,Healthy,86.87,0
75,35,-0.0001,0.0003,100.0,518.67,642.75,1576.79,1397.71,14.62,21.57,552.34,2387.96,9042.76,1.3,47.07,520.51,2387.92,8134.54,8.4037,0.03,391,2388,100.0,38.83,23.3241,259,224,Healthy,86.49,0
75,36,-0.0016,0.0004,100.0,518.67,641.92,1582.0,1388.83,14.62,21.57,552.58,2387.91,9042.59,1.3,47.05,520.73,2387.91,8126.89,8.3615,0.03,391,2388,100.0,39.14,23.3749,259,223,Healthy,86.1,0
75,37,-0.003,0.0003,100.0,518.67,641.97,1584.98,1394.74,14.62,21.57,552.52,2387.89,9047.79,1.3,46.93,520.77,2387.93,8132.58,8.4197,0.03,390,2388,100.0,39.0,23.3897,259,222,Healthy,85.71,0
75,38,0.0011,-0.0004,100.0,518.67,642.0,1585.43,1392.81,14.62,21.57,551.82,2387.95,9044.26,1.3,47.17,520.12,2387.92,8134.6,8.4107,0.03,390,2388,100.0,39.02,23.4432,259,221,Healthy,85.33,0
75,39,-0.002,-0.0003,100.0,518.67,641.8,1584.87,1391.78,14.62,21.57,552.06,2387.9,9039.8,1.3,47.16,519.98,2387.9,8129.46,8.4096,0.03,391,2388,100.0,38.88,23.3625,259,220,Healthy,84.94,0
75,40,-0.0006,0.0003,100.0,518.67,641.91,1580.12,1389.35,14.62,21.57,552.09,2387.93,9042.7,1.3,47.25,520.45,2387.98,8129.98,8.4081,0.03,390,2388,100.0,38.87,23.3475,259,219,Healthy,84.56,0
75,41,-0.0012,0.0004,100.0,518.67,642.51,1578.47,1393.58,14.62,21.57,552.06,2387.92,9052.65,1.3,47.09,520.05,2387.93,8130.04,8.4033,0.03,390,2388,100.0,38.99,23.2132,259,218,Healthy,84.17,0
75,42,-0.0023,0.0003,100.0,518.67,642.1,1578.56,1393.0,14.62,21.57,553.09,2387.94,9049.19,1.3,47.06,521.32,2387.97,8133.66,8.3559,0.03,392,2388,100.0,38.87,23.3279,259,217,Healthy,83.78,0
75,43,-0.0023,-0.0005,100.0,518.67,642.57,1575.97,1396.47,14.62,21.57,552.48,2387.89,9041.98,1.3,46.71,520.91,2387.92,8137.35,8.4286,0.03,393,2388,100.0,39.06,23.4004,259,216,Healthy,83.4,0
75,44,-0.0003,0.0003,100.0,518.67,642.0,1585.29,1395.0,14.62,21.57,551.86,2387.91,9051.45,1.3,46.85,520.91,2387.9,8133.33,8.3955,0.03,390,2388,100.0,39.03,23.3709,259,215,Healthy,83.01,0
75,45,-0.0015,0.0004,100.0,518.67,641.73,1584.02,1391.5,14.62,21.57,553.06,2387.96,9043.73,1.3,47.03,520.87,2387.92,8132.33,8.4206,0.03,390,2388,100.0,39.0,23.3826,259,214,Healthy,82.63,0
75,46,-0.0047,-0.0002,100.0,518.67,642.43,1581.93,1389.01,14.62,21.57,552.16,2387.85,9039.98,1.3,46.96,520.53,2387.9,8132.49,8.369,0.03,391,2388,100.0,38.84,23.2724,259,213,Healthy,82.24,0
75,47,-0.0009,-0.0005,100.0,518.67,641.58,1585.24,1389.11,14.62,21.57,553.15,2387.94,9046.66,1.3,47.09,521.06,2387.94,8131.19,8.381,0.03,392,2388,100.0,39.12,23.424,259,212,Healthy,81.85,0
75,48,0.002,-0.0003,100.0,518.67,642.19,1572.17,1392.55,14.62,21.57,551.75,2387.95,9047.59,1.3,47.06,519.7,2387.95,8130.91,8.3931,0.03,390,2388,100.0,38.96,23.3997,259,211,Healthy,81.47,0
75,49,0.0027,0.0001,100.0,518.67,641.9,1572.81,1394.37,14.62,21.57,549.89,2387.14,9030.86,1.3,47.34,518.68,2387.16,8114.55,8.4636,0.03,390,2388,100.0,38.73,23.2681,259,210,Healthy,81.08,0
75,50,-0.0006,-0.0005,100.0,518.67,641.81,1581.09,1391.41,14.62,21.57,551.54,2387.91,9041.45,1.3,47.09,520.33,2387.94,8135.76,8.3853,0.03,391,2388,100.0,39.0,23.3289,259,209,Healthy,80.69,0
76,1,0.0023,0.0001,100.0,518.67,643.24,1584.13,1411.77,14.62,21.61,553.39,2388.11,9039.85,1.3,47.42,520.97,2388.08,8122.77,8.442,0.03,394,2388,100.0,38.67,23.3583,153,152,Healthy,99.35,0
76,2,-0.0031,0.0001,100.0,518.67,643.05,1590.68,1407.46,14.62,21.61,552.8,2388.12,9039.5,1.3,47.44,521.2,2388.17,8118.15,8.4176,0.03,392,2388,100.0,38.85,23.2861,153,151,Healthy,98.69,0
76,3,0.0009,0.0005,100.0,518.67,642.56,1591.27,1402.43,14.62,21.61,553.04,2388.13,9040.22,1.3,47.55,521.22,2388.16,8116.34,8.4407,0.03,394,2388,100.0,38.76,23.3077,153,150,Healthy,98.04,0
76,4,0.0028,-0.0004,100.0,518.67,642.14,1584.14,1404.97,14.62,21.61,553.96,2388.13,9036.0,1.3,47.67,520.81,2388.12,8124.41,8.4303,0.03,395,2388,100.0,38.81,23.3686,153,149,Healthy,97.39,0
76,5,-0.0025,0.0002,100.0,518.67,642.42,1593.43,1412.56,14.62,21.61,553.1,2388.13,9036.93,1.3,47.55,521.38,2388.11,8122.64,8.4345,0.03,393,2388,100.0,38.76,23.2848,153,148,Healthy,96.73,0
76,6,0.0005,-0.0001,100.0,518.67,642.07,1589.18,1406.4,14.62,21.61,552.89,2388.11,9037.81,1.3,47.6,521.19,2388.16,8115.55,8.4093,0.03,392,2388,100.0,38.88,23.2452,153,147,Healthy,96.08,0
76,7,-0.0007,-0.0005,100.0,518.67,642.81,1587.69,1408.76,14.62,21.61,553.34,2388.19,9037.95,1.3,47.63,521.41,2388.14,8119.12,8.4039,0.03,394,2388,100.0,38.67,23.3382,153,146,Healthy,95.42,0
76,8,-0.0005,0.0001,100.0,518.67,642.67,1594.93,1416.08,14.62,21.61,552.8,2388.16,9037.55,1.3,47.38,520.92,2388.17,8119.7,8.4207,0.03,395,2388,100.0,38.83,23.2954,153,145,Healthy,94.77,0
76,9,-0.0025,0.0002,100.0,518.67,642.69,1591.04,1405.04,14.62,21.61,553.92,2388.12,9035.35,1.3,47.55,521.63,2388.11,8114.68,8.4517,0.03,394,2388,100.0,38.76,23.2929,153,144,Healthy,94.12,0
76,10,0.0021,0.0001,100.0,518.67,642.72,1585.59,1408.03,14.62,21.61,553.08,2388.16,9028.26,1.3,47.75,521.02,2388.14,8119.66,8.4354,0.03,392,2388,100.0,38.86,23.3199,153,143,Healthy,93.46,0
76,11,0.0026,-0.0003,100.0,518.67,642.99,1597.1,1409.91,14.62,21.61,553.6,2388.12,9031.43,1.3,47.47,521.37,2388.13,8119.23,8.4415,0.03,393,2388,100.0,38.8,23.2572,153,142,Healthy,92.81,0
76,12,0.0,-0.0003,100.0,518.67,642.16,1582.38,1403.5,14.62,21.61,553.59,2388.16,9038.81,1.3,47.6,520.79,2388.16,8121.82,8.4556,0.03,393,2388,100.0,38.59,23.2253,153,141,Healthy,92.16,0
76,13,-0.0015,-0.0004,100.0,518.67,642.22,1594.03,1410.74,14.62,21.61,553.21,2388.14,9038.09,1.3,47.51,521.03,2388.17,8115.62,8.4595,0.03,393,2388,100.0,38.66,23.3437,153,140,Healthy,91.5,0
76,14,0.0019,-0.0001,100.0,518.67,642.11,1591.23,1407.88,14.62,21.61,553.19,2388.07,9030.24,1.3,47.58,521.05,2388.13,8123.48,8.4352,0.03,394,2388,100.0,38.66,23.2088,153,139,Healthy,90.85,0
76,15,-0.0008,-0.0002,100.0,518.67,642.6,1589.4,1410.09,14.62,21.61,552.62,2388.15,9035.03,1.3,47.62,521.17,2388.13,8119.88,8.4443,0.03,394,2388,100.0,38.74,23.1789,153,138,Healthy,90.2,0
76,16,-0.0036,0.0002,100.0,518.67,642.27,1587.8,1413.82,14.62,21.61,552.5,2388.15,9042.17,1.3,47.48,521.39,2388.2,8119.58,8.4239,0.03,392,2388,100.0,38.8,23.2343,153,137,Healthy,89.54,0
76,17,0.0002,-0.0001,100.0,518.67,643.13,1598.76,1404.32,14.62,21.61,553.53,2388.16,9036.5,1.3,47.53,521.21,2388.13,8115.33,8.4534,0.03,393,2388,100.0,38.81,23.2991,153,136,Healthy,88.89,0
76,18,0.0007,0.0002,100.0,518.67,642.63,1590.88,1411.24,14.62,21.61,553.79,2388.12,9036.65,1.3,47.53,521.24,2388.18,8120.91,8.4511,0.03,393,2388,100.0,38.73,23.2995,153,135,Healthy,88.24,0
76,19,-0.0022,0.0001,100.0,518.67,643.65,1588.49,1403.54,14.62,21.61,552.95,2388.15,9036.32,1.3,47.63,520.86,2388.17,8123.4,8.4636,0.03,394,2388,100.0,38.79,23.208,153,134,Healthy,87.58,0
76,20,0.0043,0.0002,100.0,518.67,642.2,1592.75,1416.64,14.62,21.61,552.65,2388.15,9036.33,1.3,47.53,520.81,2388.11,8120.26,8.4385,0.03,392,2388,100.0,39.0,23.2302,153,133,Healthy,86.93,0
76,21,-0.0026,0.0004,100.0,518.67,642.73,1590.51,1407.26,14.62,21.61,553.3,2388.15,9040.72,1.3,47.53,521.47,2388.12,8119.85,8.454,0.03,392,2388,100.0,38.89,23.3132,153,132,Healthy,86.27,0
76,22,-0.0004,-0.0002,100.0,518.67,642.62,1585.22,1414.02,14.62,21.61,552.88,2388.19,9042.77,1.3,47.57,521.23,2388.2,8117.94,8.4362,0.03,392,2388,100.0,38.83,23.2029,153,131,Healthy,85.62,0
76,23,0.0008,0.0002,100.0,518.67,643.14,1585.68,1411.05,14.62,21.61,553.01,2388.17,9037.38,1.3,47.69,521.75,2388.12,8116.92,8.4039,0.03,392,2388,100.0,38.67,23.2449,153,130,Healthy,84.97,0
76,24,-0.0005,-0.0,100.0,518.67,642.66,1592.82,1414.25,14.62,21.61,553.36,2388.11,9040.46,1.3,47.6,521.55,2388.16,8116.97,8.4138,0.03,391,2388,100.0,38.72,23.2611,153,129,Healthy,84.31,0
76,25,0.0047,0.0004,100.0,518.67,642.81,1589.42,1410.93,14.62,21.61,553.39,2388.16,9037.29,1.3,47.6,520.53,2388.15,8123.7,8.4328,0.03,393,2388,100.0,38.75,23.4242,153,128,Healthy,83.66,0
76,26,0.0029,-0.0,100.0,518.67,642.51,1588.0,1400.18,14.62,21.61,553.28,2388.19,9039.43,1.3,47.57,521.03,2388.13,8118.9,8.4274,0.03,395,2388,100.0,38.89,23.3737,153,127,Healthy,83.01,0
76,27,-0.0034,0.0005,100.0,518.67,642.61,1590.54,1406.01,14.62,21.61,553.4,2388.17,9034.45,1.3,47.69,520.78,2388.17,8120.87,8.4589,0.03,391,2388,100.0,38.83,23.2654,153,126,Healthy,82.35,0
76,28,-0.0009,0.0004,100.0,518.67,642.91,1590.94,1409.96,14.62,21.61,553.57,2388.13,9040.1,1.3,47.66,521.42,2388.13,8120.85,8.4423,0.03,393,2388,100.0,38.7,23.345,153,125,Healthy,81.7,0
76,29,-0.0,0.0,100.0,518.67,643.07,1589.7,1412.23,14.62,21.61,552.72,2388.18,9036.99,1.3,47.57,521.24,2388.14,8119.14,8.4587,0.03,393,2388,100.0,38.78,23.3005,153,124,Healthy,81.05,0
76,30,-0.0025,0.0002,100.0,518.67,642.73,1590.44,1408.41,14.62,21.61,553.28,2388.18,9037.69,1.3,47.55,521.81,2388.12,8118.58,8.4669,0.03,392,2388,100.0,38.83,23.2821,153,123,Healthy,80.39,0
76,31,-0.0013,-0.0001,100.0,518.67,642.93,1589.87,1409.61,14.62,21.61,553.79,2388.14,9034.89,1.3,47.6,521.1,2388.11,8119.24,8.4399,0.03,392,2388,100.0,38.82,23.3827,153,122,Healthy,79.74,0
76,32,-0.0034,-0.0,100.0,518.67,643.01,1589.39,1414.45,14.62,21.61,553.82,2388.11,9044.09,1.3,47.67,521.43,2388.12,8123.21,8.4331,0.03,394,2388,100.0,38.76,23.3832,153,121,Healthy,79.08,0
76,33,0.0,0.0003,100.0,518.67,642.99,1592.73,1408.02,14.62,21.61,553.53,2388.15,9037.12,1.3,47.53,521.14,2388.09,8116.85,8.4429,0.03,393,2388,100.0,38.95,23.2367,153,120,Early_Wear,78.43,0
76,34,-0.0008,0.0003,100.0,518.67,642.87,1592.75,1408.17,14.62,21.61,553.94,2388.17,9046.13,1.3,47.72,521.04,2388.08,8118.75,8.4518,0.03,394,2388,100.0,38.89,23.3799,153,119,Early_Wear,77.78,0
76,35,0.0007,-0.0003,100.0,518.67,642.67,1587.74,1415.56,14.62,21.61,552.87,2388.12,9045.13,1.3,47.83,521.06,2388.15,8119.9,8.4526,0.03,393,2388,100.0,38.79,23.2447,153,118,Early_Wear,77.12,0
76,36,0.0012,-0.0003,100.0,518.67,643.12,1590.91,1411.74,14.62,21.61,553.34,2388.19,9038.35,1.3,47.48,521.27,2388.16,8115.01,8.4391,0.03,395,2388,100.0,38.58,23.2426,153,117,Early_Wear,76.47,0
76,37,0.0015,-0.0005,100.0,518.67,642.73,1587.47,1406.23,14.62,21.61,553.84,2388.21,9039.2,1.3,47.51,520.66,2388.12,8119.27,8.4711,0.03,391,2388,100.0,38.77,23.2111,153,116,Early_Wear,75.82,0
76,38,-0.0017,-0.0003,100.0,518.67,642.79,1595.15,1415.61,14.62,21.61,553.5,2388.17,9044.44,1.3,47.7,521.36,2388.1,8118.11,8.4667,0.03,393,2388,100.0,38.65,23.2544,153,115,Early_Wear,75.16,0
76,39,-0.0024,0.0002,100.0,518.67,642.75,1587.41,1405.34,14.62,21.61,553.07,2388.15,9034.81,1.3,47.4,521.63,2388.15,8117.76,8.4584,0.03,393,2388,100.0,38.65,23.3078,153,114,Early_Wear,74.51,0
76,40,0.0014,0.0001,100.0,518.67,642.81,1591.74,1413.95,14.62,21.61,553.39,2388.21,9034.23,1.3,47.65,520.88,2388.11,8111.78,8.4344,0.03,393,2388,100.0,38.63,23.2469,153,113,Early_Wear,73.86,0
76,41,-0.0018,-0.0002,100.0,518.67,642.52,1591.54,1407.05,14.62,21.61,552.65,2388.12,9034.71,1.3,47.73,521.52,2388.16,8121.03,8.4413,0.03,393,2388,100.0,38.68,23.1982,153,112,Early_Wear,73.2,0
76,42,-0.0059,-0.0001,100.0,518.67,642.61,1584.05,1409.35,14.62,21.61,553.39,2388.15,9029.15,1.3,47.51,521.87,2388.15,8121.43,8.4697,0.03,392,2388,100.0,38.76,23.1751,153,111,Early_Wear,72.55,0
76,43,0.0048,0.0001,100.0,518.67,642.52,1592.84,1413.68,14.62,21.61,553.13,2388.14,9036.03,1.3,47.45,521.14,2388.12,8126.32,8.4576,0.03,392,2388,100.0,38.77,23.2817,153,110,Early_Wear,71.9,0
76,44,0.0016,-0.0002,100.0,518.67,642.83,1593.27,1409.58,14.62,21.61,553.54,2388.19,9033.81,1.3,47.62,520.88,2388.16,8116.68,8.4732,0.03,393,2388,100.0,38.92,23.219,153,109,Early_Wear,71.24,0
76,45,-0.0003,-0.0002,100.0,518.67,643.03,1589.21,1402.04,14.62,21.61,553.6,2388.18,9032.39,1.3,47.66,521.11,2388.19,8117.61,8.4286,0.03,394,2388,100.0,38.87,23.3081,153,108,Early_Wear,70.59,0
76,46,0.0013,-0.0002,100.0,518.67,642.72,1583.53,1407.58,14.62,21.61,553.09,2388.14,9042.61,1.3,47.57,521.02,2388.16,8116.0,8.4719,0.03,392,2388,100.0,39.02,23.1274,153,107,Early_Wear,69.93,0
76,47,0.0025,-0.0003,100.0,518.67,642.65,1594.43,1404.99,14.62,21.61,553.34,2388.19,9035.13,1.3,47.49,520.86,2388.21,8118.65,8.4337,0.03,392,2388,100.0,38.76,23.2195,153,106,Early_Wear,69.28,0
76,48,0.0026,0.0,100.0,518.67,642.86,1590.14,1414.31,14.62,21.61,552.13,2388.1,9039.03,1.3,47.48,520.92,2388.15,8120.0,8.4368,0.03,394,2388,100.0,38.77,23.1719,153,105,Early_Wear,68.63,0
76,49,0.0011,-0.0,100.0,518.67,642.41,1590.24,1411.31,14.62,21.61,553.47,2388.18,9037.32,1.3,47.41,521.33,2388.18,8119.8,8.4587,0.03,392,2388,100.0,38.88,23.3363,153,104,Early_Wear,67.97,0
76,50,0.0017,0.0001,100.0,518.67,642.79,1593.31,1411.38,14.62,21.61,553.49,2388.21,9030.2,1.3,47.48,521.17,2388.11,8117.01,8.4744,0.03,393,2388,100.0,38.75,23.3266,153,103,Early_Wear,67.32,0
77,1,0.0014,-0.0004,100.0,518.67,641.98,1590.16,1396.03,14.62,21.6,557.53,2388.07,9063.07,1.3,47.41,524.36,2388.1,8140.45,8.3643,0.03,391,2388,100.0,39.19,23.5509,255,254,Healthy,99.61,0
77,2,-0.0025,-0.0002,100.0,518.67,642.06,1582.28,1398.54,14.62,21.6,556.87,2388.02,9065.18,1.3,47.27,524.48,2387.99,8139.45,8.3688,0.03,391,2388,100.0,39.14,23.5266,255,253,Healthy,99.22,0
77,3,-0.0001,0.0,100.0,518.67,642.44,1587.08,1391.3,14.62,21.6,556.52,2388.02,9060.47,1.3,47.21,523.51,2388.05,8138.43,8.351,0.03,392,2388,100.0,39.14,23.3913,255,252,Healthy,98.82,0
77,4,-0.0021,0.0003,100.0,518.67,641.86,1586.19,1403.13,14.62,21.6,555.99,2388.04,9060.12,1.3,47.21,524.16,2388.06,8143.15,8.3754,0.03,391,2388,100.0,39.28,23.5206,255,251,Healthy,98.43,0
77,5,0.0014,0.0002,100.0,518.67,642.42,1586.35,1397.9,14.62,21.6,555.93,2388.07,9060.21,1.3,47.39,524.27,2388.09,8141.34,8.4009,0.03,392,2388,100.0,39.07,23.4666,255,250,Healthy,98.04,0
77,6,0.0013,0.0001,100.0,518.67,642.17,1587.27,1400.03,14.62,21.6,555.92,2388.01,9062.9,1.3,47.32,523.79,2388.0,8147.1,8.4,0.03,391,2388,100.0,39.1,23.4954,255,249,Healthy,97.65,0
77,7,0.0026,0.0005,100.0,518.67,642.66,1590.68,1400.72,14.62,21.6,556.86,2388.07,9062.66,1.3,47.29,524.29,2388.13,8147.26,8.3855,0.03,392,2388,100.0,38.98,23.4681,255,248,Healthy,97.25,0
77,8,0.0008,-0.0005,100.0,518.67,642.25,1583.23,1401.18,14.62,21.6,555.42,2388.08,9062.96,1.3,47.01,523.81,2388.1,8138.92,8.3688,0.03,392,2388,100.0,39.08,23.4304,255,247,Healthy,96.86,0
77,9,-0.0024,0.0001,100.0,518.67,642.54,1583.48,1393.43,14.62,21.6,556.3,2388.08,9056.65,1.3,47.37,523.58,2388.07,8140.29,8.3681,0.03,392,2388,100.0,39.04,23.4264,255,246,Healthy,96.47,0
77,10,-0.0029,-0.0004,100.0,518.67,642.27,1581.15,1396.6,14.62,21.6,555.5,2388.02,9058.68,1.3,47.16,524.27,2388.05,8139.4,8.3716,0.03,392,2388,100.0,39.08,23.4396,255,245,Healthy,96.08,0
77,11,-0.0013,0.0004,100.0,518.67,642.0,1579.12,1401.62,14.62,21.6,556.2,2388.04,9056.68,1.3,47.04,524.72,2388.08,8142.01,8.3856,0.03,392,2388,100.0,39.2,23.4462,255,244,Healthy,95.69,0
77,12,-0.0002,0.0005,100.0,518.67,642.19,1584.66,1401.44,14.62,21.6,556.32,2388.08,9067.56,1.3,47.19,523.62,2388.07,8145.68,8.3873,0.03,392,2388,100.0,39.14,23.4987,255,243,Healthy,95.29,0
77,13,0.0039,0.0002,100.0,518.67,642.42,1588.5,1397.45,14.62,21.6,557.04,2388.04,9067.08,1.3,47.34,524.73,2388.07,8143.75,8.3638,0.03,392,2388,100.0,39.21,23.4743,255,242,Healthy,94.9,0
77,14,-0.0008,-0.0002,100.0,518.67,641.73,1585.72,1397.32,14.62,21.6,555.63,2388.02,9058.99,1.3,47.22,523.58,2388.07,8142.44,8.4038,0.03,393,2388,100.0,39.24,23.4779,255,241,Healthy,94.51,0
77,15,0.0002,-0.0,100.0,518.67,641.63,1585.56,1400.68,14.62,21.6,557.19,2388.1,9068.9,1.3,47.32,524.04,2388.12,8143.18,8.3916,0.03,391,2388,100.0,39.24,23.4724,255,240,Healthy,94.12,0
77,16,-0.0015,0.0003,100.0,518.67,642.09,1575.89,1394.95,14.62,21.6,555.87,2388.03,9054.81,1.3,47.21,524.72,2388.08,8140.39,8.3703,0.03,394,2388,100.0,39.09,23.474,255,239,Healthy,93.73,0
77,17,-0.0005,-0.0002,100.0,518.67,642.01,1585.43,1396.09,14.62,21.6,555.89,2388.07,9057.35,1.3,47.36,523.95,2388.1,8137.72,8.3619,0.03,392,2388,100.0,39.24,23.5469,255,238,Healthy,93.33,0
77,18,0.0008,0.0003,100.0,518.67,642.32,1587.32,1392.35,14.62,21.6,556.15,2388.1,9058.45,1.3,47.3,524.28,2388.06,8141.86,8.3716,0.03,392,2388,100.0,39.23,23.4496,255,237,Healthy,92.94,0
77,19,0.0014,0.0001,100.0,518.67,641.58,1583.05,1405.01,14.62,21.6,556.54,2388.1,9060.81,1.3,47.23,524.19,2388.09,8142.17,8.371,0.03,392,2388,100.0,38.96,23.4946,255,236,Healthy,92.55,0
77,20,0.001,-0.0003,100.0,518.67,642.33,1585.8,1401.62,14.62,21.6,557.47,2388.09,9065.34,1.3,47.4,524.42,2388.08,8139.68,8.3644,0.03,393,2388,100.0,39.19,23.4904,255,235,Healthy,92.16,0
77,21,0.0036,-0.0,100.0,518.67,641.77,1584.62,1407.17,14.62,21.6,555.72,2388.05,9056.8,1.3,47.21,524.06,2388.08,8146.02,8.3508,0.03,392,2388,100.0,39.09,23.5948,255,234,Healthy,91.76,0
77,22,-0.0026,0.0003,100.0,518.67,642.72,1582.75,1407.4,14.62,21.6,556.13,2388.1,9058.22,1.3,47.46,524.78,2388.08,8142.0,8.3635,0.03,391,2388,100.0,39.12,23.4201,255,233,Healthy,91.37,0
77,23,0.0009,0.0001,100.0,518.67,642.01,1585.86,1401.86,14.62,21.6,556.33,2387.99,9060.77,1.3,47.29,524.65,2388.06,8141.2,8.3281,0.03,391,2388,100.0,39.38,23.3947,255,232,Healthy,90.98,0
77,24,-0.0048,-0.0003,100.0,518.67,642.12,1584.19,1399.82,14.62,21.6,556.54,2388.11,9058.28,1.3,47.2,524.26,2388.07,8140.7,8.4004,0.03,392,2388,100.0,39.01,23.4326,255,231,Healthy,90.59,0
77,25,-0.0005,0.0004,100.0,518.67,641.77,1593.46,1389.88,14.62,21.6,556.75,2388.09,9056.94,1.3,47.39,523.81,2388.05,8141.66,8.3857,0.03,392,2388,100.0,39.16,23.5101,255,230,Healthy,90.2,0
77,26,0.0046,0.0002,100.0,518.67,642.31,1583.46,1393.78,14.62,21.6,556.51,2388.08,9063.17,1.3,46.96,524.23,2388.05,8143.77,8.3596,0.03,391,2388,100.0,39.1,23.4902,255,229,Healthy,89.8,0
77,27,0.0001,0.0005,100.0,518.67,642.35,1588.84,1400.99,14.62,21.6,556.78,2388.06,9066.0,1.3,47.19,524.2,2388.11,8143.42,8.375,0.03,392,2388,100.0,39.11,23.5246,255,228,Healthy,89.41,0
77,28,-0.0036,0.0,100.0,518.67,641.89,1583.74,1398.07,14.62,21.6,556.56,2388.1,9064.95,1.3,47.27,524.06,2388.08,8144.97,8.3639,0.03,391,2388,100.0,39.04,23.4728,255,227,Healthy,89.02,0
77,29,0.001,0.0005,100.0,518.67,642.94,1579.98,1397.16,14.62,21.6,555.81,2388.01,9055.43,1.3,47.16,523.21,2388.09,8137.39,8.3493,0.03,390,2388,100.0,39.13,23.4373,255,226,Healthy,88.63,0
77,30,0.0027,-0.0002,100.0,518.67,642.84,1587.27,1398.61,14.62,21.6,555.72,2388.04,9065.67,1.3,47.2,523.69,2388.07,8141.43,8.3491,0.03,392,2388,100.0,39.09,23.4629,255,225,Healthy,88.24,0
77,31,-0.0005,0.0003,100.0,518.67,642.17,1590.03,1392.09,14.62,21.6,556.42,2388.1,9063.14,1.3,47.31,524.24,2388.1,8136.77,8.3593,0.03,393,2388,100.0,39.26,23.5263,255,224,Healthy,87.84,0
77,32,0.0012,-0.0,100.0,518.67,642.23,1587.58,1394.92,14.62,21.6,556.26,2388.08,9058.97,1.3,47.34,524.41,2388.05,8148.16,8.3487,0.03,392,2388,100.0,39.14,23.5629,255,223,Healthy,87.45,0
77,33,0.0001,0.0004,100.0,518.67,641.72,1581.11,1392.4,14.62,21.6,556.17,2388.04,9058.69,1.3,47.24,524.05,2388.01,8145.42,8.3553,0.03,391,2388,100.0,39.14,23.4104,255,222,Healthy,87.06,0
77,34,-0.0,0.0004,100.0,518.67,641.85,1586.17,1402.92,14.62,21.6,557.17,2388.08,9068.94,1.3,47.26,524.21,2388.05,8135.96,8.3717,0.03,391,2388,100.0,39.17,23.4661,255,221,Healthy,86.67,0
77,35,0.0024,0.0002,100.0,518.67,642.25,1584.41,1403.5,14.62,21.6,556.09,2388.02,9058.5,1.3,47.33,523.74,2388.07,8138.77,8.3527,0.03,393,2388,100.0,39.05,23.4115,255,220,Healthy,86.27,0
77,36,0.0026,0.0003,100.0,518.67,642.43,1584.44,1399.61,14.62,21.6,556.61,2388.07,9061.05,1.3,47.32,524.27,2388.11,8145.91,8.323,0.03,394,2388,100.0,39.22,23.4893,255,219,Healthy,85.88,0
77,37,0.0012,0.0001,100.0,518.67,642.35,1578.68,1405.76,14.62,21.6,556.85,2388.04,9060.24,1.3,47.14,524.77,2388.07,8141.9,8.3499,0.03,393,2388,100.0,39.05,23.4314,255,218,Healthy,85.49,0
77,38,0.002,0.0002,100.0,518.67,642.27,1591.42,1399.15,14.62,21.6,556.06,2388.06,9062.74,1.3,47.33,524.5,2388.09,8150.09,8.3873,0.03,391,2388,100.0,39.06,23.5231,255,217,Healthy,85.1,0
77,39,-0.0029,-0.0002,100.0,518.67,641.98,1586.47,1398.18,14.62,21.6,556.32,2388.06,9061.64,1.3,47.34,524.46,2388.07,8144.43,8.3552,0.03,391,2388,100.0,39.1,23.4973,255,216,Healthy,84.71,0
77,40,0.0001,-0.0001,100.0,518.67,642.07,1584.76,1396.1,14.62,21.6,556.45,2388.08,9061.76,1.3,47.1,524.21,2388.04,8142.29,8.3757,0.03,392,2388,100.0,38.96,23.4009,255,215,Healthy,84.31,0
77,41,0.0008,0.0002,100.0,518.67,642.71,1592.33,1390.91,14.62,21.6,556.17,2388.07,9060.57,1.3,47.26,524.6,2388.1,8144.94,8.3927,0.03,392,2388,100.0,39.25,23.5176,255,214,Healthy,83.92,0
77,42,0.0021,-0.0003,100.0,518.67,641.76,1579.99,1403.37,14.62,21.6,556.26,2388.08,9055.64,1.3,47.1,524.27,2388.08,8139.01,8.3299,0.03,391,2388,100.0,39.0,23.587,255,213,Healthy,83.53,0
77,43,-0.002,-0.0004,100.0,518.67,642.27,1583.91,1403.77,14.62,21.6,554.91,2387.97,9058.52,1.3,47.31,524.15,2388.06,8140.78,8.3438,0.03,392,2388,100.0,39.34,23.571,255,212,Healthy,83.14,0
77,44,-0.0047,-0.0003,100.0,518.67,642.35,1589.42,1396.41,14.62,21.6,556.63,2388.07,9062.06,1.3,47.35,524.23,2388.06,8141.1,8.3497,0.03,392,2388,100.0,39.18,23.4611,255,211,Healthy,82.75,0
77,45,0.0005,-0.0001,100.0,518.67,642.32,1587.01,1399.93,14.62,21.6,556.0,2388.08,9056.37,1.3,47.1,523.76,2388.06,8144.81,8.3525,0.03,394,2388,100.0,39.1,23.4448,255,210,Healthy,82.35,0
77,46,-0.0043,-0.0002,100.0,518.67,642.14,1588.99,1404.05,14.62,21.6,556.05,2388.09,9059.45,1.3,47.19,524.37,2388.0,8145.1,8.3625,0.03,393,2388,100.0,39.12,23.4769,255,209,Healthy,81.96,0
77,47,0.0001,0.0002,100.0,518.67,641.93,1585.01,1394.53,14.62,21.6,557.18,2388.11,9068.09,1.3,47.38,524.61,2388.05,8146.07,8.3849,0.03,393,2388,100.0,39.23,23.5202,255,208,Healthy,81.57,0
77,48,-0.0011,-0.0004,100.0,518.67,641.85,1585.74,1402.27,14.62,21.6,556.23,2388.07,9065.69,1.3,47.02,524.67,2388.05,8141.5,8.3601,0.03,393,2388,100.0,39.34,23.4822,255,207,Healthy,81.18,0
77,49,-0.0002,0.0004,100.0,518.67,642.6,1584.5,1392.36,14.62,21.6,556.73,2388.06,9062.1,1.3,47.21,524.18,2388.05,8145.36,8.3526,0.03,390,2388,100.0,39.04,23.4847,255,206,Healthy,80.78,0
77,50,0.001,0.0005,100.0,518.67,641.44,1588.11,1390.43,14.62,21.6,556.67,2388.08,9063.0,1.3,47.08,523.84,2388.07,8138.74,8.3766,0.03,392,2388,100.0,39.18,23.5498,255,205,Healthy,80.39,0
78,1,0.0003,-0.0003,100.0,518.67,642.52,1580.8,1400.97,14.62,21.61,553.47,2388.03,9068.91,1.3,47.34,522.07,2387.98,8145.04,8.3811,0.03,393,2388,100.0,39.12,23.3187,221,220,Healthy,99.55,0
78,2,-0.0026,-0.0001,100.0,518.67,642.44,1588.91,1392.51,14.62,21.61,553.77,2388.06,9073.83,1.3,47.06,522.04,2388.01,8152.92,8.4491,0.03,394,2388,100.0,38.96,23.4607,221,219,Healthy,99.1,0
78,3,-0.0023,-0.0003,100.0,518.67,642.44,1585.63,1400.49,14.62,21.61,553.85,2388.03,9064.53,1.3,47.38,521.98,2388.03,8146.65,8.3979,0.03,392,2388,100.0,38.84,23.2978,221,218,Healthy,98.64,0
78,4,-0.0002,0.0,100.0,518.67,642.03,1578.88,1405.37,14.62,21.61,553.95,2388.03,9065.73,1.3,47.4,521.94,2388.05,8150.63,8.411,0.03,392,2388,100.0,39.0,23.3652,221,217,Healthy,98.19,0
78,5,-0.0038,-0.0004,100.0,518.67,642.4,1585.23,1397.69,14.62,21.61,554.07,2388.0,9068.24,1.3,47.27,522.18,2387.99,8145.53,8.3939,0.03,393,2388,100.0,38.87,23.4184,221,216,Healthy,97.74,0
78,6,-0.0038,0.0004,100.0,518.67,642.14,1592.93,1403.98,14.62,21.61,554.12,2388.02,9072.66,1.3,47.17,522.73,2387.99,8150.46,8.3961,0.03,391,2388,100.0,39.01,23.2436,221,215,Healthy,97.29,0
78,7,-0.0027,0.0004,100.0,518.67,642.1,1584.85,1400.98,14.62,21.61,553.72,2388.06,9062.86,1.3,47.34,522.36,2388.06,8144.35,8.4299,0.03,392,2388,100.0,39.09,23.2284,221,214,Healthy,96.83,0
78,8,0.003,0.0003,100.0,518.67,642.8,1587.72,1403.26,14.62,21.61,554.34,2388.03,9076.27,1.3,47.33,522.22,2388.0,8145.35,8.4016,0.03,391,2388,100.0,38.85,23.3615,221,213,Healthy,96.38,0
78,9,-0.0008,-0.0004,100.0,518.67,642.56,1589.44,1401.29,14.62,21.61,554.39,2388.04,9068.22,1.3,47.24,522.5,2388.05,8146.85,8.4442,0.03,392,2388,100.0,38.96,23.4964,221,212,Healthy,95.93,0
78,10,-0.0031,-0.0002,100.0,518.67,641.73,1584.37,1404.26,14.62,21.61,554.64,2388.01,9063.73,1.3,47.37,522.54,2388.06,8151.86,8.4407,0.03,393,2388,100.0,38.96,23.3328,221,211,Healthy,95.48,0
78,11,0.0052,-0.0002,100.0,518.67,642.34,1585.77,1396.51,14.62,21.61,554.58,2388.03,9072.09,1.3,47.33,521.93,2388.03,8153.03,8.3995,0.03,392,2388,100.0,38.93,23.5012,221,210,Healthy,95.02,0
78,12,-0.004,-0.0003,100.0,518.67,642.29,1584.71,1394.4,14.62,21.61,554.24,2388.07,9068.3,1.3,47.27,522.46,2388.07,8150.68,8.3747,0.03,391,2388,100.0,38.91,23.2123,221,209,Healthy,94.57,0
78,13,-0.0027,0.0001,100.0,518.67,642.42,1583.95,1401.07,14.62,21.61,553.72,2388.02,9073.11,1.3,47.34,521.84,2388.02,8145.29,8.3951,0.03,392,2388,100.0,38.89,23.273,221,208,Healthy,94.12,0
78,14,0.0024,0.0004,100.0,518.67,641.86,1583.98,1399.44,14.62,21.61,553.93,2388.02,9068.89,1.3,47.32,521.51,2387.96,8151.22,8.4039,0.03,394,2388,100.0,39.02,23.2646,221,207,Healthy,93.67,0
78,15,0.0009,0.0003,100.0,518.67,641.79,1582.91,1404.03,14.62,21.61,554.47,2388.03,9068.18,1.3,47.35,522.26,2388.03,8150.91,8.4316,0.03,393,2388,100.0,38.98,23.4566,221,206,Healthy,93.21,0
78,16,-0.0041,-0.0005,100.0,518.67,641.59,1590.15,1398.64,14.62,21.61,554.53,2388.0,9065.3,1.3,47.27,521.73,2388.04,8149.69,8.4011,0.03,393,2388,100.0,38.84,23.4257,221,205,Healthy,92.76,0
78,17,-0.0023,-0.0001,100.0,518.67,642.02,1584.29,1399.82,14.62,21.61,554.67,2387.99,9067.51,1.3,47.21,521.85,2388.02,8144.57,8.4342,0.03,392,2388,100.0,38.75,23.3697,221,204,Healthy,92.31,0
78,18,-0.0027,0.0002,100.0,518.67,642.35,1583.39,1397.56,14.62,21.61,553.89,2388.03,9071.32,1.3,47.42,522.68,2387.96,8149.83,8.392,0.03,392,2388,100.0,39.05,23.2246,221,203,Healthy,91.86,0
78,19,-0.0003,-0.0002,100.0,518.67,642.55,1600.47,1394.56,14.62,21.61,554.45,2388.01,9060.06,1.3,47.39,522.7,2388.02,8150.21,8.4549,0.03,391,2388,100.0,39.1,23.3455,221,202,Healthy,91.4,0
78,20,-0.0031,-0.0006,100.0,518.67,642.02,1581.97,1406.59,14.62,21.61,554.25,2387.99,9069.86,1.3,47.48,522.05,2388.04,8147.23,8.4134,0.03,393,2388,100.0,38.81,23.2986,221,201,Healthy,90.95,0
78,21,-0.0005,-0.0004,100.0,518.67,642.19,1581.11,1403.12,14.62,21.61,554.29,2388.05,9065.02,1.3,47.41,522.12,2388.06,8147.98,8.4197,0.03,391,2388,100.0,39.03,23.3319,221,200,Healthy,90.5,0
78,22,0.0038,-0.0003,100.0,518.67,642.0,1591.54,1405.15,14.62,21.61,554.25,2387.99,9071.32,1.3,47.21,522.1,2388.01,8149.63,8.4192,0.03,391,2388,100.0,39.18,23.3065,221,199,Healthy,90.05,0
78,23,-0.0014,-0.0003,100.0,518.67,642.86,1584.34,1407.1,14.62,21.61,553.59,2388.04,9064.09,1.3,47.18,522.6,2388.01,8146.29,8.4251,0.03,392,2388,100.0,38.91,23.3554,221,198,Healthy,89.59,0
78,24,0.0001,0.0003,100.0,518.67,642.21,1590.97,1399.3,14.62,21.61,554.01,2388.01,9069.92,1.3,47.3,522.37,2388.06,8156.59,8.3987,0.03,393,2388,100.0,38.94,23.3408,221,197,Healthy,89.14,0
78,25,-0.0019,0.0003,100.0,518.67,641.95,1583.15,1403.67,14.62,21.61,554.34,2388.06,9063.99,1.3,47.41,522.49,2388.02,8145.14,8.4306,0.03,394,2388,100.0,39.06,23.3606,221,196,Healthy,88.69,0
78,26,-0.0009,-0.0,100.0,518.67,641.8,1583.92,1404.38,14.62,21.61,553.92,2388.05,9064.78,1.3,47.2,522.38,2388.01,8147.94,8.3941,0.03,393,2388,100.0,38.95,23.3304,221,195,Healthy,88.24,0
78,27,0.0006,0.0001,100.0,518.67,642.39,1586.19,1407.17,14.62,21.61,553.79,2388.02,9076.68,1.3,47.37,522.46,2388.06,8148.34,8.4285,0.03,392,2388,100.0,38.98,23.336,221,194,Healthy,87.78,0
78,28,0.0005,-0.0006,100.0,518.67,642.55,1590.4,1406.76,14.62,21.61,553.57,2388.04,9071.4,1.3,47.13,521.42,2388.06,8152.04,8.4288,0.03,391,2388,100.0,39.0,23.3218,221,193,Healthy,87.33,0
78,29,0.0021,0.0004,100.0,518.67,642.83,1582.21,1395.29,14.62,21.61,553.48,2388.03,9069.65,1.3,47.14,522.38,2388.02,8152.3,8.4316,0.03,393,2388,100.0,39.03,23.3692,221,192,Healthy,86.88,0
78,30,-0.0038,-0.0001,100.0,518.67,642.52,1584.39,1399.54,14.62,21.61,554.49,2388.0,9066.46,1.3,47.43,522.22,2388.02,8146.74,8.4126,0.03,392,2388,100.0,38.88,23.2904,221,191,Healthy,86.43,0
78,31,-0.0023,0.0001,100.0,518.67,642.73,1591.97,1395.21,14.62,21.61,554.83,2388.04,9071.67,1.3,47.28,521.53,2388.04,8150.14,8.3962,0.03,391,2388,100.0,38.88,23.3588,221,190,Healthy,85.97,0
78,32,0.0035,0.0003,100.0,518.67,642.9,1584.83,1402.19,14.62,21.61,553.63,2388.03,9069.41,1.3,47.38,521.83,2387.97,8153.23,8.4159,0.03,393,2388,100.0,38.9,23.4192,221,189,Healthy,85.52,0
78,33,0.0021,-0.0002,100.0,518.67,642.61,1591.3,1396.46,14.62,21.61,554.46,2388.01,9072.09,1.3,47.32,522.57,2388.04,8145.42,8.4099,0.03,392,2388,100.0,39.12,23.4474,221,188,Healthy,85.07,0
78,34,0.0008,-0.0002,100.0,518.67,642.39,1585.3,1405.02,14.62,21.61,553.23,2388.03,9072.51,1.3,47.33,522.55,2388.03,8151.4,8.4083,0.03,391,2388,100.0,39.06,23.2515,221,187,Healthy,84.62,0
78,35,0.0011,-0.0002,100.0,518.67,641.86,1586.39,1402.18,14.62,21.61,554.71,2388.03,9066.88,1.3,47.55,522.01,2388.02,8152.4,8.3937,0.03,394,2388,100.0,39.03,23.355,221,186,Healthy,84.16,0
78,36,0.0005,0.0002,100.0,518.67,642.21,1596.14,1399.18,14.62,21.61,554.25,2387.98,9063.59,1.3,47.23,522.02,2388.02,8148.47,8.4006,0.03,392,2388,100.0,38.82,23.361,221,185,Healthy,83.71,0
78,37,-0.0005,-0.0002,100.0,518.67,642.27,1586.74,1394.52,14.62,21.61,554.1,2388.03,9063.33,1.3,47.41,522.43,2388.01,8149.49,8.4366,0.03,392,2388,100.0,39.06,23.4571,221,184,Healthy,83.26,0
78,38,-0.0009,-0.0003,100.0,518.67,642.03,1586.35,1404.33,14.62,21.61,554.22,2388.0,9071.83,1.3,47.32,521.79,2388.02,8152.24,8.4055,0.03,392,2388,100.0,38.98,23.3596,221,183,Healthy,82.81,0
78,39,-0.0006,0.0001,100.0,518.67,641.81,1584.87,1400.2,14.62,21.61,553.7,2388.03,9074.46,1.3,47.24,521.44,2388.01,8149.02,8.4212,0.03,393,2388,100.0,38.77,23.4644,221,182,Healthy,82.35,0
78,40,-0.0003,0.0,100.0,518.67,642.28,1586.1,1408.4,14.62,21.61,553.74,2388.0,9069.94,1.3,47.39,522.51,2388.04,8148.6,8.3905,0.03,392,2388,100.0,39.04,23.3657,221,181,Healthy,81.9,0
78,41,0.0006,0.0004,100.0,518.67,642.45,1595.36,1397.79,14.62,21.61,554.65,2388.02,9071.09,1.3,47.34,521.79,2387.93,8147.68,8.4095,0.03,392,2388,100.0,38.98,23.2645,221,180,Healthy,81.45,0
78,42,0.0012,0.0002,100.0,518.67,642.13,1585.83,1396.66,14.62,21.61,553.95,2387.98,9071.74,1.3,47.54,522.36,2388.09,8149.38,8.409,0.03,392,2388,100.0,38.91,23.3115,221,179,Healthy,81.0,0
78,43,0.0001,-0.0003,100.0,518.67,642.36,1584.4,1403.16,14.62,21.61,554.35,2388.01,9066.33,1.3,47.38,522.07,2388.0,8150.21,8.4157,0.03,392,2388,100.0,38.86,23.3222,221,178,Healthy,80.54,0
78,44,-0.0026,-0.0,100.0,518.67,642.48,1584.75,1397.41,14.62,21.61,553.74,2388.05,9062.25,1.3,47.22,522.45,2388.0,8154.78,8.4024,0.03,393,2388,100.0,38.91,23.3243,221,177,Healthy,80.09,0
78,45,0.0001,-0.0004,100.0,518.67,642.03,1588.46,1405.59,14.62,21.61,554.1,2388.0,9066.99,1.3,47.24,522.28,2388.06,8149.3,8.4237,0.03,392,2388,100.0,38.68,23.3493,221,176,Healthy,79.64,0
78,46,0.0006,-0.0004,100.0,518.67,642.36,1585.5,1404.21,14.62,21.61,554.67,2388.03,9072.3,1.3,47.37,522.02,2388.04,8145.28,8.4469,0.03,392,2388,100.0,38.91,23.3525,221,175,Healthy,79.19,0
78,47,0.0023,-0.0004,100.0,518.67,642.24,1588.0,1407.25,14.62,21.61,554.07,2388.05,9063.07,1.3,47.23,521.78,2388.05,8145.25,8.4111,0.03,393,2388,100.0,38.94,23.3626,221,174,Healthy,78.73,0
78,48,0.0006,0.0001,100.0,518.67,642.75,1590.05,1400.99,14.62,21.61,553.79,2388.02,9064.63,1.3,47.28,522.31,2388.04,8145.23,8.4485,0.03,392,2388,100.0,38.75,23.3611,221,173,Healthy,78.28,0
78,49,-0.0002,-0.0001,100.0,518.67,641.98,1585.93,1409.64,14.62,21.61,553.96,2388.09,9066.3,1.3,47.17,522.16,2388.03,8144.49,8.3895,0.03,393,2388,100.0,38.96,23.2471,221,172,Healthy,77.83,0
78,50,-0.0006,-0.0003,100.0,518.67,641.97,1578.13,1401.35,14.62,21.61,554.29,2388.04,9069.72,1.3,47.44,521.57,2388.03,8146.57,8.4092,0.03,392,2388,100.0,38.88,23.4808,221,171,Healthy,77.38,0
79,1,0.0001,-0.0003,100.0,518.67,642.78,1586.5,1395.54,14.62,21.61,554.05,2388.06,9070.69,1.3,47.16,522.27,2388.03,8143.88,8.4102,0.03,391,2388,100.0,39.13,23.3703,166,165,Healthy,99.4,0
79,2,-0.0026,-0.0003,100.0,518.67,642.2,1591.13,1390.81,14.62,21.61,553.83,2387.99,9063.59,1.3,47.61,522.41,2388.0,8145.28,8.4129,0.03,391,2388,100.0,38.96,23.4025,166,164,Healthy,98.8,0
79,3,-0.0007,-0.0001,100.0,518.67,642.52,1589.58,1394.64,14.62,21.61,554.1,2388.03,9060.55,1.3,47.03,522.16,2387.99,8143.9,8.3864,0.03,391,2388,100.0,39.2,23.4854,166,163,Healthy,98.19,0
79,4,0.0034,-0.0001,100.0,518.67,641.97,1582.07,1403.52,14.62,21.61,553.82,2388.05,9071.02,1.3,47.36,521.99,2388.0,8143.69,8.4002,0.03,390,2388,100.0,38.86,23.3338,166,162,Healthy,97.59,0
79,5,0.0019,-0.0004,100.0,518.67,642.3,1583.26,1402.91,14.62,21.61,554.29,2388.08,9062.06,1.3,47.28,521.64,2388.0,8148.25,8.3873,0.03,390,2388,100.0,39.05,23.3886,166,161,Healthy,96.99,0
79,6,0.0001,-0.0005,100.0,518.67,642.08,1581.96,1398.76,14.62,21.61,554.59,2388.03,9068.68,1.3,47.44,521.65,2388.07,8144.19,8.4109,0.03,393,2388,100.0,39.17,23.3739,166,160,Healthy,96.39,0
79,7,0.0008,-0.0005,100.0,518.67,642.44,1589.01,1400.89,14.62,21.61,554.06,2388.02,9065.33,1.3,47.26,521.91,2388.01,8150.33,8.3528,0.03,389,2388,100.0,39.1,23.3786,166,159,Healthy,95.78,0
79,8,0.0037,0.0002,100.0,518.67,642.36,1579.86,1397.05,14.62,21.61,554.13,2388.03,9073.28,1.3,47.36,521.92,2388.06,8151.97,8.4135,0.03,393,2388,100.0,38.85,23.3444,166,158,Healthy,95.18,0
79,9,0.0002,-0.0002,100.0,518.67,642.53,1585.74,1406.85,14.62,21.61,554.94,2388.08,9063.29,1.3,47.27,521.64,2388.05,8145.9,8.3968,0.03,391,2388,100.0,39.02,23.4319,166,157,Healthy,94.58,0
79,10,0.0015,-0.0002,100.0,518.67,642.08,1592.64,1403.22,14.62,21.61,553.96,2388.03,9070.21,1.3,47.3,522.25,2387.99,8150.82,8.4124,0.03,392,2388,100.0,39.0,23.4391,166,156,Healthy,93.98,0
79,11,0.0,-0.0002,100.0,518.67,642.37,1582.87,1400.01,14.62,21.61,554.13,2388.04,9071.67,1.3,47.45,522.25,2388.06,8137.69,8.4038,0.03,393,2388,100.0,39.03,23.4803,166,155,Healthy,93.37,0
79,12,-0.0001,-0.0004,100.0,518.67,642.41,1578.65,1396.52,14.62,21.61,554.3,2388.02,9063.47,1.3,47.33,522.07,2388.05,8155.03,8.4595,0.03,393,2388,100.0,38.97,23.4388,166,154,Healthy,92.77,0
79,13,-0.0016,-0.0,100.0,518.67,642.52,1581.99,1395.54,14.62,21.61,554.5,2387.99,9058.8,1.3,47.27,521.6,2388.04,8144.64,8.4011,0.03,392,2388,100.0,38.96,23.3205,166,153,Healthy,92.17,0
79,14,0.0012,-0.0003,100.0,518.67,641.89,1588.07,1403.57,14.62,21.61,554.11,2387.97,9068.89,1.3,47.21,522.66,2387.97,8148.7,8.3853,0.03,393,2388,100.0,39.06,23.3574,166,152,Healthy,91.57,0
79,15,0.0007,0.0003,100.0,518.67,642.52,1586.86,1407.39,14.62,21.61,554.8,2388.02,9069.55,1.3,47.19,521.82,2388.02,8145.63,8.4102,0.03,393,2388,100.0,38.95,23.4712,166,151,Healthy,90.96,0
79,16,-0.0008,0.0003,100.0,518.67,642.45,1584.27,1400.64,14.62,21.61,554.87,2388.0,9065.46,1.3,47.47,522.2,2388.06,8146.76,8.413,0.03,392,2388,100.0,39.13,23.3599,166,150,Healthy,90.36,0
79,17,-0.0011,-0.0005,100.0,518.67,642.61,1578.54,1396.92,14.62,21.61,554.35,2388.06,9071.21,1.3,47.28,522.08,2388.02,8142.71,8.4134,0.03,391,2388,100.0,39.12,23.3289,166,149,Healthy,89.76,0
79,18,-0.001,-0.0001,100.0,518.67,641.82,1588.88,1401.96,14.62,21.61,554.79,2388.06,9068.98,1.3,47.21,522.32,2388.06,8145.06,8.3858,0.03,393,2388,100.0,38.83,23.3592,166,148,Healthy,89.16,0
79,19,0.0001,-0.0,100.0,518.67,642.36,1576.62,1404.36,14.62,21.61,553.69,2388.05,9069.65,1.3,47.14,522.42,2388.04,8146.29,8.4368,0.03,394,2388,100.0,38.83,23.2227,166,147,Healthy,88.55,0
79,20,-0.0013,-0.0005,100.0,518.67,642.23,1589.26,1394.99,14.62,21.61,554.21,2387.98,9070.33,1.3,47.23,522.4,2388.01,8145.72,8.446,0.03,392,2388,100.0,39.0,23.4068,166,146,Healthy,87.95,0
79,21,0.0033,0.0002,100.0,518.67,642.64,1582.57,1394.42,14.62,21.61,554.02,2388.0,9065.5,1.3,47.22,521.98,2387.95,8141.29,8.3573,0.03,394,2388,100.0,38.9,23.4149,166,145,Healthy,87.35,0
79,22,-0.003,-0.0004,100.0,518.67,642.34,1584.1,1390.52,14.62,21.61,553.96,2388.04,9072.07,1.3,47.21,522.15,2388.01,8143.89,8.3974,0.03,391,2388,100.0,39.05,23.3873,166,144,Healthy,86.75,0
79,23,-0.0017,-0.0001,100.0,518.67,642.23,1586.08,1402.88,14.62,21.61,554.04,2388.0,9060.46,1.3,47.27,521.62,2388.0,8143.32,8.4371,0.03,393,2388,100.0,39.22,23.3243,166,143,Healthy,86.14,0
79,24,-0.0005,-0.0003,100.0,518.67,642.21,1592.56,1396.36,14.62,21.61,554.33,2388.04,9072.89,1.3,47.24,521.87,2388.02,8147.33,8.403,0.03,393,2388,100.0,38.94,23.4148,166,142,Healthy,85.54,0
79,25,-0.0001,-0.0003,100.0,518.67,642.67,1586.29,1407.39,14.62,21.61,554.33,2387.99,9066.16,1.3,47.25,521.79,2388.0,8148.75,8.4285,0.03,392,2388,100.0,39.09,23.4687,166,141,Healthy,84.94,0
79,26,-0.0035,-0.0002,100.0,518.67,642.61,1580.19,1401.35,14.62,21.61,554.04,2387.95,9061.85,1.3,47.19,521.96,2388.03,8150.94,8.4235,0.03,394,2388,100.0,39.04,23.441,166,140,Healthy,84.34,0
79,27,-0.0016,-0.0004,100.0,518.67,641.95,1584.76,1396.73,14.62,21.6,553.95,2388.07,9064.5,1.3,47.41,522.7,2388.03,8148.49,8.4232,0.03,392,2388,100.0,38.86,23.4741,166,139,Healthy,83.73,0
79,28,-0.0018,-0.0,100.0,518.67,642.5,1586.08,1404.95,14.62,21.61,554.37,2388.0,9063.34,1.3,47.34,522.4,2388.03,8144.86,8.398,0.03,392,2388,100.0,38.95,23.4107,166,138,Healthy,83.13,0
79,29,-0.0002,0.0001,100.0,518.67,642.59,1587.02,1408.09,14.62,21.61,554.19,2388.03,9065.94,1.3,47.26,522.37,2388.01,8148.01,8.4102,0.03,392,2388,100.0,38.91,23.2793,166,137,Healthy,82.53,0
79,30,-0.0002,-0.0002,100.0,518.67,641.93,1589.25,1401.57,14.62,21.61,554.73,2387.99,9070.94,1.3,47.28,522.17,2387.99,8143.81,8.4206,0.03,393,2388,100.0,39.0,23.3719,166,136,Healthy,81.93,0
79,31,0.0002,0.0003,100.0,518.67,642.27,1588.8,1400.1,14.62,21.61,553.94,2388.06,9068.0,1.3,47.42,522.38,2388.03,8146.21,8.4031,0.03,393,2388,100.0,38.89,23.3002,166,135,Healthy,81.33,0
79,32,0.0005,0.0004,100.0,518.67,642.46,1589.47,1398.38,14.62,21.61,553.63,2388.06,9071.91,1.3,47.4,522.07,2388.02,8152.87,8.4257,0.03,394,2388,100.0,39.06,23.3597,166,134,Healthy,80.72,0
79,33,0.0022,0.0,100.0,518.67,642.37,1582.18,1391.24,14.62,21.61,553.78,2387.97,9063.64,1.3,47.12,522.0,2388.03,8146.34,8.3879,0.03,393,2388,100.0,38.92,23.3889,166,133,Healthy,80.12,0
79,34,-0.0025,0.0004,100.0,518.67,642.44,1583.83,1402.26,14.62,21.61,553.93,2388.07,9067.98,1.3,47.45,522.04,2388.0,8148.37,8.3993,0.03,393,2388,100.0,38.99,23.3587,166,132,Healthy,79.52,0
79,35,-0.0017,0.0001,100.0,518.67,642.03,1583.75,1396.87,14.62,21.61,554.23,2388.02,9071.86,1.3,47.13,522.12,2387.99,8146.55,8.4207,0.03,391,2388,100.0,38.87,23.3538,166,131,Healthy,78.92,0
79,36,0.0007,-0.0004,100.0,518.67,642.25,1591.19,1404.7,14.62,21.61,553.76,2388.06,9064.47,1.3,47.32,521.73,2388.04,8146.38,8.4301,0.03,391,2388,100.0,39.2,23.3908,166,130,Healthy,78.31,0
79,37,0.0021,0.0003,100.0,518.67,642.14,1589.55,1409.1,14.62,21.61,553.91,2387.98,9066.41,1.3,47.25,522.09,2387.96,8144.37,8.4133,0.03,393,2388,100.0,38.88,23.2507,166,129,Healthy,77.71,0
79,38,0.0045,0.0001,100.0,518.67,642.59,1586.19,1403.65,14.62,21.6,554.61,2388.15,9067.26,1.3,47.38,522.59,2387.99,8151.26,8.4323,0.03,391,2388,100.0,38.98,23.4475,166,128,Healthy,77.11,0
79,39,0.0007,0.0002,100.0,518.67,642.37,1578.59,1389.95,14.62,21.61,554.13,2388.02,9070.89,1.3,47.33,522.32,2387.98,8148.37,8.3821,0.03,393,2388,100.0,38.86,23.3783,166,127,Healthy,76.51,0
79,40,-0.002,0.0002,100.0,518.67,642.47,1590.72,1404.58,14.62,21.61,554.12,2388.01,9064.86,1.3,47.23,521.41,2388.02,8152.53,8.417,0.03,394,2388,100.0,38.83,23.405,166,126,Healthy,75.9,0
79,41,0.0029,-0.0004,100.0,518.67,642.41,1588.57,1402.99,14.62,21.6,554.41,2388.05,9070.92,1.3,47.27,522.27,2388.07,8148.18,8.3961,0.03,391,2388,100.0,38.83,23.3829,166,125,Healthy,75.3,0
79,42,-0.0047,-0.0002,100.0,518.67,642.79,1585.67,1403.23,14.62,21.61,554.32,2388.03,9065.03,1.3,47.22,522.22,2388.04,8146.2,8.4196,0.03,391,2388,100.0,38.85,23.4466,166,124,Healthy,74.7,0
79,43,-0.0014,0.0003,100.0,518.67,642.35,1585.27,1401.8,14.62,21.6,553.8,2388.02,9062.42,1.3,47.44,522.19,2388.06,8147.94,8.4257,0.03,391,2388,100.0,38.88,23.293,166,123,Healthy,74.1,0
79,44,-0.0027,0.0002,100.0,518.67,642.98,1583.38,1401.99,14.62,21.61,554.16,2388.02,9067.74,1.3,47.28,522.27,2388.05,8147.2,8.4249,0.03,393,2388,100.0,39.03,23.4322,166,122,Healthy,73.49,0
79,45,0.0026,-0.0003,100.0,518.67,641.7,1581.15,1398.84,14.62,21.61,554.04,2388.04,9063.71,1.3,47.35,521.98,2388.02,8150.68,8.4194,0.03,392,2388,100.0,38.93,23.4276,166,121,Healthy,72.89,0
79,46,-0.0001,-0.0005,100.0,518.67,642.1,1586.23,1409.08,14.62,21.61,554.77,2388.01,9068.05,1.3,47.41,522.16,2388.09,8154.42,8.4716,0.03,392,2388,100.0,38.8,23.3913,166,120,Early_Wear,72.29,0
79,47,0.0018,0.0001,100.0,518.67,642.2,1585.51,1407.09,14.62,21.61,553.92,2388.02,9071.91,1.3,47.39,522.09,2388.04,8143.01,8.4328,0.03,392,2388,100.0,38.82,23.341,166,119,Early_Wear,71.69,0
79,48,0.0018,-0.0001,100.0,518.67,643.0,1591.63,1403.52,14.62,21.61,554.38,2388.03,9066.88,1.3,47.43,522.83,2388.06,8149.91,8.4522,0.03,391,2388,100.0,39.13,23.3985,166,118,Early_Wear,71.08,0
79,49,0.0019,-0.0003,100.0,518.67,642.04,1583.04,1407.23,14.62,21.61,554.48,2388.03,9067.78,1.3,47.44,522.39,2388.06,8146.33,8.4019,0.03,390,2388,100.0,39.06,23.4248,166,117,Early_Wear,70.48,0
79,50,-0.0005,-0.0003,100.0,518.67,642.43,1580.78,1406.83,14.62,21.61,553.41,2388.02,9065.72,1.3,47.25,521.91,2388.03,8144.98,8.4242,0.03,391,2388,100.0,39.02,23.396,166,116,Early_Wear,69.88,0
80,1,-0.0015,0.0003,100.0,518.67,642.59,1582.7,1402.4,14.62,21.61,553.91,2388.03,9063.52,1.3,47.36,522.24,2388.04,8146.05,8.4054,0.03,391,2388,100.0,38.89,23.416,147,146,Healthy,99.32,0
80,2,-0.0004,0.0,100.0,518.67,642.05,1588.75,1395.13,14.62,21.61,553.31,2388.07,9058.07,1.3,47.38,521.8,2388.05,8145.45,8.4171,0.03,393,2388,100.0,39.04,23.3632,147,145,Healthy,98.64,0
80,3,-0.0004,0.0003,100.0,518.67,642.19,1581.51,1402.71,14.62,21.61,554.48,2388.05,9064.51,1.3,47.6,521.4,2388.03,8145.34,8.4402,0.03,393,2388,100.0,39.13,23.3872,147,144,Healthy,97.96,0
80,4,-0.0,-0.0003,100.0,518.67,642.75,1591.36,1398.36,14.62,21.61,554.99,2388.04,9058.16,1.3,47.32,521.74,2388.04,8143.76,8.4084,0.03,392,2388,100.0,38.95,23.3476,147,143,Healthy,97.28,0
80,5,-0.0001,-0.0,100.0,518.67,642.67,1584.56,1404.46,14.62,21.61,554.24,2388.02,9071.25,1.3,47.15,522.01,2388.02,8145.14,8.4012,0.03,393,2388,100.0,38.92,23.4296,147,142,Healthy,96.6,0
80,6,-0.0013,0.0003,100.0,518.67,642.52,1591.93,1402.94,14.62,21.61,553.73,2388.02,9065.69,1.3,47.29,521.87,2388.04,8145.11,8.4176,0.03,393,2388,100.0,38.99,23.3829,147,141,Healthy,95.92,0
80,7,-0.0011,-0.0002,100.0,518.67,642.36,1586.87,1411.01,14.62,21.61,552.87,2388.1,9062.94,1.3,47.49,521.98,2388.03,8145.51,8.4566,0.03,391,2388,100.0,38.75,23.4797,147,140,Healthy,95.24,0
80,8,-0.0019,0.0003,100.0,518.67,642.68,1590.1,1403.3,14.62,21.61,554.2,2388.12,9069.1,1.3,47.21,521.99,2388.02,8148.45,8.3926,0.03,392,2388,100.0,39.05,23.3976,147,139,Healthy,94.56,0
80,9,0.0005,0.0002,100.0,518.67,642.0,1591.17,1404.16,14.62,21.61,553.7,2388.04,9061.48,1.3,47.2,521.66,2388.02,8139.78,8.4135,0.03,390,2388,100.0,38.9,23.3388,147,138,Healthy,93.88,0
80,10,-0.002,-0.0005,100.0,518.67,642.42,1592.59,1398.41,14.62,21.61,553.73,2387.99,9063.04,1.3,47.22,521.45,2388.03,8144.04,8.4326,0.03,392,2388,100.0,39.12,23.3894,147,137,Healthy,93.2,0
80,11,-0.0003,-0.0005,100.0,518.67,642.11,1588.19,1401.1,14.62,21.6,553.38,2388.03,9061.15,1.3,47.48,521.62,2388.12,8143.12,8.4239,0.03,392,2388,100.0,38.8,23.4024,147,136,Healthy,92.52,0
80,12,0.0039,0.0002,100.0,518.67,642.34,1586.14,1404.53,14.62,21.61,554.52,2388.05,9058.16,1.3,47.55,521.2,2388.08,8144.01,8.3804,0.03,393,2388,100.0,38.99,23.2933,147,135,Healthy,91.84,0
80,13,-0.0012,-0.0005,100.0,518.67,642.65,1588.52,1408.81,14.62,21.61,553.86,2388.06,9067.16,1.3,47.27,521.9,2388.05,8149.2,8.4056,0.03,393,2388,100.0,38.87,23.3857,147,134,Healthy,91.16,0
80,14,-0.0002,0.0002,100.0,518.67,642.2,1587.25,1406.38,14.62,21.61,553.08,2388.05,9061.35,1.3,47.47,522.29,2388.05,8143.02,8.4294,0.03,392,2388,100.0,38.91,23.493,147,133,Healthy,90.48,0
80,15,-0.0024,-0.0003,100.0,518.67,642.88,1582.37,1404.9,14.62,21.61,554.11,2388.05,9067.78,1.3,47.22,521.92,2388.05,8140.6,8.4482,0.03,393,2388,100.0,38.93,23.2773,147,132,Healthy,89.8,0
80,16,0.0017,-0.0001,100.0,518.67,641.95,1590.19,1395.84,14.62,21.61,554.52,2388.07,9061.89,1.3,47.51,521.99,2388.02,8140.99,8.4371,0.03,393,2388,100.0,39.07,23.3945,147,131,Healthy,89.12,0
80,17,-0.0,-0.0003,100.0,518.67,642.3,1587.44,1398.91,14.62,21.61,554.68,2388.04,9069.25,1.3,47.3,522.14,2388.03,8142.86,8.4427,0.03,393,2388,100.0,38.92,23.3137,147,130,Healthy,88.44,0
80,18,-0.0017,-0.0002,100.0,518.67,642.32,1588.82,1395.84,14.62,21.61,553.87,2388.01,9075.15,1.3,47.48,522.23,2388.05,8141.46,8.4116,0.03,393,2388,100.0,38.89,23.2825,147,129,Healthy,87.76,0
80,19,0.0009,-0.0005,100.0,518.67,642.1,1585.56,1403.83,14.62,21.61,553.83,2388.07,9062.93,1.3,47.28,522.48,2388.03,8139.65,8.4118,0.03,392,2388,100.0,38.88,23.348,147,128,Healthy,87.07,0
80,20,-0.0003,0.0003,100.0,518.67,642.38,1585.34,1405.8,14.62,21.61,554.02,2388.06,9060.46,1.3,47.28,521.66,2388.05,8142.91,8.3595,0.03,391,2388,100.0,38.83,23.4032,147,127,Healthy,86.39,0
80,21,-0.0013,0.0001,100.0,518.67,642.34,1582.9,1400.55,14.62,21.61,554.45,2388.04,9066.99,1.3,47.39,522.1,2388.06,8144.51,8.4176,0.03,392,2388,100.0,38.93,23.3251,147,126,Healthy,85.71,0
80,22,-0.0034,0.0,100.0,518.67,642.41,1588.98,1403.44,14.62,21.61,554.02,2388.13,9057.45,1.3,47.56,521.94,2388.05,8148.97,8.42,0.03,391,2388,100.0,39.01,23.3818,147,125,Healthy,85.03,0
80,23,-0.0016,0.0004,100.0,518.67,642.07,1589.49,1399.24,14.62,21.61,554.28,2387.98,9064.05,1.3,47.33,521.56,2388.03,8144.07,8.4018,0.03,391,2388,100.0,38.87,23.411,147,124,Healthy,84.35,0
80,24,0.0001,0.0002,100.0,518.67,642.67,1580.78,1405.15,14.62,21.61,554.3,2388.07,9063.19,1.3,47.4,522.19,2388.01,8145.55,8.4192,0.03,392,2388,100.0,38.89,23.4033,147,123,Healthy,83.67,0
80,25,-0.0027,0.0001,100.0,518.67,641.84,1579.92,1403.81,14.62,21.61,554.79,2388.05,9061.59,1.3,47.36,521.92,2388.06,8142.6,8.3996,0.03,391,2388,100.0,38.88,23.2949,147,122,Healthy,82.99,0
80,26,-0.004,0.0001,100.0,518.67,642.49,1587.24,1400.71,14.62,21.61,554.01,2388.02,9061.44,1.3,47.32,521.72,2388.06,8144.31,8.4284,0.03,391,2388,100.0,38.92,23.3003,147,121,Healthy,82.31,0
80,27,0.0004,-0.0,100.0,518.67,642.62,1585.29,1400.39,14.62,21.61,553.79,2388.05,9070.17,1.3,47.25,521.64,2388.0,8142.71,8.4281,0.03,393,2388,100.0,38.97,23.4025,147,120,Early_Wear,81.63,0
80,28,-0.0017,0.0001,100.0,518.67,642.67,1587.56,1403.07,14.62,21.61,553.2,2388.05,9061.02,1.3,47.39,521.7,2388.06,8141.97,8.4348,0.03,392,2388,100.0,38.95,23.3587,147,119,Early_Wear,80.95,0
80,29,0.0015,0.0,100.0,518.67,642.87,1588.94,1407.18,14.62,21.61,553.95,2388.06,9056.57,1.3,47.34,521.9,2388.05,8146.84,8.4154,0.03,390,2388,100.0,38.92,23.4272,147,118,Early_Wear,80.27,0
80,30,-0.0029,-0.0004,100.0,518.67,642.24,1578.64,1403.38,14.62,21.61,553.98,2388.01,9068.12,1.3,47.35,522.15,2388.04,8142.73,8.4192,0.03,392,2388,100.0,38.75,23.3465,147,117,Early_Wear,79.59,0
80,31,0.0003,-0.0,100.0,518.67,642.29,1580.61,1403.48,14.62,21.61,553.75,2388.02,9063.32,1.3,47.34,521.96,2388.0,8145.76,8.4312,0.03,393,2388,100.0,38.91,23.2056,147,116,Early_Wear,78.91,0
80,32,0.0021,-0.0005,100.0,518.67,641.99,1591.77,1407.45,14.62,21.61,553.56,2388.03,9061.37,1.3,47.37,521.68,2388.08,8140.01,8.4235,0.03,393,2388,100.0,38.82,23.3817,147,115,Early_Wear,78.23,0
80,33,-0.0022,0.0002,100.0,518.67,642.36,1591.23,1403.08,14.62,21.61,553.97,2388.02,9068.92,1.3,47.36,522.04,2388.01,8141.81,8.4066,0.03,392,2388,100.0,38.91,23.3081,147,114,Early_Wear,77.55,0
80,34,-0.0041,-0.0005,100.0,518.67,642.18,1589.42,1400.24,14.62,21.61,553.96,2388.06,9070.54,1.3,47.42,522.2,2388.02,8142.32,8.4396,0.03,393,2388,100.0,38.99,23.3247,147,113,Early_Wear,76.87,0
80,35,0.0013,-0.0001,100.0,518.67,641.72,1581.02,1401.2,14.62,21.61,553.81,2388.09,9068.39,1.3,47.37,522.11,2388.03,8141.96,8.4283,0.03,393,2388,100.0,38.95,23.2559,147,112,Early_Wear,76.19,0
80,36,-0.0055,0.0004,100.0,518.67,642.42,1587.77,1400.21,14.62,21.61,553.85,2388.0,9071.03,1.3,47.34,521.65,2388.03,8143.75,8.4747,0.03,392,2388,100.0,38.91,23.3433,147,111,Early_Wear,75.51,0
80,37,0.0028,-0.0001,100.0,518.67,642.64,1586.99,1407.81,14.62,21.61,553.49,2388.02,9060.77,1.3,47.15,521.78,2388.05,8145.1,8.434,0.03,391,2388,100.0,38.98,23.3965,147,110,Early_Wear,74.83,0
80,38,0.0016,0.0002,100.0,518.67,642.27,1587.87,1400.77,14.62,21.61,553.88,2388.04,9057.74,1.3,47.27,522.21,2388.04,8142.87,8.4075,0.03,393,2388,100.0,38.95,23.3485,147,109,Early_Wear,74.15,0
80,39,0.005,-0.0,100.0,518.67,642.32,1589.74,1408.45,14.62,21.61,554.07,2388.07,9062.68,1.3,47.21,522.01,2388.08,8144.69,8.4088,0.03,393,2388,100.0,38.89,23.3179,147,108,Early_Wear,73.47,0
80,40,-0.0025,-0.0002,100.0,518.67,642.21,1586.47,1400.16,14.62,21.61,554.11,2388.11,9065.77,1.3,47.42,521.72,2388.05,8143.45,8.4186,0.03,392,2388,100.0,39.08,23.312,147,107,Early_Wear,72.79,0
80,41,-0.0049,0.0004,100.0,518.67,642.57,1585.95,1403.56,14.62,21.61,553.47,2388.1,9067.62,1.3,47.28,521.87,2388.1,8143.79,8.4586,0.03,392,2388,100.0,39.04,23.3969,147,106,Early_Wear,72.11,0
80,42,-0.0033,-0.0005,100.0,518.67,642.41,1590.12,1403.61,14.62,21.61,554.61,2388.03,9054.19,1.3,47.36,521.98,2388.1,8144.79,8.3856,0.03,392,2388,100.0,39.05,23.4105,147,105,Early_Wear,71.43,0
80,43,0.0015,-0.0003,100.0,518.67,642.33,1589.25,1408.56,14.62,21.61,553.48,2388.01,9059.9,1.3,47.3,521.51,2388.09,8146.01,8.4272,0.03,393,2388,100.0,38.81,23.3897,147,104,Early_Wear,70.75,0
80,44,0.0025,0.0004,100.0,518.67,642.69,1587.44,1403.48,14.62,21.61,554.26,2388.07,9061.43,1.3,47.38,522.11,2388.07,8143.71,8.4237,0.03,392,2388,100.0,38.88,23.5749,147,103,Early_Wear,70.07,0
80,45,-0.0002,0.0001,100.0,518.67,642.63,1594.87,1399.87,14.62,21.61,553.44,2388.08,9069.58,1.3,47.66,522.09,2388.03,8143.66,8.4233,0.03,391,2388,100.0,38.99,23.4126,147,102,Early_Wear,69.39,0
80,46,0.0012,-0.0005,100.0,518.67,642.48,1591.23,1405.38,14.62,21.61,554.16,2388.03,9057.86,1.3,47.5,521.95,2388.08,8144.17,8.4023,0.03,392,2388,100.0,39.04,23.3848,147,101,Early_Wear,68.71,0
80,47,0.0021,-0.0005,100.0,518.67,642.88,1589.47,1405.22,14.62,21.61,554.07,2388.02,9064.36,1.3,47.32,521.67,2388.1,8143.64,8.3985,0.03,392,2388,100.0,38.84,23.3409,147,100,Early_Wear,68.03,0
80,48,0.0003,-0.0004,100.0,518.67,642.61,1591.94,1399.57,14.62,21.61,553.74,2388.06,9060.86,1.3,47.5,521.69,2388.09,8142.79,8.4696,0.03,393,2388,100.0,39.02,23.2712,147,99,Early_Wear,67.35,0
80,49,-0.0017,0.0,100.0,518.67,642.5,1589.27,1406.86,14.62,21.61,554.15,2388.02,9066.81,1.3,47.34,521.58,2388.06,8151.25,8.423,0.03,391,2388,100.0,38.91,23.3257,147,98,Early_Wear,66.67,0
80,50,-0.0002,0.0002,100.0,518.67,642.38,1587.46,1395.02,14.62,21.61,553.68,2388.03,9061.72,1.3,47.58,521.66,2388.01,8145.12,8.4298,0.03,393,2388,100.0,39.01,23.4692,147,97,Early_Wear,65.99,0
81,1,-0.0015,-0.0003,100.0,518.67,642.27,1583.99,1399.18,14.62,21.58,553.32,2387.98,9051.72,1.3,47.07,521.55,2387.95,8136.3,8.3598,0.03,390,2388,100.0,38.95,23.5568,347,346,Healthy,99.71,0
81,2,0.0006,-0.0004,100.0,518.67,641.31,1580.62,1395.85,14.62,21.58,554.11,2388.0,9052.84,1.3,47.12,521.8,2387.92,8131.77,8.3975,0.03,392,2388,100.0,39.0,23.3774,347,345,Healthy,99.42,0
81,3,-0.0052,0.0005,100.0,518.67,642.33,1580.88,1397.41,14.62,21.58,553.5,2387.96,9054.19,1.3,47.05,521.43,2387.96,8133.06,8.3619,0.03,391,2388,100.0,39.07,23.36,347,344,Healthy,99.14,0
81,4,0.001,-0.0004,100.0,518.67,641.8,1580.87,1392.52,14.62,21.58,554.03,2387.99,9048.39,1.3,47.23,521.4,2387.92,8139.98,8.3622,0.03,391,2388,100.0,38.84,23.3118,347,343,Healthy,98.85,0
81,5,-0.0054,-0.0004,100.0,518.67,641.75,1581.19,1399.29,14.62,21.58,553.78,2387.96,9048.67,1.3,47.13,521.88,2387.91,8139.53,8.3895,0.03,392,2388,100.0,39.03,23.4817,347,342,Healthy,98.56,0
81,6,0.0008,-0.0005,100.0,518.67,642.15,1586.04,1397.31,14.62,21.59,553.9,2387.99,9047.99,1.3,47.06,521.95,2388.0,8131.25,8.3409,0.03,391,2388,100.0,38.85,23.473,347,341,Healthy,98.27,0
81,7,0.0011,-0.0,100.0,518.67,642.27,1585.34,1392.47,14.62,21.58,553.54,2387.95,9049.63,1.3,47.12,521.59,2387.98,8132.0,8.4138,0.03,391,2388,100.0,39.06,23.3701,347,340,Healthy,97.98,0
81,8,-0.0003,-0.0003,100.0,518.67,641.89,1582.07,1392.05,14.62,21.58,554.17,2387.91,9048.15,1.3,46.92,521.89,2387.93,8129.98,8.3887,0.03,390,2388,100.0,38.92,23.2943,347,339,Healthy,97.69,0
81,9,0.0006,-0.0001,100.0,518.67,641.95,1589.61,1398.6,14.62,21.59,553.77,2387.98,9043.13,1.3,47.03,522.08,2387.96,8136.44,8.3986,0.03,391,2388,100.0,39.07,23.387,347,338,Healthy,97.41,0
81,10,-0.001,0.0,100.0,518.67,642.16,1580.74,1398.04,14.62,21.58,553.72,2388.0,9054.67,1.3,47.05,520.93,2387.95,8135.86,8.3672,0.03,390,2388,100.0,39.01,23.3511,347,337,Healthy,97.12,0
81,11,-0.003,0.0002,100.0,518.67,642.24,1581.99,1397.75,14.62,21.58,553.54,2387.94,9047.04,1.3,47.24,521.28,2387.99,8134.17,8.3948,0.03,390,2388,100.0,39.1,23.3654,347,336,Healthy,96.83,0
81,12,-0.0002,-0.0004,100.0,518.67,642.03,1586.87,1392.36,14.62,21.58,553.13,2387.95,9046.88,1.3,47.2,521.4,2387.98,8137.9,8.4165,0.03,392,2388,100.0,39.03,23.4089,347,335,Healthy,96.54,0
81,13,0.0015,-0.0002,100.0,518.67,641.84,1572.05,1404.64,14.62,21.58,553.41,2387.93,9055.94,1.3,47.05,521.57,2387.96,8130.4,8.4485,0.03,392,2388,100.0,39.14,23.2872,347,334,Healthy,96.25,0
81,14,0.0006,-0.0003,100.0,518.67,641.78,1578.94,1392.39,14.62,21.58,552.97,2387.93,9045.57,1.3,47.15,521.44,2387.96,8134.93,8.3692,0.03,392,2388,100.0,38.79,23.4296,347,333,Healthy,95.97,0
81,15,0.0018,0.0002,100.0,518.67,641.76,1583.86,1394.26,14.62,21.59,554.27,2388.01,9052.18,1.3,47.18,522.38,2387.94,8131.42,8.4039,0.03,392,2388,100.0,39.15,23.4842,347,332,Healthy,95.68,0
81,16,0.0003,-0.0003,100.0,518.67,642.38,1579.16,1395.02,14.62,21.58,553.59,2387.97,9054.16,1.3,47.06,521.78,2387.99,8132.56,8.3931,0.03,391,2388,100.0,38.98,23.4204,347,331,Healthy,95.39,0
81,17,-0.0022,0.0,100.0,518.67,641.56,1583.98,1396.35,14.62,21.58,553.54,2387.96,9048.41,1.3,47.14,521.48,2387.95,8135.02,8.3566,0.03,392,2388,100.0,39.05,23.3936,347,330,Healthy,95.1,0
81,18,0.002,-0.0004,100.0,518.67,641.82,1576.74,1395.38,14.62,21.59,554.02,2387.98,9052.13,1.3,47.12,521.7,2387.93,8132.01,8.4067,0.03,392,2388,100.0,38.88,23.3478,347,329,Healthy,94.81,0
81,19,-0.0027,0.0,100.0,518.67,641.59,1586.41,1392.21,14.62,21.58,553.69,2387.99,9049.81,1.3,47.06,521.67,2387.92,8130.67,8.4008,0.03,391,2388,100.0,38.92,23.3566,347,328,Healthy,94.52,0
81,20,0.0006,-0.0003,100.0,518.67,640.99,1582.58,1395.41,14.62,21.58,553.63,2387.94,9051.83,1.3,46.97,521.4,2387.99,8133.23,8.3812,0.03,390,2388,100.0,38.97,23.4038,347,327,Healthy,94.24,0
81,21,0.0029,0.0003,100.0,518.67,642.37,1586.28,1393.99,14.62,21.58,553.91,2387.96,9058.2,1.3,47.18,522.13,2387.96,8132.8,8.3754,0.03,391,2388,100.0,39.06,23.3462,347,326,Healthy,93.95,0
81,22,-0.0006,-0.0003,100.0,518.67,642.1,1576.75,1399.03,14.62,21.58,553.74,2387.95,9049.67,1.3,47.11,521.37,2387.87,8131.16,8.3943,0.03,390,2388,100.0,38.94,23.3769,347,325,Healthy,93.66,0
81,23,0.0016,0.0004,100.0,518.67,641.4,1573.49,1394.79,14.62,21.58,553.28,2387.98,9053.64,1.3,47.05,521.93,2387.92,8127.53,8.3905,0.03,390,2388,100.0,38.92,23.3752,347,324,Healthy,93.37,0
81,24,0.0009,0.0003,100.0,518.67,642.07,1586.58,1397.08,14.62,21.58,553.22,2387.95,9047.66,1.3,47.12,521.77,2387.94,8132.81,8.3931,0.03,391,2388,100.0,39.01,23.4049,347,323,Healthy,93.08,0
81,25,0.0013,-0.0003,100.0,518.67,642.24,1578.81,1396.79,14.62,21.59,553.98,2387.95,9051.79,1.3,47.23,522.64,2388.0,8131.95,8.3977,0.03,390,2388,100.0,39.01,23.3562,347,322,Healthy,92.8,0
81,26,-0.001,-0.0001,100.0,518.67,642.19,1584.1,1389.91,14.62,21.58,553.63,2387.95,9050.39,1.3,46.95,522.05,2387.98,8133.36,8.4309,0.03,390,2388,100.0,39.12,23.3874,347,321,Healthy,92.51,0
81,27,-0.0,0.0002,100.0,518.67,641.72,1585.4,1399.05,14.62,21.58,554.23,2387.95,9048.89,1.3,46.97,521.66,2387.95,8138.28,8.4111,0.03,391,2388,100.0,39.04,23.3258,347,320,Healthy,92.22,0
81,28,-0.0065,-0.0002,100.0,518.67,641.6,1583.12,1389.55,14.62,21.58,553.82,2387.93,9047.36,1.3,47.03,521.92,2387.98,8139.08,8.3911,0.03,391,2388,100.0,38.98,23.4204,347,319,Healthy,91.93,0
81,29,-0.0011,-0.0004,100.0,518.67,641.82,1586.73,1395.67,14.62,21.58,553.8,2387.98,9043.19,1.3,47.13,521.63,2388.02,8132.18,8.3629,0.03,392,2388,100.0,39.13,23.4992,347,318,Healthy,91.64,0
81,30,0.0013,-0.0005,100.0,518.67,642.1,1590.68,1392.85,14.62,21.58,553.83,2387.97,9049.45,1.3,47.07,521.53,2388.03,8133.85,8.3961,0.03,391,2388,100.0,38.95,23.4084,347,317,Healthy,91.35,0
81,31,0.002,-0.0001,100.0,518.67,642.13,1580.14,1395.42,14.62,21.59,553.92,2387.98,9053.6,1.3,47.21,521.32,2387.99,8136.8,8.3643,0.03,391,2388,100.0,39.09,23.3937,347,316,Healthy,91.07,0
81,32,-0.0035,0.0003,100.0,518.67,642.02,1589.2,1391.03,14.62,21.58,553.07,2388.0,9052.97,1.3,47.02,521.43,2387.97,8138.41,8.3672,0.03,391,2388,100.0,38.98,23.4719,347,315,Healthy,90.78,0
81,33,-0.0002,-0.0005,100.0,518.67,642.54,1581.03,1393.39,14.62,21.58,554.14,2387.95,9043.98,1.3,47.24,521.71,2387.99,8135.61,8.3945,0.03,390,2388,100.0,38.96,23.4056,347,314,Healthy,90.49,0
81,34,-0.0008,0.0004,100.0,518.67,641.75,1591.33,1397.01,14.62,21.58,554.15,2388.04,9044.88,1.3,46.95,521.9,2387.95,8136.67,8.3685,0.03,392,2388,100.0,39.11,23.2576,347,313,Healthy,90.2,0
81,35,-0.0032,-0.0002,100.0,518.67,642.2,1582.44,1389.73,14.62,21.58,554.27,2387.97,9049.82,1.3,46.91,520.84,2387.99,8136.45,8.408,0.03,390,2388,100.0,39.09,23.3736,347,312,Healthy,89.91,0
81,36,0.003,-0.0005,100.0,518.67,641.67,1583.88,1400.12,14.62,21.58,553.14,2388.03,9055.69,1.3,47.17,521.22,2388.0,8135.8,8.3761,0.03,392,2388,100.0,38.97,23.4348,347,311,Healthy,89.63,0
81,37,0.0,-0.0002,100.0,518.67,642.5,1584.03,1393.38,14.62,21.59,554.09,2387.94,9049.08,1.3,46.99,521.9,2387.94,8134.28,8.3822,0.03,390,2388,100.0,38.95,23.4707,347,310,Healthy,89.34,0
81,38,0.0006,0.0003,100.0,518.67,641.93,1581.43,1398.61,14.62,21.58,554.05,2387.95,9044.33,1.3,47.14,521.59,2387.97,8131.92,8.362,0.03,392,2388,100.0,38.85,23.4402,347,309,Healthy,89.05,0
81,39,0.0036,-0.0004,100.0,518.67,641.42,1584.32,1390.6,14.62,21.58,553.55,2387.88,9050.65,1.3,46.96,521.04,2387.96,8131.29,8.4238,0.03,391,2388,100.0,38.99,23.4243,347,308,Healthy,88.76,0
81,40,-0.0014,-0.0001,100.0,518.67,641.7,1584.39,1387.16,14.62,21.58,553.87,2387.96,9048.04,1.3,47.07,521.1,2387.95,8137.71,8.4053,0.03,393,2388,100.0,39.0,23.3602,347,307,Healthy,88.47,0
81,41,-0.0018,-0.0003,100.0,518.67,641.94,1583.62,1395.61,14.62,21.58,554.33,2387.99,9050.96,1.3,47.14,521.88,2387.98,8134.1,8.3946,0.03,392,2388,100.0,39.06,23.3335,347,306,Healthy,88.18,0
81,42,0.0018,0.0,100.0,518.67,641.37,1576.68,1393.8,14.62,21.58,554.39,2387.98,9050.12,1.3,46.95,522.17,2387.99,8137.75,8.3875,0.03,392,2388,100.0,38.97,23.4196,347,305,Healthy,87.9,0
81,43,0.0015,0.0004,100.0,518.67,641.87,1587.25,1398.31,14.62,21.58,552.87,2387.98,9048.19,1.3,47.35,521.63,2388.0,8133.49,8.3905,0.03,390,2388,100.0,39.16,23.4565,347,304,Healthy,87.61,0
81,44,-0.0042,-0.0005,100.0,518.67,641.65,1582.88,1395.87,14.62,21.58,553.36,2387.96,9050.7,1.3,47.05,520.96,2387.94,8132.92,8.3765,0.03,392,2388,100.0,39.03,23.3586,347,303,Healthy,87.32,0
81,45,-0.0015,-0.0005,100.0,518.67,642.12,1580.59,1396.69,14.62,21.58,554.47,2387.95,9055.14,1.3,47.18,521.78,2387.97,8130.19,8.3545,0.03,391,2388,100.0,39.01,23.4451,347,302,Healthy,87.03,0
81,46,-0.0033,-0.0004,100.0,518.67,642.08,1578.13,1395.34,14.62,21.58,553.29,2387.98,9049.99,1.3,47.14,521.5,2387.98,8133.7,8.4037,0.03,391,2388,100.0,39.11,23.4026,347,301,Healthy,86.74,0
81,47,0.0004,-0.0001,100.0,518.67,641.65,1582.9,1394.25,14.62,21.58,553.83,2387.98,9049.89,1.3,47.13,521.58,2387.92,8136.46,8.4219,0.03,392,2388,100.0,38.97,23.3925,347,300,Healthy,86.46,0
81,48,0.0002,0.0001,100.0,518.67,641.91,1576.94,1390.3,14.62,21.58,553.11,2387.95,9053.4,1.3,47.18,521.47,2388.02,8131.72,8.3842,0.03,391,2388,100.0,39.06,23.4187,347,299,Healthy,86.17,0
81,49,0.0002,-0.0004,100.0,518.67,642.45,1587.03,1398.0,14.62,21.58,553.56,2388.02,9053.6,1.3,47.17,521.46,2387.94,8140.81,8.3941,0.03,392,2388,100.0,39.02,23.4456,347,298,Healthy,85.88,0
81,50,-0.0005,0.0005,100.0,518.67,642.33,1590.2,1387.93,14.62,21.58,554.54,2388.0,9048.92,1.3,47.03,522.07,2387.98,8137.4,8.4127,0.03,392,2388,100.0,39.06,23.3982,347,297,Healthy,85.59,0
82,1,0.0023,-0.0003,100.0,518.67,642.0,1582.9,1400.84,14.62,21.6,556.32,2388.03,9061.73,1.3,47.29,524.08,2388.08,8136.28,8.3786,0.03,393,2388,100.0,39.24,23.4747,285,284,Healthy,99.65,0
82,2,0.0002,-0.0002,100.0,518.67,641.93,1577.82,1396.6,14.62,21.6,556.74,2388.04,9057.92,1.3,47.21,523.77,2388.06,8141.32,8.3637,0.03,392,2388,100.0,39.25,23.5501,285,283,Healthy,99.3,0
82,3,0.0027,0.0004,100.0,518.67,642.17,1588.37,1404.04,14.62,21.6,555.83,2387.99,9057.89,1.3,47.03,523.3,2388.07,8139.12,8.3807,0.03,390,2388,100.0,39.15,23.4771,285,282,Healthy,98.95,0
82,4,0.0007,0.0003,100.0,518.67,641.85,1590.47,1396.0,14.62,21.6,555.78,2388.08,9062.02,1.3,47.21,523.06,2388.06,8146.56,8.3848,0.03,391,2388,100.0,39.25,23.518,285,281,Healthy,98.6,0
82,5,0.0019,0.0004,100.0,518.67,642.09,1582.56,1404.55,14.62,21.6,556.39,2388.05,9062.95,1.3,47.36,524.21,2388.06,8142.83,8.3553,0.03,391,2388,100.0,39.26,23.498,285,280,Healthy,98.25,0
82,6,0.0002,0.0001,100.0,518.67,642.29,1585.96,1395.13,14.62,21.6,555.92,2388.02,9057.51,1.3,46.98,523.58,2388.04,8138.65,8.39,0.03,392,2388,100.0,39.1,23.467,285,279,Healthy,97.89,0
82,7,-0.0015,0.0004,100.0,518.67,641.97,1586.89,1397.4,14.62,21.6,556.57,2388.06,9063.5,1.3,47.28,524.08,2388.04,8143.47,8.3653,0.03,393,2388,100.0,39.12,23.4463,285,278,Healthy,97.54,0
82,8,0.0003,0.0003,100.0,518.67,642.2,1583.6,1399.0,14.62,21.6,555.52,2388.01,9058.58,1.3,47.24,523.86,2388.04,8144.03,8.3366,0.03,392,2388,100.0,39.1,23.4807,285,277,Healthy,97.19,0
82,9,0.0002,-0.0003,100.0,518.67,641.28,1583.75,1403.65,14.62,21.6,555.88,2388.03,9059.73,1.3,47.13,523.81,2387.97,8140.65,8.3774,0.03,390,2388,100.0,39.12,23.5301,285,276,Healthy,96.84,0
82,10,0.0056,0.0002,100.0,518.67,641.94,1588.91,1404.73,14.62,21.6,556.37,2388.04,9056.29,1.3,47.18,524.94,2388.09,8143.02,8.347,0.03,391,2388,100.0,39.17,23.431,285,275,Healthy,96.49,0
82,11,-0.0043,0.0005,100.0,518.67,642.09,1581.17,1404.28,14.62,21.6,556.47,2388.03,9052.12,1.3,47.15,524.08,2388.06,8146.77,8.3629,0.03,392,2388,100.0,39.15,23.4394,285,274,Healthy,96.14,0
82,12,0.0017,0.0005,100.0,518.67,642.29,1583.87,1394.31,14.62,21.6,556.55,2388.05,9061.73,1.3,47.19,523.91,2388.11,8140.08,8.3786,0.03,393,2388,100.0,39.36,23.3869,285,273,Healthy,95.79,0
82,13,-0.0003,0.0003,100.0,518.67,642.35,1591.12,1397.03,14.62,21.6,556.54,2388.08,9063.38,1.3,47.19,524.2,2388.09,8142.77,8.3478,0.03,393,2388,100.0,39.21,23.559,285,272,Healthy,95.44,0
82,14,-0.0014,-0.0001,100.0,518.67,642.05,1587.69,1400.52,14.62,21.6,556.03,2388.05,9059.83,1.3,47.13,523.52,2388.01,8141.76,8.3259,0.03,391,2388,100.0,39.12,23.5261,285,271,Healthy,95.09,0
82,15,0.0011,-0.0005,100.0,518.67,642.31,1588.13,1403.89,14.62,21.6,555.75,2388.08,9057.48,1.3,47.16,524.08,2388.1,8140.17,8.3681,0.03,392,2388,100.0,39.19,23.5077,285,270,Healthy,94.74,0
82,16,-0.001,-0.0,100.0,518.67,641.76,1582.35,1403.71,14.62,21.6,555.9,2388.04,9061.34,1.3,47.18,524.13,2388.04,8148.35,8.3746,0.03,393,2388,100.0,39.13,23.4262,285,269,Healthy,94.39,0
82,17,-0.0029,0.0001,100.0,518.67,642.1,1587.47,1400.72,14.62,21.6,555.92,2388.04,9063.02,1.3,47.16,523.84,2388.07,8141.27,8.3255,0.03,391,2388,100.0,39.14,23.5118,285,268,Healthy,94.04,0
82,18,-0.0027,0.0,100.0,518.67,642.57,1580.9,1391.4,14.62,21.6,555.94,2388.06,9061.82,1.3,47.17,524.08,2388.07,8137.11,8.339,0.03,392,2388,100.0,39.27,23.5325,285,267,Healthy,93.68,0
82,19,-0.0,-0.0003,100.0,518.67,642.05,1585.73,1395.61,14.62,21.6,555.42,2388.02,9069.56,1.3,47.25,523.44,2388.01,8139.2,8.3532,0.03,391,2388,100.0,38.98,23.4282,285,266,Healthy,93.33,0
82,20,0.0011,0.0,100.0,518.67,641.79,1588.33,1407.4,14.62,21.6,556.71,2388.03,9058.58,1.3,47.18,523.96,2388.04,8145.65,8.3464,0.03,391,2388,100.0,39.21,23.4795,285,265,Healthy,92.98,0
82,21,0.0004,0.0003,100.0,518.67,642.29,1583.16,1395.04,14.62,21.59,556.07,2388.04,9064.92,1.3,47.26,523.68,2388.05,8145.51,8.4158,0.03,391,2388,100.0,39.09,23.4555,285,264,Healthy,92.63,0
82,22,0.0003,-0.0001,100.0,518.67,642.48,1586.77,1403.17,14.62,21.6,556.66,2388.01,9056.6,1.3,47.18,524.19,2388.08,8142.9,8.355,0.03,391,2388,100.0,39.08,23.5561,285,263,Healthy,92.28,0
82,23,0.0054,-0.0002,100.0,518.67,642.14,1581.72,1399.68,14.62,21.6,555.16,2388.04,9058.14,1.3,46.97,523.83,2388.01,8139.32,8.3524,0.03,392,2388,100.0,39.09,23.4846,285,262,Healthy,91.93,0
82,24,-0.0018,0.0,100.0,518.67,642.26,1590.87,1402.1,14.62,21.6,556.3,2388.05,9061.31,1.3,47.25,524.23,2388.02,8143.81,8.3854,0.03,392,2388,100.0,39.33,23.5111,285,261,Healthy,91.58,0
82,25,-0.0006,0.0004,100.0,518.67,642.1,1586.38,1396.14,14.62,21.6,556.35,2388.09,9057.41,1.3,47.26,524.17,2388.05,8142.88,8.3526,0.03,392,2388,100.0,39.02,23.4982,285,260,Healthy,91.23,0
82,26,-0.0009,0.0001,100.0,518.67,641.58,1580.71,1398.12,14.62,21.6,556.38,2388.04,9057.15,1.3,47.45,523.68,2388.05,8147.21,8.3879,0.03,390,2388,100.0,39.19,23.517,285,259,Healthy,90.88,0
82,27,-0.0025,0.0,100.0,518.67,642.39,1588.47,1393.08,14.62,21.6,555.97,2388.04,9059.97,1.3,47.23,523.91,2387.96,8142.95,8.371,0.03,392,2388,100.0,39.24,23.4343,285,258,Healthy,90.53,0
82,28,0.0002,-0.0003,100.0,518.67,642.19,1588.86,1393.2,14.62,21.6,556.27,2388.01,9060.24,1.3,47.43,524.18,2388.08,8142.04,8.3649,0.03,392,2388,100.0,39.14,23.5423,285,257,Healthy,90.18,0
82,29,-0.0007,-0.0002,100.0,518.67,641.85,1581.77,1397.18,14.62,21.6,555.52,2388.06,9061.65,1.3,47.17,523.99,2388.09,8138.94,8.3677,0.03,390,2388,100.0,39.18,23.4812,285,256,Healthy,89.82,0
82,30,0.0006,0.0003,100.0,518.67,642.35,1592.88,1403.62,14.62,21.6,555.94,2388.08,9063.98,1.3,47.19,524.55,2388.07,8151.25,8.371,0.03,390,2388,100.0,39.28,23.4698,285,255,Healthy,89.47,0
82,31,0.0027,-0.0,100.0,518.67,641.95,1586.61,1402.26,14.62,21.59,555.33,2388.07,9056.25,1.3,47.17,523.25,2388.06,8145.38,8.3484,0.03,392,2388,100.0,39.14,23.4567,285,254,Healthy,89.12,0
82,32,-0.0026,0.0002,100.0,518.67,641.98,1586.62,1398.1,14.62,21.6,556.1,2388.01,9052.41,1.3,47.28,525.06,2388.05,8143.54,8.342,0.03,391,2388,100.0,39.27,23.4423,285,253,Healthy,88.77,0
82,33,0.0013,-0.0003,100.0,518.67,642.24,1587.99,1401.08,14.62,21.59,555.82,2388.01,9055.95,1.3,47.19,523.03,2388.03,8141.38,8.394,0.03,390,2388,100.0,39.2,23.5173,285,252,Healthy,88.42,0
82,34,0.0014,-0.0002,100.0,518.67,642.08,1582.8,1394.97,14.62,21.6,555.87,2388.08,9059.51,1.3,47.31,523.01,2388.06,8140.81,8.3724,0.03,392,2388,100.0,39.15,23.4944,285,251,Healthy,88.07,0
82,35,0.0033,0.0,100.0,518.67,641.88,1592.78,1407.1,14.62,21.6,555.93,2388.07,9062.75,1.3,47.56,523.7,2388.02,8141.3,8.3662,0.03,392,2388,100.0,39.18,23.4209,285,250,Healthy,87.72,0
82,36,-0.0004,0.0001,100.0,518.67,641.94,1583.05,1395.91,14.62,21.6,556.02,2388.02,9059.68,1.3,46.97,524.03,2388.1,8142.99,8.3521,0.03,390,2388,100.0,39.06,23.4033,285,249,Healthy,87.37,0
82,37,0.002,-0.0003,100.0,518.67,641.66,1587.08,1400.93,14.62,21.59,554.93,2388.08,9057.23,1.3,47.18,523.87,2388.05,8142.75,8.3824,0.03,392,2388,100.0,39.07,23.4625,285,248,Healthy,87.02,0
82,38,-0.0012,0.0002,100.0,518.67,642.16,1586.27,1400.72,14.62,21.6,556.15,2388.04,9070.48,1.3,47.21,524.07,2388.05,8140.32,8.3815,0.03,393,2388,100.0,39.21,23.4895,285,247,Healthy,86.67,0
82,39,-0.0019,0.0001,100.0,518.67,642.06,1585.21,1398.74,14.62,21.6,557.14,2388.0,9056.93,1.3,47.27,524.44,2388.08,8142.22,8.3754,0.03,393,2388,100.0,39.15,23.5392,285,246,Healthy,86.32,0
82,40,0.0033,-0.0004,100.0,518.67,642.22,1580.46,1400.48,14.62,21.6,556.31,2387.99,9063.92,1.3,47.16,524.12,2388.04,8144.72,8.3731,0.03,392,2388,100.0,39.31,23.4807,285,245,Healthy,85.96,0
82,41,0.0023,0.0004,100.0,518.67,642.4,1588.44,1406.06,14.62,21.6,556.46,2388.09,9057.4,1.3,47.3,524.25,2388.08,8139.94,8.3337,0.03,392,2388,100.0,39.06,23.5042,285,244,Healthy,85.61,0
82,42,0.001,-0.0005,100.0,518.67,642.25,1587.71,1402.26,14.62,21.6,556.7,2388.06,9055.07,1.3,47.15,524.13,2388.05,8142.63,8.3669,0.03,391,2388,100.0,39.06,23.427,285,243,Healthy,85.26,0
82,43,0.0024,-0.0003,100.0,518.67,642.79,1584.11,1403.62,14.62,21.6,556.36,2388.04,9058.82,1.3,47.35,524.07,2388.05,8143.47,8.394,0.03,392,2388,100.0,39.05,23.4296,285,242,Healthy,84.91,0
82,44,-0.0009,-0.0001,100.0,518.67,641.89,1584.34,1393.04,14.62,21.6,555.83,2388.03,9056.32,1.3,47.29,523.8,2388.06,8139.85,8.3814,0.03,391,2388,100.0,39.23,23.5771,285,241,Healthy,84.56,0
82,45,0.0033,0.0002,100.0,518.67,642.08,1588.81,1396.43,14.62,21.59,555.37,2388.02,9052.98,1.3,47.23,523.43,2388.07,8140.2,8.3645,0.03,393,2388,100.0,39.16,23.4712,285,240,Healthy,84.21,0
82,46,0.004,-0.0001,100.0,518.67,642.02,1585.4,1404.68,14.62,21.59,555.45,2388.03,9058.75,1.3,47.28,524.04,2388.05,8135.57,8.3417,0.03,389,2388,100.0,39.19,23.4816,285,239,Healthy,83.86,0
82,47,0.0017,0.0005,100.0,518.67,641.9,1585.02,1393.27,14.62,21.6,555.71,2388.08,9062.67,1.3,47.04,523.96,2388.08,8145.56,8.3698,0.03,392,2388,100.0,39.11,23.5603,285,238,Healthy,83.51,0
82,48,-0.0008,0.0001,100.0,518.67,642.22,1581.16,1406.75,14.62,21.6,556.31,2388.04,9058.77,1.3,47.25,523.8,2388.07,8144.08,8.4267,0.03,392,2388,100.0,39.02,23.4777,285,237,Healthy,83.16,0
82,49,0.0035,-0.0,100.0,518.67,642.16,1582.79,1401.88,14.62,21.6,557.2,2388.03,9058.13,1.3,47.27,525.01,2388.04,8141.79,8.3599,0.03,391,2388,100.0,39.29,23.4851,285,236,Healthy,82.81,0
82,50,-0.0018,-0.0002,100.0,518.67,642.41,1580.41,1404.25,14.62,21.59,556.27,2388.08,9058.45,1.3,47.43,523.47,2388.08,8141.63,8.3503,0.03,394,2388,100.0,39.01,23.4808,285,235,Healthy,82.46,0
83,1,-0.0008,0.0004,100.0,518.67,641.93,1583.34,1404.29,14.62,21.61,553.65,2388.05,9058.42,1.3,47.39,521.49,2388.1,8143.42,8.4256,0.03,392,2388,100.0,38.79,23.3457,181,180,Healthy,99.45,0
83,2,-0.0044,0.0,100.0,518.67,642.43,1583.08,1407.62,14.62,21.61,553.61,2388.06,9055.91,1.3,47.29,522.34,2388.03,8132.03,8.4328,0.03,392,2388,100.0,38.93,23.2288,181,179,Healthy,98.9,0
83,3,-0.0013,-0.0005,100.0,518.67,642.57,1587.34,1413.53,14.62,21.61,554.7,2388.08,9056.41,1.3,47.43,521.8,2388.04,8141.22,8.4531,0.03,393,2388,100.0,38.81,23.3607,181,178,Healthy,98.34,0
83,4,-0.0017,0.0004,100.0,518.67,642.34,1592.35,1404.85,14.62,21.61,553.95,2388.08,9060.99,1.3,47.27,521.91,2388.09,8137.85,8.4525,0.03,392,2388,100.0,38.91,23.4802,181,177,Healthy,97.79,0
83,5,0.0022,-0.0,100.0,518.67,642.35,1587.24,1405.09,14.62,21.61,553.62,2388.05,9054.55,1.3,47.33,521.84,2388.07,8139.16,8.4879,0.03,392,2388,100.0,38.87,23.3403,181,176,Healthy,97.24,0
83,6,0.0011,0.0002,100.0,518.67,642.19,1585.89,1404.48,14.62,21.61,554.15,2388.11,9058.19,1.3,47.48,521.66,2388.07,8136.77,8.4011,0.03,393,2388,100.0,38.94,23.3415,181,175,Healthy,96.69,0
83,7,0.0003,0.0003,100.0,518.67,642.97,1584.11,1405.06,14.62,21.61,553.83,2388.08,9058.69,1.3,47.24,521.79,2388.06,8136.26,8.4178,0.03,392,2388,100.0,38.93,23.3163,181,174,Healthy,96.13,0
83,8,-0.0003,-0.0004,100.0,518.67,642.69,1589.08,1401.29,14.62,21.61,554.05,2388.06,9057.54,1.3,47.48,521.51,2388.06,8141.94,8.4496,0.03,392,2388,100.0,38.88,23.3789,181,173,Healthy,95.58,0
83,9,-0.0006,0.0,100.0,518.67,642.26,1586.14,1406.15,14.62,21.61,553.46,2388.13,9060.65,1.3,47.42,521.69,2388.08,8139.32,8.4105,0.03,393,2388,100.0,38.99,23.3969,181,172,Healthy,95.03,0
83,10,0.001,0.0004,100.0,518.67,641.95,1585.7,1400.2,14.62,21.61,553.78,2388.08,9060.2,1.3,47.26,521.38,2388.06,8134.8,8.4063,0.03,393,2388,100.0,39.02,23.4046,181,171,Healthy,94.48,0
83,11,0.0001,0.0002,100.0,518.67,642.73,1578.85,1404.23,14.62,21.61,554.5,2388.06,9056.55,1.3,47.39,521.79,2388.02,8141.85,8.4318,0.03,391,2388,100.0,38.82,23.3712,181,170,Healthy,93.92,0
83,12,0.0015,-0.0001,100.0,518.67,642.9,1589.02,1397.22,14.62,21.61,554.05,2388.05,9055.12,1.3,47.42,522.28,2388.02,8136.2,8.4326,0.03,392,2388,100.0,38.83,23.3335,181,169,Healthy,93.37,0
83,13,-0.0017,0.0004,100.0,518.67,642.72,1576.5,1399.34,14.62,21.61,553.72,2388.06,9057.88,1.3,47.21,522.05,2388.08,8133.32,8.4079,0.03,391,2388,100.0,38.84,23.3772,181,168,Healthy,92.82,0
83,14,-0.0014,0.0003,100.0,518.67,641.58,1593.15,1399.44,14.62,21.61,553.61,2388.09,9063.73,1.3,47.31,521.73,2388.06,8132.24,8.4193,0.03,393,2388,100.0,38.81,23.3836,181,167,Healthy,92.27,0
83,15,0.0033,0.0003,100.0,518.67,642.82,1587.28,1403.55,14.62,21.61,553.87,2388.05,9055.62,1.3,47.49,522.26,2388.04,8135.45,8.4563,0.03,393,2388,100.0,38.86,23.3547,181,166,Healthy,91.71,0
83,16,0.0039,0.0001,100.0,518.67,642.27,1586.37,1403.58,14.62,21.61,554.07,2388.09,9057.55,1.3,47.26,521.37,2388.1,8137.86,8.4262,0.03,391,2388,100.0,38.91,23.3491,181,165,Healthy,91.16,0
83,17,0.0046,0.0003,100.0,518.67,642.78,1591.4,1400.24,14.62,21.61,553.8,2388.06,9061.21,1.3,47.37,521.25,2388.06,8137.32,8.3858,0.03,391,2388,100.0,39.08,23.3571,181,164,Healthy,90.61,0
83,18,0.003,0.0005,100.0,518.67,643.05,1581.6,1404.6,14.62,21.61,553.12,2388.06,9058.92,1.3,47.24,521.87,2388.08,8136.13,8.4151,0.03,392,2388,100.0,39.07,23.4443,181,163,Healthy,90.06,0
83,19,0.0033,-0.0003,100.0,518.67,642.3,1585.53,1408.86,14.62,21.61,553.3,2388.11,9053.33,1.3,47.39,521.98,2388.07,8135.74,8.4348,0.03,393,2388,100.0,38.95,23.3532,181,162,Healthy,89.5,0
83,20,0.0011,0.0005,100.0,518.67,641.95,1586.5,1398.12,14.62,21.61,553.81,2388.06,9058.72,1.3,47.5,521.54,2388.06,8133.97,8.4095,0.03,392,2388,100.0,38.92,23.419,181,161,Healthy,88.95,0
83,21,-0.001,-0.0002,100.0,518.67,642.38,1586.79,1402.56,14.62,21.61,554.25,2388.04,9053.87,1.3,47.49,521.57,2388.05,8138.63,8.4279,0.03,393,2388,100.0,38.79,23.4892,181,160,Healthy,88.4,0
83,22,-0.0023,-0.0002,100.0,518.67,642.49,1589.75,1394.11,14.62,21.61,553.16,2388.03,9051.86,1.3,47.32,521.58,2388.09,8140.38,8.4418,0.03,392,2388,100.0,38.9,23.3855,181,159,Healthy,87.85,0
83,23,-0.0014,-0.0,100.0,518.67,642.12,1588.28,1406.89,14.62,21.61,554.15,2388.06,9054.65,1.3,47.5,521.82,2388.1,8131.04,8.4532,0.03,393,2388,100.0,38.86,23.3977,181,158,Healthy,87.29,0
83,24,0.0,-0.0003,100.0,518.67,642.62,1578.78,1399.9,14.62,21.61,553.52,2388.02,9063.23,1.3,47.31,521.5,2388.03,8141.54,8.414,0.03,392,2388,100.0,38.93,23.2872,181,157,Healthy,86.74,0
83,25,-0.001,-0.0,100.0,518.67,642.42,1587.07,1403.29,14.62,21.61,554.11,2388.07,9060.09,1.3,47.36,521.52,2388.08,8140.13,8.4165,0.03,392,2388,100.0,39.04,23.3606,181,156,Healthy,86.19,0
83,26,-0.0001,-0.0001,100.0,518.67,642.68,1582.54,1409.09,14.62,21.61,554.32,2388.07,9056.93,1.3,47.46,521.26,2388.06,8135.49,8.3534,0.03,392,2388,100.0,38.93,23.4265,181,155,Healthy,85.64,0
83,27,-0.0007,-0.0003,100.0,518.67,642.57,1589.7,1404.33,14.62,21.61,554.04,2388.09,9051.67,1.3,47.45,521.57,2388.1,8139.79,8.4118,0.03,391,2388,100.0,38.77,23.2958,181,154,Healthy,85.08,0
83,28,0.0025,0.0003,100.0,518.67,642.86,1584.52,1402.66,14.62,21.61,554.05,2388.06,9054.12,1.3,47.27,522.31,2388.1,8145.1,8.42,0.03,391,2388,100.0,39.01,23.3422,181,153,Healthy,84.53,0
83,29,0.0023,-0.0005,100.0,518.67,642.72,1587.87,1398.12,14.62,21.61,553.44,2388.06,9046.57,1.3,47.38,521.96,2388.04,8142.19,8.4303,0.03,392,2388,100.0,39.06,23.3867,181,152,Healthy,83.98,0
83,30,-0.0011,0.0002,100.0,518.67,642.31,1585.83,1408.38,14.62,21.61,553.74,2388.14,9057.25,1.3,47.35,521.96,2388.02,8137.4,8.4053,0.03,392,2388,100.0,38.95,23.3947,181,151,Healthy,83.43,0
83,31,0.0004,-0.0004,100.0,518.67,641.78,1586.86,1405.6,14.62,21.61,553.11,2388.13,9056.17,1.3,47.5,521.56,2388.01,8141.43,8.4469,0.03,394,2388,100.0,39.15,23.2775,181,150,Healthy,82.87,0
83,32,-0.0018,0.0004,100.0,518.67,642.57,1587.15,1406.71,14.62,21.61,554.71,2388.08,9061.25,1.3,47.31,521.92,2388.05,8134.51,8.4428,0.03,392,2388,100.0,38.95,23.3611,181,149,Healthy,82.32,0
83,33,-0.0011,0.0,100.0,518.67,642.63,1585.42,1400.35,14.62,21.61,553.95,2388.03,9051.93,1.3,47.41,522.14,2388.09,8142.57,8.445,0.03,394,2388,100.0,39.04,23.4007,181,148,Healthy,81.77,0
83,34,0.0015,0.0002,100.0,518.67,641.98,1588.33,1400.53,14.62,21.61,553.29,2388.09,9057.34,1.3,47.51,521.72,2388.03,8138.39,8.4191,0.03,393,2388,100.0,38.86,23.4701,181,147,Healthy,81.22,0
83,35,0.0014,0.0004,100.0,518.67,642.84,1586.31,1396.98,14.62,21.61,553.68,2388.05,9054.0,1.3,47.25,521.29,2388.08,8131.12,8.4298,0.03,393,2388,100.0,39.12,23.3238,181,146,Healthy,80.66,0
83,36,-0.0025,-0.0001,100.0,518.67,642.55,1588.31,1397.81,14.62,21.61,553.34,2388.11,9058.99,1.3,47.43,521.87,2388.06,8138.41,8.3961,0.03,391,2388,100.0,38.74,23.4084,181,145,Healthy,80.11,0
83,37,0.002,0.0001,100.0,518.67,643.03,1582.77,1407.6,14.62,21.61,553.57,2388.03,9056.66,1.3,47.33,521.71,2388.1,8141.03,8.4096,0.03,392,2388,100.0,38.9,23.4151,181,144,Healthy,79.56,0
83,38,-0.0019,0.0,100.0,518.67,641.67,1595.27,1399.71,14.62,21.6,554.21,2388.03,9059.94,1.3,47.41,521.79,2388.07,8136.93,8.4286,0.03,393,2388,100.0,38.96,23.3162,181,143,Healthy,79.01,0
83,39,-0.0013,-0.0005,100.0,518.67,642.24,1581.52,1408.0,14.62,21.61,554.21,2388.09,9056.29,1.3,47.28,521.7,2388.02,8144.33,8.4002,0.03,392,2388,100.0,39.06,23.3288,181,142,Healthy,78.45,0
83,40,-0.0007,-0.0001,100.0,518.67,641.87,1589.16,1403.19,14.62,21.61,553.82,2388.06,9052.82,1.3,47.38,522.32,2388.08,8138.3,8.4276,0.03,391,2388,100.0,39.2,23.3347,181,141,Healthy,77.9,0
83,41,0.0037,-0.0003,100.0,518.67,642.38,1584.04,1404.73,14.62,21.61,553.71,2388.09,9050.38,1.3,47.36,522.12,2388.09,8137.61,8.4704,0.03,391,2388,100.0,38.76,23.3504,181,140,Healthy,77.35,0
83,42,0.0011,0.0004,100.0,518.67,642.24,1580.02,1403.59,14.62,21.61,552.78,2388.05,9057.62,1.3,47.37,521.86,2388.12,8137.21,8.4469,0.03,392,2388,100.0,39.07,23.29,181,139,Healthy,76.8,0
83,43,-0.0018,0.0002,100.0,518.67,642.78,1579.91,1406.2,14.62,21.61,553.79,2388.06,9056.41,1.3,47.26,521.75,2388.11,8132.96,8.4186,0.03,393,2388,100.0,38.86,23.3863,181,138,Healthy,76.24,0
83,44,-0.002,-0.0002,100.0,518.67,642.92,1586.87,1405.25,14.62,21.61,553.51,2388.13,9057.93,1.3,47.2,521.35,2388.08,8138.7,8.4241,0.03,393,2388,100.0,39.02,23.2417,181,137,Healthy,75.69,0
83,45,0.0013,0.0001,100.0,518.67,642.44,1589.86,1402.36,14.62,21.61,553.36,2388.07,9048.68,1.3,47.45,521.24,2388.04,8133.6,8.4266,0.03,393,2388,100.0,38.89,23.3271,181,136,Healthy,75.14,0
83,46,-0.003,-0.0001,100.0,518.67,642.0,1589.92,1408.42,14.62,21.61,554.54,2388.08,9063.76,1.3,47.46,522.13,2388.12,8139.35,8.4073,0.03,393,2388,100.0,39.13,23.337,181,135,Healthy,74.59,0
83,47,-0.0008,0.0004,100.0,518.67,642.7,1588.2,1403.91,14.62,21.61,554.64,2388.11,9051.42,1.3,47.45,522.03,2388.06,8134.16,8.3961,0.03,393,2388,100.0,38.69,23.4442,181,134,Healthy,74.03,0
83,48,-0.0012,-0.0003,100.0,518.67,642.03,1588.04,1407.26,14.62,21.61,553.38,2388.06,9052.81,1.3,47.44,521.66,2388.06,8137.22,8.4313,0.03,393,2388,100.0,38.98,23.3993,181,133,Healthy,73.48,0
83,49,-0.0014,-0.0005,100.0,518.67,642.43,1586.28,1404.85,14.62,21.61,554.0,2388.12,9060.17,1.3,47.48,522.09,2388.08,8140.72,8.4619,0.03,391,2388,100.0,38.92,23.3301,181,132,Healthy,72.93,0
83,50,-0.001,-0.0003,100.0,518.67,642.11,1592.19,1405.31,14.62,21.61,553.95,2388.1,9056.95,1.3,47.31,522.32,2388.1,8134.72,8.4227,0.03,392,2388,100.0,39.0,23.3159,181,131,Healthy,72.38,0
84,1,-0.0021,0.0001,100.0,518.67,642.23,1584.36,1394.34,14.62,21.58,553.37,2387.92,9056.24,1.3,47.15,522.32,2387.95,8136.55,8.38,0.03,391,2388,100.0,38.89,23.442,226,225,Healthy,99.56,0
84,2,0.0007,-0.0002,100.0,518.67,642.02,1590.92,1389.43,14.62,21.58,554.04,2387.94,9053.23,1.3,46.98,522.62,2387.98,8134.37,8.3677,0.03,391,2388,100.0,39.0,23.371,226,224,Healthy,99.12,0
84,3,0.0002,-0.0003,100.0,518.67,641.89,1585.35,1389.09,14.62,21.58,553.65,2387.92,9053.15,1.3,47.0,521.58,2387.97,8136.79,8.3702,0.03,392,2388,100.0,39.06,23.3812,226,223,Healthy,98.67,0
84,4,0.0,0.0004,100.0,518.67,642.19,1584.27,1395.59,14.62,21.58,553.96,2387.99,9052.51,1.3,47.16,522.48,2388.03,8135.65,8.3861,0.03,391,2388,100.0,38.96,23.3564,226,222,Healthy,98.23,0
84,5,-0.0031,-0.0001,100.0,518.67,642.42,1579.25,1399.2,14.62,21.58,553.89,2387.92,9046.17,1.3,47.18,521.78,2387.96,8138.99,8.3729,0.03,391,2388,100.0,39.01,23.2706,226,221,Healthy,97.79,0
84,6,0.0001,0.0005,100.0,518.67,642.1,1585.07,1398.28,14.62,21.58,554.42,2388.01,9057.91,1.3,46.95,522.25,2388.03,8137.91,8.3453,0.03,392,2388,100.0,38.93,23.4191,226,220,Healthy,97.35,0
84,7,-0.0022,-0.0005,100.0,518.67,641.61,1583.26,1401.26,14.62,21.58,554.11,2387.98,9051.63,1.3,47.03,522.01,2387.99,8126.48,8.3669,0.03,391,2388,100.0,39.16,23.4069,226,219,Healthy,96.9,0
84,8,0.0015,-0.0005,100.0,518.67,642.3,1593.84,1393.11,14.62,21.58,553.49,2387.92,9053.64,1.3,46.98,521.66,2388.0,8130.51,8.4119,0.03,391,2388,100.0,39.14,23.4354,226,218,Healthy,96.46,0
84,9,0.0021,0.0004,100.0,518.67,641.7,1581.12,1397.69,14.62,21.58,554.22,2388.01,9053.93,1.3,47.09,522.09,2388.02,8136.07,8.3845,0.03,393,2388,100.0,39.01,23.39,226,217,Healthy,96.02,0
84,10,-0.0008,0.0003,100.0,518.67,641.53,1587.9,1395.77,14.62,21.58,553.94,2387.99,9054.56,1.3,46.99,522.08,2387.89,8140.21,8.3817,0.03,392,2388,100.0,39.03,23.4431,226,216,Healthy,95.58,0
84,11,0.0001,-0.0002,100.0,518.67,642.06,1584.47,1394.44,14.62,21.58,554.48,2387.97,9051.54,1.3,47.15,521.84,2387.94,8136.74,8.4087,0.03,391,2388,100.0,39.13,23.4409,226,215,Healthy,95.13,0
84,12,0.0026,-0.0003,100.0,518.67,642.83,1580.26,1397.11,14.62,21.58,553.4,2387.91,9051.68,1.3,47.16,521.65,2387.98,8132.0,8.3982,0.03,392,2388,100.0,39.13,23.3504,226,214,Healthy,94.69,0
84,13,0.0017,0.0,100.0,518.67,642.07,1584.02,1401.32,14.62,21.58,554.35,2387.99,9048.67,1.3,47.08,521.42,2387.97,8135.03,8.3614,0.03,390,2388,100.0,39.1,23.4526,226,213,Healthy,94.25,0
84,14,0.001,-0.0003,100.0,518.67,642.56,1581.87,1393.69,14.62,21.58,554.06,2387.94,9048.31,1.3,47.1,521.32,2387.96,8133.01,8.423,0.03,391,2388,100.0,38.88,23.5208,226,212,Healthy,93.81,0
84,15,0.0016,-0.0002,100.0,518.67,642.26,1580.12,1390.66,14.62,21.57,553.25,2387.96,9044.51,1.3,47.16,521.46,2387.94,8132.49,8.4105,0.03,391,2388,100.0,39.12,23.4077,226,211,Healthy,93.36,0
84,16,0.0028,-0.0001,100.0,518.67,641.82,1582.22,1391.74,14.62,21.58,553.59,2387.99,9051.41,1.3,47.22,521.2,2387.97,8141.27,8.3865,0.03,393,2388,100.0,39.1,23.4113,226,210,Healthy,92.92,0
84,17,0.0013,-0.0004,100.0,518.67,642.08,1582.9,1393.46,14.62,21.58,553.41,2387.95,9049.28,1.3,47.0,522.07,2387.92,8136.78,8.3411,0.03,390,2388,100.0,38.89,23.3654,226,209,Healthy,92.48,0
84,18,-0.0021,0.0001,100.0,518.67,642.19,1575.42,1393.32,14.62,21.58,553.95,2387.99,9049.65,1.3,47.19,521.66,2387.97,8135.48,8.4083,0.03,392,2388,100.0,38.92,23.4676,226,208,Healthy,92.04,0
84,19,0.0034,-0.0003,100.0,518.67,642.46,1582.84,1400.33,14.62,21.58,555.22,2387.99,9055.21,1.3,47.29,522.66,2387.98,8132.73,8.4048,0.03,391,2388,100.0,39.05,23.4175,226,207,Healthy,91.59,0
84,20,0.0001,0.0002,100.0,518.67,642.16,1579.55,1396.9,14.62,21.58,554.2,2387.94,9047.58,1.3,47.03,522.03,2387.95,8135.08,8.3807,0.03,392,2388,100.0,38.9,23.4469,226,206,Healthy,91.15,0
84,21,-0.0006,0.0001,100.0,518.67,641.62,1582.95,1388.12,14.62,21.58,553.37,2387.97,9050.25,1.3,47.04,521.61,2387.97,8140.1,8.3655,0.03,391,2388,100.0,38.9,23.363,226,205,Healthy,90.71,0
84,22,0.003,0.0002,100.0,518.67,642.32,1589.9,1397.59,14.62,21.58,554.6,2387.93,9050.94,1.3,47.24,521.88,2388.0,8134.89,8.3741,0.03,392,2388,100.0,38.95,23.4549,226,204,Healthy,90.27,0
84,23,-0.0011,0.0003,100.0,518.67,642.15,1579.23,1398.0,14.62,21.58,553.78,2387.98,9052.15,1.3,47.13,521.84,2387.96,8137.11,8.4039,0.03,390,2388,100.0,39.12,23.2982,226,203,Healthy,89.82,0
84,24,0.0008,0.0001,100.0,518.67,641.63,1585.66,1394.22,14.62,21.58,554.68,2387.98,9055.93,1.3,47.24,521.91,2387.97,8135.73,8.3599,0.03,392,2388,100.0,39.04,23.4811,226,202,Healthy,89.38,0
84,25,0.0019,0.0,100.0,518.67,642.43,1581.87,1394.59,14.62,21.58,553.37,2387.96,9045.43,1.3,47.2,522.19,2387.94,8133.76,8.3663,0.03,391,2388,100.0,38.98,23.3056,226,201,Healthy,88.94,0
84,26,-0.0021,-0.0001,100.0,518.67,641.9,1586.78,1392.87,14.62,21.58,554.22,2388.0,9054.48,1.3,46.97,521.88,2387.96,8132.92,8.4252,0.03,390,2388,100.0,38.87,23.4528,226,200,Healthy,88.5,0
84,27,0.0035,0.0004,100.0,518.67,641.75,1581.75,1401.45,14.62,21.58,554.23,2388.03,9054.43,1.3,47.29,521.55,2387.95,8132.51,8.3991,0.03,391,2388,100.0,38.82,23.457,226,199,Healthy,88.05,0
84,28,0.0004,0.0002,100.0,518.67,641.66,1578.56,1393.57,14.62,21.58,554.07,2387.93,9052.95,1.3,47.18,522.27,2387.97,8131.99,8.3316,0.03,389,2388,100.0,38.96,23.3744,226,198,Healthy,87.61,0
84,29,0.0011,-0.0001,100.0,518.67,642.14,1579.13,1398.4,14.62,21.58,553.69,2387.97,9052.0,1.3,47.13,521.91,2387.98,8135.89,8.3616,0.03,391,2388,100.0,38.97,23.319,226,197,Healthy,87.17,0
84,30,-0.0025,-0.0005,100.0,518.67,641.93,1583.04,1390.31,14.62,21.58,554.33,2387.98,9047.77,1.3,47.14,521.52,2387.98,8133.67,8.38,0.03,392,2388,100.0,38.87,23.3921,226,196,Healthy,86.73,0
84,31,-0.0011,-0.0005,100.0,518.67,641.42,1584.59,1392.84,14.62,21.58,554.08,2387.99,9053.11,1.3,47.02,521.35,2388.0,8132.34,8.3751,0.03,392,2388,100.0,39.1,23.3344,226,195,Healthy,86.28,0
84,32,-0.0009,-0.0004,100.0,518.67,641.46,1577.83,1399.9,14.62,21.58,554.22,2388.0,9047.52,1.3,47.08,521.8,2387.98,8137.03,8.3859,0.03,390,2388,100.0,38.89,23.4395,226,194,Healthy,85.84,0
84,33,0.003,0.0001,100.0,518.67,642.07,1578.85,1397.09,14.62,21.58,554.03,2388.0,9053.89,1.3,46.93,521.68,2388.01,8135.25,8.3773,0.03,390,2388,100.0,39.0,23.3811,226,193,Healthy,85.4,0
84,34,-0.0038,0.0001,100.0,518.67,642.01,1578.23,1392.9,14.62,21.58,553.29,2387.98,9049.38,1.3,47.12,521.73,2387.97,8135.92,8.4183,0.03,391,2388,100.0,39.09,23.5331,226,192,Healthy,84.96,0
84,35,-0.0004,-0.0005,100.0,518.67,642.2,1589.58,1395.49,14.62,21.58,553.48,2387.98,9054.94,1.3,47.13,521.68,2388.0,8134.69,8.3853,0.03,390,2388,100.0,39.05,23.5739,226,191,Healthy,84.51,0
84,36,-0.0029,-0.0,100.0,518.67,642.36,1585.56,1396.63,14.62,21.58,553.91,2387.96,9043.54,1.3,47.09,521.97,2387.96,8131.05,8.4195,0.03,391,2388,100.0,39.07,23.3985,226,190,Healthy,84.07,0
84,37,0.0019,0.0003,100.0,518.67,642.4,1580.81,1392.78,14.62,21.58,554.01,2387.93,9051.63,1.3,46.97,522.47,2387.94,8132.85,8.3578,0.03,390,2388,100.0,38.94,23.5325,226,189,Healthy,83.63,0
84,38,0.0018,-0.0004,100.0,518.67,642.08,1585.26,1397.68,14.62,21.58,553.48,2387.92,9046.69,1.3,47.0,521.53,2387.97,8140.67,8.3539,0.03,390,2388,100.0,39.15,23.3975,226,188,Healthy,83.19,0
84,39,0.0018,0.0002,100.0,518.67,642.09,1585.63,1393.15,14.62,21.58,553.57,2387.97,9045.71,1.3,47.2,522.07,2387.93,8137.6,8.3594,0.03,391,2388,100.0,39.02,23.3795,226,187,Healthy,82.74,0
84,40,0.0007,0.0004,100.0,518.67,641.68,1582.13,1397.36,14.62,21.58,553.75,2387.99,9046.09,1.3,47.1,521.42,2387.95,8136.91,8.4132,0.03,391,2388,100.0,38.87,23.3188,226,186,Healthy,82.3,0
84,41,0.0006,-0.0005,100.0,518.67,642.82,1585.18,1395.98,14.62,21.58,553.86,2388.03,9051.79,1.3,47.06,522.2,2387.98,8133.37,8.4024,0.03,392,2388,100.0,39.17,23.4815,226,185,Healthy,81.86,0
84,42,-0.0001,-0.0005,100.0,518.67,642.29,1579.0,1400.65,14.62,21.58,553.33,2387.97,9054.22,1.3,47.13,521.67,2387.95,8136.6,8.3613,0.03,390,2388,100.0,39.05,23.4186,226,184,Healthy,81.42,0
84,43,-0.0003,-0.0004,100.0,518.67,642.07,1578.58,1394.05,14.62,21.58,553.91,2387.97,9050.91,1.3,47.09,522.04,2387.97,8136.2,8.3597,0.03,392,2388,100.0,38.99,23.4814,226,183,Healthy,80.97,0
84,44,-0.0005,0.0004,100.0,518.67,641.59,1591.44,1401.77,14.62,21.58,554.61,2387.99,9049.61,1.3,47.24,522.44,2388.0,8131.76,8.3989,0.03,390,2388,100.0,39.01,23.5464,226,182,Healthy,80.53,0
84,45,0.0034,-0.0002,100.0,518.67,641.78,1584.9,1389.29,14.62,21.58,554.69,2387.99,9045.05,1.3,47.16,522.49,2387.99,8133.17,8.3754,0.03,391,2388,100.0,39.01,23.4147,226,181,Healthy,80.09,0
84,46,0.0008,-0.0,100.0,518.67,641.99,1584.65,1393.32,14.62,21.58,553.63,2388.0,9057.3,1.3,47.32,521.99,2387.98,8133.77,8.3753,0.03,392,2388,100.0,38.91,23.4463,226,180,Healthy,79.65,0
84,47,-0.002,0.0002,100.0,518.67,641.62,1575.42,1384.6,14.62,21.58,554.11,2387.99,9051.46,1.3,47.15,522.56,2388.0,8136.65,8.4025,0.03,391,2388,100.0,39.04,23.6144,226,179,Healthy,79.2,0
84,48,-0.0002,0.0003,100.0,518.67,641.69,1583.77,1394.24,14.62,21.58,553.72,2387.94,9042.72,1.3,46.99,522.1,2387.96,8137.03,8.3847,0.03,390,2388,100.0,38.81,23.4179,226,178,Healthy,78.76,0
84,49,0.0027,-0.0004,100.0,518.67,641.86,1586.83,1392.06,14.62,21.58,554.2,2388.04,9058.75,1.3,47.22,522.25,2387.96,8140.3,8.3822,0.03,390,2388,100.0,38.9,23.4425,226,177,Healthy,78.32,0
84,50,0.002,-0.0004,100.0,518.67,641.73,1581.38,1394.57,14.62,21.58,554.45,2387.95,9052.89,1.3,47.1,522.04,2387.98,8139.03,8.3826,0.03,390,2388,100.0,38.92,23.3638,226,176,Healthy,77.88,0
85,1,-0.0025,0.0002,100.0,518.67,641.63,1582.16,1394.08,14.62,21.6,555.99,2388.05,9055.67,1.3,47.31,523.1,2388.04,8140.12,8.3392,0.03,391,2388,100.0,39.14,23.5548,266,265,Healthy,99.62,0
85,2,0.0003,0.0005,100.0,518.67,641.82,1585.17,1396.64,14.62,21.6,555.47,2388.03,9054.71,1.3,47.13,522.42,2387.97,8136.69,8.4137,0.03,390,2388,100.0,39.1,23.3997,266,264,Healthy,99.25,0
85,3,0.0021,0.0001,100.0,518.67,642.19,1583.22,1392.38,14.62,21.6,555.63,2388.01,9052.38,1.3,47.11,523.32,2387.98,8141.29,8.3507,0.03,391,2388,100.0,39.12,23.492,266,263,Healthy,98.87,0
85,4,-0.003,0.0004,100.0,518.67,642.46,1586.37,1393.03,14.62,21.6,555.85,2388.09,9058.97,1.3,47.24,523.2,2388.0,8137.57,8.3902,0.03,392,2388,100.0,39.02,23.4184,266,262,Healthy,98.5,0
85,5,0.0003,0.0003,100.0,518.67,641.86,1583.11,1404.22,14.62,21.6,555.5,2387.98,9059.44,1.3,47.2,523.18,2388.06,8131.2,8.3908,0.03,391,2388,100.0,39.08,23.473,266,261,Healthy,98.12,0
85,6,0.0008,-0.0005,100.0,518.67,642.04,1579.91,1399.35,14.62,21.6,555.58,2388.04,9044.01,1.3,47.22,523.33,2388.05,8134.34,8.4116,0.03,391,2388,100.0,39.09,23.4689,266,260,Healthy,97.74,0
85,7,0.0008,-0.0003,100.0,518.67,641.82,1584.79,1394.54,14.62,21.6,554.81,2388.03,9058.55,1.3,47.02,522.66,2387.94,8139.3,8.3604,0.03,390,2388,100.0,39.0,23.4259,266,259,Healthy,97.37,0
85,8,0.002,-0.0002,100.0,518.67,642.26,1596.78,1395.02,14.62,21.6,555.92,2388.06,9058.78,1.3,47.19,523.72,2388.03,8137.59,8.3385,0.03,392,2388,100.0,39.1,23.3979,266,258,Healthy,96.99,0
85,9,0.0003,-0.0,100.0,518.67,641.62,1585.88,1391.21,14.62,21.6,554.99,2387.99,9056.64,1.3,47.11,522.87,2387.99,8140.59,8.3488,0.03,391,2388,100.0,39.2,23.3356,266,257,Healthy,96.62,0
85,10,0.0023,-0.0004,100.0,518.67,642.11,1585.87,1400.78,14.62,21.6,555.69,2388.1,9051.1,1.3,47.22,523.11,2388.05,8142.3,8.3815,0.03,391,2388,100.0,38.96,23.5389,266,256,Healthy,96.24,0
85,11,0.0001,-0.0002,100.0,518.67,642.43,1590.65,1400.84,14.62,21.6,554.71,2387.98,9052.87,1.3,47.18,522.89,2387.98,8133.71,8.3686,0.03,390,2388,100.0,39.01,23.4272,266,255,Healthy,95.86,0
85,12,-0.0003,-0.0001,100.0,518.67,641.8,1587.6,1396.37,14.62,21.6,555.06,2388.02,9056.74,1.3,47.08,523.15,2387.98,8140.9,8.337,0.03,391,2388,100.0,39.1,23.5315,266,254,Healthy,95.49,0
85,13,0.0022,-0.0,100.0,518.67,641.96,1586.91,1395.41,14.62,21.61,556.17,2388.0,9049.84,1.3,47.21,522.83,2388.01,8142.39,8.4032,0.03,392,2388,100.0,39.0,23.4953,266,253,Healthy,95.11,0
85,14,0.0011,0.0001,100.0,518.67,642.48,1578.76,1398.83,14.62,21.6,555.63,2388.03,9055.34,1.3,47.22,523.09,2388.03,8141.1,8.4066,0.03,392,2388,100.0,39.04,23.5074,266,252,Healthy,94.74,0
85,15,-0.0031,-0.0004,100.0,518.67,642.29,1585.48,1393.58,14.62,21.6,555.84,2388.05,9051.98,1.3,47.22,522.83,2388.06,8141.03,8.4104,0.03,390,2388,100.0,39.0,23.4678,266,251,Healthy,94.36,0
85,16,-0.0013,-0.0003,100.0,518.67,642.49,1589.93,1399.1,14.62,21.6,554.91,2388.0,9054.51,1.3,47.22,522.73,2387.97,8138.44,8.3766,0.03,392,2388,100.0,39.15,23.5738,266,250,Healthy,93.98,0
85,17,-0.0002,-0.0005,100.0,518.67,641.68,1584.08,1394.01,14.62,21.6,555.98,2388.03,9060.37,1.3,47.16,523.71,2388.0,8139.37,8.4244,0.03,392,2388,100.0,38.96,23.4605,266,249,Healthy,93.61,0
85,18,0.0001,-0.0005,100.0,518.67,642.02,1586.95,1391.66,14.62,21.6,555.39,2388.02,9048.66,1.3,47.16,523.79,2388.0,8140.52,8.3723,0.03,391,2388,100.0,39.07,23.5315,266,248,Healthy,93.23,0
85,19,0.0053,0.0001,100.0,518.67,641.7,1581.92,1391.43,14.62,21.6,555.82,2388.04,9056.31,1.3,47.17,522.6,2388.02,8144.02,8.4044,0.03,391,2388,100.0,39.16,23.5299,266,247,Healthy,92.86,0
85,20,0.0002,-0.0004,100.0,518.67,642.32,1578.34,1397.33,14.62,21.6,555.64,2388.05,9058.17,1.3,47.1,522.88,2388.06,8141.16,8.3875,0.03,392,2388,100.0,39.06,23.4842,266,246,Healthy,92.48,0
85,21,0.0019,0.0003,100.0,518.67,642.07,1585.3,1402.36,14.62,21.6,555.51,2388.07,9053.03,1.3,47.18,523.41,2388.03,8139.13,8.3833,0.03,391,2388,100.0,39.2,23.411,266,245,Healthy,92.11,0
85,22,-0.0012,0.0004,100.0,518.67,642.16,1583.95,1396.55,14.62,21.6,555.19,2388.05,9056.88,1.3,46.99,523.04,2387.99,8142.13,8.3769,0.03,390,2388,100.0,39.09,23.5383,266,244,Healthy,91.73,0
85,23,0.0033,-0.0003,100.0,518.67,642.29,1584.03,1394.77,14.62,21.61,555.18,2388.05,9053.87,1.3,46.98,522.73,2387.99,8139.68,8.3148,0.03,394,2388,100.0,39.01,23.4381,266,243,Healthy,91.35,0
85,24,-0.0013,0.0001,100.0,518.67,641.63,1579.35,1394.26,14.62,21.6,556.02,2387.98,9054.59,1.3,47.04,523.36,2388.04,8139.51,8.3894,0.03,391,2388,100.0,38.99,23.4648,266,242,Healthy,90.98,0
85,25,0.0007,0.0003,100.0,518.67,641.28,1580.5,1401.82,14.62,21.61,555.28,2388.02,9058.36,1.3,47.25,524.01,2388.02,8140.17,8.3848,0.03,391,2388,100.0,39.12,23.5053,266,241,Healthy,90.6,0
85,26,0.0029,0.0002,100.0,518.67,642.19,1583.45,1392.76,14.62,21.6,554.88,2387.93,9051.81,1.3,47.07,523.29,2388.08,8134.51,8.3708,0.03,391,2388,100.0,38.92,23.4643,266,240,Healthy,90.23,0
85,27,0.0016,-0.0005,100.0,518.67,642.14,1578.23,1398.33,14.62,21.6,555.89,2388.1,9054.63,1.3,47.38,522.93,2388.0,8141.42,8.3478,0.03,391,2388,100.0,39.17,23.3586,266,239,Healthy,89.85,0
85,28,0.0001,-0.0004,100.0,518.67,641.83,1591.0,1390.34,14.62,21.6,555.09,2387.97,9048.48,1.3,47.12,523.24,2387.98,8141.77,8.3779,0.03,391,2388,100.0,39.19,23.519,266,238,Healthy,89.47,0
85,29,0.003,-0.0,100.0,518.67,641.69,1582.37,1394.07,14.62,21.6,555.79,2388.01,9052.56,1.3,47.23,523.17,2388.03,8134.24,8.3779,0.03,391,2388,100.0,39.14,23.4729,266,237,Healthy,89.1,0
85,30,-0.0014,0.0001,100.0,518.67,642.54,1589.56,1399.49,14.62,21.6,555.41,2388.04,9057.69,1.3,47.11,523.52,2388.06,8135.97,8.3855,0.03,391,2388,100.0,39.09,23.4984,266,236,Healthy,88.72,0
85,31,-0.0004,0.0001,100.0,518.67,641.87,1579.49,1398.69,14.62,21.6,555.33,2388.04,9058.97,1.3,47.29,523.7,2388.07,8137.13,8.3852,0.03,392,2388,100.0,39.05,23.5276,266,235,Healthy,88.35,0
85,32,-0.0034,-0.0001,100.0,518.67,641.78,1583.41,1394.02,14.62,21.6,555.12,2388.09,9056.87,1.3,47.07,523.12,2388.05,8136.93,8.363,0.03,391,2388,100.0,38.99,23.4402,266,234,Healthy,87.97,0
85,33,-0.0002,0.0,100.0,518.67,642.02,1580.34,1401.19,14.62,21.6,555.5,2388.05,9051.31,1.3,47.28,522.96,2388.01,8137.22,8.3809,0.03,392,2388,100.0,39.09,23.4693,266,233,Healthy,87.59,0
85,34,0.0018,0.0002,100.0,518.67,642.23,1589.2,1398.5,14.62,21.6,555.86,2388.07,9059.36,1.3,47.16,523.15,2388.05,8143.69,8.4227,0.03,390,2388,100.0,39.01,23.4114,266,232,Healthy,87.22,0
85,35,0.001,-0.0004,100.0,518.67,642.31,1584.26,1393.6,14.62,21.6,555.18,2388.04,9055.0,1.3,47.13,523.31,2388.0,8138.72,8.3963,0.03,390,2388,100.0,39.11,23.4014,266,231,Healthy,86.84,0
85,36,-0.0031,-0.0003,100.0,518.67,642.07,1582.66,1397.72,14.62,21.6,555.73,2388.03,9048.94,1.3,47.17,523.33,2388.02,8144.12,8.391,0.03,391,2388,100.0,39.0,23.4415,266,230,Healthy,86.47,0
85,37,-0.0025,-0.0001,100.0,518.67,642.73,1582.49,1403.38,14.62,21.6,554.95,2388.06,9049.83,1.3,47.25,522.79,2388.06,8138.58,8.3852,0.03,392,2388,100.0,39.08,23.4641,266,229,Healthy,86.09,0
85,38,0.0013,-0.0002,100.0,518.67,641.49,1587.67,1402.4,14.62,21.6,554.99,2388.01,9058.37,1.3,47.09,523.4,2388.01,8137.34,8.3519,0.03,391,2388,100.0,39.28,23.5385,266,228,Healthy,85.71,0
85,39,-0.0015,0.0001,100.0,518.67,642.1,1580.42,1393.58,14.62,21.6,555.95,2388.04,9052.9,1.3,47.06,522.55,2388.0,8132.5,8.39,0.03,391,2388,100.0,39.11,23.45,266,227,Healthy,85.34,0
85,40,-0.0033,-0.0002,100.0,518.67,641.99,1583.28,1394.21,14.62,21.6,555.11,2388.06,9056.04,1.3,47.06,523.4,2387.99,8143.37,8.3832,0.03,390,2388,100.0,39.15,23.4699,266,226,Healthy,84.96,0
85,41,-0.0033,0.0002,100.0,518.67,642.57,1582.35,1398.31,14.62,21.6,556.26,2388.04,9055.07,1.3,47.12,523.53,2387.99,8148.72,8.3794,0.03,393,2388,100.0,39.11,23.3634,266,225,Healthy,84.59,0
85,42,-0.0004,0.0001,100.0,518.67,642.15,1586.24,1402.84,14.62,21.6,555.23,2388.04,9058.93,1.3,47.38,523.09,2388.02,8137.85,8.3639,0.03,391,2388,100.0,39.01,23.4386,266,224,Healthy,84.21,0
85,43,0.0,-0.0001,100.0,518.67,641.91,1576.31,1394.54,14.62,21.6,555.39,2388.04,9056.82,1.3,47.17,523.46,2388.07,8137.27,8.396,0.03,392,2388,100.0,39.32,23.3853,266,223,Healthy,83.83,0
85,44,0.0007,-0.0,100.0,518.67,641.94,1589.02,1393.31,14.62,21.6,555.53,2387.99,9053.89,1.3,46.95,523.25,2387.92,8139.75,8.357,0.03,390,2388,100.0,39.27,23.4974,266,222,Healthy,83.46,0
85,45,-0.0002,-0.0004,100.0,518.67,641.58,1585.47,1401.9,14.62,21.6,556.37,2388.02,9053.44,1.3,47.29,523.08,2388.03,8136.99,8.3863,0.03,390,2388,100.0,39.24,23.481,266,221,Healthy,83.08,0
85,46,-0.0021,-0.0001,100.0,518.67,642.22,1586.6,1392.11,14.62,21.6,555.39,2388.0,9055.73,1.3,47.19,523.05,2387.95,8136.79,8.3674,0.03,392,2388,100.0,39.18,23.3911,266,220,Healthy,82.71,0
85,47,-0.0002,0.0005,100.0,518.67,642.24,1583.26,1398.12,14.62,21.6,555.69,2387.97,9060.69,1.3,47.07,523.7,2388.0,8137.73,8.3898,0.03,391,2388,100.0,39.18,23.5358,266,219,Healthy,82.33,0
85,48,-0.0046,0.0002,100.0,518.67,641.87,1576.82,1393.81,14.62,21.6,556.03,2388.06,9058.22,1.3,47.01,523.2,2388.0,8141.06,8.4069,0.03,392,2388,100.0,39.1,23.468,266,218,Healthy,81.95,0
85,49,0.0001,0.0002,100.0,518.67,642.33,1576.79,1397.61,14.62,21.6,555.18,2388.02,9061.24,1.3,47.25,522.72,2387.98,8137.61,8.3837,0.03,392,2388,100.0,39.16,23.3974,266,217,Healthy,81.58,0
85,50,0.0011,-0.0003,100.0,518.67,642.14,1579.4,1400.82,14.62,21.61,555.99,2388.05,9057.43,1.3,47.36,523.24,2388.02,8141.03,8.3841,0.03,391,2388,100.0,39.0,23.4067,266,216,Healthy,81.2,0
86,1,-0.0015,-0.0001,100.0,518.67,642.38,1586.97,1394.22,14.62,21.61,554.42,2388.05,9048.81,1.3,47.3,521.84,2388.02,8136.6,8.3698,0.03,390,2388,100.0,38.97,23.4138,341,340,Healthy,99.71,0
86,2,-0.0002,0.0002,100.0,518.67,641.7,1579.36,1403.54,14.62,21.61,554.36,2388.05,9051.52,1.3,47.19,522.6,2388.05,8138.17,8.4272,0.03,392,2388,100.0,38.95,23.4826,341,339,Healthy,99.41,0
86,3,0.0007,0.0002,100.0,518.67,642.25,1585.72,1401.08,14.62,21.61,554.63,2388.04,9054.78,1.3,47.15,522.05,2388.04,8135.18,8.4139,0.03,391,2388,100.0,39.09,23.4793,341,338,Healthy,99.12,0
86,4,-0.0031,0.0004,100.0,518.67,641.77,1585.38,1399.96,14.62,21.61,554.61,2388.05,9053.93,1.3,47.17,522.23,2388.02,8139.78,8.3925,0.03,392,2388,100.0,39.04,23.4577,341,337,Healthy,98.83,0
86,5,0.0002,-0.0002,100.0,518.67,642.44,1589.74,1402.81,14.62,21.61,554.21,2388.05,9051.14,1.3,47.31,522.49,2387.98,8141.59,8.4035,0.03,392,2388,100.0,38.94,23.3407,341,336,Healthy,98.53,0
86,6,-0.0029,-0.0001,100.0,518.67,641.87,1586.74,1393.43,14.62,21.61,554.1,2387.99,9052.65,1.3,47.12,522.0,2388.04,8140.88,8.3946,0.03,391,2388,100.0,39.24,23.422,341,335,Healthy,98.24,0
86,7,-0.0005,-0.0002,100.0,518.67,641.95,1577.28,1403.73,14.62,21.61,554.76,2388.02,9058.49,1.3,47.22,522.61,2388.01,8137.76,8.4102,0.03,392,2388,100.0,38.91,23.4155,341,334,Healthy,97.95,0
86,8,0.0009,-0.0003,100.0,518.67,641.98,1579.58,1397.22,14.62,21.61,554.55,2388.0,9061.78,1.3,47.1,522.26,2387.98,8145.93,8.4212,0.03,392,2388,100.0,38.99,23.4824,341,333,Healthy,97.65,0
86,9,-0.0007,-0.0003,100.0,518.67,642.55,1583.51,1397.02,14.62,21.61,554.49,2388.02,9059.58,1.3,47.15,522.59,2388.02,8134.84,8.3795,0.03,391,2388,100.0,39.17,23.3473,341,332,Healthy,97.36,0
86,10,0.0007,0.0003,100.0,518.67,642.56,1583.28,1401.9,14.62,21.61,553.44,2388.03,9059.03,1.3,47.32,522.49,2388.06,8141.66,8.4022,0.03,392,2388,100.0,39.05,23.44,341,331,Healthy,97.07,0
86,11,-0.0002,0.0,100.0,518.67,642.53,1586.72,1390.8,14.62,21.61,553.83,2388.06,9057.76,1.3,47.24,521.92,2388.04,8138.81,8.3785,0.03,391,2388,100.0,38.97,23.4447,341,330,Healthy,96.77,0
86,12,-0.0026,-0.0001,100.0,518.67,642.28,1579.27,1401.61,14.62,21.6,554.74,2388.0,9056.33,1.3,47.07,522.21,2387.98,8133.96,8.4308,0.03,392,2388,100.0,39.18,23.3827,341,329,Healthy,96.48,0
86,13,0.0024,-0.0,100.0,518.67,641.89,1584.96,1401.24,14.62,21.6,555.2,2388.0,9050.09,1.3,47.2,522.31,2388.0,8137.31,8.3919,0.03,392,2388,100.0,38.89,23.3586,341,328,Healthy,96.19,0
86,14,-0.0019,-0.0003,100.0,518.67,642.27,1579.73,1398.87,14.62,21.61,554.81,2388.07,9052.73,1.3,47.04,522.5,2388.02,8139.53,8.3939,0.03,391,2388,100.0,39.04,23.3739,341,327,Healthy,95.89,0
86,15,0.004,-0.0001,100.0,518.67,642.33,1587.85,1400.86,14.62,21.61,554.02,2388.05,9062.61,1.3,47.09,522.38,2388.03,8133.63,8.3973,0.03,392,2388,100.0,38.95,23.3517,341,326,Healthy,95.6,0
86,16,0.0037,-0.0,100.0,518.67,642.35,1587.41,1400.54,14.62,21.61,554.12,2387.95,9058.03,1.3,47.12,522.1,2387.99,8138.26,8.4091,0.03,392,2388,100.0,39.08,23.423,341,325,Healthy,95.31,0
86,17,0.0024,-0.0002,100.0,518.67,642.4,1579.52,1402.63,14.62,21.61,554.51,2388.03,9056.4,1.3,47.11,522.34,2388.01,8142.03,8.3768,0.03,390,2388,100.0,39.01,23.4938,341,324,Healthy,95.01,0
86,18,0.0049,-0.0003,100.0,518.67,642.19,1580.22,1401.17,14.62,21.61,553.87,2388.05,9055.08,1.3,47.22,521.84,2387.96,8144.16,8.3914,0.03,391,2388,100.0,38.97,23.4331,341,323,Healthy,94.72,0
86,19,0.0006,-0.0002,100.0,518.67,642.11,1578.77,1401.58,14.62,21.61,554.1,2388.0,9054.08,1.3,47.2,522.46,2388.06,8132.94,8.3397,0.03,391,2388,100.0,38.98,23.5851,341,322,Healthy,94.43,0
86,20,0.0016,0.0002,100.0,518.67,642.25,1584.15,1398.21,14.62,21.61,554.09,2388.02,9056.43,1.3,47.08,522.63,2388.01,8141.16,8.3809,0.03,391,2388,100.0,38.9,23.4969,341,321,Healthy,94.13,0
86,21,0.0015,-0.0004,100.0,518.67,642.29,1587.32,1399.32,14.62,21.61,553.86,2387.97,9055.96,1.3,47.37,522.62,2388.05,8138.95,8.4102,0.03,391,2388,100.0,39.07,23.382,341,320,Healthy,93.84,0
86,22,-0.0013,-0.0002,100.0,518.67,641.82,1584.07,1399.03,14.62,21.61,554.23,2388.04,9052.21,1.3,47.24,522.99,2388.02,8142.34,8.4122,0.03,392,2388,100.0,39.04,23.4758,341,319,Healthy,93.55,0
86,23,-0.0003,0.0002,100.0,518.67,642.07,1581.94,1389.52,14.62,21.61,554.58,2387.99,9060.34,1.3,47.09,522.66,2388.01,8133.35,8.3899,0.03,393,2388,100.0,38.85,23.2638,341,318,Healthy,93.26,0
86,24,0.0009,-0.0003,100.0,518.67,642.02,1589.62,1394.45,14.62,21.61,554.69,2387.97,9053.46,1.3,47.1,522.52,2388.01,8137.79,8.3993,0.03,391,2388,100.0,39.06,23.3805,341,317,Healthy,92.96,0
86,25,-0.0031,0.0001,100.0,518.67,642.32,1587.46,1401.08,14.62,21.6,553.93,2387.98,9056.44,1.3,47.3,522.05,2388.02,8141.39,8.3778,0.03,391,2388,100.0,38.95,23.3907,341,316,Healthy,92.67,0
86,26,-0.0027,-0.0,100.0,518.67,641.92,1583.27,1398.14,14.62,21.61,555.11,2388.04,9060.68,1.3,47.35,523.15,2387.99,8140.45,8.4208,0.03,392,2388,100.0,39.08,23.2424,341,315,Healthy,92.38,0
86,27,-0.0012,0.0003,100.0,518.67,641.81,1584.06,1393.67,14.62,21.61,554.21,2388.04,9059.75,1.3,47.28,522.22,2388.03,8147.43,8.4258,0.03,392,2388,100.0,38.85,23.4011,341,314,Healthy,92.08,0
86,28,0.0006,0.0004,100.0,518.67,641.81,1583.19,1396.97,14.62,21.61,555.48,2388.01,9059.84,1.3,47.33,522.51,2388.06,8132.71,8.3564,0.03,391,2388,100.0,38.93,23.299,341,313,Healthy,91.79,0
86,29,-0.0005,-0.0005,100.0,518.67,642.26,1585.82,1400.49,14.62,21.61,554.9,2388.0,9057.68,1.3,47.2,522.13,2388.04,8139.31,8.406,0.03,390,2388,100.0,38.81,23.4497,341,312,Healthy,91.5,0
86,30,-0.0008,0.0002,100.0,518.67,642.15,1584.44,1400.49,14.62,21.61,553.77,2388.01,9060.24,1.3,47.2,521.91,2388.0,8134.58,8.415,0.03,392,2388,100.0,39.06,23.577,341,311,Healthy,91.2,0
86,31,0.0017,-0.0003,100.0,518.67,642.49,1579.87,1394.51,14.62,21.61,554.29,2388.04,9052.33,1.3,47.48,521.97,2387.97,8133.73,8.4135,0.03,390,2388,100.0,39.03,23.5046,341,310,Healthy,90.91,0
86,32,-0.0021,0.0001,100.0,518.67,642.39,1584.37,1392.83,14.62,21.61,554.49,2387.98,9053.48,1.3,47.28,521.78,2388.07,8140.25,8.3836,0.03,392,2388,100.0,38.88,23.4332,341,309,Healthy,90.62,0
86,33,0.0038,-0.0003,100.0,518.67,642.54,1582.02,1400.67,14.62,21.61,554.16,2388.05,9053.72,1.3,47.36,521.82,2388.01,8134.52,8.3716,0.03,392,2388,100.0,39.11,23.3935,341,308,Healthy,90.32,0
86,34,-0.0039,0.0005,100.0,518.67,642.27,1590.66,1402.82,14.62,21.61,554.75,2388.07,9055.79,1.3,47.21,521.7,2387.95,8136.68,8.3993,0.03,391,2388,100.0,39.13,23.4854,341,307,Healthy,90.03,0
86,35,-0.0012,-0.0002,100.0,518.67,641.77,1577.58,1389.15,14.62,21.61,554.33,2387.98,9052.1,1.3,47.27,522.17,2388.02,8138.36,8.3781,0.03,393,2388,100.0,39.07,23.3944,341,306,Healthy,89.74,0
86,36,0.0004,-0.0004,100.0,518.67,642.22,1583.62,1403.91,14.62,21.6,554.63,2388.01,9057.66,1.3,47.04,522.16,2387.98,8138.02,8.4155,0.03,390,2388,100.0,39.12,23.4149,341,305,Healthy,89.44,0
86,37,0.0021,0.0003,100.0,518.67,641.94,1580.35,1395.45,14.62,21.6,554.13,2388.04,9059.77,1.3,47.1,521.98,2388.03,8140.5,8.4235,0.03,392,2388,100.0,39.22,23.3684,341,304,Healthy,89.15,0
86,38,0.0004,0.0003,100.0,518.67,642.1,1583.57,1401.61,14.62,21.61,554.45,2388.05,9052.33,1.3,47.2,521.97,2388.06,8137.32,8.4097,0.03,392,2388,100.0,38.97,23.3623,341,303,Healthy,88.86,0
86,39,-0.0018,-0.0,100.0,518.67,642.3,1586.44,1397.15,14.62,21.61,554.57,2388.05,9058.32,1.3,47.29,522.36,2388.04,8137.72,8.3961,0.03,393,2388,100.0,38.82,23.369,341,302,Healthy,88.56,0
86,40,-0.0023,-0.0002,100.0,518.67,642.15,1586.82,1403.7,14.62,21.61,553.88,2388.01,9060.6,1.3,47.21,522.39,2387.98,8139.42,8.3777,0.03,392,2388,100.0,38.87,23.437,341,301,Healthy,88.27,0
86,41,0.0002,-0.0002,100.0,518.67,641.92,1584.4,1394.16,14.62,21.61,554.01,2387.99,9058.22,1.3,47.13,522.12,2388.06,8133.67,8.3961,0.03,391,2388,100.0,39.04,23.4341,341,300,Healthy,87.98,0
86,42,0.0002,-0.0,100.0,518.67,642.52,1588.36,1403.88,14.62,21.61,554.29,2388.02,9054.4,1.3,47.05,522.22,2388.02,8136.24,8.3942,0.03,390,2388,100.0,39.05,23.3683,341,299,Healthy,87.68,0
86,43,0.0005,0.0002,100.0,518.67,642.44,1581.34,1393.16,14.62,21.61,554.25,2388.04,9054.08,1.3,47.19,522.42,2387.99,8132.66,8.3743,0.03,392,2388,100.0,39.09,23.4282,341,298,Healthy,87.39,0
86,44,0.0008,0.0001,100.0,518.67,642.34,1585.7,1389.13,14.62,21.61,554.5,2388.01,9050.12,1.3,47.31,522.21,2388.02,8142.59,8.4268,0.03,392,2388,100.0,38.99,23.466,341,297,Healthy,87.1,0
86,45,0.0036,-0.0001,100.0,518.67,641.88,1580.44,1398.08,14.62,21.61,554.95,2387.99,9056.63,1.3,46.99,522.02,2388.03,8140.1,8.4329,0.03,393,2388,100.0,38.95,23.4519,341,296,Healthy,86.8,0
86,46,-0.0038,0.0004,100.0,518.67,642.1,1582.14,1397.82,14.62,21.61,554.42,2388.02,9063.37,1.3,47.23,521.96,2388.01,8137.12,8.4183,0.03,391,2388,100.0,39.06,23.4109,341,295,Healthy,86.51,0
86,47,0.001,0.0003,100.0,518.67,642.5,1585.53,1401.02,14.62,21.6,554.11,2388.05,9057.09,1.3,47.32,522.26,2388.07,8141.24,8.3674,0.03,392,2388,100.0,39.26,23.3748,341,294,Healthy,86.22,0
86,48,0.0,-0.0,100.0,518.67,642.0,1582.95,1395.22,14.62,21.6,555.55,2387.98,9054.99,1.3,47.29,523.21,2388.02,8140.2,8.3931,0.03,393,2388,100.0,39.01,23.463,341,293,Healthy,85.92,0
86,49,-0.0003,-0.0,100.0,518.67,642.49,1592.59,1404.65,14.62,21.61,553.72,2387.98,9060.03,1.3,47.31,522.65,2388.0,8142.43,8.3684,0.03,390,2388,100.0,38.67,23.4678,341,292,Healthy,85.63,0
86,50,-0.0009,-0.0001,100.0,518.67,641.83,1579.98,1408.93,14.62,21.61,555.28,2388.02,9062.41,1.3,47.2,522.06,2387.96,8139.15,8.3662,0.03,392,2388,100.0,38.88,23.3507,341,291,Healthy,85.34,0
87,1,0.0018,0.0001,100.0,518.67,642.48,1582.06,1409.01,14.62,21.61,553.66,2388.06,9053.21,1.3,47.61,521.64,2388.15,8130.29,8.3813,0.03,393,2388,100.0,38.79,23.3565,172,171,Healthy,99.42,0
87,2,-0.0004,0.0003,100.0,518.67,642.77,1586.79,1403.57,14.62,21.61,553.62,2388.09,9056.45,1.3,47.58,521.59,2388.12,8130.35,8.4391,0.03,392,2388,100.0,39.03,23.4511,172,170,Healthy,98.84,0
87,3,-0.0021,-0.0005,100.0,518.67,642.24,1589.2,1404.16,14.62,21.61,553.62,2388.08,9051.83,1.3,47.39,521.53,2388.06,8134.69,8.4043,0.03,393,2388,100.0,38.74,23.3475,172,169,Healthy,98.26,0
87,4,0.002,0.0,100.0,518.67,642.47,1591.55,1401.62,14.62,21.61,553.63,2388.08,9054.19,1.3,47.44,522.23,2388.09,8135.42,8.422,0.03,390,2388,100.0,38.85,23.1926,172,168,Healthy,97.67,0
87,5,-0.0002,-0.0005,100.0,518.67,642.42,1592.27,1404.57,14.62,21.61,553.25,2388.03,9057.56,1.3,47.57,521.41,2388.12,8135.53,8.4379,0.03,393,2388,100.0,38.88,23.2158,172,167,Healthy,97.09,0
87,6,-0.0033,-0.0002,100.0,518.67,642.27,1583.11,1402.16,14.62,21.61,554.17,2388.05,9055.34,1.3,47.3,521.2,2388.07,8133.15,8.4458,0.03,392,2388,100.0,39.1,23.2281,172,166,Healthy,96.51,0
87,7,-0.003,0.0002,100.0,518.67,642.84,1587.66,1409.78,14.62,21.61,553.48,2388.11,9064.41,1.3,47.4,521.49,2388.05,8137.45,8.4453,0.03,390,2388,100.0,38.83,23.4165,172,165,Healthy,95.93,0
87,8,-0.001,0.0002,100.0,518.67,642.97,1590.18,1409.43,14.62,21.61,553.11,2388.09,9048.4,1.3,47.33,521.99,2388.04,8134.41,8.4358,0.03,393,2388,100.0,38.91,23.4468,172,164,Healthy,95.35,0
87,9,-0.0025,-0.0,100.0,518.67,642.61,1590.49,1408.34,14.62,21.61,553.65,2388.11,9049.62,1.3,47.44,521.74,2388.1,8130.93,8.4463,0.03,393,2388,100.0,38.87,23.3341,172,163,Healthy,94.77,0
87,10,0.0028,-0.0002,100.0,518.67,642.42,1591.62,1405.11,14.62,21.61,553.43,2388.06,9056.69,1.3,47.39,521.69,2388.05,8132.13,8.4381,0.03,392,2388,100.0,38.87,23.3472,172,162,Healthy,94.19,0
87,11,-0.0006,-0.0002,100.0,518.67,642.49,1587.8,1406.19,14.62,21.61,553.04,2388.09,9051.18,1.3,47.5,522.02,2388.08,8134.05,8.4312,0.03,392,2388,100.0,38.81,23.3968,172,161,Healthy,93.6,0
87,12,0.0026,-0.0003,100.0,518.67,642.13,1593.26,1411.1,14.62,21.61,553.65,2388.09,9057.5,1.3,47.27,522.13,2388.06,8135.47,8.4464,0.03,393,2388,100.0,38.87,23.3029,172,160,Healthy,93.02,0
87,13,0.0005,0.0003,100.0,518.67,642.6,1586.5,1396.99,14.62,21.61,552.89,2388.07,9059.52,1.3,47.25,521.45,2388.1,8133.74,8.4277,0.03,394,2388,100.0,38.77,23.3037,172,159,Healthy,92.44,0
87,14,0.0022,0.0001,100.0,518.67,642.83,1587.66,1404.88,14.62,21.61,554.21,2388.06,9050.27,1.3,47.56,521.14,2388.08,8130.16,8.4382,0.03,393,2388,100.0,38.84,23.2693,172,158,Healthy,91.86,0
87,15,0.0001,0.0003,100.0,518.67,642.3,1589.8,1405.57,14.62,21.61,553.34,2388.08,9051.84,1.3,47.35,521.7,2388.08,8131.58,8.4128,0.03,392,2388,100.0,38.92,23.3942,172,157,Healthy,91.28,0
87,16,0.0014,-0.0004,100.0,518.67,642.89,1591.61,1409.08,14.62,21.61,554.04,2388.05,9050.86,1.3,47.42,521.68,2388.1,8132.15,8.4279,0.03,392,2388,100.0,38.96,23.3019,172,156,Healthy,90.7,0
87,17,-0.001,-0.0003,100.0,518.67,642.59,1584.2,1400.6,14.62,21.61,553.59,2388.08,9053.5,1.3,47.39,522.34,2388.08,8134.77,8.4379,0.03,393,2388,100.0,38.72,23.3232,172,155,Healthy,90.12,0
87,18,0.0013,-0.0005,100.0,518.67,642.77,1585.69,1413.01,14.62,21.61,553.71,2388.09,9059.12,1.3,47.29,521.21,2388.06,8131.2,8.4472,0.03,393,2388,100.0,38.76,23.4315,172,154,Healthy,89.53,0
87,19,0.0022,0.0003,100.0,518.67,642.4,1590.44,1408.77,14.62,21.61,553.74,2388.04,9049.64,1.3,47.49,521.62,2388.03,8137.02,8.4023,0.03,390,2388,100.0,38.81,23.3206,172,153,Healthy,88.95,0
87,20,0.001,0.0004,100.0,518.67,642.8,1593.88,1406.02,14.62,21.61,553.08,2388.08,9047.97,1.3,47.43,521.74,2388.11,8135.61,8.414,0.03,393,2388,100.0,38.84,23.2791,172,152,Healthy,88.37,0
87,21,0.0026,-0.0004,100.0,518.67,642.42,1584.05,1408.73,14.62,21.61,554.01,2388.03,9048.4,1.3,47.43,521.84,2388.11,8133.57,8.4271,0.03,394,2388,100.0,38.97,23.4021,172,151,Healthy,87.79,0
87,22,0.0026,-0.0003,100.0,518.67,642.22,1585.95,1398.7,14.62,21.61,554.21,2388.07,9055.75,1.3,47.6,521.63,2388.15,8135.41,8.4754,0.03,392,2388,100.0,39.0,23.3048,172,150,Healthy,87.21,0
87,23,0.0027,0.0002,100.0,518.67,642.54,1588.51,1407.69,14.62,21.61,554.3,2388.03,9051.26,1.3,47.37,521.75,2388.08,8134.89,8.4459,0.03,393,2388,100.0,39.06,23.2328,172,149,Healthy,86.63,0
87,24,0.0002,-0.0002,100.0,518.67,642.05,1590.36,1405.41,14.62,21.61,554.25,2388.05,9056.95,1.3,47.44,521.42,2388.13,8135.6,8.4357,0.03,394,2388,100.0,38.78,23.2477,172,148,Healthy,86.05,0
87,25,-0.0004,0.0004,100.0,518.67,642.38,1585.32,1406.21,14.62,21.61,553.15,2388.08,9048.29,1.3,47.45,522.08,2388.05,8133.11,8.419,0.03,392,2388,100.0,38.91,23.3426,172,147,Healthy,85.47,0
87,26,-0.0005,-0.0,100.0,518.67,642.34,1589.94,1409.33,14.62,21.61,552.94,2388.12,9051.02,1.3,47.34,522.2,2388.08,8132.82,8.4491,0.03,393,2388,100.0,38.82,23.3185,172,146,Healthy,84.88,0
87,27,0.0022,-0.0001,100.0,518.67,642.73,1586.32,1406.94,14.62,21.61,554.55,2388.08,9048.68,1.3,47.3,522.06,2388.14,8132.5,8.4341,0.03,395,2388,100.0,38.87,23.2732,172,145,Healthy,84.3,0
87,28,-0.001,0.0002,100.0,518.67,642.65,1585.88,1404.42,14.62,21.61,553.55,2388.1,9058.91,1.3,47.46,521.98,2388.05,8137.11,8.4525,0.03,393,2388,100.0,38.93,23.4498,172,144,Healthy,83.72,0
87,29,0.0006,-0.0002,100.0,518.67,642.53,1582.02,1398.58,14.62,21.61,553.56,2388.06,9053.58,1.3,47.47,521.47,2388.08,8132.77,8.4202,0.03,393,2388,100.0,38.71,23.3681,172,143,Healthy,83.14,0
87,30,-0.0005,-0.0005,100.0,518.67,642.17,1598.76,1409.25,14.62,21.61,553.93,2388.05,9050.42,1.3,47.38,521.49,2388.06,8138.92,8.4256,0.03,393,2388,100.0,38.86,23.2713,172,142,Healthy,82.56,0
87,31,0.0034,-0.0001,100.0,518.67,642.83,1592.03,1406.59,14.62,21.61,553.39,2388.09,9048.82,1.3,47.33,522.16,2388.12,8137.52,8.3938,0.03,392,2388,100.0,38.98,23.3305,172,141,Healthy,81.98,0
87,32,-0.004,0.0,100.0,518.67,642.17,1589.26,1406.49,14.62,21.61,554.43,2388.09,9051.45,1.3,47.52,521.66,2388.07,8135.97,8.4358,0.03,393,2388,100.0,38.81,23.322,172,140,Healthy,81.4,0
87,33,-0.0009,0.0003,100.0,518.67,642.64,1590.6,1395.25,14.62,21.61,553.45,2388.06,9050.0,1.3,47.52,521.87,2388.1,8133.11,8.4347,0.03,394,2388,100.0,38.88,23.33,172,139,Healthy,80.81,0
87,34,-0.0037,-0.0001,100.0,518.67,642.78,1580.04,1403.05,14.62,21.61,554.21,2388.09,9050.41,1.3,47.36,521.67,2388.12,8131.09,8.4214,0.03,393,2388,100.0,39.0,23.4028,172,138,Healthy,80.23,0
87,35,-0.0034,-0.0003,100.0,518.67,641.66,1594.96,1405.32,14.62,21.61,554.22,2388.1,9062.63,1.3,47.3,522.09,2388.05,8135.61,8.4485,0.03,392,2388,100.0,38.74,23.3474,172,137,Healthy,79.65,0
87,36,-0.001,-0.0,100.0,518.67,642.29,1587.24,1402.57,14.62,21.61,553.36,2388.1,9059.12,1.3,47.59,521.12,2388.06,8132.32,8.4153,0.03,393,2388,100.0,38.76,23.3923,172,136,Healthy,79.07,0
87,37,0.0038,0.0002,100.0,518.67,642.04,1585.81,1400.19,14.62,21.61,553.67,2388.07,9051.68,1.3,47.58,521.29,2388.1,8132.9,8.4202,0.03,393,2388,100.0,38.86,23.3214,172,135,Healthy,78.49,0
87,38,0.0027,-0.0004,100.0,518.67,642.23,1578.43,1406.21,14.62,21.61,553.84,2388.09,9054.38,1.3,47.46,521.83,2388.1,8139.96,8.4154,0.03,393,2388,100.0,38.91,23.3613,172,134,Healthy,77.91,0
87,39,0.001,-0.0004,100.0,518.67,642.71,1586.67,1406.32,14.62,21.61,554.16,2388.03,9055.51,1.3,47.26,521.83,2388.07,8134.57,8.4194,0.03,392,2388,100.0,38.92,23.2618,172,133,Healthy,77.33,0
87,40,-0.0017,-0.0,100.0,518.67,642.18,1583.21,1405.75,14.62,21.61,553.22,2388.1,9055.96,1.3,47.48,521.82,2388.08,8135.06,8.4205,0.03,393,2388,100.0,38.72,23.33,172,132,Healthy,76.74,0
87,41,0.0005,0.0002,100.0,518.67,642.78,1586.11,1404.84,14.62,21.61,553.98,2388.08,9053.26,1.3,47.48,521.41,2388.08,8136.21,8.4321,0.03,393,2388,100.0,38.92,23.3002,172,131,Healthy,76.16,0
87,42,-0.0038,-0.0004,100.0,518.67,642.97,1590.03,1412.43,14.62,21.61,553.26,2388.07,9059.15,1.3,47.39,521.83,2388.08,8137.76,8.4451,0.03,393,2388,100.0,39.03,23.3496,172,130,Healthy,75.58,0
87,43,-0.0003,-0.0003,100.0,518.67,642.31,1585.74,1410.45,14.62,21.61,553.44,2388.12,9052.2,1.3,47.51,521.53,2388.08,8134.64,8.4474,0.03,393,2388,100.0,38.9,23.2461,172,129,Healthy,75.0,0
87,44,-0.0011,-0.0004,100.0,518.67,642.82,1592.16,1405.22,14.62,21.61,553.53,2388.08,9049.89,1.3,47.59,521.55,2388.12,8133.08,8.4357,0.03,392,2388,100.0,38.91,23.3692,172,128,Healthy,74.42,0
87,45,-0.0023,-0.0,100.0,518.67,642.4,1589.64,1407.0,14.62,21.61,553.93,2388.1,9055.32,1.3,47.32,521.96,2388.1,8130.85,8.4429,0.03,393,2388,100.0,38.82,23.303,172,127,Healthy,73.84,0
87,46,-0.0027,0.0001,100.0,518.67,642.66,1596.11,1407.35,14.62,21.61,553.41,2388.07,9060.31,1.3,47.37,521.36,2388.09,8136.7,8.4168,0.03,392,2388,100.0,38.92,23.2589,172,126,Healthy,73.26,0
87,47,-0.0024,-0.0003,100.0,518.67,642.53,1586.14,1397.57,14.62,21.61,553.98,2388.11,9059.34,1.3,47.27,521.08,2388.12,8135.07,8.4002,0.03,392,2388,100.0,38.93,23.3334,172,125,Healthy,72.67,0
87,48,-0.0001,-0.0001,100.0,518.67,642.3,1593.49,1409.18,14.62,21.61,553.23,2388.06,9051.95,1.3,47.43,521.65,2388.07,8135.18,8.4446,0.03,392,2388,100.0,38.91,23.3791,172,124,Healthy,72.09,0
87,49,0.0021,0.0001,100.0,518.67,642.76,1593.13,1412.33,14.62,21.61,553.31,2388.09,9070.34,1.3,47.49,521.94,2388.07,8133.4,8.428,0.03,392,2388,100.0,38.82,23.2214,172,123,Healthy,71.51,0
87,50,0.0016,-0.0,100.0,518.67,642.7,1590.93,1406.37,14.62,21.61,554.03,2388.1,9052.98,1.3,47.46,522.1,2388.04,8132.61,8.4217,0.03,394,2388,100.0,38.92,23.3701,172,122,Healthy,70.93,0
88,1,0.0026,-0.0,100.0,518.67,641.82,1583.02,1399.5,14.62,21.58,554.51,2387.95,9047.71,1.3,47.05,522.41,2387.94,8135.84,8.3576,0.03,392,2388,100.0,39.05,23.4369,322,321,Healthy,99.69,0
88,2,0.0005,-0.0003,100.0,518.67,642.63,1582.47,1402.2,14.62,21.57,554.66,2387.93,9057.17,1.3,47.27,521.93,2387.93,8139.37,8.3662,0.03,390,2388,100.0,38.8,23.4234,322,320,Healthy,99.38,0
88,3,-0.0024,0.0003,100.0,518.67,642.28,1576.79,1391.64,14.62,21.58,554.01,2388.03,9051.27,1.3,47.14,521.87,2387.95,8136.05,8.4004,0.03,393,2388,100.0,38.99,23.4429,322,319,Healthy,99.07,0
88,4,0.0027,0.0001,100.0,518.67,641.71,1584.44,1395.01,14.62,21.58,553.85,2387.94,9051.02,1.3,47.15,522.27,2387.97,8136.05,8.3484,0.03,392,2388,100.0,38.97,23.2676,322,318,Healthy,98.76,0
88,5,-0.0035,0.0005,100.0,518.67,642.35,1584.28,1389.08,14.62,21.58,553.92,2387.95,9055.24,1.3,47.21,521.7,2388.02,8136.34,8.363,0.03,389,2388,100.0,38.94,23.5245,322,317,Healthy,98.45,0
88,6,-0.0017,-0.0002,100.0,518.67,641.84,1580.8,1392.43,14.62,21.57,553.3,2387.96,9054.32,1.3,47.22,521.9,2387.94,8131.92,8.3883,0.03,391,2388,100.0,39.11,23.3307,322,316,Healthy,98.14,0
88,7,-0.0012,0.0003,100.0,518.67,642.02,1580.21,1392.54,14.62,21.58,554.14,2387.99,9051.19,1.3,47.01,522.3,2388.0,8135.91,8.3516,0.03,391,2388,100.0,38.94,23.4342,322,315,Healthy,97.83,0
88,8,-0.0033,-0.0001,100.0,518.67,641.58,1578.42,1402.63,14.62,21.57,553.56,2388.0,9056.96,1.3,46.95,521.49,2387.94,8134.97,8.4299,0.03,391,2388,100.0,38.99,23.4343,322,314,Healthy,97.52,0
88,9,0.0021,-0.0005,100.0,518.67,642.59,1583.95,1396.52,14.62,21.58,554.17,2387.97,9047.49,1.3,47.18,521.71,2387.99,8142.2,8.3768,0.03,390,2388,100.0,39.02,23.3855,322,313,Healthy,97.2,0
88,10,-0.0009,-0.0004,100.0,518.67,642.28,1577.28,1398.4,14.62,21.57,554.45,2387.96,9049.88,1.3,47.31,521.68,2387.98,8136.06,8.3748,0.03,391,2388,100.0,38.83,23.3248,322,312,Healthy,96.89,0
88,11,-0.0001,0.0002,100.0,518.67,642.0,1584.77,1395.07,14.62,21.57,554.28,2387.96,9048.52,1.3,47.02,522.14,2388.0,8139.62,8.4252,0.03,390,2388,100.0,39.01,23.4227,322,311,Healthy,96.58,0
88,12,-0.0006,0.0001,100.0,518.67,641.94,1574.37,1392.58,14.62,21.57,554.48,2388.02,9051.83,1.3,47.07,521.91,2387.95,8135.91,8.3641,0.03,390,2388,100.0,38.97,23.398,322,310,Healthy,96.27,0
88,13,0.0007,0.0005,100.0,518.67,642.09,1585.67,1396.85,14.62,21.58,553.85,2388.03,9051.82,1.3,47.21,522.64,2387.98,8136.41,8.3915,0.03,391,2388,100.0,39.15,23.3638,322,309,Healthy,95.96,0
88,14,0.0031,-0.0003,100.0,518.67,642.21,1580.17,1397.27,14.62,21.57,553.9,2387.93,9052.47,1.3,47.27,521.24,2388.01,8133.6,8.3691,0.03,390,2388,100.0,39.0,23.3395,322,308,Healthy,95.65,0
88,15,-0.0018,0.0,100.0,518.67,642.24,1578.3,1395.45,14.62,21.57,554.0,2387.97,9049.4,1.3,47.04,521.48,2388.0,8139.96,8.3492,0.03,391,2388,100.0,38.99,23.3774,322,307,Healthy,95.34,0
88,16,0.0021,0.0001,100.0,518.67,641.83,1583.04,1392.85,14.62,21.58,553.84,2387.91,9048.8,1.3,47.12,522.38,2388.0,8134.14,8.3327,0.03,391,2388,100.0,38.93,23.4281,322,306,Healthy,95.03,0
88,17,-0.0006,0.0,100.0,518.67,641.68,1581.49,1392.53,14.62,21.57,554.49,2387.99,9050.91,1.3,47.23,522.27,2387.96,8136.01,8.3755,0.03,392,2388,100.0,39.01,23.3604,322,305,Healthy,94.72,0
88,18,-0.001,-0.0004,100.0,518.67,641.95,1583.05,1396.39,14.62,21.57,554.19,2387.94,9045.9,1.3,47.28,521.88,2387.94,8135.06,8.3469,0.03,392,2388,100.0,39.05,23.4234,322,304,Healthy,94.41,0
88,19,-0.0006,-0.0,100.0,518.67,642.11,1586.86,1391.88,14.62,21.58,554.37,2387.97,9054.81,1.3,47.17,521.32,2387.94,8132.79,8.4057,0.03,390,2388,100.0,39.13,23.4583,322,303,Healthy,94.1,0
88,20,0.0008,-0.0003,100.0,518.67,641.97,1578.83,1392.62,14.62,21.57,553.45,2388.0,9055.8,1.3,47.16,521.79,2387.95,8137.25,8.3906,0.03,392,2388,100.0,39.21,23.4582,322,302,Healthy,93.79,0
88,21,0.0025,0.0005,100.0,518.67,642.35,1580.64,1397.78,14.62,21.58,554.49,2387.98,9051.81,1.3,47.13,522.46,2387.98,8135.62,8.3895,0.03,390,2388,100.0,39.05,23.3223,322,301,Healthy,93.48,0
88,22,0.0027,0.0002,100.0,518.67,642.12,1578.81,1397.37,14.62,21.57,553.83,2387.97,9055.12,1.3,47.17,521.97,2387.98,8137.68,8.3427,0.03,392,2388,100.0,38.95,23.5046,322,300,Healthy,93.17,0
88,23,0.0007,0.0002,100.0,518.67,642.2,1579.53,1399.74,14.62,21.57,554.44,2387.98,9052.47,1.3,46.89,521.69,2387.99,8135.66,8.4191,0.03,390,2388,100.0,39.26,23.3371,322,299,Healthy,92.86,0
88,24,0.003,0.0002,100.0,518.67,642.08,1585.14,1399.14,14.62,21.58,553.68,2387.99,9057.41,1.3,47.16,521.96,2387.98,8132.96,8.3885,0.03,391,2388,100.0,38.95,23.3141,322,298,Healthy,92.55,0
88,25,0.0031,0.0001,100.0,518.67,641.62,1583.01,1391.14,14.62,21.57,554.15,2387.96,9055.65,1.3,47.14,522.35,2387.99,8135.5,8.3619,0.03,393,2388,100.0,39.1,23.4354,322,297,Healthy,92.24,0
88,26,-0.0026,-0.0001,100.0,518.67,641.79,1581.09,1395.1,14.62,21.58,554.5,2387.99,9049.53,1.3,47.31,522.04,2387.97,8139.78,8.3786,0.03,391,2388,100.0,39.01,23.3529,322,296,Healthy,91.93,0
88,27,0.0007,0.0002,100.0,518.67,642.42,1582.63,1398.07,14.62,21.58,553.57,2387.97,9049.2,1.3,47.04,522.13,2388.02,8134.45,8.3938,0.03,391,2388,100.0,38.93,23.4915,322,295,Healthy,91.61,0
88,28,0.0029,0.0001,100.0,518.67,641.61,1587.82,1391.98,14.62,21.57,554.03,2387.98,9053.64,1.3,47.13,521.57,2387.95,8134.65,8.4096,0.03,392,2388,100.0,39.05,23.3889,322,294,Healthy,91.3,0
88,29,-0.0021,-0.0003,100.0,518.67,641.9,1590.09,1391.36,14.62,21.57,553.95,2388.02,9053.63,1.3,47.0,521.98,2388.05,8138.67,8.3875,0.03,392,2388,100.0,38.81,23.3858,322,293,Healthy,90.99,0
88,30,-0.0004,0.0001,100.0,518.67,642.04,1577.75,1393.91,14.62,21.57,554.53,2387.97,9052.95,1.3,47.09,521.63,2387.98,8138.03,8.3714,0.03,391,2388,100.0,39.01,23.4146,322,292,Healthy,90.68,0
88,31,0.0022,0.0004,100.0,518.67,642.27,1582.11,1403.3,14.62,21.57,553.61,2388.01,9054.0,1.3,47.2,521.68,2387.94,8140.04,8.4098,0.03,391,2388,100.0,39.04,23.4818,322,291,Healthy,90.37,0
88,32,-0.0039,-0.0002,100.0,518.67,641.87,1585.92,1396.13,14.62,21.58,553.55,2387.95,9054.05,1.3,47.22,521.47,2387.97,8139.01,8.3858,0.03,391,2388,100.0,39.05,23.2825,322,290,Healthy,90.06,0
88,33,-0.0012,0.0002,100.0,518.67,641.77,1584.88,1402.79,14.62,21.58,554.47,2388.0,9054.09,1.3,47.2,522.77,2387.97,8143.9,8.3435,0.03,391,2388,100.0,39.06,23.4402,322,289,Healthy,89.75,0
88,34,0.0039,0.0004,100.0,518.67,642.18,1587.08,1399.46,14.62,21.57,553.98,2388.0,9047.71,1.3,47.09,521.9,2387.9,8138.65,8.3788,0.03,391,2388,100.0,39.13,23.4676,322,288,Healthy,89.44,0
88,35,-0.0013,0.0004,100.0,518.67,642.06,1583.12,1391.81,14.62,21.57,553.86,2388.01,9048.6,1.3,47.11,521.79,2388.0,8142.22,8.3533,0.03,391,2388,100.0,39.0,23.3611,322,287,Healthy,89.13,0
88,36,-0.0015,0.0,100.0,518.67,642.09,1587.56,1392.22,14.62,21.57,554.06,2388.01,9047.33,1.3,47.16,521.99,2387.96,8137.69,8.3941,0.03,393,2388,100.0,38.88,23.4409,322,286,Healthy,88.82,0
88,37,-0.002,0.0002,100.0,518.67,641.88,1590.52,1388.48,14.62,21.57,554.34,2388.0,9048.2,1.3,46.9,521.58,2387.97,8134.67,8.3603,0.03,391,2388,100.0,38.95,23.3908,322,285,Healthy,88.51,0
88,38,-0.0001,-0.0001,100.0,518.67,641.74,1578.97,1393.0,14.62,21.58,554.65,2388.01,9052.79,1.3,47.17,522.34,2387.92,8133.53,8.3534,0.03,390,2388,100.0,39.19,23.4166,322,284,Healthy,88.2,0
88,39,-0.0025,-0.0,100.0,518.67,642.18,1579.17,1398.91,14.62,21.57,553.98,2387.98,9055.15,1.3,47.11,521.09,2387.97,8136.1,8.3993,0.03,392,2388,100.0,38.76,23.4375,322,283,Healthy,87.89,0
88,40,0.0036,0.0001,100.0,518.67,641.96,1583.06,1399.02,14.62,21.57,554.03,2387.94,9048.33,1.3,47.23,522.1,2387.98,8132.56,8.402,0.03,392,2388,100.0,39.19,23.3918,322,282,Healthy,87.58,0
88,41,0.0021,0.0004,100.0,518.67,641.94,1580.25,1394.4,14.62,21.58,554.38,2387.98,9055.21,1.3,47.27,522.14,2387.99,8135.26,8.3612,0.03,391,2388,100.0,39.05,23.4668,322,281,Healthy,87.27,0
88,42,0.0009,-0.0,100.0,518.67,642.42,1582.06,1397.21,14.62,21.58,554.97,2388.03,9051.73,1.3,47.31,522.16,2388.01,8140.3,8.3832,0.03,392,2388,100.0,39.03,23.4708,322,280,Healthy,86.96,0
88,43,-0.0029,-0.0004,100.0,518.67,642.28,1583.47,1400.95,14.62,21.58,554.31,2387.94,9056.51,1.3,47.13,522.19,2388.02,8139.88,8.381,0.03,390,2388,100.0,38.98,23.3929,322,279,Healthy,86.65,0
88,44,-0.001,0.0001,100.0,518.67,641.69,1581.44,1400.44,14.62,21.58,554.73,2388.0,9055.95,1.3,47.21,521.75,2388.02,8138.86,8.3822,0.03,391,2388,100.0,39.08,23.4411,322,278,Healthy,86.34,0
88,45,-0.0038,-0.0001,100.0,518.67,642.15,1591.6,1393.3,14.62,21.57,553.99,2388.01,9056.81,1.3,47.19,521.37,2387.99,8131.93,8.3763,0.03,392,2388,100.0,39.06,23.3396,322,277,Healthy,86.02,0
88,46,0.0016,-0.0002,100.0,518.67,642.14,1584.31,1398.63,14.62,21.57,553.67,2387.97,9052.15,1.3,47.2,522.13,2387.94,8138.89,8.3871,0.03,390,2388,100.0,39.05,23.3913,322,276,Healthy,85.71,0
88,47,0.0017,0.0,100.0,518.67,641.86,1579.61,1393.34,14.62,21.57,554.49,2387.96,9055.75,1.3,47.42,522.04,2388.04,8136.65,8.4022,0.03,392,2388,100.0,39.15,23.3983,322,275,Healthy,85.4,0
88,48,0.0029,0.0,100.0,518.67,642.16,1589.91,1399.01,14.62,21.58,554.1,2387.96,9052.1,1.3,47.34,522.42,2387.97,8136.16,8.3752,0.03,391,2388,100.0,39.07,23.5694,322,274,Healthy,85.09,0
88,49,0.0031,-0.0,100.0,518.67,641.96,1580.77,1397.04,14.62,21.57,553.89,2387.93,9058.14,1.3,47.21,521.68,2388.0,8135.46,8.3646,0.03,390,2388,100.0,39.04,23.3384,322,273,Healthy,84.78,0
88,50,-0.0015,0.0001,100.0,518.67,641.33,1582.99,1390.88,14.62,21.57,553.15,2387.99,9055.37,1.3,47.15,521.67,2387.99,8132.92,8.3707,0.03,391,2388,100.0,38.91,23.378,322,272,Healthy,84.47,0
89,1,0.0009,-0.0004,100.0,518.67,642.36,1586.41,1393.8,14.62,21.59,550.96,2387.35,9031.83,1.3,47.29,519.04,2387.33,8118.81,8.4284,0.03,392,2388,100.0,38.83,23.3271,207,206,Healthy,99.52,0
89,2,-0.0001,-0.0002,100.0,518.67,641.55,1580.43,1400.63,14.62,21.59,551.34,2387.39,9035.58,1.3,47.13,519.16,2387.34,8118.53,8.4475,0.03,390,2388,100.0,38.78,23.1974,207,205,Healthy,99.03,0
89,3,-0.0013,-0.0005,100.0,518.67,641.78,1586.05,1392.03,14.62,21.6,553.06,2387.94,9054.8,1.3,46.73,521.41,2387.93,8135.66,8.4172,0.03,393,2388,100.0,39.06,23.3364,207,204,Healthy,98.55,0
89,4,0.0034,0.0002,100.0,518.67,641.74,1580.42,1395.07,14.62,21.59,553.53,2387.93,9046.43,1.3,47.2,520.66,2387.98,8134.27,8.3998,0.03,392,2388,100.0,39.07,23.426,207,203,Healthy,98.07,0
89,5,-0.0007,-0.0004,100.0,518.67,641.82,1569.72,1404.6,14.62,21.59,551.29,2387.27,9033.86,1.3,47.41,519.64,2387.22,8120.12,8.4363,0.03,389,2388,100.0,38.82,23.24,207,202,Healthy,97.58,0
89,6,0.0042,-0.0005,100.0,518.67,641.74,1582.23,1389.03,14.62,21.59,552.18,2387.9,9046.18,1.3,46.99,520.81,2387.87,8137.24,8.4309,0.03,392,2388,100.0,39.03,23.4185,207,201,Healthy,97.1,0
89,7,0.0018,0.0005,100.0,518.67,641.9,1582.03,1388.13,14.62,21.59,553.49,2387.94,9046.29,1.3,46.96,520.81,2387.88,8132.97,8.3894,0.03,392,2388,100.0,38.99,23.4793,207,200,Healthy,96.62,0
89,8,0.0003,0.0001,100.0,518.67,642.43,1578.86,1390.79,14.62,21.59,553.45,2387.94,9045.73,1.3,47.15,521.31,2387.97,8131.92,8.3957,0.03,392,2388,100.0,38.98,23.3972,207,199,Healthy,96.14,0
89,9,-0.0046,-0.0002,100.0,518.67,641.61,1577.04,1399.35,14.62,21.59,553.08,2387.99,9044.54,1.3,47.05,520.84,2387.95,8130.9,8.417,0.03,392,2388,100.0,38.93,23.3246,207,198,Healthy,95.65,0
89,10,-0.0005,-0.0001,100.0,518.67,642.25,1571.36,1403.61,14.62,21.59,550.82,2387.27,9030.68,1.3,47.34,519.07,2387.27,8121.58,8.4847,0.03,389,2388,100.0,38.99,23.1855,207,197,Healthy,95.17,0
89,11,-0.0001,0.0003,100.0,518.67,641.84,1576.35,1390.53,14.62,21.59,553.94,2387.92,9044.46,1.3,47.02,521.87,2387.95,8130.52,8.3918,0.03,391,2388,100.0,38.94,23.4431,207,196,Healthy,94.69,0
89,12,-0.0007,-0.0,100.0,518.67,642.07,1574.54,1407.28,14.62,21.59,551.63,2387.36,9036.3,1.3,47.32,519.14,2387.33,8121.47,8.4134,0.03,389,2388,100.0,38.81,23.3981,207,195,Healthy,94.2,0
89,13,0.0046,0.0005,100.0,518.67,642.26,1578.85,1391.94,14.62,21.59,553.3,2387.95,9053.14,1.3,46.94,520.81,2387.93,8129.86,8.373,0.03,390,2388,100.0,39.09,23.5032,207,194,Healthy,93.72,0
89,14,0.0038,-0.0001,100.0,518.67,642.46,1584.04,1398.99,14.62,21.59,550.9,2386.99,9034.49,1.3,47.27,519.1,2387.04,8122.13,8.4879,0.03,390,2388,100.0,38.71,23.2787,207,193,Healthy,93.24,0
89,15,-0.001,-0.0,100.0,518.67,642.06,1580.66,1398.28,14.62,21.59,553.75,2387.91,9039.88,1.3,47.01,521.38,2387.95,8129.87,8.3649,0.03,390,2388,100.0,39.17,23.3688,207,192,Healthy,92.75,0
89,16,-0.001,0.0003,100.0,518.67,641.52,1584.59,1394.87,14.62,21.59,552.81,2387.93,9042.1,1.3,47.18,520.47,2387.98,8130.79,8.3981,0.03,390,2388,100.0,39.16,23.4581,207,191,Healthy,92.27,0
89,17,0.0017,-0.0001,100.0,518.67,641.77,1571.79,1392.44,14.62,21.59,552.18,2387.98,9040.28,1.3,47.08,521.01,2387.94,8127.5,8.3856,0.03,390,2388,100.0,39.0,23.412,207,190,Healthy,91.79,0
89,18,0.0007,-0.0005,100.0,518.67,642.14,1577.88,1396.38,14.62,21.59,552.78,2387.93,9049.37,1.3,47.0,521.17,2387.91,8123.68,8.3966,0.03,391,2388,100.0,38.93,23.3529,207,189,Healthy,91.3,0
89,19,-0.0,-0.0004,100.0,518.67,642.06,1580.8,1405.66,14.62,21.59,551.73,2387.62,9041.51,1.3,47.3,519.56,2387.56,8127.02,8.4549,0.03,390,2388,100.0,38.78,23.2185,207,188,Healthy,90.82,0
89,20,-0.0025,0.0002,100.0,518.67,641.72,1571.26,1396.98,14.62,21.59,552.66,2387.92,9052.17,1.3,46.94,520.22,2387.89,8131.97,8.4161,0.03,391,2388,100.0,38.86,23.3355,207,187,Healthy,90.34,0
89,21,-0.0038,0.0002,100.0,518.67,641.86,1582.02,1392.77,14.62,21.59,553.01,2387.94,9047.92,1.3,47.08,520.4,2387.93,8127.88,8.4091,0.03,390,2388,100.0,39.09,23.389,207,186,Healthy,89.86,0
89,22,0.0002,0.0004,100.0,518.67,641.57,1583.11,1394.16,14.62,21.59,552.43,2387.94,9041.53,1.3,47.08,520.45,2387.95,8126.58,8.4032,0.03,390,2388,100.0,38.77,23.4934,207,185,Healthy,89.37,0
89,23,-0.0012,0.0001,100.0,518.67,642.45,1575.98,1402.14,14.62,21.58,551.13,2387.26,9035.1,1.3,46.88,519.52,2387.29,8120.24,8.439,0.03,391,2388,100.0,38.9,23.2709,207,184,Healthy,88.89,0
89,24,0.001,-0.0002,100.0,518.67,641.8,1580.93,1394.25,14.62,21.59,552.96,2387.95,9043.24,1.3,47.04,520.92,2387.92,8130.45,8.4394,0.03,390,2388,100.0,39.06,23.4667,207,183,Healthy,88.41,0
89,25,-0.0042,-0.0002,100.0,518.67,641.57,1578.96,1397.72,14.62,21.59,552.86,2387.97,9035.07,1.3,47.27,520.8,2387.95,8125.47,8.3733,0.03,391,2388,100.0,39.05,23.3902,207,182,Healthy,87.92,0
89,26,-0.0004,-0.0002,100.0,518.67,642.01,1581.46,1391.65,14.62,21.59,553.1,2387.95,9044.1,1.3,47.16,521.21,2387.88,8125.36,8.3716,0.03,389,2388,100.0,38.96,23.4489,207,181,Healthy,87.44,0
89,27,0.0024,0.0004,100.0,518.67,642.04,1578.85,1396.02,14.62,21.59,551.96,2387.48,9035.69,1.3,47.16,519.16,2387.46,8125.99,8.4343,0.03,389,2388,100.0,38.86,23.2269,207,180,Healthy,86.96,0
89,28,-0.0004,0.0003,100.0,518.67,642.75,1589.26,1401.94,14.62,21.59,550.87,2387.16,9021.05,1.3,47.2,519.3,2387.21,8119.68,8.4598,0.03,390,2388,100.0,38.56,23.3462,207,179,Healthy,86.47,0
89,29,0.0003,0.0002,100.0,518.67,641.74,1584.55,1392.62,14.62,21.59,552.93,2387.97,9043.05,1.3,47.04,520.78,2387.94,8133.17,8.3832,0.03,390,2388,100.0,38.98,23.3744,207,178,Healthy,85.99,0
89,30,-0.0004,-0.0002,100.0,518.67,641.84,1578.27,1390.81,14.62,21.6,554.61,2387.94,9041.1,1.3,47.01,520.9,2387.95,8129.24,8.413,0.03,390,2388,100.0,38.99,23.3333,207,177,Healthy,85.51,0
89,31,-0.0044,-0.0003,100.0,518.67,641.87,1584.04,1389.89,14.62,21.59,552.73,2387.91,9045.26,1.3,46.97,520.48,2387.93,8131.35,8.3981,0.03,391,2388,100.0,38.99,23.3995,207,176,Healthy,85.02,0
89,32,0.0014,-0.0001,100.0,518.67,641.49,1582.46,1397.85,14.62,21.59,553.47,2387.93,9050.29,1.3,47.02,520.56,2387.95,8130.94,8.4467,0.03,392,2388,100.0,38.75,23.5672,207,175,Healthy,84.54,0
89,33,-0.0023,0.0,100.0,518.67,642.07,1578.23,1398.77,14.62,21.59,553.26,2387.95,9046.84,1.3,47.05,520.54,2387.95,8135.83,8.3858,0.03,391,2388,100.0,39.05,23.2678,207,174,Healthy,84.06,0
89,34,0.0016,0.0004,100.0,518.67,642.06,1573.99,1401.35,14.62,21.58,551.28,2387.2,9033.49,1.3,47.4,520.05,2387.27,8119.92,8.4352,0.03,391,2388,100.0,38.76,23.2818,207,173,Healthy,83.57,0
89,35,0.0004,0.0003,100.0,518.67,641.76,1585.59,1392.59,14.62,21.59,552.86,2387.94,9041.5,1.3,46.9,521.2,2387.97,8131.75,8.3847,0.03,392,2388,100.0,38.98,23.342,207,172,Healthy,83.09,0
89,36,-0.002,-0.0002,100.0,518.67,641.4,1580.6,1386.93,14.62,21.59,553.22,2387.93,9047.24,1.3,46.85,520.94,2387.96,8132.92,8.3756,0.03,390,2388,100.0,38.85,23.4022,207,171,Healthy,82.61,0
89,37,-0.002,-0.0001,100.0,518.67,642.04,1575.65,1391.22,14.62,21.59,552.95,2387.97,9053.99,1.3,47.21,520.57,2387.95,8131.95,8.4223,0.03,393,2388,100.0,39.17,23.4065,207,170,Healthy,82.13,0
89,38,0.0009,-0.0004,100.0,518.67,642.07,1581.91,1388.82,14.62,21.59,552.67,2387.88,9037.88,1.3,47.11,521.1,2387.97,8131.72,8.4188,0.03,392,2388,100.0,38.93,23.4381,207,169,Healthy,81.64,0
89,39,-0.0004,-0.0004,100.0,518.67,642.23,1578.68,1393.89,14.62,21.59,552.6,2387.91,9047.43,1.3,46.95,520.91,2387.9,8124.95,8.3772,0.03,390,2388,100.0,38.88,23.3888,207,168,Healthy,81.16,0
89,40,0.001,0.0003,100.0,518.67,641.93,1580.72,1390.49,14.62,21.59,552.73,2387.92,9046.83,1.3,47.18,521.29,2387.93,8128.75,8.4061,0.03,390,2388,100.0,38.91,23.4272,207,167,Healthy,80.68,0
89,41,0.0002,0.0,100.0,518.67,641.75,1576.2,1392.66,14.62,21.59,552.63,2387.94,9044.22,1.3,47.03,521.11,2387.98,8132.61,8.3668,0.03,392,2388,100.0,38.98,23.4045,207,166,Healthy,80.19,0
89,42,0.0,0.0,100.0,518.67,641.91,1580.79,1391.57,14.62,21.59,552.79,2387.98,9048.08,1.3,46.98,521.07,2387.94,8132.29,8.4316,0.03,392,2388,100.0,39.2,23.3787,207,165,Healthy,79.71,0
89,43,-0.0019,0.0,100.0,518.67,641.79,1577.11,1393.03,14.62,21.6,553.67,2388.0,9042.88,1.3,47.2,521.28,2387.95,8133.03,8.4018,0.03,393,2388,100.0,39.09,23.3429,207,164,Healthy,79.23,0
89,44,-0.0029,-0.0003,100.0,518.67,642.27,1581.05,1391.12,14.62,21.59,553.13,2387.91,9045.29,1.3,47.06,520.74,2387.88,8130.37,8.4049,0.03,389,2388,100.0,38.8,23.3703,207,163,Healthy,78.74,0
89,45,-0.0002,-0.0002,100.0,518.67,641.31,1579.48,1389.38,14.62,21.59,553.29,2387.97,9049.29,1.3,46.87,521.2,2387.93,8133.83,8.376,0.03,391,2388,100.0,39.01,23.548,207,162,Healthy,78.26,0
89,46,-0.0005,0.0,100.0,518.67,641.67,1578.33,1398.67,14.62,21.59,553.36,2387.97,9047.21,1.3,46.93,521.06,2387.97,8136.33,8.4295,0.03,390,2388,100.0,39.09,23.3436,207,161,Healthy,77.78,0
89,47,-0.0029,-0.0002,100.0,518.67,641.97,1591.5,1387.43,14.62,21.59,552.91,2387.97,9044.97,1.3,47.03,521.15,2387.97,8130.81,8.3816,0.03,390,2388,100.0,39.07,23.4215,207,160,Healthy,77.29,0
89,48,-0.0003,-0.0002,100.0,518.67,642.24,1587.04,1394.76,14.62,21.59,553.78,2387.94,9042.59,1.3,47.02,521.2,2387.87,8131.85,8.3892,0.03,389,2388,100.0,39.06,23.4124,207,159,Healthy,76.81,0
89,49,0.0023,-0.0004,100.0,518.67,641.67,1578.67,1394.89,14.62,21.59,553.14,2387.89,9052.44,1.3,47.08,520.38,2387.92,8134.59,8.387,0.03,390,2388,100.0,39.02,23.3738,207,158,Healthy,76.33,0
89,50,0.0026,0.0004,100.0,518.67,641.9,1582.32,1382.86,14.62,21.59,553.56,2387.92,9044.21,1.3,46.94,521.06,2387.92,8130.84,8.3922,0.03,390,2388,100.0,39.06,23.3663,207,157,Healthy,75.85,0
90,1,-0.0025,-0.0004,100.0,518.67,642.14,1584.74,1398.35,14.62,21.61,554.25,2388.06,9067.29,1.3,47.13,522.13,2388.03,8140.82,8.4096,0.03,390,2388,100.0,39.02,23.3176,181,180,Healthy,99.45,0
90,2,0.0,-0.0002,100.0,518.67,642.87,1583.99,1396.89,14.62,21.61,554.53,2387.99,9067.69,1.3,47.28,522.08,2388.07,8140.91,8.3908,0.03,392,2388,100.0,39.15,23.3855,181,179,Healthy,98.9,0
90,3,-0.0006,0.0,100.0,518.67,642.46,1582.06,1403.77,14.62,21.61,554.1,2388.01,9061.16,1.3,47.31,522.27,2387.99,8144.23,8.4092,0.03,392,2388,100.0,39.13,23.3891,181,178,Healthy,98.34,0
90,4,0.0023,-0.0004,100.0,518.67,642.13,1574.76,1393.67,14.62,21.61,554.75,2388.0,9063.17,1.3,47.04,522.44,2387.97,8144.06,8.3873,0.03,391,2388,100.0,39.03,23.3627,181,177,Healthy,97.79,0
90,5,0.0009,0.0002,100.0,518.67,642.88,1587.58,1401.69,14.62,21.61,554.27,2388.02,9055.82,1.3,47.24,521.88,2388.02,8142.57,8.4037,0.03,391,2388,100.0,39.01,23.335,181,176,Healthy,97.24,0
90,6,0.0042,0.0004,100.0,518.67,642.67,1586.7,1401.23,14.62,21.61,554.79,2388.03,9069.78,1.3,47.33,521.81,2388.03,8148.45,8.4066,0.03,392,2388,100.0,38.99,23.3606,181,175,Healthy,96.69,0
90,7,-0.0004,0.0005,100.0,518.67,641.82,1596.62,1403.05,14.62,21.61,554.45,2388.04,9058.85,1.3,47.38,521.98,2388.02,8142.44,8.4064,0.03,393,2388,100.0,38.95,23.3413,181,174,Healthy,96.13,0
90,8,-0.0047,-0.0001,100.0,518.67,642.49,1581.4,1399.06,14.62,21.61,554.1,2387.98,9067.28,1.3,47.2,522.29,2388.05,8139.58,8.3851,0.03,392,2388,100.0,39.05,23.4358,181,173,Healthy,95.58,0
90,9,-0.0003,-0.0002,100.0,518.67,642.47,1588.04,1408.91,14.62,21.61,553.87,2387.93,9063.46,1.3,47.25,521.99,2387.98,8144.96,8.3832,0.03,392,2388,100.0,38.93,23.3339,181,172,Healthy,95.03,0
90,10,0.0008,-0.0003,100.0,518.67,642.2,1578.92,1393.71,14.62,21.61,553.67,2388.02,9059.92,1.3,47.15,522.57,2387.98,8147.19,8.3975,0.03,392,2388,100.0,38.89,23.31,181,171,Healthy,94.48,0
90,11,-0.003,-0.0004,100.0,518.67,642.69,1586.53,1394.91,14.62,21.6,554.26,2388.06,9063.21,1.3,47.41,522.12,2388.03,8137.24,8.3979,0.03,391,2388,100.0,38.9,23.4456,181,170,Healthy,93.92,0
90,12,0.0025,0.0,100.0,518.67,642.35,1583.95,1401.85,14.62,21.61,554.67,2388.07,9062.84,1.3,47.11,521.85,2388.02,8142.16,8.4309,0.03,392,2388,100.0,38.9,23.394,181,169,Healthy,93.37,0
90,13,0.0038,0.0004,100.0,518.67,642.66,1591.59,1395.59,14.62,21.6,553.67,2387.99,9057.77,1.3,47.27,522.54,2388.07,8145.25,8.4035,0.03,393,2388,100.0,38.87,23.4095,181,168,Healthy,92.82,0
90,14,0.0006,-0.0002,100.0,518.67,642.15,1579.51,1405.58,14.62,21.61,554.57,2388.01,9057.21,1.3,47.31,522.68,2388.03,8139.36,8.3997,0.03,390,2388,100.0,39.04,23.3042,181,167,Healthy,92.27,0
90,15,-0.0015,0.0002,100.0,518.67,642.53,1588.01,1406.38,14.62,21.61,553.48,2388.03,9069.25,1.3,47.1,522.03,2388.1,8140.32,8.4234,0.03,391,2388,100.0,38.92,23.3516,181,166,Healthy,91.71,0
90,16,-0.0026,-0.0001,100.0,518.67,641.79,1583.38,1397.61,14.62,21.61,554.82,2388.01,9059.48,1.3,47.16,522.08,2388.02,8144.51,8.4004,0.03,392,2388,100.0,38.95,23.3834,181,165,Healthy,91.16,0
90,17,-0.0004,-0.0002,100.0,518.67,641.93,1584.69,1401.34,14.62,21.61,553.37,2387.98,9061.65,1.3,47.15,522.18,2388.03,8140.94,8.3998,0.03,390,2388,100.0,39.06,23.4009,181,164,Healthy,90.61,0
90,18,-0.0027,0.0004,100.0,518.67,642.49,1583.05,1398.58,14.62,21.61,554.01,2388.03,9058.98,1.3,47.14,522.72,2388.05,8143.88,8.4018,0.03,392,2388,100.0,38.99,23.4582,181,163,Healthy,90.06,0
90,19,0.0005,0.0002,100.0,518.67,642.75,1585.0,1402.34,14.62,21.61,554.01,2388.03,9065.06,1.3,47.09,522.28,2388.05,8147.27,8.4139,0.03,393,2388,100.0,39.1,23.4121,181,162,Healthy,89.5,0
90,20,0.0011,-0.0004,100.0,518.67,642.1,1587.97,1395.33,14.62,21.61,554.56,2388.0,9057.33,1.3,47.28,522.2,2388.01,8144.36,8.4582,0.03,392,2388,100.0,38.97,23.4442,181,161,Healthy,88.95,0
90,21,0.0,0.0003,100.0,518.67,642.45,1589.28,1398.03,14.62,21.61,554.0,2388.04,9064.71,1.3,47.22,522.72,2388.01,8146.01,8.403,0.03,392,2388,100.0,38.94,23.5398,181,160,Healthy,88.4,0
90,22,-0.0055,0.0005,100.0,518.67,642.08,1583.44,1399.71,14.62,21.61,554.88,2387.99,9062.23,1.3,47.01,522.01,2388.04,8148.34,8.3969,0.03,391,2388,100.0,39.07,23.4322,181,159,Healthy,87.85,0
90,23,0.0009,-0.0001,100.0,518.67,642.35,1587.77,1397.78,14.62,21.61,554.14,2388.07,9054.92,1.3,47.04,522.08,2388.02,8149.26,8.394,0.03,391,2388,100.0,39.02,23.3194,181,158,Healthy,87.29,0
90,24,-0.0044,-0.0,100.0,518.67,642.67,1580.03,1395.99,14.62,21.61,553.46,2388.0,9067.12,1.3,47.22,522.05,2387.94,8139.86,8.3973,0.03,392,2388,100.0,38.92,23.4008,181,157,Healthy,86.74,0
90,25,0.0002,-0.0003,100.0,518.67,642.2,1578.74,1400.92,14.62,21.61,553.96,2388.03,9051.63,1.3,47.06,522.16,2388.02,8140.43,8.4119,0.03,392,2388,100.0,38.97,23.3095,181,156,Healthy,86.19,0
90,26,-0.0003,-0.0001,100.0,518.67,642.25,1580.32,1395.64,14.62,21.61,554.11,2388.04,9065.13,1.3,47.41,522.43,2387.99,8147.15,8.3989,0.03,391,2388,100.0,39.02,23.3654,181,155,Healthy,85.64,0
90,27,0.0013,0.0002,100.0,518.67,642.28,1590.11,1402.35,14.62,21.61,554.47,2388.05,9056.61,1.3,47.34,522.54,2388.07,8142.37,8.4313,0.03,392,2388,100.0,39.09,23.2826,181,154,Healthy,85.08,0
90,28,0.0007,-0.0001,100.0,518.67,642.45,1586.51,1402.72,14.62,21.6,554.87,2388.01,9056.8,1.3,47.22,521.98,2388.05,8141.76,8.4012,0.03,392,2388,100.0,39.15,23.3805,181,153,Healthy,84.53,0
90,29,-0.0016,-0.0001,100.0,518.67,642.19,1595.26,1410.66,14.62,21.61,553.94,2388.01,9060.39,1.3,47.26,522.24,2388.06,8147.7,8.417,0.03,393,2388,100.0,38.97,23.3415,181,152,Healthy,83.98,0
90,30,-0.005,0.0003,100.0,518.67,642.27,1589.22,1399.7,14.62,21.61,553.97,2388.04,9062.29,1.3,47.2,521.76,2388.02,8143.61,8.4409,0.03,393,2388,100.0,39.13,23.4477,181,151,Healthy,83.43,0
90,31,0.0003,0.0001,100.0,518.67,642.28,1586.86,1408.98,14.62,21.61,554.39,2388.03,9056.96,1.3,47.29,522.54,2388.09,8139.9,8.42,0.03,392,2388,100.0,39.15,23.369,181,150,Healthy,82.87,0
90,32,0.0019,0.0001,100.0,518.67,642.29,1581.87,1403.15,14.62,21.6,553.79,2388.02,9066.22,1.3,47.21,522.56,2388.05,8143.09,8.4064,0.03,392,2388,100.0,39.19,23.4089,181,149,Healthy,82.32,0
90,33,-0.0015,0.0002,100.0,518.67,642.47,1593.26,1403.74,14.62,21.61,554.73,2388.05,9062.84,1.3,47.23,521.23,2388.03,8141.5,8.4051,0.03,393,2388,100.0,38.87,23.4217,181,148,Healthy,81.77,0
90,34,-0.0011,-0.0001,100.0,518.67,641.97,1590.18,1402.86,14.62,21.61,552.95,2388.03,9064.9,1.3,47.33,521.46,2388.06,8146.25,8.4158,0.03,392,2388,100.0,38.87,23.3416,181,147,Healthy,81.22,0
90,35,-0.0018,0.0002,100.0,518.67,642.54,1587.72,1396.67,14.62,21.61,555.02,2388.04,9061.96,1.3,47.51,521.77,2388.04,8147.54,8.4056,0.03,391,2388,100.0,39.04,23.3315,181,146,Healthy,80.66,0
90,36,-0.0002,-0.0,100.0,518.67,641.83,1584.72,1404.81,14.62,21.61,554.5,2388.01,9058.97,1.3,47.31,522.32,2388.02,8142.76,8.4026,0.03,393,2388,100.0,38.94,23.4119,181,145,Healthy,80.11,0
90,37,0.0006,-0.0002,100.0,518.67,642.86,1586.56,1401.34,14.62,21.61,553.62,2388.09,9063.6,1.3,47.15,521.72,2388.06,8142.81,8.3895,0.03,391,2388,100.0,38.73,23.3575,181,144,Healthy,79.56,0
90,38,0.001,0.0004,100.0,518.67,642.68,1578.42,1407.4,14.62,21.61,554.21,2388.04,9064.75,1.3,47.27,521.65,2388.03,8143.28,8.4329,0.03,390,2388,100.0,39.03,23.3626,181,143,Healthy,79.01,0
90,39,-0.0013,-0.0002,100.0,518.67,642.25,1587.89,1400.6,14.62,21.61,554.21,2388.0,9065.65,1.3,47.15,522.17,2388.01,8145.75,8.4472,0.03,393,2388,100.0,38.93,23.3717,181,142,Healthy,78.45,0
90,40,-0.0034,-0.0001,100.0,518.67,641.98,1582.4,1399.67,14.62,21.61,554.79,2388.05,9069.7,1.3,47.26,522.11,2388.04,8146.12,8.4118,0.03,394,2388,100.0,39.03,23.4815,181,141,Healthy,77.9,0
90,41,-0.0005,0.0001,100.0,518.67,642.33,1590.81,1402.55,14.62,21.61,555.09,2388.05,9059.09,1.3,47.47,522.54,2388.07,8141.76,8.3852,0.03,393,2388,100.0,39.08,23.31,181,140,Healthy,77.35,0
90,42,-0.0011,0.0,100.0,518.67,642.41,1584.2,1401.78,14.62,21.61,554.38,2388.07,9058.48,1.3,47.37,522.12,2387.99,8146.01,8.43,0.03,391,2388,100.0,39.06,23.3675,181,139,Healthy,76.8,0
90,43,-0.0019,0.0,100.0,518.67,642.2,1587.56,1402.85,14.62,21.61,554.36,2388.04,9068.05,1.3,47.36,521.71,2388.02,8142.68,8.398,0.03,392,2388,100.0,39.04,23.3191,181,138,Healthy,76.24,0
90,44,-0.0057,-0.0003,100.0,518.67,641.7,1580.36,1408.92,14.62,21.61,554.15,2388.05,9058.3,1.3,47.22,522.32,2388.03,8142.53,8.4484,0.03,392,2388,100.0,38.87,23.4689,181,137,Healthy,75.69,0
90,45,-0.0018,0.0004,100.0,518.67,642.2,1579.66,1401.68,14.62,21.61,553.49,2388.03,9061.86,1.3,47.38,522.49,2388.04,8143.51,8.3791,0.03,392,2388,100.0,38.98,23.3574,181,136,Healthy,75.14,0
90,46,0.0012,0.0002,100.0,518.67,642.38,1583.16,1407.47,14.62,21.61,554.03,2388.06,9061.44,1.3,47.14,521.82,2388.03,8142.0,8.4136,0.03,391,2388,100.0,38.75,23.3185,181,135,Healthy,74.59,0
90,47,0.0017,0.0002,100.0,518.67,642.49,1588.2,1406.95,14.62,21.61,554.07,2388.09,9067.83,1.3,47.16,522.55,2388.02,8146.94,8.402,0.03,393,2388,100.0,39.02,23.3848,181,134,Healthy,74.03,0
90,48,-0.0059,-0.0002,100.0,518.67,642.4,1588.23,1401.76,14.62,21.61,553.68,2388.04,9069.02,1.3,47.34,521.87,2388.05,8147.05,8.413,0.03,392,2388,100.0,38.93,23.316,181,133,Healthy,73.48,0
90,49,-0.0027,-0.0002,100.0,518.67,642.11,1587.1,1398.15,14.62,21.6,554.41,2387.98,9066.72,1.3,47.19,521.78,2388.05,8143.31,8.3978,0.03,391,2388,100.0,38.73,23.3694,181,132,Healthy,72.93,0
90,50,0.0017,0.0002,100.0,518.67,642.02,1589.01,1405.28,14.62,21.61,554.27,2388.01,9067.71,1.3,47.2,522.22,2388.02,8143.23,8.4255,0.03,392,2388,100.0,39.0,23.4991,181,131,Healthy,72.38,0
91,1,0.0019,-0.0002,100.0,518.67,641.47,1590.6,1405.18,14.62,21.61,553.65,2388.04,9067.66,1.3,47.24,522.09,2387.98,8146.17,8.3756,0.03,392,2388,100.0,39.02,23.4153,156,155,Healthy,99.36,0
91,2,0.0025,0.0,100.0,518.67,642.11,1585.19,1397.13,14.62,21.61,554.36,2388.01,9063.79,1.3,47.39,521.89,2388.0,8147.02,8.3908,0.03,392,2388,100.0,39.05,23.3266,156,154,Healthy,98.72,0
91,3,-0.0011,-0.0005,100.0,518.67,641.49,1584.55,1396.74,14.62,21.61,554.37,2388.0,9062.99,1.3,47.15,522.18,2388.03,8153.51,8.3903,0.03,392,2388,100.0,39.12,23.4336,156,153,Healthy,98.08,0
91,4,-0.0009,-0.0004,100.0,518.67,641.92,1590.04,1401.26,14.62,21.6,554.12,2388.05,9067.66,1.3,47.25,521.76,2388.03,8152.47,8.3817,0.03,390,2388,100.0,39.0,23.2557,156,152,Healthy,97.44,0
91,5,-0.0011,0.0001,100.0,518.67,642.75,1589.06,1398.97,14.62,21.61,554.33,2388.04,9073.82,1.3,47.14,522.63,2388.02,8148.74,8.3987,0.03,392,2388,100.0,39.13,23.4364,156,151,Healthy,96.79,0
91,6,0.0019,-0.0005,100.0,518.67,641.81,1591.81,1391.65,14.62,21.61,554.27,2388.0,9074.54,1.3,47.16,522.22,2388.02,8151.32,8.3847,0.03,392,2388,100.0,38.93,23.3595,156,150,Healthy,96.15,0
91,7,-0.0042,-0.0003,100.0,518.67,642.37,1588.26,1400.69,14.62,21.61,554.51,2388.02,9062.52,1.3,47.16,522.59,2388.02,8142.14,8.3859,0.03,391,2388,100.0,38.93,23.3453,156,149,Healthy,95.51,0
91,8,-0.0018,-0.0005,100.0,518.67,642.23,1584.28,1391.56,14.62,21.61,554.29,2387.99,9069.15,1.3,47.28,522.56,2388.01,8157.69,8.3965,0.03,392,2388,100.0,39.09,23.4481,156,148,Healthy,94.87,0
91,9,0.0027,0.0004,100.0,518.67,642.31,1589.01,1391.2,14.62,21.61,553.89,2387.98,9062.87,1.3,47.24,522.03,2388.03,8151.45,8.3832,0.03,393,2388,100.0,39.0,23.2691,156,147,Healthy,94.23,0
91,10,0.0024,-0.0004,100.0,518.67,642.51,1587.63,1400.41,14.62,21.61,554.02,2388.0,9066.07,1.3,47.11,522.55,2387.98,8155.63,8.378,0.03,390,2388,100.0,38.8,23.2767,156,146,Healthy,93.59,0
91,11,0.0012,-0.0001,100.0,518.67,642.35,1590.61,1397.36,14.62,21.61,554.38,2388.0,9070.54,1.3,47.33,521.98,2387.96,8146.49,8.401,0.03,392,2388,100.0,39.0,23.3286,156,145,Healthy,92.95,0
91,12,-0.0031,-0.0005,100.0,518.67,641.77,1579.3,1398.37,14.62,21.61,554.32,2388.03,9069.19,1.3,47.4,522.78,2388.03,8147.51,8.3915,0.03,391,2388,100.0,39.01,23.4507,156,144,Healthy,92.31,0
91,13,-0.0012,-0.0003,100.0,518.67,641.86,1580.17,1395.17,14.62,21.61,554.85,2388.0,9069.76,1.3,47.15,522.54,2387.97,8150.72,8.4203,0.03,390,2388,100.0,39.01,23.4362,156,143,Healthy,91.67,0
91,14,0.0016,0.0001,100.0,518.67,642.55,1586.37,1399.08,14.62,21.61,554.67,2387.97,9068.47,1.3,47.47,522.78,2388.01,8156.09,8.3912,0.03,391,2388,100.0,39.1,23.4501,156,142,Healthy,91.03,0
91,15,-0.0002,-0.0003,100.0,518.67,642.41,1582.94,1396.59,14.62,21.61,554.34,2388.01,9064.38,1.3,47.39,522.38,2387.93,8149.47,8.4084,0.03,390,2388,100.0,39.02,23.3956,156,141,Healthy,90.38,0
91,16,0.0015,-0.0002,100.0,518.67,641.86,1584.1,1406.34,14.62,21.61,554.62,2388.01,9069.58,1.3,47.23,522.29,2387.98,8148.57,8.4356,0.03,391,2388,100.0,39.01,23.3567,156,140,Healthy,89.74,0
91,17,-0.0009,-0.0003,100.0,518.67,642.41,1582.11,1407.27,14.62,21.61,554.55,2388.0,9058.11,1.3,47.17,523.22,2388.05,8141.54,8.3936,0.03,391,2388,100.0,38.9,23.432,156,139,Healthy,89.1,0
91,18,-0.003,-0.0003,100.0,518.67,642.62,1587.67,1402.32,14.62,21.61,554.11,2387.93,9071.15,1.3,47.22,522.66,2388.01,8152.16,8.3728,0.03,392,2388,100.0,38.96,23.4261,156,138,Healthy,88.46,0
91,19,0.0008,0.0002,100.0,518.67,642.13,1590.17,1397.78,14.62,21.61,554.42,2387.97,9069.33,1.3,47.05,522.38,2388.0,8153.76,8.41,0.03,392,2388,100.0,39.08,23.4685,156,137,Healthy,87.82,0
91,20,0.0004,-0.0,100.0,518.67,642.48,1584.41,1398.1,14.62,21.61,553.96,2388.01,9068.84,1.3,47.2,522.55,2387.99,8142.07,8.4139,0.03,393,2388,100.0,39.0,23.3705,156,136,Healthy,87.18,0
91,21,-0.0024,0.0001,100.0,518.67,641.97,1581.76,1396.78,14.62,21.61,555.15,2388.07,9062.41,1.3,47.38,522.52,2387.98,8151.93,8.421,0.03,391,2388,100.0,38.97,23.2847,156,135,Healthy,86.54,0
91,22,0.0037,0.0001,100.0,518.67,641.34,1583.87,1391.49,14.62,21.61,554.46,2387.98,9068.2,1.3,46.89,522.43,2388.03,8146.58,8.3987,0.03,391,2388,100.0,39.0,23.3398,156,134,Healthy,85.9,0
91,23,-0.0032,-0.0004,100.0,518.67,642.18,1582.32,1396.46,14.62,21.61,554.49,2388.0,9063.74,1.3,47.26,522.53,2388.0,8150.57,8.3952,0.03,392,2388,100.0,39.1,23.3054,156,133,Healthy,85.26,0
91,24,-0.0026,0.0001,100.0,518.67,641.97,1586.94,1398.76,14.62,21.61,554.38,2387.98,9063.72,1.3,47.26,522.29,2388.04,8147.58,8.4101,0.03,391,2388,100.0,38.92,23.4546,156,132,Healthy,84.62,0
91,25,-0.0007,-0.0003,100.0,518.67,642.34,1585.34,1392.62,14.62,21.61,554.29,2388.03,9068.15,1.3,47.19,521.63,2388.01,8145.24,8.3798,0.03,393,2388,100.0,39.01,23.4228,156,131,Healthy,83.97,0
91,26,0.0013,0.0002,100.0,518.67,641.89,1585.02,1397.89,14.62,21.61,554.05,2388.03,9066.56,1.3,47.2,522.25,2387.98,8144.8,8.3885,0.03,393,2388,100.0,38.92,23.3468,156,130,Healthy,83.33,0
91,27,0.0004,0.0002,100.0,518.67,642.24,1588.36,1405.71,14.62,21.61,554.16,2388.01,9062.94,1.3,47.26,521.99,2387.96,8151.14,8.3669,0.03,392,2388,100.0,38.97,23.4479,156,129,Healthy,82.69,0
91,28,-0.0016,0.0,100.0,518.67,641.54,1586.69,1400.29,14.62,21.61,553.65,2387.97,9065.27,1.3,47.18,521.97,2388.01,8147.28,8.4046,0.03,391,2388,100.0,39.14,23.3812,156,128,Healthy,82.05,0
91,29,-0.0027,0.0001,100.0,518.67,641.92,1581.99,1401.7,14.62,21.6,554.72,2387.99,9076.43,1.3,47.1,522.56,2387.99,8147.71,8.4117,0.03,391,2388,100.0,38.87,23.303,156,127,Healthy,81.41,0
91,30,0.0024,-0.0001,100.0,518.67,641.75,1584.63,1403.61,14.62,21.61,554.14,2387.96,9068.04,1.3,47.2,521.87,2388.01,8146.46,8.4499,0.03,393,2388,100.0,38.99,23.4222,156,126,Healthy,80.77,0
91,31,0.0003,-0.0002,100.0,518.67,642.13,1584.52,1406.11,14.62,21.61,554.84,2387.98,9067.37,1.3,47.17,522.47,2388.01,8148.46,8.4073,0.03,392,2388,100.0,38.83,23.4599,156,125,Healthy,80.13,0
91,32,-0.0005,-0.0006,100.0,518.67,642.73,1584.28,1403.92,14.62,21.61,554.04,2388.02,9069.16,1.3,47.24,521.81,2388.06,8145.48,8.4028,0.03,392,2388,100.0,38.9,23.3262,156,124,Healthy,79.49,0
91,33,0.0005,-0.0002,100.0,518.67,642.06,1584.73,1397.7,14.62,21.61,555.35,2388.0,9069.23,1.3,47.23,522.08,2388.01,8147.17,8.4159,0.03,392,2388,100.0,38.98,23.4544,156,123,Healthy,78.85,0
91,34,-0.0023,-0.0,100.0,518.67,642.77,1587.11,1405.21,14.62,21.61,554.28,2388.05,9066.74,1.3,47.32,522.31,2388.04,8147.7,8.3902,0.03,392,2388,100.0,39.05,23.4123,156,122,Healthy,78.21,0
91,35,0.0001,0.0002,100.0,518.67,642.17,1584.72,1403.54,14.62,21.61,554.61,2388.0,9068.16,1.3,47.31,521.63,2388.02,8151.9,8.3573,0.03,392,2388,100.0,38.97,23.4387,156,121,Healthy,77.56,0
91,36,0.0029,0.0001,100.0,518.67,641.63,1581.94,1404.11,14.62,21.61,554.56,2388.01,9069.15,1.3,47.2,522.15,2388.08,8148.52,8.4397,0.03,391,2388,100.0,38.9,23.3623,156,120,Early_Wear,76.92,0
91,37,0.0013,0.0003,100.0,518.67,642.01,1585.33,1401.56,14.62,21.61,554.25,2388.04,9072.46,1.3,47.19,521.93,2388.04,8154.26,8.3908,0.03,392,2388,100.0,38.97,23.2455,156,119,Early_Wear,76.28,0
91,38,0.0003,-0.0001,100.0,518.67,642.19,1581.86,1397.41,14.62,21.61,554.6,2387.93,9062.03,1.3,47.13,522.05,2388.01,8146.14,8.4055,0.03,391,2388,100.0,39.19,23.4394,156,118,Early_Wear,75.64,0
91,39,-0.0008,-0.0002,100.0,518.67,642.39,1593.91,1398.38,14.62,21.61,553.54,2388.04,9065.34,1.3,47.08,522.09,2387.98,8149.52,8.3714,0.03,392,2388,100.0,39.16,23.4413,156,117,Early_Wear,75.0,0
91,40,0.0027,-0.0004,100.0,518.67,642.57,1581.27,1405.0,14.62,21.61,554.3,2388.02,9074.67,1.3,47.22,521.81,2388.05,8151.19,8.4336,0.03,391,2388,100.0,39.02,23.3735,156,116,Early_Wear,74.36,0
91,41,-0.0024,-0.0004,100.0,518.67,642.11,1586.19,1400.41,14.62,21.61,554.44,2388.01,9073.32,1.3,47.24,522.2,2388.04,8152.08,8.3857,0.03,393,2388,100.0,39.04,23.4384,156,115,Early_Wear,73.72,0
91,42,-0.0004,0.0004,100.0,518.67,642.45,1586.31,1402.85,14.62,21.61,554.45,2388.02,9064.46,1.3,47.45,522.48,2388.0,8150.96,8.3974,0.03,391,2388,100.0,39.19,23.3823,156,114,Early_Wear,73.08,0
91,43,-0.0013,-0.0001,100.0,518.67,642.26,1582.2,1404.28,14.62,21.61,554.61,2388.06,9071.25,1.3,47.18,521.99,2388.01,8144.16,8.423,0.03,393,2388,100.0,38.84,23.5238,156,113,Early_Wear,72.44,0
91,44,0.0026,-0.0001,100.0,518.67,642.99,1581.97,1403.05,14.62,21.61,554.75,2388.0,9064.33,1.3,47.32,522.0,2388.05,8149.26,8.4014,0.03,391,2388,100.0,38.99,23.2707,156,112,Early_Wear,71.79,0
91,45,0.0025,0.0003,100.0,518.67,641.96,1583.69,1400.52,14.62,21.61,554.53,2387.96,9072.15,1.3,47.22,522.7,2388.02,8151.41,8.3719,0.03,391,2388,100.0,38.95,23.2764,156,111,Early_Wear,71.15,0
91,46,-0.0006,0.0001,100.0,518.67,642.01,1585.67,1400.39,14.62,21.61,553.65,2388.02,9074.04,1.3,47.13,522.97,2388.02,8150.53,8.4153,0.03,391,2388,100.0,38.92,23.4059,156,110,Early_Wear,70.51,0
91,47,-0.0043,0.0004,100.0,518.67,642.11,1581.38,1401.6,14.62,21.61,554.96,2387.99,9066.79,1.3,47.27,521.88,2388.0,8154.7,8.409,0.03,391,2388,100.0,38.9,23.388,156,109,Early_Wear,69.87,0
91,48,-0.0033,-0.0004,100.0,518.67,641.99,1585.33,1403.95,14.62,21.61,554.13,2388.03,9066.44,1.3,47.33,522.39,2388.01,8147.04,8.4214,0.03,391,2388,100.0,39.05,23.3575,156,108,Early_Wear,69.23,0
91,49,0.0006,-0.0001,100.0,518.67,642.05,1577.13,1398.37,14.62,21.61,553.59,2388.02,9071.53,1.3,47.29,522.05,2388.06,8149.44,8.4092,0.03,392,2388,100.0,39.08,23.3639,156,107,Early_Wear,68.59,0
91,50,0.0008,-0.0002,100.0,518.67,642.35,1577.75,1404.72,14.62,21.61,554.34,2388.05,9074.38,1.3,47.18,521.89,2387.96,8148.69,8.4226,0.03,392,2388,100.0,38.87,23.4274,156,106,Early_Wear,67.95,0
92,1,0.0045,-0.0,100.0,518.67,642.53,1600.19,1411.03,14.62,21.61,553.54,2388.11,9049.03,1.3,47.59,521.74,2388.12,8130.76,8.4717,0.03,392,2388,100.0,38.65,23.3646,158,157,Healthy,99.37,0
92,2,-0.001,0.0001,100.0,518.67,642.49,1594.99,1419.4,14.62,21.61,553.62,2388.07,9046.26,1.3,47.48,521.33,2388.13,8123.01,8.4479,0.03,393,2388,100.0,38.8,23.311,158,156,Healthy,98.73,0
92,3,-0.001,0.0004,100.0,518.67,643.11,1593.98,1406.52,14.62,21.61,552.83,2388.08,9049.07,1.3,47.6,521.29,2388.09,8122.15,8.4554,0.03,395,2388,100.0,38.76,23.3532,158,155,Healthy,98.1,0
92,4,0.0014,0.0002,100.0,518.67,642.56,1587.59,1407.89,14.62,21.61,552.99,2388.12,9047.79,1.3,47.6,520.82,2388.07,8125.51,8.4456,0.03,394,2388,100.0,38.88,23.2537,158,154,Healthy,97.47,0
92,5,-0.0005,-0.0004,100.0,518.67,642.38,1592.06,1407.44,14.62,21.61,553.34,2388.14,9043.83,1.3,47.56,521.05,2388.13,8127.62,8.4456,0.03,395,2388,100.0,38.73,23.3234,158,153,Healthy,96.84,0
92,6,0.0034,0.0004,100.0,518.67,642.58,1587.22,1411.84,14.62,21.61,553.46,2388.19,9050.96,1.3,47.44,521.4,2388.15,8124.03,8.4588,0.03,394,2388,100.0,38.72,23.1945,158,152,Healthy,96.2,0
92,7,-0.0011,0.0005,100.0,518.67,642.89,1582.86,1405.77,14.62,21.61,553.34,2388.11,9051.64,1.3,47.45,521.58,2388.1,8122.79,8.4551,0.03,394,2388,100.0,38.87,23.2669,158,151,Healthy,95.57,0
92,8,-0.0005,-0.0002,100.0,518.67,642.98,1583.49,1409.79,14.62,21.61,553.26,2388.15,9045.93,1.3,47.55,521.46,2388.13,8125.36,8.4383,0.03,393,2388,100.0,38.86,23.3579,158,150,Healthy,94.94,0
92,9,-0.0023,-0.0002,100.0,518.67,642.54,1588.18,1409.14,14.62,21.61,552.49,2388.19,9042.35,1.3,47.55,521.49,2388.16,8122.33,8.4433,0.03,393,2388,100.0,38.82,23.3482,158,149,Healthy,94.3,0
92,10,-0.0026,-0.0004,100.0,518.67,642.62,1591.05,1404.93,14.62,21.61,553.36,2388.16,9050.08,1.3,47.42,520.83,2388.13,8128.15,8.4374,0.03,392,2388,100.0,38.73,23.2603,158,148,Healthy,93.67,0
92,11,0.0029,-0.0005,100.0,518.67,642.78,1593.37,1399.82,14.62,21.61,552.86,2388.13,9047.51,1.3,47.43,521.74,2388.07,8125.44,8.47,0.03,393,2388,100.0,39.06,23.228,158,147,Healthy,93.04,0
92,12,-0.0014,0.0001,100.0,518.67,643.19,1587.69,1409.81,14.62,21.61,552.9,2388.15,9037.42,1.3,47.67,520.77,2388.09,8120.95,8.4504,0.03,395,2388,100.0,38.66,23.2965,158,146,Healthy,92.41,0
92,13,0.0009,-0.0004,100.0,518.67,642.92,1591.63,1405.26,14.62,21.61,553.07,2388.16,9041.19,1.3,47.53,521.69,2388.09,8125.59,8.4371,0.03,392,2388,100.0,38.88,23.2306,158,145,Healthy,91.77,0
92,14,0.001,-0.0005,100.0,518.67,642.57,1584.26,1408.73,14.62,21.61,553.66,2388.13,9041.59,1.3,47.51,521.31,2388.09,8122.12,8.4133,0.03,393,2388,100.0,38.91,23.3419,158,144,Healthy,91.14,0
92,15,-0.0008,0.0005,100.0,518.67,643.17,1595.34,1408.85,14.62,21.61,553.24,2388.1,9044.85,1.3,47.4,521.12,2388.15,8127.63,8.4381,0.03,393,2388,100.0,38.7,23.1795,158,143,Healthy,90.51,0
92,16,-0.0022,0.0002,100.0,518.67,643.16,1591.6,1405.23,14.62,21.61,553.56,2388.15,9043.65,1.3,47.67,521.86,2388.11,8127.4,8.4618,0.03,394,2388,100.0,38.84,23.4242,158,142,Healthy,89.87,0
92,17,0.0005,0.0001,100.0,518.67,642.9,1585.77,1407.99,14.62,21.61,553.65,2388.16,9047.15,1.3,47.64,520.93,2388.1,8129.59,8.459,0.03,394,2388,100.0,38.69,23.1898,158,141,Healthy,89.24,0
92,18,0.0041,-0.0004,100.0,518.67,642.99,1596.58,1408.47,14.62,21.61,553.18,2388.11,9052.01,1.3,47.49,521.69,2388.14,8124.25,8.4545,0.03,393,2388,100.0,38.87,23.2982,158,140,Healthy,88.61,0
92,19,0.0036,0.0001,100.0,518.67,642.73,1594.0,1401.04,14.62,21.61,553.68,2388.14,9046.48,1.3,47.42,520.85,2388.1,8132.11,8.4243,0.03,394,2388,100.0,38.91,23.2656,158,139,Healthy,87.97,0
92,20,0.0009,-0.0003,100.0,518.67,643.35,1588.93,1412.83,14.62,21.61,553.17,2388.12,9050.46,1.3,47.52,521.03,2388.12,8130.94,8.46,0.03,392,2388,100.0,38.75,23.3746,158,138,Healthy,87.34,0
92,21,0.0019,-0.0004,100.0,518.67,642.72,1585.46,1409.36,14.62,21.61,553.48,2388.13,9040.39,1.3,47.59,521.21,2388.15,8131.08,8.4875,0.03,394,2388,100.0,38.98,23.2384,158,137,Healthy,86.71,0
92,22,-0.0012,0.0003,100.0,518.67,642.16,1588.18,1411.21,14.62,21.61,553.69,2388.05,9052.25,1.3,47.59,521.72,2388.09,8126.05,8.4471,0.03,393,2388,100.0,38.91,23.3034,158,136,Healthy,86.08,0
92,23,-0.0009,-0.0,100.0,518.67,642.71,1587.72,1413.31,14.62,21.61,553.9,2388.13,9041.97,1.3,47.55,521.27,2388.14,8135.34,8.4598,0.03,393,2388,100.0,39.04,23.2392,158,135,Healthy,85.44,0
92,24,-0.0013,-0.0002,100.0,518.67,642.74,1590.2,1403.28,14.62,21.61,554.03,2388.16,9046.81,1.3,47.41,521.22,2388.09,8126.47,8.4641,0.03,393,2388,100.0,38.77,23.2786,158,134,Healthy,84.81,0
92,25,-0.0002,-0.0003,100.0,518.67,642.43,1593.02,1410.79,14.62,21.61,553.34,2388.12,9044.43,1.3,47.57,521.15,2388.19,8131.4,8.4328,0.03,393,2388,100.0,38.96,23.3291,158,133,Healthy,84.18,0
92,26,0.0029,-0.0004,100.0,518.67,643.05,1592.54,1406.51,14.62,21.61,554.5,2388.16,9047.45,1.3,47.7,521.41,2388.12,8125.53,8.4716,0.03,395,2388,100.0,38.72,23.1957,158,132,Healthy,83.54,0
92,27,-0.0028,-0.0001,100.0,518.67,642.83,1594.09,1416.09,14.62,21.61,552.54,2388.12,9046.93,1.3,47.58,521.17,2388.14,8125.12,8.4346,0.03,393,2388,100.0,39.01,23.2809,158,131,Healthy,82.91,0
92,28,-0.0008,-0.0004,100.0,518.67,642.3,1591.85,1407.93,14.62,21.61,553.67,2388.14,9048.74,1.3,47.54,520.74,2388.09,8130.59,8.4505,0.03,393,2388,100.0,38.72,23.3169,158,130,Healthy,82.28,0
92,29,0.001,-0.0003,100.0,518.67,642.6,1586.83,1410.22,14.62,21.61,553.3,2388.05,9048.34,1.3,47.7,521.05,2388.15,8124.9,8.4382,0.03,393,2388,100.0,38.75,23.2694,158,129,Healthy,81.65,0
92,30,0.0022,-0.0001,100.0,518.67,642.98,1591.71,1408.32,14.62,21.61,553.42,2388.15,9048.2,1.3,47.44,521.14,2388.13,8122.62,8.4302,0.03,394,2388,100.0,38.99,23.3783,158,128,Healthy,81.01,0
92,31,0.0014,0.0004,100.0,518.67,642.07,1579.84,1411.27,14.62,21.61,553.25,2388.13,9037.74,1.3,47.38,521.73,2388.2,8126.12,8.4006,0.03,390,2388,100.0,38.8,23.2564,158,127,Healthy,80.38,0
92,32,0.0018,0.0001,100.0,518.67,642.64,1588.59,1414.0,14.62,21.61,553.13,2388.16,9041.66,1.3,47.53,521.45,2388.12,8126.56,8.4553,0.03,393,2388,100.0,38.69,23.2695,158,126,Healthy,79.75,0
92,33,-0.0014,-0.0004,100.0,518.67,642.17,1590.35,1411.25,14.62,21.61,552.77,2388.11,9050.71,1.3,47.57,521.05,2388.12,8128.5,8.4915,0.03,394,2388,100.0,38.83,23.2385,158,125,Healthy,79.11,0
92,34,0.0038,0.0003,100.0,518.67,642.99,1590.2,1401.18,14.62,21.61,553.39,2388.14,9050.0,1.3,47.54,520.97,2388.15,8123.56,8.4487,0.03,391,2388,100.0,38.78,23.2213,158,124,Healthy,78.48,0
92,35,0.0004,-0.0003,100.0,518.67,643.09,1590.99,1403.23,14.62,21.61,552.93,2388.08,9047.02,1.3,47.61,521.11,2388.15,8121.69,8.3992,0.03,393,2388,100.0,38.77,23.2923,158,123,Healthy,77.85,0
92,36,0.0016,0.0005,100.0,518.67,642.63,1590.52,1408.08,14.62,21.61,553.08,2388.13,9048.42,1.3,47.57,521.62,2388.16,8128.49,8.4527,0.03,393,2388,100.0,38.69,23.2993,158,122,Healthy,77.22,0
92,37,0.0007,0.0001,100.0,518.67,642.9,1588.8,1409.64,14.62,21.61,553.33,2388.09,9044.11,1.3,47.63,521.42,2388.16,8125.17,8.4189,0.03,393,2388,100.0,38.9,23.327,158,121,Healthy,76.58,0
92,38,-0.0,0.0003,100.0,518.67,642.94,1589.29,1409.15,14.62,21.61,553.92,2388.13,9047.94,1.3,47.44,521.34,2388.19,8126.03,8.4638,0.03,393,2388,100.0,38.83,23.3327,158,120,Early_Wear,75.95,0
92,39,0.0021,0.0001,100.0,518.67,642.84,1589.68,1413.52,14.62,21.61,553.67,2388.14,9059.6,1.3,47.67,521.38,2388.18,8124.82,8.4547,0.03,393,2388,100.0,38.94,23.36,158,119,Early_Wear,75.32,0
92,40,-0.0002,-0.0004,100.0,518.67,642.5,1596.69,1412.34,14.62,21.61,553.2,2388.16,9041.9,1.3,47.76,521.24,2388.15,8124.95,8.4657,0.03,393,2388,100.0,38.84,23.2331,158,118,Early_Wear,74.68,0
92,41,0.0017,0.0004,100.0,518.67,642.54,1596.12,1404.94,14.62,21.61,552.8,2388.15,9047.62,1.3,47.6,521.44,2388.12,8127.41,8.4138,0.03,393,2388,100.0,38.73,23.3198,158,117,Early_Wear,74.05,0
92,42,-0.0,-0.0001,100.0,518.67,642.72,1592.3,1410.41,14.62,21.61,553.56,2388.12,9047.44,1.3,47.55,521.47,2388.13,8125.31,8.4614,0.03,394,2388,100.0,38.68,23.2069,158,116,Early_Wear,73.42,0
92,43,0.0017,-0.0001,100.0,518.67,642.36,1596.49,1414.39,14.62,21.61,552.28,2388.15,9049.39,1.3,47.65,521.02,2388.11,8129.76,8.4535,0.03,394,2388,100.0,39.02,23.2886,158,115,Early_Wear,72.78,0
92,44,-0.0006,0.0004,100.0,518.67,642.12,1595.69,1408.17,14.62,21.61,553.47,2388.15,9046.57,1.3,47.49,521.72,2388.13,8127.37,8.4114,0.03,393,2388,100.0,38.72,23.3188,158,114,Early_Wear,72.15,0
92,45,0.0023,-0.0004,100.0,518.67,643.27,1596.17,1411.04,14.62,21.61,553.58,2388.08,9041.82,1.3,47.62,521.42,2388.11,8121.39,8.4288,0.03,393,2388,100.0,38.7,23.3074,158,113,Early_Wear,71.52,0
92,46,0.0037,-0.0001,100.0,518.67,643.05,1582.68,1407.28,14.62,21.61,553.16,2388.13,9039.19,1.3,47.59,521.39,2388.12,8125.49,8.4452,0.03,393,2388,100.0,38.74,23.2345,158,112,Early_Wear,70.89,0
92,47,0.0006,-0.0003,100.0,518.67,642.84,1590.81,1415.48,14.62,21.61,553.37,2388.12,9035.69,1.3,47.64,521.06,2388.17,8122.24,8.4258,0.03,393,2388,100.0,38.72,23.2983,158,111,Early_Wear,70.25,0
92,48,0.0002,0.0,100.0,518.67,642.96,1588.11,1418.85,14.62,21.61,553.22,2388.12,9043.09,1.3,47.6,520.73,2388.12,8123.34,8.4305,0.03,392,2388,100.0,38.65,23.3382,158,110,Early_Wear,69.62,0
92,49,-0.0029,0.0004,100.0,518.67,642.72,1593.0,1408.64,14.62,21.61,553.5,2388.12,9051.58,1.3,47.64,521.27,2388.09,8121.84,8.4647,0.03,393,2388,100.0,38.86,23.2387,158,109,Early_Wear,68.99,0
92,50,-0.0007,-0.0004,100.0,518.67,643.17,1591.95,1410.09,14.62,21.61,552.65,2388.18,9042.98,1.3,47.69,521.41,2388.11,8126.06,8.4159,0.03,391,2388,100.0,38.56,23.2954,158,108,Early_Wear,68.35,0
93,1,0.0031,-0.0004,100.0,518.67,642.53,1586.11,1408.83,14.62,21.61,554.43,2387.98,9065.12,1.3,47.23,522.01,2388.02,8139.32,8.4126,0.03,391,2388,100.0,39.0,23.2955,171,170,Healthy,99.42,0
93,2,0.0031,-0.0001,100.0,518.67,642.48,1590.61,1396.59,14.62,21.61,553.85,2388.01,9059.28,1.3,47.37,522.31,2387.99,8143.08,8.4003,0.03,392,2388,100.0,38.93,23.3355,171,169,Healthy,98.83,0
93,3,0.0014,-0.0003,100.0,518.67,642.09,1586.58,1393.61,14.62,21.61,553.95,2388.03,9060.33,1.3,47.22,522.35,2387.97,8145.24,8.3902,0.03,393,2388,100.0,38.79,23.455,171,168,Healthy,98.25,0
93,4,0.0024,-0.0004,100.0,518.67,642.43,1578.84,1400.24,14.62,21.61,554.33,2387.96,9061.69,1.3,47.37,521.47,2388.05,8148.09,8.4337,0.03,392,2388,100.0,39.05,23.4474,171,167,Healthy,97.66,0
93,5,-0.0041,0.0001,100.0,518.67,641.73,1584.86,1406.2,14.62,21.61,553.95,2388.06,9066.64,1.3,47.24,521.48,2388.06,8148.17,8.3694,0.03,393,2388,100.0,39.0,23.492,171,166,Healthy,97.08,0
93,6,-0.0019,0.0001,100.0,518.67,642.79,1584.68,1397.63,14.62,21.61,554.45,2388.0,9062.71,1.3,47.29,522.54,2388.04,8143.33,8.4146,0.03,392,2388,100.0,38.95,23.4864,171,165,Healthy,96.49,0
93,7,0.001,0.0004,100.0,518.67,642.43,1589.26,1405.17,14.62,21.61,554.15,2388.01,9056.9,1.3,47.15,521.71,2388.01,8140.49,8.4181,0.03,392,2388,100.0,38.93,23.4898,171,164,Healthy,95.91,0
93,8,0.0019,0.0,100.0,518.67,642.23,1584.94,1397.85,14.62,21.61,554.52,2388.02,9065.18,1.3,47.32,521.67,2388.06,8148.51,8.4586,0.03,393,2388,100.0,38.85,23.4512,171,163,Healthy,95.32,0
93,9,0.0012,0.0001,100.0,518.67,642.78,1595.71,1401.82,14.62,21.61,553.9,2388.03,9066.91,1.3,47.28,522.46,2388.07,8141.81,8.4209,0.03,394,2388,100.0,39.07,23.3903,171,162,Healthy,94.74,0
93,10,0.001,-0.0002,100.0,518.67,642.5,1582.66,1402.89,14.62,21.61,553.89,2388.02,9068.91,1.3,47.41,521.84,2388.02,8144.7,8.4005,0.03,393,2388,100.0,38.89,23.2577,171,161,Healthy,94.15,0
93,11,-0.0017,-0.0,100.0,518.67,642.16,1586.35,1394.75,14.62,21.61,554.31,2388.07,9060.14,1.3,47.23,522.31,2388.02,8147.9,8.3946,0.03,393,2388,100.0,39.0,23.3104,171,160,Healthy,93.57,0
93,12,0.0021,-0.0003,100.0,518.67,642.58,1592.22,1397.55,14.62,21.61,554.54,2388.07,9066.98,1.3,47.23,522.31,2388.03,8141.39,8.3684,0.03,393,2388,100.0,38.9,23.3345,171,159,Healthy,92.98,0
93,13,0.0012,-0.0,100.0,518.67,643.02,1582.04,1399.81,14.62,21.61,553.56,2388.01,9067.03,1.3,47.38,521.76,2387.98,8150.72,8.4475,0.03,391,2388,100.0,38.9,23.4724,171,158,Healthy,92.4,0
93,14,-0.0004,0.0002,100.0,518.67,641.98,1588.93,1405.03,14.62,21.61,553.6,2388.03,9061.59,1.3,47.37,521.75,2388.0,8150.32,8.417,0.03,392,2388,100.0,38.82,23.2236,171,157,Healthy,91.81,0
93,15,-0.002,0.0003,100.0,518.67,641.91,1581.49,1400.6,14.62,21.61,554.72,2388.05,9066.74,1.3,47.28,521.79,2388.02,8149.76,8.4213,0.03,393,2388,100.0,38.75,23.4056,171,156,Healthy,91.23,0
93,16,0.0003,0.0001,100.0,518.67,642.86,1584.18,1402.52,14.62,21.61,553.7,2388.09,9059.46,1.3,47.18,522.67,2388.05,8139.46,8.3922,0.03,392,2388,100.0,38.91,23.3571,171,155,Healthy,90.64,0
93,17,0.0008,-0.0,100.0,518.67,642.55,1591.84,1402.02,14.62,21.61,554.24,2388.0,9060.18,1.3,47.22,522.34,2388.03,8151.35,8.4397,0.03,391,2388,100.0,38.81,23.3382,171,154,Healthy,90.06,0
93,18,0.0009,0.0001,100.0,518.67,642.28,1580.44,1402.19,14.62,21.61,554.1,2388.01,9065.19,1.3,47.3,521.93,2388.04,8145.56,8.4058,0.03,393,2388,100.0,38.94,23.4094,171,153,Healthy,89.47,0
93,19,0.0022,-0.0002,100.0,518.67,642.83,1590.84,1398.76,14.62,21.61,554.41,2388.01,9065.28,1.3,47.36,521.83,2388.03,8148.93,8.3942,0.03,393,2388,100.0,38.97,23.3421,171,152,Healthy,88.89,0
93,20,0.0005,-0.0002,100.0,518.67,641.85,1580.03,1402.39,14.62,21.61,554.09,2388.03,9063.7,1.3,47.25,522.1,2388.08,8145.86,8.4443,0.03,392,2388,100.0,39.07,23.3421,171,151,Healthy,88.3,0
93,21,-0.0005,-0.0004,100.0,518.67,642.18,1592.76,1400.31,14.62,21.61,554.04,2388.07,9059.31,1.3,47.16,521.89,2388.01,8142.77,8.3865,0.03,393,2388,100.0,38.91,23.312,171,150,Healthy,87.72,0
93,22,0.0012,0.0001,100.0,518.67,642.26,1582.9,1406.36,14.62,21.61,553.91,2388.01,9062.06,1.3,47.27,522.31,2388.04,8146.69,8.4,0.03,392,2388,100.0,38.93,23.3259,171,149,Healthy,87.13,0
93,23,0.0048,-0.0001,100.0,518.67,642.51,1584.35,1398.09,14.62,21.61,554.87,2387.97,9067.84,1.3,47.25,521.99,2388.03,8143.43,8.4276,0.03,391,2388,100.0,38.87,23.3622,171,148,Healthy,86.55,0
93,24,-0.0008,-0.0001,100.0,518.67,642.26,1584.03,1402.1,14.62,21.61,553.97,2388.07,9063.74,1.3,47.28,521.18,2388.03,8140.85,8.4328,0.03,392,2388,100.0,39.01,23.322,171,147,Healthy,85.96,0
93,25,0.001,0.0003,100.0,518.67,642.35,1580.12,1400.68,14.62,21.61,554.64,2388.05,9065.24,1.3,47.31,521.97,2388.01,8143.76,8.4203,0.03,393,2388,100.0,38.89,23.4195,171,146,Healthy,85.38,0
93,26,-0.0001,-0.0003,100.0,518.67,642.58,1586.53,1407.16,14.62,21.61,554.07,2388.03,9064.5,1.3,47.15,522.03,2388.02,8140.92,8.4312,0.03,393,2388,100.0,38.81,23.3124,171,145,Healthy,84.8,0
93,27,-0.0007,0.0005,100.0,518.67,642.68,1589.42,1403.86,14.62,21.61,554.34,2388.04,9068.87,1.3,47.25,522.5,2388.04,8151.38,8.4465,0.03,391,2388,100.0,38.85,23.2373,171,144,Healthy,84.21,0
93,28,0.0015,-0.0004,100.0,518.67,642.42,1582.79,1398.18,14.62,21.61,553.67,2388.05,9071.45,1.3,47.36,521.78,2388.02,8145.13,8.4201,0.03,392,2388,100.0,38.86,23.4181,171,143,Healthy,83.63,0
93,29,-0.0016,-0.0003,100.0,518.67,642.49,1584.16,1404.32,14.62,21.61,554.29,2388.01,9066.44,1.3,47.42,522.23,2388.06,8145.72,8.3896,0.03,394,2388,100.0,38.86,23.1983,171,142,Healthy,83.04,0
93,30,-0.0026,0.0,100.0,518.67,641.91,1589.21,1396.17,14.62,21.61,554.06,2388.05,9059.34,1.3,47.36,522.37,2388.04,8145.21,8.4244,0.03,393,2388,100.0,38.92,23.2855,171,141,Healthy,82.46,0
93,31,0.0014,0.0005,100.0,518.67,641.76,1590.98,1403.4,14.62,21.61,553.68,2388.03,9059.09,1.3,47.47,521.73,2388.08,8148.13,8.3945,0.03,393,2388,100.0,38.96,23.1838,171,140,Healthy,81.87,0
93,32,0.0009,-0.0002,100.0,518.67,642.3,1585.69,1400.77,14.62,21.6,554.07,2388.02,9068.68,1.3,47.22,522.34,2388.03,8148.16,8.4099,0.03,392,2388,100.0,38.88,23.3891,171,139,Healthy,81.29,0
93,33,-0.0016,0.0002,100.0,518.67,642.16,1587.19,1388.88,14.62,21.61,553.66,2388.01,9063.88,1.3,47.28,522.24,2388.06,8139.34,8.4007,0.03,391,2388,100.0,38.96,23.3711,171,138,Healthy,80.7,0
93,34,0.0004,0.0002,100.0,518.67,642.42,1587.86,1397.08,14.62,21.61,553.88,2388.07,9064.51,1.3,47.34,521.86,2388.04,8144.84,8.4334,0.03,392,2388,100.0,38.94,23.3675,171,137,Healthy,80.12,0
93,35,0.0002,0.0003,100.0,518.67,642.51,1592.22,1407.08,14.62,21.61,553.92,2388.05,9066.11,1.3,47.39,521.88,2388.01,8141.85,8.4385,0.03,391,2388,100.0,38.81,23.3701,171,136,Healthy,79.53,0
93,36,0.0003,0.0003,100.0,518.67,642.8,1585.53,1399.79,14.62,21.61,554.4,2388.04,9058.67,1.3,47.5,522.39,2388.05,8148.04,8.4537,0.03,394,2388,100.0,38.91,23.2649,171,135,Healthy,78.95,0
93,37,-0.0001,-0.0,100.0,518.67,642.82,1587.91,1406.43,14.62,21.61,554.02,2388.1,9060.87,1.3,47.45,522.17,2388.02,8144.85,8.4445,0.03,394,2388,100.0,38.86,23.3607,171,134,Healthy,78.36,0
93,38,0.0003,0.0002,100.0,518.67,643.2,1586.71,1405.24,14.62,21.61,554.27,2388.11,9070.41,1.3,47.23,522.09,2388.02,8151.01,8.4265,0.03,390,2388,100.0,39.02,23.461,171,133,Healthy,77.78,0
93,39,0.0004,0.0002,100.0,518.67,642.43,1584.59,1408.24,14.62,21.61,553.86,2388.06,9069.91,1.3,47.42,521.68,2388.06,8144.66,8.404,0.03,391,2388,100.0,38.97,23.3683,171,132,Healthy,77.19,0
93,40,-0.0044,-0.0004,100.0,518.67,643.1,1580.65,1400.71,14.62,21.61,554.2,2388.01,9068.15,1.3,47.43,522.64,2388.05,8144.59,8.4335,0.03,392,2388,100.0,38.75,23.4836,171,131,Healthy,76.61,0
93,41,-0.0033,0.0001,100.0,518.67,642.66,1584.49,1405.26,14.62,21.61,554.07,2388.03,9068.08,1.3,47.27,522.16,2388.02,8143.77,8.4113,0.03,392,2388,100.0,38.97,23.4056,171,130,Healthy,76.02,0
93,42,0.0047,0.0002,100.0,518.67,643.18,1590.15,1405.07,14.62,21.61,554.33,2388.01,9059.4,1.3,47.42,522.36,2388.05,8142.19,8.4278,0.03,392,2388,100.0,38.92,23.3212,171,129,Healthy,75.44,0
93,43,-0.0031,-0.0002,100.0,518.67,642.81,1591.22,1399.47,14.62,21.61,553.97,2388.06,9060.94,1.3,47.32,522.64,2388.06,8142.52,8.4191,0.03,392,2388,100.0,38.83,23.2599,171,128,Healthy,74.85,0
93,44,-0.0018,-0.0005,100.0,518.67,642.32,1587.93,1404.12,14.62,21.61,553.63,2388.09,9059.93,1.3,47.21,522.05,2388.07,8145.9,8.4162,0.03,392,2388,100.0,39.08,23.4401,171,127,Healthy,74.27,0
93,45,0.0025,0.0003,100.0,518.67,642.15,1586.89,1407.82,14.62,21.61,553.92,2388.01,9063.24,1.3,47.13,521.64,2388.0,8145.16,8.4398,0.03,393,2388,100.0,38.96,23.477,171,126,Healthy,73.68,0
93,46,-0.0008,0.0,100.0,518.67,642.24,1594.95,1403.76,14.62,21.61,553.92,2388.01,9066.83,1.3,47.17,521.71,2388.01,8143.3,8.4111,0.03,394,2388,100.0,38.96,23.3413,171,125,Healthy,73.1,0
93,47,-0.0026,0.0003,100.0,518.67,642.11,1588.48,1399.16,14.62,21.61,553.55,2388.07,9059.95,1.3,47.23,521.91,2387.98,8147.29,8.4061,0.03,392,2388,100.0,38.91,23.3395,171,124,Healthy,72.51,0
93,48,-0.0003,0.0002,100.0,518.67,642.52,1586.85,1403.18,14.62,21.61,553.6,2388.04,9068.87,1.3,47.22,522.02,2388.02,8143.33,8.3982,0.03,393,2388,100.0,38.98,23.3776,171,123,Healthy,71.93,0
93,49,0.0036,0.0004,100.0,518.67,642.34,1596.36,1395.94,14.62,21.61,553.85,2388.05,9067.92,1.3,47.11,521.85,2388.02,8144.73,8.4129,0.03,391,2388,100.0,38.92,23.4361,171,122,Healthy,71.35,0
93,50,0.0054,-0.0003,100.0,518.67,642.49,1578.71,1400.76,14.62,21.61,554.12,2388.02,9065.18,1.3,47.3,521.51,2388.03,8139.73,8.4093,0.03,392,2388,100.0,38.91,23.2875,171,121,Healthy,70.76,0
94,1,0.002,-0.0001,100.0,518.67,642.14,1581.31,1399.02,14.62,21.6,557.2,2388.1,9058.47,1.3,47.36,524.46,2388.11,8144.42,8.3646,0.03,393,2388,100.0,39.24,23.4823,392,391,Healthy,99.74,0
94,2,0.0023,-0.0005,100.0,518.67,641.96,1580.56,1405.09,14.62,21.6,556.31,2388.03,9064.9,1.3,47.4,525.12,2388.07,8146.06,8.3823,0.03,390,2388,100.0,39.26,23.4492,392,390,Healthy,99.49,0
94,3,-0.0003,-0.0001,100.0,518.67,642.47,1585.39,1393.83,14.62,21.6,555.76,2388.07,9068.09,1.3,47.16,524.92,2388.06,8142.92,8.3873,0.03,392,2388,100.0,39.2,23.4152,392,389,Healthy,99.23,0
94,4,-0.0037,0.0003,100.0,518.67,642.25,1588.72,1399.79,14.62,21.6,557.47,2388.09,9067.62,1.3,47.33,524.94,2388.08,8140.61,8.349,0.03,394,2388,100.0,39.24,23.631,392,388,Healthy,98.98,0
94,5,-0.0012,0.0003,100.0,518.67,641.78,1590.84,1404.72,14.62,21.61,557.04,2388.13,9067.69,1.3,47.41,525.38,2388.05,8147.54,8.3486,0.03,392,2388,100.0,39.17,23.4768,392,387,Healthy,98.72,0
94,6,-0.0004,0.0001,100.0,518.67,642.22,1583.09,1400.84,14.62,21.6,556.78,2388.07,9061.13,1.3,47.27,525.87,2388.13,8147.57,8.3463,0.03,392,2388,100.0,39.19,23.483,392,386,Healthy,98.47,0
94,7,-0.0023,-0.0003,100.0,518.67,642.05,1581.46,1406.73,14.62,21.6,556.93,2388.06,9061.67,1.3,47.22,524.72,2388.11,8145.87,8.3576,0.03,392,2388,100.0,39.17,23.6046,392,385,Healthy,98.21,0
94,8,-0.001,-0.0003,100.0,518.67,642.3,1583.33,1402.94,14.62,21.6,556.76,2388.06,9062.55,1.3,47.26,524.65,2388.08,8141.87,8.3746,0.03,392,2388,100.0,39.05,23.5161,392,384,Healthy,97.96,0
94,9,-0.0016,0.0001,100.0,518.67,641.82,1581.27,1398.76,14.62,21.6,557.43,2388.06,9061.26,1.3,47.2,525.18,2388.11,8141.74,8.365,0.03,391,2388,100.0,39.2,23.5893,392,383,Healthy,97.7,0
94,10,0.0019,-0.0004,100.0,518.67,642.5,1590.91,1401.47,14.62,21.6,557.09,2388.07,9067.79,1.3,47.21,525.06,2388.05,8146.39,8.3497,0.03,390,2388,100.0,39.09,23.5343,392,382,Healthy,97.45,0
94,11,-0.0025,-0.0002,100.0,518.67,642.1,1591.3,1392.75,14.62,21.6,556.9,2388.12,9063.25,1.3,47.37,524.98,2388.05,8147.18,8.2976,0.03,393,2388,100.0,39.36,23.4568,392,381,Healthy,97.19,0
94,12,-0.0001,-0.0003,100.0,518.67,642.46,1586.59,1403.04,14.62,21.6,557.34,2388.09,9067.1,1.3,47.28,524.7,2388.12,8145.3,8.3605,0.03,392,2388,100.0,39.16,23.5599,392,380,Healthy,96.94,0
94,13,0.0023,-0.0005,100.0,518.67,641.82,1584.29,1399.89,14.62,21.6,557.08,2388.15,9066.46,1.3,47.33,525.09,2388.13,8144.59,8.36,0.03,391,2388,100.0,39.35,23.5272,392,379,Healthy,96.68,0
94,14,0.0011,-0.0005,100.0,518.67,642.18,1578.18,1393.64,14.62,21.6,557.01,2388.07,9056.85,1.3,47.41,525.01,2388.09,8145.29,8.354,0.03,392,2388,100.0,39.22,23.5903,392,378,Healthy,96.43,0
94,15,-0.0022,0.0004,100.0,518.67,642.61,1586.15,1404.04,14.62,21.61,558.38,2388.12,9071.15,1.3,47.51,524.67,2388.07,8144.47,8.3994,0.03,393,2388,100.0,38.98,23.4688,392,377,Healthy,96.17,0
94,16,-0.0036,0.0002,100.0,518.67,642.62,1579.33,1398.09,14.62,21.61,556.51,2388.02,9069.07,1.3,47.28,524.82,2388.11,8146.43,8.3515,0.03,390,2388,100.0,39.02,23.4387,392,376,Healthy,95.92,0
94,17,0.0013,-0.0003,100.0,518.67,641.98,1584.37,1406.59,14.62,21.6,556.52,2388.09,9062.52,1.3,47.29,524.98,2388.03,8146.61,8.3325,0.03,392,2388,100.0,39.07,23.4293,392,375,Healthy,95.66,0
94,18,0.0016,0.0002,100.0,518.67,642.13,1583.81,1398.39,14.62,21.61,558.35,2388.14,9063.4,1.3,47.41,525.23,2388.13,8140.64,8.3506,0.03,392,2388,100.0,39.21,23.5753,392,374,Healthy,95.41,0
94,19,-0.0037,-0.0003,100.0,518.67,642.37,1584.35,1392.47,14.62,21.61,556.76,2388.05,9066.06,1.3,47.42,524.82,2388.11,8145.34,8.3644,0.03,392,2388,100.0,39.02,23.544,392,373,Healthy,95.15,0
94,20,-0.0015,-0.0004,100.0,518.67,642.16,1587.6,1399.1,14.62,21.6,556.77,2388.09,9063.08,1.3,47.27,525.44,2388.1,8144.41,8.3702,0.03,393,2388,100.0,39.06,23.3956,392,372,Healthy,94.9,0
94,21,-0.0023,0.0002,100.0,518.67,642.03,1581.97,1399.01,14.62,21.6,556.94,2388.07,9061.69,1.3,47.03,525.03,2388.04,8140.18,8.3956,0.03,392,2388,100.0,39.13,23.4559,392,371,Healthy,94.64,0
94,22,-0.0025,-0.0004,100.0,518.67,641.4,1583.79,1398.77,14.62,21.6,556.3,2388.07,9067.46,1.3,47.37,524.81,2388.08,8146.75,8.3273,0.03,390,2388,100.0,39.2,23.5308,392,370,Healthy,94.39,0
94,23,0.0033,0.0002,100.0,518.67,642.49,1584.42,1399.57,14.62,21.6,556.78,2388.13,9067.98,1.3,47.19,524.71,2388.09,8143.14,8.3696,0.03,393,2388,100.0,39.26,23.5554,392,369,Healthy,94.13,0
94,24,-0.0009,-0.0,100.0,518.67,642.81,1580.19,1397.77,14.62,21.61,557.59,2388.09,9061.31,1.31,47.36,525.25,2388.1,8145.04,8.3753,0.03,393,2388,100.0,39.16,23.5129,392,368,Healthy,93.88,0
94,25,-0.0002,-0.0005,100.0,518.67,642.26,1586.88,1400.1,14.62,21.6,557.72,2388.15,9053.64,1.3,47.19,524.46,2388.1,8143.79,8.4173,0.03,392,2388,100.0,39.03,23.4668,392,367,Healthy,93.62,0
94,26,0.0004,-0.0002,100.0,518.67,642.07,1589.13,1399.85,14.62,21.6,556.85,2388.08,9061.79,1.3,47.23,525.4,2388.09,8145.82,8.3675,0.03,392,2388,100.0,39.22,23.5648,392,366,Healthy,93.37,0
94,27,0.004,0.0004,100.0,518.67,642.44,1588.11,1400.61,14.62,21.6,556.26,2388.03,9068.4,1.3,47.24,525.35,2388.12,8143.09,8.3497,0.03,392,2388,100.0,39.14,23.5481,392,365,Healthy,93.11,0
94,28,0.0011,-0.0004,100.0,518.67,642.47,1584.01,1400.37,14.62,21.61,557.99,2388.11,9070.39,1.3,47.26,525.11,2388.11,8144.47,8.3782,0.03,391,2388,100.0,39.23,23.6057,392,364,Healthy,92.86,0
94,29,0.0003,-0.0003,100.0,518.67,642.78,1584.51,1396.64,14.62,21.6,556.82,2388.07,9060.62,1.3,47.22,524.38,2388.09,8145.22,8.3546,0.03,392,2388,100.0,39.13,23.519,392,363,Healthy,92.6,0
94,30,0.0003,-0.0004,100.0,518.67,642.38,1587.4,1397.65,14.62,21.61,558.51,2388.07,9066.88,1.3,47.34,525.28,2388.05,8144.71,8.3618,0.03,392,2388,100.0,39.06,23.5006,392,362,Healthy,92.35,0
94,31,0.0022,-0.0,100.0,518.67,641.92,1588.95,1402.86,14.62,21.6,557.43,2388.08,9061.41,1.3,47.21,525.1,2388.03,8142.56,8.38,0.03,390,2388,100.0,39.01,23.6016,392,361,Healthy,92.09,0
94,32,-0.0004,0.0001,100.0,518.67,642.28,1581.58,1401.86,14.62,21.61,556.55,2388.12,9062.65,1.3,47.34,524.5,2388.09,8142.39,8.3742,0.03,392,2388,100.0,39.19,23.4753,392,360,Healthy,91.84,0
94,33,-0.0005,-0.0004,100.0,518.67,641.86,1587.38,1400.22,14.62,21.6,556.75,2388.11,9065.9,1.3,47.08,524.6,2388.04,8143.68,8.3351,0.03,392,2388,100.0,39.04,23.5772,392,359,Healthy,91.58,0
94,34,-0.0052,-0.0004,100.0,518.67,642.39,1588.29,1399.88,14.62,21.6,556.89,2388.07,9067.86,1.3,47.23,525.25,2388.11,8142.59,8.367,0.03,392,2388,100.0,39.17,23.5056,392,358,Healthy,91.33,0
94,35,0.0006,-0.0002,100.0,518.67,642.16,1585.18,1396.97,14.62,21.61,557.62,2388.06,9065.41,1.3,47.21,524.98,2388.08,8143.03,8.3674,0.03,393,2388,100.0,39.31,23.5344,392,357,Healthy,91.07,0
94,36,-0.0019,0.0004,100.0,518.67,642.45,1587.27,1393.46,14.62,21.6,557.57,2388.1,9063.59,1.3,47.35,525.06,2388.08,8146.72,8.3861,0.03,394,2388,100.0,39.24,23.4025,392,356,Healthy,90.82,0
94,37,-0.0007,-0.0002,100.0,518.67,642.16,1590.67,1394.94,14.62,21.6,557.43,2388.09,9063.17,1.3,47.56,525.1,2388.11,8146.08,8.3736,0.03,392,2388,100.0,39.11,23.4446,392,355,Healthy,90.56,0
94,38,0.0033,-0.0001,100.0,518.67,642.43,1579.53,1398.95,14.62,21.61,557.9,2388.1,9067.29,1.3,47.49,524.54,2388.07,8151.15,8.3539,0.03,392,2388,100.0,39.07,23.5494,392,354,Healthy,90.31,0
94,39,-0.0007,0.0002,100.0,518.67,642.31,1586.1,1408.5,14.62,21.61,557.05,2388.12,9065.22,1.3,47.41,524.81,2388.1,8145.1,8.3934,0.03,393,2388,100.0,39.32,23.6361,392,353,Healthy,90.05,0
94,40,0.0006,0.0004,100.0,518.67,642.13,1594.92,1399.55,14.62,21.6,558.05,2388.09,9065.45,1.3,47.23,524.93,2388.06,8140.76,8.3646,0.03,392,2388,100.0,39.22,23.4854,392,352,Healthy,89.8,0
94,41,0.0003,-0.0005,100.0,518.67,642.43,1582.05,1402.56,14.62,21.6,556.81,2388.08,9062.2,1.3,47.41,525.04,2388.1,8146.88,8.3794,0.03,392,2388,100.0,39.2,23.5216,392,351,Healthy,89.54,0
94,42,-0.003,-0.0001,100.0,518.67,642.19,1581.53,1403.35,14.62,21.61,557.07,2388.08,9064.39,1.3,47.39,524.68,2388.09,8150.78,8.3552,0.03,392,2388,100.0,39.25,23.5501,392,350,Healthy,89.29,0
94,43,0.0003,0.0003,100.0,518.67,642.42,1582.79,1400.98,14.62,21.6,557.88,2388.12,9062.49,1.3,47.25,524.98,2388.12,8147.56,8.3816,0.03,392,2388,100.0,39.04,23.4698,392,349,Healthy,89.03,0
94,44,-0.0033,-0.0001,100.0,518.67,642.07,1584.93,1393.84,14.62,21.61,556.83,2388.06,9056.95,1.3,47.32,524.75,2388.09,8147.72,8.3868,0.03,394,2388,100.0,39.33,23.4933,392,348,Healthy,88.78,0
94,45,0.0012,-0.0005,100.0,518.67,642.44,1589.96,1398.19,14.62,21.6,556.94,2388.11,9057.86,1.3,47.33,524.5,2388.08,8142.32,8.3293,0.03,392,2388,100.0,39.17,23.5402,392,347,Healthy,88.52,0
94,46,0.0002,0.0003,100.0,518.67,642.65,1579.87,1399.92,14.62,21.61,557.62,2388.08,9070.28,1.3,47.28,524.67,2388.11,8143.78,8.381,0.03,392,2388,100.0,39.27,23.4293,392,346,Healthy,88.27,0
94,47,-0.0009,0.0001,100.0,518.67,642.02,1588.44,1397.56,14.62,21.6,557.55,2388.07,9063.01,1.3,47.38,525.63,2388.09,8145.86,8.3831,0.03,394,2388,100.0,39.13,23.493,392,345,Healthy,88.01,0
94,48,-0.0023,-0.0004,100.0,518.67,642.33,1590.01,1396.23,14.62,21.6,557.09,2388.1,9068.7,1.3,47.29,524.85,2388.11,8151.36,8.3205,0.03,390,2388,100.0,38.99,23.5262,392,344,Healthy,87.76,0
94,49,0.0,0.0001,100.0,518.67,642.03,1583.62,1401.76,14.62,21.6,556.68,2388.08,9059.28,1.3,47.18,524.72,2388.09,8147.41,8.367,0.03,391,2388,100.0,39.03,23.4985,392,343,Healthy,87.5,0
94,50,0.0069,0.0002,100.0,518.67,642.44,1590.87,1401.11,14.62,21.6,557.47,2388.07,9071.52,1.3,47.38,525.18,2388.04,8142.94,8.3969,0.03,392,2388,100.0,39.14,23.4765,392,342,Healthy,87.24,0
95,1,-0.0039,0.0,100.0,518.67,642.18,1595.25,1408.96,14.62,21.61,553.22,2388.19,9042.79,1.3,47.6,522.02,2388.17,8126.05,8.4293,0.03,392,2388,100.0,38.96,23.2695,166,165,Healthy,99.4,0
95,2,-0.0002,0.0001,100.0,518.67,642.33,1589.47,1407.79,14.62,21.61,553.34,2388.07,9051.66,1.3,47.65,521.37,2388.09,8129.98,8.4117,0.03,394,2388,100.0,38.6,23.286,166,164,Healthy,98.8,0
95,3,-0.0014,-0.0004,100.0,518.67,642.39,1592.45,1408.36,14.62,21.61,553.93,2388.11,9049.76,1.3,47.45,521.73,2388.09,8131.24,8.4198,0.03,393,2388,100.0,38.86,23.4221,166,163,Healthy,98.19,0
95,4,0.0011,-0.0003,100.0,518.67,642.48,1590.67,1407.72,14.62,21.61,553.68,2388.13,9044.06,1.3,47.46,521.65,2388.12,8129.24,8.4585,0.03,393,2388,100.0,38.95,23.1865,166,162,Healthy,97.59,0
95,5,-0.0012,0.0002,100.0,518.67,642.3,1591.28,1407.7,14.62,21.61,553.64,2388.08,9050.82,1.3,47.51,521.26,2388.06,8130.78,8.4588,0.03,391,2388,100.0,38.72,23.2511,166,161,Healthy,96.99,0
95,6,-0.0014,0.0005,100.0,518.67,642.62,1584.84,1412.76,14.62,21.61,554.52,2388.1,9054.31,1.3,47.52,521.55,2388.11,8124.39,8.4652,0.03,393,2388,100.0,38.79,23.2668,166,160,Healthy,96.39,0
95,7,-0.0013,0.0001,100.0,518.67,642.32,1584.05,1405.54,14.62,21.61,553.71,2388.1,9051.86,1.3,47.61,521.59,2388.07,8132.5,8.4564,0.03,393,2388,100.0,38.72,23.4696,166,159,Healthy,95.78,0
95,8,-0.0011,0.0005,100.0,518.67,642.95,1587.8,1404.98,14.62,21.61,553.3,2388.11,9043.04,1.3,47.35,521.8,2388.11,8130.13,8.4771,0.03,394,2388,100.0,38.77,23.3172,166,158,Healthy,95.18,0
95,9,-0.0016,-0.0003,100.0,518.67,642.36,1589.29,1405.11,14.62,21.61,553.87,2388.12,9040.66,1.3,47.43,521.75,2388.06,8128.47,8.4347,0.03,393,2388,100.0,38.75,23.2522,166,157,Healthy,94.58,0
95,10,0.0011,0.0003,100.0,518.67,642.21,1595.28,1410.81,14.62,21.61,553.27,2388.08,9048.33,1.3,47.45,521.63,2388.11,8127.78,8.4678,0.03,393,2388,100.0,38.78,23.2496,166,156,Healthy,93.98,0
95,11,0.0027,-0.0001,100.0,518.67,642.76,1585.61,1414.2,14.62,21.61,553.72,2388.1,9048.07,1.3,47.5,521.65,2388.06,8131.97,8.4308,0.03,392,2388,100.0,38.96,23.3348,166,155,Healthy,93.37,0
95,12,-0.0009,0.0004,100.0,518.67,642.61,1586.94,1411.82,14.62,21.61,552.42,2388.1,9048.75,1.3,47.51,521.6,2388.12,8129.2,8.4655,0.03,393,2388,100.0,38.88,23.2767,166,154,Healthy,92.77,0
95,13,-0.003,-0.0002,100.0,518.67,642.65,1589.01,1413.26,14.62,21.61,553.17,2388.09,9046.62,1.3,47.41,521.68,2388.16,8125.57,8.4225,0.03,393,2388,100.0,38.97,23.3713,166,153,Healthy,92.17,0
95,14,-0.0014,0.0004,100.0,518.67,642.5,1597.28,1405.94,14.62,21.61,553.01,2388.09,9048.25,1.3,47.45,521.51,2388.1,8131.1,8.4268,0.03,394,2388,100.0,38.88,23.2829,166,152,Healthy,91.57,0
95,15,0.004,-0.0001,100.0,518.67,642.66,1587.05,1410.48,14.62,21.61,553.53,2388.13,9050.5,1.3,47.57,520.94,2388.13,8126.8,8.4292,0.03,394,2388,100.0,38.83,23.2988,166,151,Healthy,90.96,0
95,16,-0.0039,0.0003,100.0,518.67,642.38,1588.11,1409.28,14.62,21.61,553.48,2388.1,9050.19,1.3,47.52,521.45,2388.11,8122.99,8.4029,0.03,394,2388,100.0,38.77,23.3194,166,150,Healthy,90.36,0
95,17,-0.0008,-0.0001,100.0,518.67,642.56,1589.9,1403.07,14.62,21.61,553.43,2388.1,9045.5,1.3,47.51,521.31,2388.14,8131.49,8.4472,0.03,393,2388,100.0,38.8,23.3499,166,149,Healthy,89.76,0
95,18,-0.0032,0.0003,100.0,518.67,642.24,1592.47,1400.86,14.62,21.61,553.34,2388.13,9044.13,1.3,47.53,521.64,2388.1,8131.56,8.4256,0.03,394,2388,100.0,38.74,23.2742,166,148,Healthy,89.16,0
95,19,-0.0004,0.0005,100.0,518.67,642.83,1584.59,1410.75,14.62,21.61,553.9,2388.09,9050.72,1.3,47.67,521.85,2388.09,8127.23,8.4394,0.03,392,2388,100.0,38.97,23.3053,166,147,Healthy,88.55,0
95,20,-0.0027,-0.0004,100.0,518.67,642.15,1587.98,1416.01,14.62,21.61,553.61,2388.16,9055.69,1.3,47.43,521.58,2388.1,8128.77,8.4637,0.03,392,2388,100.0,38.82,23.2803,166,146,Healthy,87.95,0
95,21,0.0,0.0003,100.0,518.67,642.49,1585.23,1407.93,14.62,21.61,553.13,2388.09,9054.8,1.3,47.44,521.47,2388.1,8133.72,8.4238,0.03,392,2388,100.0,38.74,23.3985,166,145,Healthy,87.35,0
95,22,0.0038,0.0004,100.0,518.67,642.75,1586.85,1417.91,14.62,21.61,552.64,2388.11,9050.32,1.3,47.49,521.75,2388.07,8130.51,8.4286,0.03,392,2388,100.0,38.8,23.3554,166,144,Healthy,86.75,0
95,23,0.0033,-0.0002,100.0,518.67,642.4,1592.49,1413.91,14.62,21.61,553.72,2388.1,9045.66,1.3,47.57,521.84,2388.13,8131.84,8.4462,0.03,392,2388,100.0,38.97,23.3536,166,143,Healthy,86.14,0
95,24,0.0005,-0.0003,100.0,518.67,642.71,1588.7,1410.08,14.62,21.61,553.6,2388.12,9050.86,1.3,47.75,521.51,2388.1,8137.08,8.4597,0.03,391,2388,100.0,38.64,23.3093,166,142,Healthy,85.54,0
95,25,0.0001,-0.0003,100.0,518.67,643.08,1587.61,1402.31,14.62,21.61,553.33,2388.13,9053.62,1.3,47.63,521.16,2388.07,8128.42,8.4777,0.03,393,2388,100.0,38.92,23.4629,166,141,Healthy,84.94,0
95,26,0.0029,-0.0002,100.0,518.67,642.42,1597.68,1408.06,14.62,21.61,553.34,2388.09,9046.95,1.3,47.49,521.58,2388.14,8128.24,8.4627,0.03,391,2388,100.0,38.95,23.3123,166,140,Healthy,84.34,0
95,27,0.0008,0.0002,100.0,518.67,642.63,1589.04,1407.83,14.62,21.61,553.33,2388.08,9044.03,1.3,47.48,521.25,2388.09,8131.8,8.4421,0.03,395,2388,100.0,38.81,23.2576,166,139,Healthy,83.73,0
95,28,-0.0025,-0.0004,100.0,518.67,642.47,1588.3,1410.46,14.62,21.61,553.81,2388.15,9050.8,1.3,47.52,520.8,2388.06,8129.52,8.4691,0.03,393,2388,100.0,38.92,23.1951,166,138,Healthy,83.13,0
95,29,0.0001,0.0001,100.0,518.67,642.61,1581.07,1413.77,14.62,21.61,553.69,2388.15,9049.78,1.3,47.59,521.54,2388.14,8131.98,8.4848,0.03,392,2388,100.0,38.78,23.2187,166,137,Healthy,82.53,0
95,30,-0.001,0.0,100.0,518.67,642.76,1592.22,1410.96,14.62,21.61,553.6,2388.14,9053.79,1.3,47.67,521.66,2388.12,8134.88,8.4605,0.03,394,2388,100.0,38.87,23.3776,166,136,Healthy,81.93,0
95,31,-0.0037,0.0004,100.0,518.67,642.61,1594.7,1409.09,14.62,21.61,553.27,2388.13,9050.66,1.3,47.56,521.62,2388.15,8132.23,8.4257,0.03,394,2388,100.0,38.93,23.3086,166,135,Healthy,81.33,0
95,32,-0.001,0.0001,100.0,518.67,642.55,1586.66,1408.38,14.62,21.61,553.95,2388.12,9048.78,1.3,47.48,521.41,2388.08,8134.08,8.4415,0.03,393,2388,100.0,38.79,23.2401,166,134,Healthy,80.72,0
95,33,0.0003,0.0003,100.0,518.67,642.64,1589.81,1408.28,14.62,21.61,553.81,2388.11,9049.02,1.3,47.63,520.95,2388.07,8127.27,8.4564,0.03,393,2388,100.0,38.77,23.3243,166,133,Healthy,80.12,0
95,34,-0.0023,-0.0005,100.0,518.67,642.76,1584.8,1410.53,14.62,21.61,553.56,2388.09,9052.01,1.3,47.54,521.72,2388.16,8134.06,8.4488,0.03,394,2388,100.0,38.67,23.1944,166,132,Healthy,79.52,0
95,35,0.0034,-0.0001,100.0,518.67,642.72,1588.19,1403.69,14.62,21.61,553.39,2388.09,9048.62,1.3,47.44,521.21,2388.13,8131.69,8.4956,0.03,394,2388,100.0,38.92,23.3126,166,131,Healthy,78.92,0
95,36,-0.0004,-0.0003,100.0,518.67,642.67,1582.4,1408.51,14.62,21.61,554.04,2388.14,9047.93,1.3,47.56,521.68,2388.14,8132.1,8.4489,0.03,393,2388,100.0,38.82,23.3378,166,130,Healthy,78.31,0
95,37,0.0003,-0.0004,100.0,518.67,642.39,1584.06,1405.13,14.62,21.61,553.52,2388.11,9048.2,1.3,47.58,521.37,2388.07,8128.74,8.4269,0.03,395,2388,100.0,38.77,23.2678,166,129,Healthy,77.71,0
95,38,0.0002,-0.0,100.0,518.67,642.37,1588.53,1404.89,14.62,21.61,553.93,2388.1,9054.59,1.3,47.52,521.35,2388.14,8126.46,8.4485,0.03,392,2388,100.0,38.9,23.2061,166,128,Healthy,77.11,0
95,39,0.0001,0.0001,100.0,518.67,642.3,1579.74,1409.0,14.62,21.61,553.84,2388.14,9049.91,1.3,47.52,521.42,2388.17,8128.13,8.4285,0.03,392,2388,100.0,38.79,23.1722,166,127,Healthy,76.51,0
95,40,0.0014,0.0004,100.0,518.67,642.08,1589.2,1407.95,14.62,21.61,553.26,2388.11,9055.38,1.3,47.35,521.64,2388.14,8128.57,8.434,0.03,393,2388,100.0,38.83,23.3688,166,126,Healthy,75.9,0
95,41,-0.0033,0.0003,100.0,518.67,642.57,1590.52,1402.83,14.62,21.61,554.0,2388.09,9054.36,1.3,47.62,521.18,2388.14,8129.49,8.425,0.03,395,2388,100.0,38.8,23.2009,166,125,Healthy,75.3,0
95,42,-0.0018,-0.0,100.0,518.67,643.08,1596.16,1407.67,14.62,21.61,553.38,2388.18,9047.22,1.3,47.33,521.21,2388.11,8125.78,8.4577,0.03,392,2388,100.0,38.78,23.2907,166,124,Healthy,74.7,0
95,43,-0.0014,-0.0,100.0,518.67,642.67,1595.09,1406.83,14.62,21.61,553.98,2388.09,9054.63,1.3,47.42,520.76,2388.11,8129.57,8.4469,0.03,392,2388,100.0,38.88,23.3976,166,123,Healthy,74.1,0
95,44,0.0004,-0.0002,100.0,518.67,642.82,1588.85,1411.0,14.62,21.61,553.04,2388.1,9048.01,1.3,47.74,521.73,2388.09,8130.26,8.4426,0.03,393,2388,100.0,38.9,23.2269,166,122,Healthy,73.49,0
95,45,0.0009,0.0005,100.0,518.67,642.88,1594.42,1414.3,14.62,21.61,552.94,2388.11,9046.71,1.3,47.48,520.94,2388.09,8128.12,8.4583,0.03,394,2388,100.0,38.8,23.2109,166,121,Healthy,72.89,0
95,46,0.0001,-0.0001,100.0,518.67,642.25,1595.12,1406.0,14.62,21.61,552.86,2388.15,9047.42,1.3,47.7,521.18,2388.18,8132.0,8.4295,0.03,393,2388,100.0,38.97,23.222,166,120,Early_Wear,72.29,0
95,47,-0.0022,-0.0001,100.0,518.67,642.91,1594.35,1409.05,14.62,21.61,553.85,2388.11,9056.36,1.3,47.59,521.58,2388.12,8131.11,8.4254,0.03,393,2388,100.0,38.81,23.3061,166,119,Early_Wear,71.69,0
95,48,0.0,0.0001,100.0,518.67,642.27,1596.98,1405.27,14.62,21.61,553.08,2388.12,9047.57,1.3,47.49,521.08,2388.16,8130.03,8.4536,0.03,393,2388,100.0,38.79,23.3283,166,118,Early_Wear,71.08,0
95,49,-0.0024,-0.0005,100.0,518.67,642.59,1597.5,1397.73,14.62,21.61,552.88,2388.12,9053.96,1.3,47.42,521.62,2388.13,8131.63,8.4007,0.03,393,2388,100.0,38.8,23.3398,166,117,Early_Wear,70.48,0
95,50,-0.0033,0.0004,100.0,518.67,642.65,1597.65,1413.55,14.62,21.61,553.55,2388.14,9056.65,1.3,47.56,521.88,2388.14,8125.63,8.4335,0.03,394,2388,100.0,38.87,23.2261,166,116,Early_Wear,69.88,0
96,1,0.0012,-0.0001,100.0,518.67,641.82,1579.29,1390.89,14.62,21.59,555.51,2387.99,9053.84,1.3,46.96,523.03,2387.98,8143.19,8.3721,0.03,392,2388,100.0,38.99,23.3644,491,490,Healthy,99.8,0
96,2,0.0002,-0.0002,100.0,518.67,642.09,1578.39,1398.88,14.62,21.59,554.96,2387.98,9050.73,1.3,47.09,522.64,2388.05,8142.24,8.3632,0.03,390,2388,100.0,38.93,23.3611,491,489,Healthy,99.59,0
96,3,0.0024,-0.0005,100.0,518.67,642.13,1580.56,1392.44,14.62,21.59,554.76,2388.02,9051.21,1.3,47.01,522.93,2388.06,8144.75,8.4018,0.03,390,2388,100.0,39.04,23.4105,491,488,Healthy,99.39,0
96,4,-0.0012,0.0005,100.0,518.67,641.95,1577.2,1389.36,14.62,21.59,554.33,2387.95,9052.92,1.3,47.14,522.95,2388.08,8137.66,8.3447,0.03,393,2388,100.0,39.08,23.4218,491,487,Healthy,99.19,0
96,5,-0.003,0.0004,100.0,518.67,641.9,1587.68,1391.8,14.62,21.59,554.5,2387.99,9047.0,1.3,47.14,522.5,2388.01,8137.97,8.4203,0.03,392,2388,100.0,39.1,23.3709,491,486,Healthy,98.98,0
96,6,0.0049,-0.0001,100.0,518.67,642.3,1577.01,1396.55,14.62,21.59,555.09,2388.01,9053.63,1.3,47.2,523.56,2388.0,8137.07,8.3703,0.03,392,2388,100.0,38.98,23.5161,491,485,Healthy,98.78,0
96,7,-0.0005,-0.0003,100.0,518.67,642.19,1583.06,1399.17,14.62,21.59,555.02,2388.03,9058.72,1.3,47.15,522.85,2387.99,8132.05,8.3776,0.03,391,2388,100.0,38.96,23.4146,491,484,Healthy,98.57,0
96,8,-0.0003,-0.0001,100.0,518.67,641.52,1583.4,1402.8,14.62,21.59,554.76,2388.0,9061.98,1.3,47.09,523.17,2388.01,8138.7,8.3778,0.03,391,2388,100.0,39.21,23.5091,491,483,Healthy,98.37,0
96,9,0.0026,-0.0004,100.0,518.67,641.69,1588.18,1400.35,14.62,21.59,555.47,2388.06,9047.52,1.3,47.28,523.1,2388.0,8137.94,8.3594,0.03,391,2388,100.0,39.13,23.4552,491,482,Healthy,98.17,0
96,10,0.0001,-0.0003,100.0,518.67,642.41,1574.85,1391.67,14.62,21.59,555.28,2387.99,9057.55,1.3,47.25,522.54,2388.05,8139.38,8.3809,0.03,391,2388,100.0,38.93,23.4087,491,481,Healthy,97.96,0
96,11,-0.0009,0.0005,100.0,518.67,641.82,1581.68,1398.91,14.62,21.59,555.24,2388.02,9058.02,1.3,47.1,522.91,2388.0,8138.6,8.4126,0.03,390,2388,100.0,38.9,23.5227,491,480,Healthy,97.76,0
96,12,0.0004,0.0003,100.0,518.67,642.0,1577.71,1403.15,14.62,21.59,554.42,2387.96,9050.98,1.3,47.11,522.73,2387.99,8135.7,8.3538,0.03,391,2388,100.0,39.05,23.4546,491,479,Healthy,97.56,0
96,13,-0.0025,-0.0003,100.0,518.67,642.07,1584.38,1390.46,14.62,21.59,554.11,2388.01,9044.96,1.3,47.16,522.96,2387.98,8141.42,8.3544,0.03,391,2388,100.0,39.03,23.3631,491,478,Healthy,97.35,0
96,14,-0.0016,-0.0,100.0,518.67,642.33,1587.58,1394.55,14.62,21.59,554.85,2388.0,9057.89,1.3,47.17,522.89,2388.02,8137.07,8.3556,0.03,391,2388,100.0,39.18,23.5155,491,477,Healthy,97.15,0
96,15,-0.0004,0.0002,100.0,518.67,642.37,1586.82,1399.58,14.62,21.59,554.77,2388.02,9055.71,1.3,47.09,522.6,2388.02,8135.71,8.3518,0.03,392,2388,100.0,39.33,23.4191,491,476,Healthy,96.95,0
96,16,-0.004,0.0001,100.0,518.67,642.54,1589.77,1398.02,14.62,21.59,554.94,2388.0,9052.64,1.3,47.15,522.33,2387.96,8143.95,8.3416,0.03,391,2388,100.0,39.08,23.5459,491,475,Healthy,96.74,0
96,17,0.0003,-0.0004,100.0,518.67,642.16,1586.49,1396.95,14.62,21.59,554.78,2388.03,9055.48,1.3,47.29,523.67,2388.01,8138.44,8.3113,0.03,392,2388,100.0,39.04,23.5159,491,474,Healthy,96.54,0
96,18,0.0033,-0.0005,100.0,518.67,641.92,1587.12,1398.85,14.62,21.59,554.8,2388.0,9061.5,1.3,47.25,523.0,2388.03,8137.48,8.3756,0.03,391,2388,100.0,39.26,23.4733,491,473,Healthy,96.33,0
96,19,-0.001,0.0002,100.0,518.67,642.19,1577.46,1396.97,14.62,21.59,555.9,2388.06,9051.07,1.3,47.28,522.62,2388.0,8135.68,8.3622,0.03,391,2388,100.0,39.02,23.5974,491,472,Healthy,96.13,0
96,20,0.0003,-0.0003,100.0,518.67,641.64,1580.08,1396.96,14.62,21.59,555.06,2388.03,9055.25,1.3,47.24,522.59,2388.0,8135.6,8.3693,0.03,391,2388,100.0,38.97,23.4519,491,471,Healthy,95.93,0
96,21,-0.0005,-0.0003,100.0,518.67,641.74,1584.07,1399.57,14.62,21.59,554.25,2388.04,9052.31,1.3,47.22,522.49,2388.02,8138.96,8.368,0.03,392,2388,100.0,39.07,23.457,491,470,Healthy,95.72,0
96,22,0.0003,-0.0003,100.0,518.67,642.18,1583.64,1396.27,14.62,21.59,554.33,2387.98,9055.35,1.3,47.21,522.93,2387.98,8136.38,8.4006,0.03,392,2388,100.0,39.11,23.5629,491,469,Healthy,95.52,0
96,23,0.0001,-0.0002,100.0,518.67,642.09,1587.57,1403.58,14.62,21.59,554.89,2388.0,9056.67,1.3,47.23,523.61,2387.99,8136.68,8.3661,0.03,391,2388,100.0,39.1,23.4658,491,468,Healthy,95.32,0
96,24,0.0013,-0.0002,100.0,518.67,642.12,1592.21,1396.46,14.62,21.59,554.34,2387.96,9055.36,1.3,47.03,523.1,2388.0,8137.3,8.4022,0.03,393,2388,100.0,38.98,23.4678,491,467,Healthy,95.11,0
96,25,-0.0009,-0.0002,100.0,518.67,642.49,1581.44,1397.23,14.62,21.59,554.62,2388.01,9061.13,1.3,47.25,523.2,2387.98,8139.8,8.3668,0.03,391,2388,100.0,39.09,23.5061,491,466,Healthy,94.91,0
96,26,-0.0001,0.0001,100.0,518.67,642.47,1584.14,1404.31,14.62,21.59,555.64,2388.0,9055.4,1.3,47.02,523.35,2388.01,8139.17,8.3647,0.03,390,2388,100.0,39.05,23.4587,491,465,Healthy,94.7,0
96,27,-0.0007,-0.0004,100.0,518.67,642.34,1577.89,1393.22,14.62,21.59,554.8,2387.96,9054.68,1.3,47.13,522.42,2388.03,8137.67,8.363,0.03,392,2388,100.0,39.0,23.4537,491,464,Healthy,94.5,0
96,28,-0.0028,-0.0,100.0,518.67,642.17,1580.79,1392.31,14.62,21.59,554.53,2388.04,9054.45,1.3,47.3,522.56,2388.01,8137.11,8.3524,0.03,391,2388,100.0,39.12,23.4331,491,463,Healthy,94.3,0
96,29,-0.005,-0.0001,100.0,518.67,642.36,1584.61,1391.39,14.62,21.59,555.17,2387.95,9052.23,1.3,47.15,522.57,2387.98,8142.72,8.3954,0.03,391,2388,100.0,39.04,23.4962,491,462,Healthy,94.09,0
96,30,-0.0013,0.0004,100.0,518.67,642.08,1586.88,1395.39,14.62,21.59,555.19,2387.98,9051.43,1.3,47.16,522.76,2387.99,8139.06,8.347,0.03,392,2388,100.0,38.96,23.404,491,461,Healthy,93.89,0
96,31,-0.0018,0.0002,100.0,518.67,642.39,1577.78,1397.98,14.62,21.59,554.95,2388.03,9055.15,1.3,46.98,522.89,2388.06,8141.9,8.3565,0.03,391,2388,100.0,39.03,23.5047,491,460,Healthy,93.69,0
96,32,0.0016,-0.0004,100.0,518.67,642.44,1584.63,1404.08,14.62,21.59,554.71,2388.0,9053.65,1.3,47.05,522.86,2388.0,8138.85,8.3668,0.03,393,2388,100.0,39.05,23.4493,491,459,Healthy,93.48,0
96,33,-0.0017,-0.0004,100.0,518.67,641.87,1583.18,1397.8,14.62,21.59,555.25,2388.01,9060.72,1.3,47.22,522.92,2388.06,8139.88,8.3696,0.03,392,2388,100.0,38.98,23.5994,491,458,Healthy,93.28,0
96,34,0.002,0.0,100.0,518.67,642.06,1586.55,1390.64,14.62,21.59,554.9,2387.99,9064.46,1.3,47.16,523.66,2388.04,8143.57,8.4113,0.03,390,2388,100.0,39.04,23.5085,491,457,Healthy,93.08,0
96,35,0.0011,-0.0005,100.0,518.67,641.38,1581.57,1396.26,14.62,21.59,554.97,2387.97,9054.2,1.3,47.17,523.37,2387.96,8138.76,8.3574,0.03,392,2388,100.0,38.99,23.4079,491,456,Healthy,92.87,0
96,36,-0.0041,0.0004,100.0,518.67,641.92,1580.82,1386.28,14.62,21.59,553.91,2388.05,9052.44,1.3,47.13,522.21,2388.01,8142.63,8.4163,0.03,390,2388,100.0,39.06,23.503,491,455,Healthy,92.67,0
96,37,-0.0003,0.0004,100.0,518.67,641.99,1582.72,1401.55,14.62,21.59,555.65,2388.0,9058.55,1.3,47.12,522.97,2387.98,8135.83,8.3893,0.03,393,2388,100.0,39.01,23.3766,491,454,Healthy,92.46,0
96,38,-0.0035,0.0,100.0,518.67,641.89,1583.41,1393.85,14.62,21.59,555.22,2388.02,9060.11,1.3,47.2,522.69,2387.97,8136.16,8.3723,0.03,392,2388,100.0,39.16,23.4695,491,453,Healthy,92.26,0
96,39,0.0015,-0.0002,100.0,518.67,641.81,1584.2,1398.59,14.62,21.59,554.41,2388.0,9050.93,1.3,47.08,522.47,2387.95,8138.46,8.3969,0.03,390,2388,100.0,39.17,23.4209,491,452,Healthy,92.06,0
96,40,-0.0014,-0.0005,100.0,518.67,641.55,1588.79,1393.17,14.62,21.59,554.45,2388.02,9049.16,1.3,47.05,522.43,2387.96,8137.67,8.3604,0.03,391,2388,100.0,38.99,23.4311,491,451,Healthy,91.85,0
96,41,0.001,0.0004,100.0,518.67,642.21,1580.11,1391.3,14.62,21.58,554.84,2387.96,9044.85,1.3,47.14,521.97,2387.94,8131.48,8.42,0.03,391,2388,100.0,39.16,23.4897,491,450,Healthy,91.65,0
96,42,0.0006,-0.0001,100.0,518.67,642.23,1583.58,1397.97,14.62,21.59,554.99,2388.0,9052.09,1.3,47.18,522.7,2387.99,8139.46,8.3672,0.03,393,2388,100.0,39.24,23.3344,491,449,Healthy,91.45,0
96,43,-0.0007,-0.0004,100.0,518.67,642.53,1580.54,1398.99,14.62,21.59,555.03,2388.0,9061.44,1.3,47.25,522.88,2387.98,8132.02,8.3537,0.03,392,2388,100.0,38.97,23.4369,491,448,Healthy,91.24,0
96,44,-0.0041,-0.0001,100.0,518.67,642.05,1578.4,1389.37,14.62,21.59,554.68,2388.05,9056.83,1.3,47.18,523.35,2387.98,8140.45,8.3737,0.03,391,2388,100.0,38.94,23.4163,491,447,Healthy,91.04,0
96,45,0.0013,-0.0002,100.0,518.67,641.97,1583.98,1397.22,14.62,21.59,553.44,2388.01,9050.71,1.3,47.13,522.64,2387.92,8136.3,8.3904,0.03,391,2388,100.0,39.21,23.468,491,446,Healthy,90.84,0
96,46,-0.001,0.0005,100.0,518.67,641.83,1585.56,1387.03,14.62,21.59,555.06,2388.02,9055.81,1.3,47.1,522.53,2388.01,8138.3,8.3904,0.03,391,2388,100.0,39.04,23.439,491,445,Healthy,90.63,0
96,47,0.0013,-0.0001,100.0,518.67,641.76,1587.6,1391.77,14.62,21.59,555.11,2388.0,9059.68,1.3,47.12,522.35,2387.99,8142.51,8.4099,0.03,389,2388,100.0,38.95,23.5194,491,444,Healthy,90.43,0
96,48,0.0002,-0.0,100.0,518.67,641.89,1584.32,1399.43,14.62,21.59,555.05,2388.0,9055.5,1.3,47.21,522.95,2388.0,8136.45,8.3595,0.03,391,2388,100.0,38.98,23.4219,491,443,Healthy,90.22,0
96,49,0.001,0.0,100.0,518.67,641.94,1574.82,1393.95,14.62,21.59,554.33,2388.02,9059.53,1.3,47.18,522.8,2387.98,8138.45,8.3557,0.03,391,2388,100.0,38.98,23.3837,491,442,Healthy,90.02,0
96,50,-0.0003,-0.0002,100.0,518.67,641.98,1583.94,1396.78,14.62,21.58,554.07,2388.0,9056.59,1.3,47.15,521.86,2387.97,8138.2,8.3581,0.03,392,2388,100.0,39.0,23.4713,491,441,Healthy,89.82,0
97,1,-0.0046,0.0005,100.0,518.67,642.0,1581.8,1397.72,14.62,21.59,553.75,2387.98,9048.09,1.3,47.18,521.9,2387.98,8133.91,8.3718,0.03,391,2388,100.0,39.04,23.4362,275,274,Healthy,99.64,0
97,2,0.0038,0.0,100.0,518.67,642.11,1579.32,1390.91,14.62,21.59,554.42,2387.94,9053.12,1.3,47.1,521.96,2387.94,8135.15,8.357,0.03,391,2388,100.0,39.05,23.4829,275,273,Healthy,99.27,0
97,3,0.0011,0.0002,100.0,518.67,642.43,1576.83,1399.2,14.62,21.6,555.24,2388.05,9059.53,1.3,47.25,522.63,2387.98,8137.81,8.3748,0.03,392,2388,100.0,39.26,23.4951,275,272,Healthy,98.91,0
97,4,-0.0019,0.0004,100.0,518.67,642.13,1580.96,1398.39,14.62,21.59,553.7,2387.99,9053.1,1.3,47.13,521.74,2388.01,8135.0,8.3939,0.03,391,2388,100.0,39.15,23.3245,275,271,Healthy,98.55,0
97,5,0.0022,0.0003,100.0,518.67,642.16,1587.96,1397.01,14.62,21.59,554.4,2387.95,9051.9,1.3,47.19,522.28,2387.95,8134.94,8.3603,0.03,392,2388,100.0,39.13,23.5538,275,270,Healthy,98.18,0
97,6,0.0044,0.0002,100.0,518.67,641.75,1579.29,1397.6,14.62,21.59,554.8,2387.98,9056.5,1.3,47.27,522.5,2387.91,8135.67,8.3501,0.03,391,2388,100.0,39.22,23.3919,275,269,Healthy,97.82,0
97,7,-0.0039,-0.0002,100.0,518.67,641.96,1582.2,1397.24,14.62,21.59,554.49,2387.98,9060.0,1.3,47.04,522.64,2387.95,8132.01,8.3707,0.03,391,2388,100.0,38.96,23.5372,275,268,Healthy,97.45,0
97,8,0.0019,0.0,100.0,518.67,642.31,1586.01,1397.49,14.62,21.59,553.07,2387.97,9049.83,1.3,47.16,522.39,2387.99,8132.81,8.3929,0.03,392,2388,100.0,38.95,23.5084,275,267,Healthy,97.09,0
97,9,-0.0012,0.0003,100.0,518.67,641.87,1578.22,1389.39,14.62,21.59,554.55,2387.98,9039.58,1.3,46.98,522.86,2387.97,8132.47,8.3953,0.03,392,2388,100.0,39.01,23.4027,275,266,Healthy,96.73,0
97,10,0.0008,-0.0001,100.0,518.67,642.39,1591.42,1394.3,14.62,21.59,553.72,2387.96,9051.14,1.3,47.37,522.27,2387.97,8141.67,8.4023,0.03,390,2388,100.0,39.28,23.3855,275,265,Healthy,96.36,0
97,11,-0.0031,0.0002,100.0,518.67,641.83,1582.24,1393.62,14.62,21.59,554.1,2388.03,9051.04,1.3,47.17,522.85,2387.95,8132.77,8.3795,0.03,391,2388,100.0,39.16,23.3092,275,264,Healthy,96.0,0
97,12,-0.0014,0.0001,100.0,518.67,642.24,1583.43,1405.88,14.62,21.59,554.99,2387.94,9053.1,1.3,47.17,522.46,2388.01,8137.8,8.3862,0.03,390,2388,100.0,39.04,23.4522,275,263,Healthy,95.64,0
97,13,-0.0013,0.0004,100.0,518.67,641.72,1580.61,1393.56,14.62,21.59,554.47,2387.98,9057.29,1.3,47.28,522.81,2387.99,8137.22,8.3804,0.03,390,2388,100.0,38.91,23.4655,275,262,Healthy,95.27,0
97,14,0.0005,-0.0003,100.0,518.67,641.67,1582.24,1400.53,14.62,21.59,554.34,2388.0,9054.66,1.3,47.14,522.29,2387.98,8138.58,8.3967,0.03,393,2388,100.0,39.11,23.4524,275,261,Healthy,94.91,0
97,15,0.0022,0.0002,100.0,518.67,641.97,1584.02,1390.62,14.62,21.59,554.78,2387.93,9051.89,1.3,47.03,522.77,2388.04,8131.95,8.3909,0.03,391,2388,100.0,39.05,23.4599,275,260,Healthy,94.55,0
97,16,0.0014,-0.0003,100.0,518.67,641.89,1578.7,1394.85,14.62,21.59,554.86,2388.01,9048.78,1.3,47.32,522.94,2387.98,8141.89,8.3932,0.03,391,2388,100.0,39.03,23.4759,275,259,Healthy,94.18,0
97,17,-0.0002,0.0004,100.0,518.67,642.06,1586.9,1389.43,14.62,21.6,554.71,2388.04,9053.45,1.3,47.18,523.22,2387.99,8134.73,8.3671,0.03,391,2388,100.0,38.99,23.3646,275,258,Healthy,93.82,0
97,18,-0.0001,-0.0005,100.0,518.67,641.8,1580.17,1400.57,14.62,21.59,555.58,2387.96,9051.17,1.3,47.09,522.14,2387.94,8134.81,8.3463,0.03,391,2388,100.0,38.94,23.4576,275,257,Healthy,93.45,0
97,19,-0.0026,0.0002,100.0,518.67,641.76,1583.82,1393.74,14.62,21.59,554.74,2387.99,9048.55,1.3,47.21,522.85,2388.01,8135.21,8.3562,0.03,390,2388,100.0,39.13,23.3422,275,256,Healthy,93.09,0
97,20,-0.0036,-0.0002,100.0,518.67,641.53,1584.63,1397.26,14.62,21.59,553.73,2388.0,9050.15,1.3,46.99,521.58,2387.99,8133.81,8.414,0.03,391,2388,100.0,38.86,23.3271,275,255,Healthy,92.73,0
97,21,-0.0013,0.0004,100.0,518.67,642.19,1588.65,1401.42,14.62,21.59,554.97,2388.01,9056.33,1.3,47.05,522.93,2388.02,8133.12,8.4052,0.03,390,2388,100.0,39.06,23.4351,275,254,Healthy,92.36,0
97,22,0.0021,-0.0002,100.0,518.67,641.9,1583.76,1397.04,14.62,21.59,554.14,2387.98,9049.81,1.3,47.24,522.12,2387.98,8133.42,8.3977,0.03,390,2388,100.0,38.98,23.4393,275,253,Healthy,92.0,0
97,23,0.0025,0.0003,100.0,518.67,641.54,1583.87,1396.53,14.62,21.59,554.04,2387.94,9040.65,1.3,47.23,522.27,2387.98,8135.96,8.4015,0.03,393,2388,100.0,38.84,23.4448,275,252,Healthy,91.64,0
97,24,-0.0006,-0.0002,100.0,518.67,641.66,1583.51,1390.17,14.62,21.59,555.07,2387.96,9055.08,1.3,47.13,522.83,2387.99,8138.92,8.3772,0.03,391,2388,100.0,39.2,23.4404,275,251,Healthy,91.27,0
97,25,0.0009,-0.0001,100.0,518.67,641.44,1585.16,1393.93,14.62,21.59,554.05,2387.99,9057.27,1.3,47.04,522.36,2387.98,8136.32,8.385,0.03,392,2388,100.0,39.11,23.3602,275,250,Healthy,90.91,0
97,26,-0.0021,-0.0001,100.0,518.67,642.26,1578.43,1392.08,14.62,21.59,554.27,2387.97,9053.55,1.3,47.18,521.75,2387.99,8139.03,8.4139,0.03,391,2388,100.0,39.04,23.4024,275,249,Healthy,90.55,0
97,27,-0.0034,-0.0005,100.0,518.67,641.81,1588.28,1389.97,14.62,21.59,555.15,2387.99,9049.61,1.3,47.03,522.34,2388.02,8129.92,8.3732,0.03,390,2388,100.0,39.08,23.4763,275,248,Healthy,90.18,0
97,28,0.0,-0.0001,100.0,518.67,642.15,1581.6,1402.2,14.62,21.6,555.02,2387.98,9058.38,1.3,47.2,523.1,2388.01,8141.74,8.3528,0.03,391,2388,100.0,39.01,23.4469,275,247,Healthy,89.82,0
97,29,-0.0009,-0.0002,100.0,518.67,641.88,1585.62,1398.5,14.62,21.59,554.4,2387.99,9047.97,1.3,47.2,522.54,2388.01,8135.07,8.4054,0.03,390,2388,100.0,39.06,23.4357,275,246,Healthy,89.45,0
97,30,-0.0032,0.0001,100.0,518.67,642.31,1582.0,1390.63,14.62,21.59,554.34,2388.01,9051.01,1.3,47.1,522.74,2388.05,8135.59,8.4229,0.03,391,2388,100.0,38.98,23.5542,275,245,Healthy,89.09,0
97,31,-0.0007,0.0001,100.0,518.67,642.35,1578.85,1404.69,14.62,21.59,554.48,2388.03,9046.31,1.3,47.24,522.27,2388.0,8134.48,8.3782,0.03,390,2388,100.0,39.05,23.407,275,244,Healthy,88.73,0
97,32,-0.0018,0.0001,100.0,518.67,641.99,1584.29,1398.84,14.62,21.59,554.09,2388.0,9049.2,1.3,47.31,522.39,2387.97,8138.84,8.3839,0.03,392,2388,100.0,39.11,23.4476,275,243,Healthy,88.36,0
97,33,-0.0001,-0.0004,100.0,518.67,642.2,1579.94,1394.73,14.62,21.59,553.76,2387.98,9053.12,1.3,47.14,522.13,2388.08,8137.35,8.388,0.03,391,2388,100.0,38.9,23.403,275,242,Healthy,88.0,0
97,34,0.0055,0.0,100.0,518.67,642.39,1579.23,1393.69,14.62,21.59,553.63,2388.01,9046.67,1.3,47.14,522.29,2387.96,8133.87,8.4004,0.03,390,2388,100.0,39.04,23.5524,275,241,Healthy,87.64,0
97,35,-0.004,-0.0003,100.0,518.67,641.36,1587.09,1396.48,14.62,21.59,554.46,2388.01,9062.25,1.3,46.95,522.15,2388.03,8139.21,8.3558,0.03,392,2388,100.0,38.92,23.4093,275,240,Healthy,87.27,0
97,36,0.0017,0.0001,100.0,518.67,642.09,1584.58,1401.75,14.62,21.59,555.31,2388.01,9050.91,1.3,47.29,523.18,2388.04,8143.6,8.3497,0.03,392,2388,100.0,39.15,23.4172,275,239,Healthy,86.91,0
97,37,-0.0002,-0.0001,100.0,518.67,641.98,1583.25,1398.51,14.62,21.59,554.77,2387.97,9052.84,1.3,47.26,522.35,2387.98,8134.17,8.3853,0.03,391,2388,100.0,39.07,23.4745,275,238,Healthy,86.55,0
97,38,0.0007,0.0002,100.0,518.67,641.26,1581.31,1396.87,14.62,21.59,554.41,2388.05,9061.7,1.3,47.02,522.63,2387.98,8136.26,8.38,0.03,391,2388,100.0,39.12,23.3689,275,237,Healthy,86.18,0
97,39,0.0018,0.0002,100.0,518.67,642.17,1592.19,1397.13,14.62,21.59,553.99,2387.96,9050.92,1.3,47.15,521.61,2387.94,8128.18,8.4045,0.03,392,2388,100.0,38.88,23.3848,275,236,Healthy,85.82,0
97,40,0.0016,0.0001,100.0,518.67,641.54,1583.29,1399.97,14.62,21.59,554.43,2387.98,9046.8,1.3,47.11,522.65,2388.02,8127.6,8.3884,0.03,390,2388,100.0,39.05,23.5218,275,235,Healthy,85.45,0
97,41,-0.0022,0.0004,100.0,518.67,642.38,1581.15,1397.06,14.62,21.59,554.26,2388.0,9050.7,1.3,46.91,522.74,2387.93,8134.87,8.3871,0.03,392,2388,100.0,39.06,23.4502,275,234,Healthy,85.09,0
97,42,0.0011,0.0004,100.0,518.67,642.02,1585.05,1395.49,14.62,21.59,553.96,2387.98,9051.24,1.3,47.17,522.21,2388.02,8132.76,8.3548,0.03,389,2388,100.0,39.27,23.4802,275,233,Healthy,84.73,0
97,43,-0.0009,-0.0004,100.0,518.67,641.49,1579.8,1396.19,14.62,21.59,554.66,2388.06,9053.32,1.3,47.09,522.28,2387.96,8141.4,8.369,0.03,389,2388,100.0,39.03,23.4185,275,232,Healthy,84.36,0
97,44,0.0016,0.0003,100.0,518.67,642.67,1585.69,1387.49,14.62,21.59,554.53,2388.05,9048.91,1.3,47.0,522.31,2387.98,8135.13,8.396,0.03,392,2388,100.0,38.95,23.456,275,231,Healthy,84.0,0
97,45,0.0014,-0.0002,100.0,518.67,641.86,1580.47,1395.23,14.62,21.59,554.21,2387.99,9059.7,1.3,46.86,521.99,2387.95,8138.11,8.3741,0.03,391,2388,100.0,39.11,23.4743,275,230,Healthy,83.64,0
97,46,-0.0015,-0.0004,100.0,518.67,641.79,1581.5,1392.64,14.62,21.6,555.1,2388.03,9054.86,1.3,47.16,523.0,2387.98,8136.34,8.3865,0.03,392,2388,100.0,39.14,23.4587,275,229,Healthy,83.27,0
97,47,-0.0037,0.0003,100.0,518.67,642.11,1575.14,1397.87,14.62,21.58,555.0,2387.96,9045.44,1.3,47.06,521.93,2387.94,8142.88,8.3654,0.03,391,2388,100.0,39.06,23.5222,275,228,Healthy,82.91,0
97,48,-0.0004,0.0002,100.0,518.67,642.41,1581.35,1400.18,14.62,21.59,554.47,2387.97,9055.4,1.3,47.1,522.64,2388.03,8137.49,8.3745,0.03,391,2388,100.0,39.06,23.3913,275,227,Healthy,82.55,0
97,49,0.0005,0.0005,100.0,518.67,641.87,1585.78,1400.15,14.62,21.59,554.52,2388.01,9046.51,1.3,46.99,522.53,2387.99,8135.2,8.3689,0.03,391,2388,100.0,39.09,23.4084,275,226,Healthy,82.18,0
97,50,0.0003,0.0004,100.0,518.67,641.32,1576.3,1394.27,14.62,21.59,554.46,2388.02,9051.86,1.3,47.2,522.45,2387.97,8141.06,8.44,0.03,392,2388,100.0,39.02,23.417,275,225,Healthy,81.82,0
98,1,0.0029,0.0005,100.0,518.67,642.27,1578.17,1396.65,14.62,21.58,554.91,2388.04,9052.24,1.3,47.12,522.54,2387.98,8136.72,8.3953,0.03,391,2388,100.0,38.89,23.3506,307,306,Healthy,99.67,0
98,2,-0.0004,-0.0003,100.0,518.67,642.21,1581.16,1396.65,14.62,21.58,554.39,2387.97,9044.46,1.3,47.01,522.09,2387.96,8133.9,8.3896,0.03,390,2388,100.0,39.13,23.336,307,305,Healthy,99.35,0
98,3,-0.0001,-0.0001,100.0,518.67,642.03,1587.22,1389.84,14.62,21.58,554.37,2387.96,9050.19,1.3,47.12,522.89,2388.01,8136.04,8.379,0.03,391,2388,100.0,39.0,23.3923,307,304,Healthy,99.02,0
98,4,-0.0003,-0.0,100.0,518.67,642.2,1583.13,1396.22,14.62,21.58,553.88,2387.98,9043.55,1.3,47.16,522.21,2388.03,8142.41,8.3574,0.03,393,2388,100.0,38.98,23.31,307,303,Healthy,98.7,0
98,5,-0.0009,-0.0003,100.0,518.67,641.8,1583.61,1393.54,14.62,21.58,554.26,2388.0,9053.05,1.3,47.05,522.21,2388.01,8137.72,8.3807,0.03,392,2388,100.0,38.97,23.4302,307,302,Healthy,98.37,0
98,6,-0.0014,-0.0003,100.0,518.67,642.29,1576.26,1401.33,14.62,21.58,553.91,2388.03,9053.46,1.3,47.26,522.72,2387.99,8142.14,8.378,0.03,391,2388,100.0,38.89,23.4627,307,301,Healthy,98.05,0
98,7,0.0018,-0.0003,100.0,518.67,642.31,1581.67,1392.0,14.62,21.58,554.83,2388.01,9053.41,1.3,47.2,522.77,2387.99,8137.16,8.3756,0.03,393,2388,100.0,39.02,23.465,307,300,Healthy,97.72,0
98,8,-0.0009,-0.0005,100.0,518.67,642.09,1583.46,1404.41,14.62,21.58,554.64,2388.0,9055.9,1.3,47.11,522.08,2388.01,8135.63,8.4254,0.03,390,2388,100.0,39.15,23.5381,307,299,Healthy,97.39,0
98,9,-0.004,0.0004,100.0,518.67,642.82,1580.46,1389.83,14.62,21.58,553.96,2388.0,9061.81,1.3,46.86,522.08,2387.94,8136.06,8.365,0.03,390,2388,100.0,39.1,23.4224,307,298,Healthy,97.07,0
98,10,0.0001,-0.0003,100.0,518.67,642.59,1581.06,1391.78,14.62,21.58,554.97,2388.02,9054.17,1.3,47.08,523.1,2388.01,8139.05,8.3892,0.03,392,2388,100.0,39.21,23.4849,307,297,Healthy,96.74,0
98,11,-0.0026,0.0,100.0,518.67,641.79,1581.65,1393.96,14.62,21.57,553.42,2387.96,9051.95,1.3,47.15,522.27,2387.93,8133.78,8.3799,0.03,391,2388,100.0,39.15,23.4418,307,296,Healthy,96.42,0
98,12,0.0009,-0.0004,100.0,518.67,641.74,1580.74,1393.12,14.62,21.58,553.8,2388.02,9056.72,1.3,47.09,522.27,2387.89,8138.02,8.3717,0.03,391,2388,100.0,39.03,23.3718,307,295,Healthy,96.09,0
98,13,0.001,-0.0,100.0,518.67,641.77,1583.78,1389.66,14.62,21.58,554.35,2387.97,9049.35,1.3,47.19,521.66,2388.02,8131.19,8.3945,0.03,391,2388,100.0,39.1,23.2943,307,294,Healthy,95.77,0
98,14,0.0027,0.0003,100.0,518.67,642.13,1588.07,1399.45,14.62,21.58,554.44,2388.02,9056.24,1.3,47.26,522.89,2388.02,8141.2,8.3851,0.03,392,2388,100.0,39.02,23.4348,307,293,Healthy,95.44,0
98,15,0.0031,-0.0,100.0,518.67,641.58,1583.04,1391.77,14.62,21.58,554.8,2388.0,9055.79,1.3,47.11,522.38,2387.99,8140.34,8.3847,0.03,391,2388,100.0,39.01,23.5234,307,292,Healthy,95.11,0
98,16,-0.001,0.0001,100.0,518.67,641.86,1579.75,1399.51,14.62,21.58,554.05,2387.97,9050.65,1.3,46.94,521.85,2388.01,8139.44,8.3784,0.03,390,2388,100.0,38.98,23.415,307,291,Healthy,94.79,0
98,17,0.0014,0.0004,100.0,518.67,642.21,1581.73,1400.42,14.62,21.58,554.26,2387.95,9055.06,1.3,47.1,522.52,2388.01,8136.7,8.3538,0.03,391,2388,100.0,39.08,23.3404,307,290,Healthy,94.46,0
98,18,-0.0006,0.0002,100.0,518.67,642.28,1582.72,1394.27,14.62,21.58,554.36,2387.98,9046.91,1.3,47.21,522.23,2388.01,8137.96,8.362,0.03,392,2388,100.0,39.02,23.4091,307,289,Healthy,94.14,0
98,19,-0.0003,0.0004,100.0,518.67,642.3,1584.76,1401.58,14.62,21.58,554.07,2387.97,9049.11,1.3,47.27,521.8,2388.0,8135.07,8.3512,0.03,392,2388,100.0,39.0,23.4238,307,288,Healthy,93.81,0
98,20,0.0044,0.0002,100.0,518.67,641.76,1583.25,1396.12,14.62,21.58,554.78,2388.02,9057.23,1.3,47.22,522.09,2388.05,8138.26,8.372,0.03,392,2388,100.0,38.98,23.351,307,287,Healthy,93.49,0
98,21,0.0047,0.0003,100.0,518.67,642.62,1586.41,1390.34,14.62,21.57,553.35,2387.95,9046.37,1.3,47.07,521.89,2388.03,8137.77,8.3774,0.03,391,2388,100.0,39.15,23.4237,307,286,Healthy,93.16,0
98,22,0.0005,0.0001,100.0,518.67,642.27,1581.01,1394.66,14.62,21.58,553.93,2388.06,9056.83,1.3,47.1,522.89,2388.02,8136.14,8.3868,0.03,391,2388,100.0,38.98,23.5112,307,285,Healthy,92.83,0
98,23,0.002,-0.0004,100.0,518.67,641.79,1579.42,1397.84,14.62,21.58,554.97,2388.01,9052.01,1.3,47.2,522.76,2387.95,8140.18,8.385,0.03,391,2388,100.0,38.97,23.4413,307,284,Healthy,92.51,0
98,24,-0.0008,-0.0004,100.0,518.67,641.96,1583.45,1396.09,14.62,21.58,554.05,2387.95,9052.8,1.3,47.03,522.32,2388.03,8136.19,8.3899,0.03,390,2388,100.0,39.01,23.4082,307,283,Healthy,92.18,0
98,25,0.0011,0.0004,100.0,518.67,642.18,1583.02,1393.94,14.62,21.58,554.01,2387.99,9059.21,1.3,46.95,522.99,2388.0,8142.59,8.3964,0.03,390,2388,100.0,39.03,23.3826,307,282,Healthy,91.86,0
98,26,-0.0042,0.0002,100.0,518.67,641.97,1582.99,1396.46,14.62,21.58,554.45,2388.02,9050.56,1.3,47.06,522.67,2388.01,8143.11,8.3573,0.03,392,2388,100.0,39.06,23.4131,307,281,Healthy,91.53,0
98,27,-0.0012,-0.0004,100.0,518.67,642.1,1589.35,1397.36,14.62,21.58,554.76,2387.99,9054.12,1.3,47.12,522.72,2388.01,8142.07,8.3949,0.03,391,2388,100.0,39.27,23.4678,307,280,Healthy,91.21,0
98,28,-0.0004,0.0,100.0,518.67,642.41,1577.47,1405.08,14.62,21.58,554.44,2387.97,9058.9,1.3,47.1,522.61,2388.01,8144.5,8.3624,0.03,391,2388,100.0,39.02,23.4261,307,279,Healthy,90.88,0
98,29,-0.0002,-0.0001,100.0,518.67,641.74,1579.04,1391.05,14.62,21.58,554.47,2387.98,9055.66,1.3,46.97,522.28,2388.01,8133.49,8.387,0.03,392,2388,100.0,39.18,23.3679,307,278,Healthy,90.55,0
98,30,0.0018,-0.0005,100.0,518.67,642.73,1576.23,1391.86,14.62,21.58,554.54,2387.99,9052.03,1.3,47.17,522.18,2387.93,8134.98,8.3416,0.03,391,2388,100.0,39.15,23.4774,307,277,Healthy,90.23,0
98,31,0.0002,0.0003,100.0,518.67,642.35,1584.83,1394.34,14.62,21.58,554.01,2387.97,9053.85,1.3,46.97,522.17,2387.94,8130.99,8.3916,0.03,393,2388,100.0,38.77,23.3842,307,276,Healthy,89.9,0
98,32,0.0043,-0.0002,100.0,518.67,642.58,1581.44,1394.87,14.62,21.58,554.59,2387.98,9052.24,1.3,47.35,522.25,2387.97,8133.68,8.3819,0.03,393,2388,100.0,38.92,23.4431,307,275,Healthy,89.58,0
98,33,0.001,-0.0002,100.0,518.67,642.0,1582.29,1396.46,14.62,21.58,555.2,2388.01,9053.61,1.3,47.23,522.3,2388.02,8133.26,8.3506,0.03,393,2388,100.0,39.02,23.4639,307,274,Healthy,89.25,0
98,34,0.0008,-0.0002,100.0,518.67,642.12,1578.83,1388.35,14.62,21.58,553.94,2387.97,9052.65,1.3,47.1,522.33,2387.97,8132.55,8.4054,0.03,392,2388,100.0,38.8,23.425,307,273,Healthy,88.93,0
98,35,-0.0019,0.0004,100.0,518.67,642.09,1576.56,1398.19,14.62,21.58,553.97,2387.99,9048.79,1.3,47.18,522.31,2387.99,8138.63,8.3752,0.03,390,2388,100.0,38.94,23.5059,307,272,Healthy,88.6,0
98,36,-0.0026,-0.0001,100.0,518.67,642.21,1583.3,1397.79,14.62,21.58,554.71,2387.98,9059.33,1.3,47.09,522.61,2388.02,8139.93,8.3788,0.03,390,2388,100.0,39.11,23.4535,307,271,Healthy,88.27,0
98,37,0.0018,-0.0001,100.0,518.67,642.23,1580.51,1397.37,14.62,21.58,554.28,2387.97,9056.27,1.3,47.32,522.4,2388.03,8139.43,8.3775,0.03,392,2388,100.0,39.01,23.3596,307,270,Healthy,87.95,0
98,38,-0.001,0.0003,100.0,518.67,642.13,1592.36,1396.83,14.62,21.58,554.86,2387.99,9062.32,1.3,47.25,522.73,2387.98,8138.63,8.4021,0.03,392,2388,100.0,39.23,23.5199,307,269,Healthy,87.62,0
98,39,0.0008,-0.0005,100.0,518.67,641.49,1589.55,1396.73,14.62,21.58,554.46,2388.03,9058.32,1.3,47.2,522.9,2388.0,8138.55,8.3986,0.03,392,2388,100.0,39.2,23.4395,307,268,Healthy,87.3,0
98,40,0.0025,0.0,100.0,518.67,641.93,1583.46,1395.34,14.62,21.58,554.56,2388.02,9045.24,1.3,47.08,522.5,2387.98,8133.32,8.3859,0.03,391,2388,100.0,38.94,23.4146,307,267,Healthy,86.97,0
98,41,-0.0028,0.0001,100.0,518.67,642.03,1579.1,1396.71,14.62,21.58,555.15,2387.98,9064.23,1.3,47.16,522.91,2387.94,8147.63,8.3787,0.03,391,2388,100.0,38.95,23.4458,307,266,Healthy,86.64,0
98,42,-0.0004,0.0003,100.0,518.67,642.25,1584.68,1401.72,14.62,21.58,554.45,2388.01,9056.58,1.3,47.33,522.48,2388.05,8138.27,8.3609,0.03,393,2388,100.0,39.09,23.4353,307,265,Healthy,86.32,0
98,43,-0.0015,-0.0004,100.0,518.67,641.8,1583.46,1395.96,14.62,21.58,555.1,2388.01,9050.81,1.3,47.29,522.06,2388.04,8139.39,8.3914,0.03,390,2388,100.0,39.03,23.444,307,264,Healthy,85.99,0
98,44,0.003,-0.0004,100.0,518.67,642.38,1583.19,1397.17,14.62,21.58,555.89,2388.0,9056.17,1.3,47.03,522.64,2388.04,8143.02,8.3787,0.03,393,2388,100.0,39.08,23.479,307,263,Healthy,85.67,0
98,45,0.0002,0.0001,100.0,518.67,641.43,1587.49,1393.11,14.62,21.58,554.29,2387.99,9051.31,1.3,47.29,523.09,2388.03,8138.44,8.3793,0.03,390,2388,100.0,39.0,23.497,307,262,Healthy,85.34,0
98,46,0.0029,-0.0002,100.0,518.67,642.23,1579.74,1398.08,14.62,21.58,554.29,2388.0,9052.49,1.3,47.04,522.29,2387.97,8136.18,8.3875,0.03,391,2388,100.0,39.09,23.3882,307,261,Healthy,85.02,0
98,47,0.0001,-0.0005,100.0,518.67,641.81,1583.07,1397.53,14.62,21.58,554.83,2388.06,9063.71,1.3,47.27,522.58,2388.02,8140.51,8.3726,0.03,391,2388,100.0,38.92,23.4156,307,260,Healthy,84.69,0
98,48,0.0021,-0.0001,100.0,518.67,641.83,1588.35,1398.09,14.62,21.58,555.69,2388.08,9062.59,1.3,47.07,522.65,2387.96,8143.76,8.3306,0.03,391,2388,100.0,39.07,23.5679,307,259,Healthy,84.36,0
98,49,-0.0009,0.0003,100.0,518.67,642.32,1578.56,1392.77,14.62,21.58,554.27,2387.99,9055.78,1.3,47.12,521.51,2387.98,8133.74,8.3609,0.03,391,2388,100.0,39.02,23.4546,307,258,Healthy,84.04,0
98,50,-0.001,0.0001,100.0,518.67,641.88,1581.42,1398.66,14.62,21.58,554.52,2387.97,9058.54,1.3,46.91,522.41,2387.97,8137.27,8.3999,0.03,391,2388,100.0,39.01,23.4028,307,257,Healthy,83.71,0
99,1,0.0055,-0.0002,100.0,518.67,642.37,1585.17,1406.22,14.62,21.61,554.49,2388.15,9062.78,1.3,47.63,521.42,2388.11,8134.68,8.4117,0.03,394,2388,100.0,38.81,23.2426,145,144,Healthy,99.31,0
99,2,0.0011,0.0001,100.0,518.67,642.25,1593.36,1405.12,14.62,21.61,553.24,2388.12,9057.02,1.3,47.56,520.91,2388.11,8133.55,8.4517,0.03,394,2388,100.0,38.84,23.3058,145,143,Healthy,98.62,0
99,3,-0.0039,-0.0002,100.0,518.67,642.81,1586.59,1406.33,14.62,21.61,553.19,2388.09,9066.06,1.3,47.84,521.07,2388.14,8137.56,8.4417,0.03,395,2388,100.0,38.73,23.2844,145,142,Healthy,97.93,0
99,4,0.0002,-0.0002,100.0,518.67,643.52,1592.97,1405.2,14.62,21.61,552.98,2388.09,9050.65,1.3,47.48,521.04,2388.11,8140.53,8.4575,0.03,394,2388,100.0,38.61,23.2797,145,141,Healthy,97.24,0
99,5,0.0035,0.0001,100.0,518.67,642.34,1592.49,1409.54,14.62,21.61,553.5,2388.1,9057.55,1.3,47.64,521.24,2388.13,8134.69,8.4602,0.03,394,2388,100.0,38.86,23.2945,145,140,Healthy,96.55,0
99,6,-0.0025,0.0001,100.0,518.67,642.59,1594.25,1410.72,14.62,21.61,553.08,2388.13,9059.24,1.3,47.55,521.12,2388.12,8133.67,8.4312,0.03,393,2388,100.0,38.85,23.2066,145,139,Healthy,95.86,0
99,7,-0.0005,0.0001,100.0,518.67,642.6,1586.91,1409.32,14.62,21.61,553.2,2388.11,9058.46,1.3,47.53,521.52,2388.07,8144.98,8.4256,0.03,391,2388,100.0,38.81,23.2828,145,138,Healthy,95.17,0
99,8,0.0001,0.0,100.0,518.67,642.89,1584.84,1414.18,14.62,21.61,553.21,2388.1,9054.83,1.3,47.56,521.2,2388.11,8130.28,8.4327,0.03,394,2388,100.0,38.86,23.3025,145,137,Healthy,94.48,0
99,9,0.0003,-0.0004,100.0,518.67,642.27,1588.29,1410.25,14.62,21.61,553.44,2388.09,9060.79,1.3,47.63,521.38,2388.12,8136.2,8.4346,0.03,394,2388,100.0,38.69,23.2431,145,136,Healthy,93.79,0
99,10,0.0005,0.0005,100.0,518.67,642.67,1587.28,1408.93,14.62,21.61,553.19,2388.09,9058.24,1.3,47.54,521.57,2388.07,8139.01,8.452,0.03,392,2388,100.0,38.82,23.2817,145,135,Healthy,93.1,0
99,11,-0.0016,0.0003,100.0,518.67,643.13,1592.77,1409.83,14.62,21.61,552.69,2388.13,9059.08,1.3,47.64,521.09,2388.12,8137.03,8.4547,0.03,394,2388,100.0,38.74,23.304,145,134,Healthy,92.41,0
99,12,-0.0017,-0.0002,100.0,518.67,642.68,1597.63,1411.55,14.62,21.61,553.31,2388.09,9066.89,1.3,47.6,521.68,2388.07,8141.79,8.4295,0.03,393,2388,100.0,38.79,23.2644,145,133,Healthy,91.72,0
99,13,0.003,-0.0003,100.0,518.67,642.62,1590.33,1415.75,14.62,21.61,553.05,2388.11,9068.75,1.3,47.6,521.21,2388.1,8137.71,8.4195,0.03,393,2388,100.0,38.85,23.2042,145,132,Healthy,91.03,0
99,14,0.003,-0.0001,100.0,518.67,642.86,1585.06,1414.35,14.62,21.61,553.31,2388.16,9061.04,1.3,47.67,521.0,2388.07,8138.35,8.4482,0.03,394,2388,100.0,38.82,23.234,145,131,Healthy,90.34,0
99,15,-0.0,0.0004,100.0,518.67,642.8,1598.65,1408.93,14.62,21.61,553.86,2388.16,9059.69,1.3,47.47,521.13,2388.08,8138.78,8.4756,0.03,394,2388,100.0,38.77,23.2165,145,130,Healthy,89.66,0
99,16,-0.0019,0.0001,100.0,518.67,642.45,1594.26,1411.57,14.62,21.61,552.75,2388.08,9060.43,1.3,47.57,521.21,2388.15,8141.8,8.4472,0.03,393,2388,100.0,38.83,23.3667,145,129,Healthy,88.97,0
99,17,0.0011,-0.0005,100.0,518.67,642.97,1591.79,1415.31,14.62,21.61,554.02,2388.1,9056.46,1.3,47.64,521.32,2388.11,8140.43,8.4114,0.03,394,2388,100.0,38.82,23.2078,145,128,Healthy,88.28,0
99,18,0.0018,-0.0004,100.0,518.67,643.05,1590.52,1410.28,14.62,21.61,553.81,2388.11,9066.56,1.3,47.51,521.22,2388.08,8141.85,8.4511,0.03,394,2388,100.0,38.97,23.2966,145,127,Healthy,87.59,0
99,19,-0.0045,0.0002,100.0,518.67,642.82,1584.76,1410.05,14.62,21.61,553.75,2388.14,9057.43,1.3,47.54,521.51,2388.13,8137.24,8.4595,0.03,393,2388,100.0,38.83,23.1383,145,126,Healthy,86.9,0
99,20,-0.0017,-0.0002,100.0,518.67,642.86,1597.47,1408.35,14.62,21.61,552.74,2388.09,9059.48,1.3,47.62,521.11,2388.11,8136.82,8.479,0.03,393,2388,100.0,38.97,23.2052,145,125,Healthy,86.21,0
99,21,-0.0004,0.0005,100.0,518.67,642.41,1591.63,1407.04,14.62,21.61,553.93,2388.11,9049.74,1.3,47.45,521.54,2388.12,8142.51,8.4681,0.03,393,2388,100.0,38.81,23.3415,145,124,Healthy,85.52,0
99,22,-0.0015,-0.0003,100.0,518.67,642.48,1585.24,1415.94,14.62,21.61,553.75,2388.1,9060.98,1.3,47.65,521.27,2388.12,8136.71,8.4435,0.03,394,2388,100.0,38.85,23.3643,145,123,Healthy,84.83,0
99,23,-0.0013,0.0001,100.0,518.67,642.88,1590.52,1405.92,14.62,21.61,553.05,2388.13,9056.58,1.3,47.61,521.5,2388.13,8145.9,8.453,0.03,393,2388,100.0,38.68,23.1643,145,122,Healthy,84.14,0
99,24,0.0004,0.0003,100.0,518.67,642.39,1584.94,1408.32,14.62,21.61,553.1,2388.14,9049.7,1.3,47.58,521.43,2388.15,8136.09,8.4289,0.03,395,2388,100.0,38.63,23.237,145,121,Healthy,83.45,0
99,25,0.0007,0.0001,100.0,518.67,642.68,1597.88,1399.2,14.62,21.61,553.34,2388.12,9066.47,1.3,47.5,521.64,2388.18,8142.97,8.4362,0.03,393,2388,100.0,38.67,23.2866,145,120,Early_Wear,82.76,0
99,26,0.0027,-0.0002,100.0,518.67,643.39,1591.84,1413.41,14.62,21.61,554.05,2388.09,9060.53,1.3,47.78,520.96,2388.15,8137.64,8.4717,0.03,394,2388,100.0,38.88,23.2548,145,119,Early_Wear,82.07,0
99,27,0.0037,0.0005,100.0,518.67,642.66,1593.67,1412.42,14.62,21.61,553.25,2388.15,9061.67,1.3,47.53,521.13,2388.17,8136.39,8.4634,0.03,394,2388,100.0,38.76,23.3018,145,118,Early_Wear,81.38,0
99,28,0.0015,-0.0001,100.0,518.67,642.78,1595.09,1410.55,14.62,21.61,553.34,2388.11,9054.51,1.3,47.9,521.21,2388.13,8141.67,8.4486,0.03,394,2388,100.0,38.77,23.2254,145,117,Early_Wear,80.69,0
99,29,0.0006,0.0005,100.0,518.67,643.13,1595.55,1411.85,14.62,21.61,554.02,2388.14,9062.31,1.3,47.62,521.18,2388.08,8138.82,8.4649,0.03,392,2388,100.0,38.86,23.2344,145,116,Early_Wear,80.0,0
99,30,0.0016,0.0004,100.0,518.67,642.16,1590.95,1407.12,14.62,21.61,552.64,2388.11,9057.87,1.3,47.52,521.61,2388.18,8132.29,8.4376,0.03,393,2388,100.0,38.96,23.196,145,115,Early_Wear,79.31,0
99,31,0.0,0.0001,100.0,518.67,642.87,1591.52,1408.73,14.62,21.61,553.42,2388.07,9054.01,1.3,47.55,521.94,2388.11,8139.84,8.4474,0.03,395,2388,100.0,38.97,23.3254,145,114,Early_Wear,78.62,0
99,32,0.0009,0.0001,100.0,518.67,643.13,1588.13,1410.11,14.62,21.61,553.46,2388.11,9053.73,1.3,47.5,521.53,2388.14,8140.82,8.4485,0.03,393,2388,100.0,38.8,23.1942,145,113,Early_Wear,77.93,0
99,33,-0.0016,-0.0,100.0,518.67,642.95,1589.92,1411.2,14.62,21.61,552.95,2388.05,9064.67,1.3,47.53,521.24,2388.14,8146.37,8.4639,0.03,393,2388,100.0,38.71,23.3308,145,112,Early_Wear,77.24,0
99,34,-0.0028,0.0005,100.0,518.67,642.93,1592.59,1410.63,14.62,21.61,554.03,2388.15,9058.72,1.3,47.64,521.7,2388.11,8139.13,8.4431,0.03,392,2388,100.0,38.73,23.2088,145,111,Early_Wear,76.55,0
99,35,-0.0003,-0.0004,100.0,518.67,642.13,1590.37,1410.5,14.62,21.61,553.26,2388.09,9058.27,1.3,47.56,521.38,2388.12,8139.05,8.4515,0.03,394,2388,100.0,38.89,23.274,145,110,Early_Wear,75.86,0
99,36,-0.0027,0.0001,100.0,518.67,642.29,1594.2,1413.81,14.62,21.61,553.3,2388.1,9056.8,1.3,47.58,520.81,2388.15,8136.0,8.4497,0.03,394,2388,100.0,38.86,23.2436,145,109,Early_Wear,75.17,0
99,37,-0.001,0.0002,100.0,518.67,642.56,1590.52,1407.01,14.62,21.61,552.57,2388.16,9061.7,1.3,47.53,521.07,2388.1,8137.64,8.4195,0.03,393,2388,100.0,38.76,23.2067,145,108,Early_Wear,74.48,0
99,38,-0.0017,0.0003,100.0,518.67,642.3,1595.24,1414.39,14.62,21.61,553.52,2388.12,9065.55,1.3,47.49,521.16,2388.07,8137.86,8.4627,0.03,393,2388,100.0,38.86,23.357,145,107,Early_Wear,73.79,0
99,39,0.0015,0.0001,100.0,518.67,642.77,1592.23,1416.8,14.62,21.61,552.89,2388.15,9058.28,1.3,47.69,521.84,2388.08,8129.41,8.4887,0.03,393,2388,100.0,38.84,23.3155,145,106,Early_Wear,73.1,0
99,40,-0.0011,-0.0004,100.0,518.67,642.23,1594.49,1408.14,14.62,21.61,552.89,2388.12,9060.27,1.3,47.51,521.03,2388.1,8142.47,8.4494,0.03,393,2388,100.0,38.84,23.2084,145,105,Early_Wear,72.41,0
99,41,0.0007,0.0003,100.0,518.67,643.69,1585.47,1417.87,14.62,21.61,553.21,2388.12,9061.81,1.3,47.52,521.77,2388.09,8140.0,8.4505,0.03,393,2388,100.0,38.89,23.2723,145,104,Early_Wear,71.72,0
99,42,-0.0013,0.0005,100.0,518.67,643.61,1594.62,1408.09,14.62,21.61,553.02,2388.12,9055.33,1.3,47.71,521.33,2388.1,8138.66,8.4312,0.03,394,2388,100.0,38.92,23.3038,145,103,Early_Wear,71.03,0
99,43,0.0023,0.0005,100.0,518.67,642.19,1588.61,1410.22,14.62,21.61,552.79,2388.15,9056.0,1.3,47.66,521.27,2388.09,8133.85,8.4302,0.03,393,2388,100.0,38.71,23.2888,145,102,Early_Wear,70.34,0
99,44,-0.0038,-0.0,100.0,518.67,642.51,1595.61,1414.15,14.62,21.61,553.28,2388.11,9059.51,1.3,47.62,521.21,2388.2,8140.53,8.4705,0.03,393,2388,100.0,38.9,23.3825,145,101,Early_Wear,69.66,0
99,45,-0.0019,0.0005,100.0,518.67,642.95,1590.26,1419.3,14.62,21.61,552.65,2388.14,9059.31,1.3,47.65,521.3,2388.1,8135.58,8.4254,0.03,394,2388,100.0,38.84,23.2089,145,100,Early_Wear,68.97,0
99,46,-0.0054,-0.0002,100.0,518.67,642.52,1585.3,1412.6,14.62,21.61,553.61,2388.15,9055.17,1.3,47.47,521.6,2388.11,8135.7,8.4671,0.03,393,2388,100.0,38.81,23.3091,145,99,Early_Wear,68.28,0
99,47,-0.0002,-0.0003,100.0,518.67,642.79,1587.0,1405.26,14.62,21.61,552.91,2388.1,9060.96,1.3,47.41,521.17,2388.23,8135.41,8.4891,0.03,394,2388,100.0,38.76,23.2181,145,98,Early_Wear,67.59,0
99,48,-0.0009,0.0001,100.0,518.67,642.64,1591.24,1412.64,14.62,21.61,553.27,2388.14,9061.63,1.3,47.55,520.68,2388.12,8135.75,8.4328,0.03,392,2388,100.0,38.62,23.3065,145,97,Early_Wear,66.9,0
99,49,-0.002,-0.0003,100.0,518.67,642.6,1585.36,1409.48,14.62,21.61,552.5,2388.12,9066.44,1.3,47.61,521.05,2388.09,8139.98,8.4481,0.03,394,2388,100.0,38.63,23.2229,145,96,Early_Wear,66.21,0
99,50,-0.001,-0.0001,100.0,518.67,642.27,1592.87,1414.06,14.62,21.61,553.43,2388.14,9058.64,1.3,47.81,521.31,2388.12,8141.56,8.444,0.03,392,2388,100.0,38.93,23.3424,145,95,Early_Wear,65.52,0
100,1,0.0027,0.0001,100.0,518.67,642.35,1588.64,1403.1,14.62,21.61,553.73,2388.08,9049.85,1.3,47.38,521.51,2388.14,8132.73,8.4524,0.03,393,2388,100.0,39.01,23.2238,152,151,Healthy,99.34,0
100,2,-0.0032,0.0004,100.0,518.67,642.82,1594.15,1407.19,14.62,21.61,553.09,2388.12,9043.68,1.3,47.74,521.55,2388.12,8134.67,8.4604,0.03,392,2388,100.0,39.09,23.3526,152,150,Healthy,98.68,0
100,3,-0.001,-0.0002,100.0,518.67,642.89,1581.68,1410.43,14.62,21.61,553.35,2388.15,9057.93,1.3,47.57,521.7,2388.1,8132.38,8.4437,0.03,393,2388,100.0,39.1,23.2936,152,149,Healthy,98.03,0
100,4,0.0018,-0.0001,100.0,518.67,641.95,1587.7,1405.07,14.62,21.61,553.9,2388.09,9049.23,1.3,47.51,521.8,2388.05,8129.24,8.4159,0.03,392,2388,100.0,39.04,23.29,152,148,Healthy,97.37,0
100,5,-0.0017,0.0001,100.0,518.67,642.27,1594.07,1407.75,14.62,21.61,553.59,2388.16,9050.89,1.3,47.49,521.18,2388.15,8127.41,8.4413,0.03,393,2388,100.0,38.75,23.3449,152,147,Healthy,96.71,0
100,6,0.0039,-0.0001,100.0,518.67,642.77,1585.5,1407.71,14.62,21.61,553.41,2388.12,9050.15,1.3,47.35,521.2,2388.13,8125.81,8.4478,0.03,393,2388,100.0,38.9,23.3423,152,146,Healthy,96.05,0
100,7,-0.0033,0.0001,100.0,518.67,642.88,1588.68,1411.4,14.62,21.61,553.65,2388.16,9046.77,1.3,47.39,521.48,2388.13,8131.05,8.4386,0.03,393,2388,100.0,39.02,23.3891,152,145,Healthy,95.39,0
100,8,0.0004,-0.0003,100.0,518.67,642.25,1586.12,1408.26,14.62,21.61,553.87,2388.11,9054.55,1.3,47.37,521.62,2388.12,8130.24,8.456,0.03,393,2388,100.0,39.03,23.395,152,144,Healthy,94.74,0
100,9,-0.002,0.0003,100.0,518.67,642.84,1589.35,1412.05,14.62,21.61,552.9,2388.12,9044.92,1.3,47.27,522.02,2388.13,8126.29,8.4192,0.03,391,2388,100.0,39.06,23.278,152,143,Healthy,94.08,0
100,10,0.0027,0.0004,100.0,518.67,642.78,1585.26,1409.49,14.62,21.61,553.78,2388.14,9042.7,1.3,47.47,521.8,2388.14,8129.63,8.4355,0.03,395,2388,100.0,38.8,23.2988,152,142,Healthy,93.42,0
100,11,0.001,-0.0,100.0,518.67,642.8,1591.0,1410.26,14.62,21.61,553.38,2388.09,9052.73,1.3,47.49,521.22,2388.13,8130.34,8.4367,0.03,393,2388,100.0,38.81,23.3546,152,141,Healthy,92.76,0
100,12,-0.002,-0.0001,100.0,518.67,642.85,1586.33,1403.82,14.62,21.61,553.61,2388.09,9052.51,1.3,47.55,521.6,2388.15,8133.12,8.4215,0.03,392,2388,100.0,38.83,23.2157,152,140,Healthy,92.11,0
100,13,-0.0014,-0.0003,100.0,518.67,642.4,1586.24,1407.08,14.62,21.61,553.38,2388.11,9045.87,1.3,47.61,521.39,2388.14,8135.26,8.4443,0.03,392,2388,100.0,38.91,23.318,152,139,Healthy,91.45,0
100,14,0.0012,-0.0003,100.0,518.67,642.72,1590.39,1407.56,14.62,21.61,553.69,2388.14,9046.92,1.3,47.45,521.85,2388.08,8128.19,8.4406,0.03,392,2388,100.0,38.79,23.2397,152,138,Healthy,90.79,0
100,15,-0.0011,-0.0001,100.0,518.67,642.74,1592.89,1405.01,14.62,21.61,553.47,2388.11,9050.38,1.3,47.59,521.26,2388.15,8126.56,8.448,0.03,394,2388,100.0,38.83,23.4142,152,137,Healthy,90.13,0
100,16,-0.0006,-0.0004,100.0,518.67,642.68,1593.41,1403.25,14.62,21.61,553.28,2388.12,9054.53,1.3,47.47,521.57,2388.12,8129.41,8.4335,0.03,392,2388,100.0,38.84,23.3047,152,136,Healthy,89.47,0
100,17,-0.0038,0.0,100.0,518.67,642.84,1591.76,1407.83,14.62,21.61,552.78,2388.1,9049.01,1.3,47.46,521.51,2388.1,8131.98,8.444,0.03,393,2388,100.0,38.86,23.353,152,135,Healthy,88.82,0
100,18,0.0003,-0.0,100.0,518.67,642.68,1589.63,1399.88,14.62,21.61,553.21,2388.08,9047.36,1.3,47.58,521.41,2388.14,8133.24,8.4614,0.03,392,2388,100.0,38.72,23.4424,152,134,Healthy,88.16,0
100,19,0.0052,0.0004,100.0,518.67,642.75,1589.75,1401.79,14.62,21.61,553.51,2388.12,9050.32,1.3,47.5,521.45,2388.09,8130.98,8.462,0.03,392,2388,100.0,38.95,23.3743,152,133,Healthy,87.5,0
100,20,0.0042,-0.0003,100.0,518.67,642.79,1591.93,1413.57,14.62,21.61,553.44,2388.12,9044.99,1.3,47.66,521.19,2388.15,8127.76,8.4318,0.03,392,2388,100.0,38.78,23.2157,152,132,Healthy,86.84,0
100,21,0.002,-0.0003,100.0,518.67,642.27,1584.09,1409.87,14.62,21.61,553.89,2388.09,9049.36,1.3,47.4,520.77,2388.06,8133.36,8.421,0.03,395,2388,100.0,38.75,23.2582,152,131,Healthy,86.18,0
100,22,-0.0004,0.0003,100.0,518.67,643.72,1593.61,1409.51,14.62,21.61,553.66,2388.11,9053.8,1.3,47.45,521.21,2388.09,8123.75,8.4117,0.03,391,2388,100.0,38.86,23.2709,152,130,Healthy,85.53,0
100,23,0.0002,0.0,100.0,518.67,642.83,1583.52,1408.81,14.62,21.61,554.22,2388.11,9052.2,1.3,47.43,521.6,2388.15,8127.54,8.442,0.03,395,2388,100.0,38.73,23.3838,152,129,Healthy,84.87,0
100,24,-0.0001,0.0004,100.0,518.67,642.68,1593.56,1409.42,14.62,21.61,553.41,2388.11,9054.42,1.3,47.26,521.5,2388.09,8136.58,8.4229,0.03,393,2388,100.0,38.86,23.3475,152,128,Healthy,84.21,0
100,25,0.0026,-0.0002,100.0,518.67,643.05,1587.34,1406.07,14.62,21.61,553.58,2388.12,9052.83,1.3,47.32,521.62,2388.07,8130.62,8.4236,0.03,392,2388,100.0,38.89,23.1958,152,127,Healthy,83.55,0
100,26,0.0004,-0.0003,100.0,518.67,643.03,1592.88,1407.31,14.62,21.61,553.46,2388.13,9046.36,1.3,47.57,521.57,2388.15,8118.96,8.4598,0.03,393,2388,100.0,38.89,23.3147,152,126,Healthy,82.89,0
100,27,-0.0015,0.0002,100.0,518.67,642.36,1596.3,1410.91,14.62,21.61,553.48,2388.1,9051.48,1.3,47.5,521.44,2388.18,8122.09,8.4352,0.03,393,2388,100.0,38.87,23.2953,152,125,Healthy,82.24,0
100,28,0.0022,0.0001,100.0,518.67,642.33,1587.98,1408.09,14.62,21.61,553.24,2388.07,9055.25,1.3,47.49,521.17,2388.08,8131.07,8.4605,0.03,394,2388,100.0,38.63,23.3961,152,124,Healthy,81.58,0
100,29,-0.0059,0.0001,100.0,518.67,642.17,1584.14,1406.47,14.62,21.61,553.65,2388.1,9045.62,1.3,47.49,521.22,2388.14,8124.71,8.46,0.03,393,2388,100.0,38.75,23.2929,152,123,Healthy,80.92,0
100,30,0.0003,-0.0002,100.0,518.67,642.78,1589.36,1408.53,14.62,21.61,553.65,2388.11,9053.43,1.3,47.56,522.06,2388.11,8131.68,8.4628,0.03,394,2388,100.0,38.82,23.2792,152,122,Healthy,80.26,0
100,31,0.0001,0.0002,100.0,518.67,642.73,1590.23,1406.93,14.62,21.61,553.74,2388.13,9043.23,1.3,47.29,521.44,2388.06,8129.88,8.4401,0.03,393,2388,100.0,38.84,23.3372,152,121,Healthy,79.61,0
100,32,0.0014,-0.0004,100.0,518.67,642.64,1585.19,1410.08,14.62,21.61,553.1,2388.16,9043.92,1.3,47.29,521.16,2388.11,8120.72,8.4447,0.03,393,2388,100.0,38.81,23.385,152,120,Early_Wear,78.95,0
100,33,0.0,-0.0005,100.0,518.67,643.04,1585.28,1413.23,14.62,21.61,553.84,2388.11,9048.47,1.3,47.5,521.25,2388.08,8132.85,8.444,0.03,392,2388,100.0,38.74,23.23,152,119,Early_Wear,78.29,0
100,34,0.0014,-0.0005,100.0,518.67,643.04,1591.79,1408.08,14.62,21.61,553.24,2388.08,9046.35,1.3,47.54,521.33,2388.1,8128.7,8.4206,0.03,392,2388,100.0,38.71,23.2595,152,118,Early_Wear,77.63,0
100,35,-0.0001,0.0001,100.0,518.67,642.72,1594.58,1410.16,14.62,21.61,553.13,2388.13,9047.43,1.3,47.59,521.83,2388.13,8125.97,8.4314,0.03,394,2388,100.0,39.06,23.2787,152,117,Early_Wear,76.97,0
100,36,0.0029,-0.0004,100.0,518.67,642.8,1581.54,1404.71,14.62,21.61,554.08,2388.1,9044.13,1.3,47.53,521.48,2388.12,8137.64,8.4824,0.03,392,2388,100.0,38.83,23.291,152,116,Early_Wear,76.32,0
100,37,-0.0015,-0.0005,100.0,518.67,642.8,1588.36,1397.0,14.62,21.61,553.58,2388.13,9045.13,1.3,47.66,521.02,2388.12,8126.03,8.4599,0.03,392,2388,100.0,38.69,23.2925,152,115,Early_Wear,75.66,0
100,38,-0.0015,0.0001,100.0,518.67,642.72,1589.94,1410.6,14.62,21.61,553.23,2388.12,9055.21,1.3,47.56,521.13,2388.15,8126.6,8.4355,0.03,394,2388,100.0,38.88,23.2702,152,114,Early_Wear,75.0,0
100,39,0.0016,0.0,100.0,518.67,642.8,1588.0,1412.21,14.62,21.61,553.35,2388.09,9042.54,1.3,47.4,521.78,2388.11,8130.95,8.4731,0.03,391,2388,100.0,38.52,23.3085,152,113,Early_Wear,74.34,0
100,40,0.0025,-0.0004,100.0,518.67,642.81,1594.47,1405.97,14.62,21.61,553.34,2388.12,9055.5,1.3,47.55,521.21,2388.13,8137.16,8.431,0.03,394,2388,100.0,39.03,23.3244,152,112,Early_Wear,73.68,0
100,41,-0.0007,0.0001,100.0,518.67,642.89,1589.29,1402.17,14.62,21.61,553.36,2388.14,9044.71,1.3,47.42,521.27,2388.15,8132.13,8.4595,0.03,392,2388,100.0,38.9,23.3118,152,111,Early_Wear,73.03,0
100,42,-0.0033,0.0001,100.0,518.67,642.3,1595.32,1403.39,14.62,21.61,553.12,2388.22,9049.81,1.3,47.52,521.33,2388.09,8129.73,8.4556,0.03,392,2388,100.0,38.85,23.3616,152,110,Early_Wear,72.37,0
100,43,-0.0034,0.0002,100.0,518.67,642.77,1595.83,1413.64,14.62,21.61,553.06,2388.13,9049.34,1.3,47.8,521.18,2388.07,8134.16,8.4559,0.03,394,2388,100.0,38.91,23.2009,152,109,Early_Wear,71.71,0
100,44,-0.0022,0.0001,100.0,518.67,643.0,1588.58,1412.73,14.62,21.61,553.14,2388.08,9049.76,1.3,47.52,520.59,2388.1,8128.28,8.4435,0.03,394,2388,100.0,38.65,23.3113,152,108,Early_Wear,71.05,0
100,45,-0.0005,0.0004,100.0,518.67,642.73,1587.2,1408.24,14.62,21.61,552.97,2388.15,9041.79,1.3,47.45,521.58,2388.06,8123.89,8.4431,0.03,394,2388,100.0,38.85,23.281,152,107,Early_Wear,70.39,0
100,46,-0.003,-0.0001,100.0,518.67,642.53,1586.34,1405.29,14.62,21.61,553.2,2388.12,9052.18,1.3,47.51,521.52,2388.13,8133.62,8.4452,0.03,393,2388,100.0,39.05,23.3794,152,106,Early_Wear,69.74,0
100,47,-0.0021,-0.0001,100.0,518.67,642.42,1587.9,1408.73,14.62,21.61,553.11,2388.1,9049.15,1.3,47.53,521.8,2388.14,8126.93,8.418,0.03,393,2388,100.0,38.74,23.2927,152,105,Early_Wear,69.08,0
100,48,0.0001,0.0003,100.0,518.67,642.55,1585.92,1401.85,14.62,21.61,553.24,2388.14,9049.04,1.3,47.45,521.62,2388.1,8127.06,8.4392,0.03,394,2388,100.0,38.78,23.4097,152,104,Early_Wear,68.42,0
100,49,-0.0008,-0.0002,100.0,518.67,642.57,1589.95,1408.01,14.62,21.61,552.47,2388.06,9046.86,1.3,47.55,521.18,2388.1,8132.97,8.4304,0.03,394,2388,100.0,38.76,23.2782,152,103,Early_Wear,67.76,0
100,50,-0.0028,-0.0005,100.0,518.67,643.06,1584.14,1416.08,14.62,21.61,552.66,2388.11,9057.66,1.3,47.62,521.58,2388.13,8130.08,8.4517,0.03,394,2388,100.0,38.81,23.2087,152,102,Early_Wear,67.11,0
