turbofan-kafka  | ===> User
turbofan-kafka  | uid=1000(appuser) gid=1000(appuser) groups=1000(appuser)
turbofan-kafka  | ===> Configuring ...
turbofan-kafka  | Running in Zookeeper mode...
turbofan-kafka  | ===> Running preflight checks ... 
turbofan-kafka  | ===> Check if /var/lib/kafka/data is writable ...
turbofan-kafka  | ===> Check if Zookeeper is healthy ...
turbofan-kafka  | [2026-08-08 23:43:35,423] INFO Client environment:zookeeper.version=3.8.3-6ad6d364c7c0bcf0de452d54ebefa3058098ab56, built on 2023-10-05 10:34 UTC (org.apache.zookeeper.ZooKeeper)
turbofan-kafka  | [2026-08-08 23:43:35,424] INFO Client environment:host.name=93e869bc7857 (org.apache.zookeeper.ZooKeeper)
turbofan-kafka  | [2026-08-08 23:43:35,424] INFO Client environment:java.version=11.0.21 (org.apache.zookeeper.ZooKeeper)
turbofan-kafka  | [2026-08-08 23:43:35,424] INFO Client environment:java.vendor=Azul Systems, Inc. (org.apache.zookeeper.ZooKeeper)
turbofan-kafka  | [2026-08-08 23:43:35,424] INFO Client environment:java.home=/usr/lib/jvm/java-11-zulu-openjdk-ca (org.apache.zookeeper.ZooKeeper)
turbofan-kafka  | [2026-08-08 23:43:35,424] INFO Client environment:java.class.path=/usr/share/java/cp-base-new/snappy-java-1.1.10.5.jar:/usr/share/java/cp-base-new/slf4j-api-1.7.36.jar:/usr/share/java/cp-base-new/jackson-core-2.14.2.jar:/usr/share/java/cp-base-new/jolokia-jvm-1.7.1.jar:/usr/share/java/cp-base-new/zookeeper-3.8.3.jar:/usr/share/java/cp-base-new/re2j-1.6.jar:/usr/share/java/cp-base-new/jackson-dataformat-csv-2.14.2.jar:/usr/share/java/cp-base-new/json-simple-1.1.1.jar:/usr/share/java/cp-base-new/zookeeper-jute-3.8.3.jar:/usr/share/java/cp-base-new/metrics-core-2.2.0.jar:/usr/share/java/cp-base-new/scala-collection-compat_2.13-2.10.0.jar:/usr/share/java/cp-base-new/logredactor-1.0.12.jar:/usr/share/java/cp-base-new/jackson-annotations-2.14.2.jar:/usr/share/java/cp-base-new/logredactor-metrics-1.0.12.jar:/usr/share/java/cp-base-new/commons-cli-1.4.jar:/usr/share/java/cp-base-new/audience-annotations-0.12.0.jar:/usr/share/java/cp-base-new/metrics-core-4.1.12.1.jar:/usr/share/java/cp-base-new/kafka-group-coordinator-7.5.3-ccs.jar:/usr/share/java/cp-base-new/lz4-java-1.8.0.jar:/usr/share/java/cp-base-new/zstd-jni-1.5.5-1.jar:/usr/share/java/cp-base-new/argparse4j-0.7.0.jar:/usr/share/java/cp-base-new/scala-reflect-2.13.10.jar:/usr/share/java/cp-base-new/kafka-clients-7.5.3-ccs.jar:/usr/share/java/cp-base-new/slf4j-reload4j-1.7.36.jar:/usr/share/java/cp-base-new/disk-usage-agent-7.5.3.jar:/usr/share/java/cp-base-new/commons-io-2.11.0.jar:/usr/share/java/cp-base-new/paranamer-2.8.jar:/usr/share/java/cp-base-new/jackson-databind-2.14.2.jar:/usr/share/java/cp-base-new/scala-logging_2.13-3.9.4.jar:/usr/share/java/cp-base-new/kafka-tools-api-7.5.3-ccs.jar:/usr/share/java/cp-base-new/common-utils-7.5.3.jar:/usr/share/java/cp-base-new/kafka_2.13-7.5.3-ccs.jar:/usr/share/java/cp-base-new/reload4j-1.2.25.jar:/usr/share/java/cp-base-new/utility-belt-7.5.3.jar:/usr/share/java/cp-base-new/snakeyaml-2.0.jar:/usr/share/java/cp-base-new/scala-java8-compat_2.13-1.0.2.jar:/usr/share/java/cp-base-new/minimal-json-0.9.5.jar:/usr/share/java/cp-base-new/kafka-metadata-7.5.3-ccs.jar:/usr/share/java/cp-base-new/kafka-raft-7.5.3-ccs.jar:/usr/share/java/cp-base-new/jackson-dataformat-yaml-2.14.2.jar:/usr/share/java/cp-base-new/jopt-simple-5.0.4.jar:/usr/share/java/cp-base-new/kafka-storage-7.5.3-ccs.jar:/usr/share/java/cp-base-new/jackson-datatype-jdk8-2.14.2.jar:/usr/share/java/cp-base-new/jose4j-0.9.3.jar:/usr/share/java/cp-base-new/jmx_prometheus_javaagent-0.18.0.jar:/usr/share/java/cp-base-new/jackson-module-scala_2.13-2.14.2.jar:/usr/share/java/cp-base-new/jolokia-core-1.7.1.jar:/usr/share/java/cp-base-new/gson-2.9.0.jar:/usr/share/java/cp-base-new/kafka-storage-api-7.5.3-ccs.jar:/usr/share/java/cp-base-new/scala-library-2.13.10.jar:/usr/share/java/cp-base-new/kafka-server-common-7.5.3-ccs.jar (org.apache.zookeeper.ZooKeeper)
turbofan-kafka  | [2026-08-08 23:43:35,424] INFO Client environment:java.library.path=/usr/java/packages/lib:/lib:/usr/lib:/usr/lib64:/lib64 (org.apache.zookeeper.ZooKeeper)
turbofan-kafka  | [2026-08-08 23:43:35,424] INFO Client environment:java.io.tmpdir=/tmp (org.apache.zookeeper.ZooKeeper)
turbofan-kafka  | [2026-08-08 23:43:35,424] INFO Client environment:java.compiler=<NA> (org.apache.zookeeper.ZooKeeper)
turbofan-kafka  | [2026-08-08 23:43:35,424] INFO Client environment:os.name=Linux (org.apache.zookeeper.ZooKeeper)
turbofan-kafka  | [2026-08-08 23:43:35,424] INFO Client environment:os.arch=aarch64 (org.apache.zookeeper.ZooKeeper)
turbofan-kafka  | [2026-08-08 23:43:35,424] INFO Client environment:os.version=6.12.76-linuxkit (org.apache.zookeeper.ZooKeeper)
turbofan-kafka  | [2026-08-08 23:43:35,424] INFO Client environment:user.name=appuser (org.apache.zookeeper.ZooKeeper)
turbofan-kafka  | [2026-08-08 23:43:35,424] INFO Client environment:user.home=/home/appuser (org.apache.zookeeper.ZooKeeper)
turbofan-kafka  | [2026-08-08 23:43:35,424] INFO Client environment:user.dir=/home/appuser (org.apache.zookeeper.ZooKeeper)
turbofan-kafka  | [2026-08-08 23:43:35,424] INFO Client environment:os.memory.free=114MB (org.apache.zookeeper.ZooKeeper)
turbofan-kafka  | [2026-08-08 23:43:35,424] INFO Client environment:os.memory.max=1960MB (org.apache.zookeeper.ZooKeeper)
turbofan-kafka  | [2026-08-08 23:43:35,424] INFO Client environment:os.memory.total=124MB (org.apache.zookeeper.ZooKeeper)
turbofan-kafka  | [2026-08-08 23:43:35,425] INFO Initiating client connection, connectString=zookeeper:2181 sessionTimeout=40000 watcher=io.confluent.admin.utils.ZookeeperConnectionWatcher@62bd765 (org.apache.zookeeper.ZooKeeper)
turbofan-kafka  | [2026-08-08 23:43:35,426] INFO Setting -D jdk.tls.rejectClientInitiatedRenegotiation=true to disable client-initiated TLS renegotiation (org.apache.zookeeper.common.X509Util)
turbofan-kafka  | [2026-08-08 23:43:35,428] INFO jute.maxbuffer value is 1048575 Bytes (org.apache.zookeeper.ClientCnxnSocket)
turbofan-kafka  | [2026-08-08 23:43:35,431] INFO zookeeper.request.timeout value is 0. feature enabled=false (org.apache.zookeeper.ClientCnxn)
turbofan-kafka  | [2026-08-08 23:43:35,439] INFO Opening socket connection to server zookeeper/172.18.0.4:2181. (org.apache.zookeeper.ClientCnxn)
turbofan-kafka  | [2026-08-08 23:43:35,439] INFO SASL config status: Will not attempt to authenticate using SASL (unknown error) (org.apache.zookeeper.ClientCnxn)
turbofan-kafka  | [2026-08-08 23:43:35,443] INFO Socket connection established, initiating session, client: /172.18.0.5:33678, server: zookeeper/172.18.0.4:2181 (org.apache.zookeeper.ClientCnxn)
turbofan-kafka  | [2026-08-08 23:43:35,453] INFO Session establishment complete on server zookeeper/172.18.0.4:2181, session id = 0x100000839760000, negotiated timeout = 40000 (org.apache.zookeeper.ClientCnxn)
turbofan-kafka  | [2026-08-08 23:43:35,559] INFO Session: 0x100000839760000 closed (org.apache.zookeeper.ZooKeeper)
turbofan-kafka  | [2026-08-08 23:43:35,559] INFO EventThread shut down for session: 0x100000839760000 (org.apache.zookeeper.ClientCnxn)
turbofan-kafka  | Using log4j config /etc/kafka/log4j.properties
turbofan-kafka  | ===> Launching ... 
turbofan-kafka  | ===> Launching kafka ... 
turbofan-kafka  | [2026-08-08 23:43:35,817] INFO Registered kafka:type=kafka.Log4jController MBean (kafka.utils.Log4jControllerRegistration$)
turbofan-kafka  | [2026-08-08 23:43:35,938] INFO Setting -D jdk.tls.rejectClientInitiatedRenegotiation=true to disable client-initiated TLS renegotiation (org.apache.zookeeper.common.X509Util)
turbofan-kafka  | [2026-08-08 23:43:35,968] INFO Registered signal handlers for TERM, INT, HUP (org.apache.kafka.common.utils.LoggingSignalHandler)
turbofan-kafka  | [2026-08-08 23:43:35,969] INFO starting (kafka.server.KafkaServer)
turbofan-kafka  | [2026-08-08 23:43:35,969] INFO Connecting to zookeeper on zookeeper:2181 (kafka.server.KafkaServer)
turbofan-kafka  | [2026-08-08 23:43:35,974] INFO [ZooKeeperClient Kafka server] Initializing a new session to zookeeper:2181. (kafka.zookeeper.ZooKeeperClient)
turbofan-kafka  | [2026-08-08 23:43:35,976] INFO Client environment:zookeeper.version=3.8.3-6ad6d364c7c0bcf0de452d54ebefa3058098ab56, built on 2023-10-05 10:34 UTC (org.apache.zookeeper.ZooKeeper)
turbofan-kafka  | [2026-08-08 23:43:35,976] INFO Client environment:host.name=93e869bc7857 (org.apache.zookeeper.ZooKeeper)
turbofan-kafka  | [2026-08-08 23:43:35,976] INFO Client environment:java.version=11.0.21 (org.apache.zookeeper.ZooKeeper)
turbofan-kafka  | [2026-08-08 23:43:35,976] INFO Client environment:java.vendor=Azul Systems, Inc. (org.apache.zookeeper.ZooKeeper)
turbofan-kafka  | [2026-08-08 23:43:35,976] INFO Client environment:java.home=/usr/lib/jvm/java-11-zulu-openjdk-ca (org.apache.zookeeper.ZooKeeper)
turbofan-kafka  | [2026-08-08 23:43:35,976] INFO Client environment:java.class.path=/usr/bin/../share/java/kafka/hk2-utils-2.6.1.jar:/usr/bin/../share/java/kafka/jetty-http-9.4.53.v20231009.jar:/usr/bin/../share/java/kafka/snappy-java-1.1.10.5.jar:/usr/bin/../share/java/kafka/slf4j-api-1.7.36.jar:/usr/bin/../share/java/kafka/connect-api-7.5.3-ccs.jar:/usr/bin/../share/java/kafka/jersey-common-2.39.1.jar:/usr/bin/../share/java/kafka/connect-mirror-client-7.5.3-ccs.jar:/usr/bin/../share/java/kafka/netty-common-4.1.100.Final.jar:/usr/bin/../share/java/kafka/jetty-servlets-9.4.53.v20231009.jar:/usr/bin/../share/java/kafka/hk2-api-2.6.1.jar:/usr/bin/../share/java/kafka/jackson-datatype-jdk8-2.13.5.jar:/usr/bin/../share/java/kafka/jline-3.22.0.jar:/usr/bin/../share/java/kafka/jakarta.annotation-api-1.3.5.jar:/usr/bin/../share/java/kafka/activation-1.1.1.jar:/usr/bin/../share/java/kafka/jackson-module-scala_2.13-2.13.5.jar:/usr/bin/../share/java/kafka/jetty-io-9.4.53.v20231009.jar:/usr/bin/../share/java/kafka/zookeeper-3.8.3.jar:/usr/bin/../share/java/kafka/connect-basic-auth-extension-7.5.3-ccs.jar:/usr/bin/../share/java/kafka/plexus-utils-3.3.1.jar:/usr/bin/../share/java/kafka/jetty-continuation-9.4.53.v20231009.jar:/usr/bin/../share/java/kafka/jackson-jaxrs-base-2.13.5.jar:/usr/bin/../share/java/kafka/connect-mirror-7.5.3-ccs.jar:/usr/bin/../share/java/kafka/netty-handler-4.1.100.Final.jar:/usr/bin/../share/java/kafka/kafka-streams-examples-7.5.3-ccs.jar:/usr/bin/../share/java/kafka/trogdor-7.5.3-ccs.jar:/usr/bin/../share/java/kafka/jetty-client-9.4.53.v20231009.jar:/usr/bin/../share/java/kafka/jetty-security-9.4.53.v20231009.jar:/usr/bin/../share/java/kafka/zookeeper-jute-3.8.3.jar:/usr/bin/../share/java/kafka/metrics-core-2.2.0.jar:/usr/bin/../share/java/kafka/jakarta.activation-api-1.2.2.jar:/usr/bin/../share/java/kafka/kafka.jar:/usr/bin/../share/java/kafka/scala-collection-compat_2.13-2.10.0.jar:/usr/bin/../share/java/kafka/jakarta.validation-api-2.0.2.jar:/usr/bin/../share/java/kafka/hk2-locator-2.6.1.jar:/usr/bin/../share/java/kafka/netty-transport-native-unix-common-4.1.100.Final.jar:/usr/bin/../share/java/kafka/jackson-core-2.13.5.jar:/usr/bin/../share/java/kafka/javax.annotation-api-1.3.2.jar:/usr/bin/../share/java/kafka/aopalliance-repackaged-2.6.1.jar:/usr/bin/../share/java/kafka/jakarta.xml.bind-api-2.3.3.jar:/usr/bin/../share/java/kafka/jakarta.inject-2.6.1.jar:/usr/bin/../share/java/kafka/commons-cli-1.4.jar:/usr/bin/../share/java/kafka/audience-annotations-0.12.0.jar:/usr/bin/../share/java/kafka/metrics-core-4.1.12.1.jar:/usr/bin/../share/java/kafka/kafka-streams-scala_2.13-7.5.3-ccs.jar:/usr/bin/../share/java/kafka/kafka-group-coordinator-7.5.3-ccs.jar:/usr/bin/../share/java/kafka/jackson-annotations-2.13.5.jar:/usr/bin/../share/java/kafka/lz4-java-1.8.0.jar:/usr/bin/../share/java/kafka/zstd-jni-1.5.5-1.jar:/usr/bin/../share/java/kafka/javassist-3.29.2-GA.jar:/usr/bin/../share/java/kafka/jersey-container-servlet-core-2.39.1.jar:/usr/bin/../share/java/kafka/connect-runtime-7.5.3-ccs.jar:/usr/bin/../share/java/kafka/netty-transport-native-epoll-4.1.100.Final.jar:/usr/bin/../share/java/kafka/netty-buffer-4.1.100.Final.jar:/usr/bin/../share/java/kafka/jetty-servlet-9.4.53.v20231009.jar:/usr/bin/../share/java/kafka/swagger-annotations-2.2.8.jar:/usr/bin/../share/java/kafka/jetty-util-9.4.53.v20231009.jar:/usr/bin/../share/java/kafka/rocksdbjni-7.9.2.jar:/usr/bin/../share/java/kafka/jackson-jaxrs-json-provider-2.13.5.jar:/usr/bin/../share/java/kafka/jersey-container-servlet-2.39.1.jar:/usr/bin/../share/java/kafka/argparse4j-0.7.0.jar:/usr/bin/../share/java/kafka/javax.ws.rs-api-2.1.1.jar:/usr/bin/../share/java/kafka/scala-reflect-2.13.10.jar:/usr/bin/../share/java/kafka/kafka-clients-7.5.3-ccs.jar:/usr/bin/../share/java/kafka/slf4j-reload4j-1.7.36.jar:/usr/bin/../share/java/kafka/kafka-streams-7.5.3-ccs.jar:/usr/bin/../share/java/kafka/commons-io-2.11.0.jar:/usr/bin/../share/java/kafka/netty-codec-4.1.100.Final.jar:/usr/bin/../share/java/kafka/commons-lang3-3.8.1.jar:/usr/bin/../share/java/kafka/paranamer-2.8.jar:/usr/bin/../share/java/kafka/scala-logging_2.13-3.9.4.jar:/usr/bin/../share/java/kafka/jackson-dataformat-csv-2.13.5.jar:/usr/bin/../share/java/kafka/kafka-tools-api-7.5.3-ccs.jar:/usr/bin/../share/java/kafka/kafka-shell-7.5.3-ccs.jar:/usr/bin/../share/java/kafka/javax.servlet-api-3.1.0.jar:/usr/bin/../share/java/kafka/connect-json-7.5.3-ccs.jar:/usr/bin/../share/java/kafka/kafka_2.13-7.5.3-ccs.jar:/usr/bin/../share/java/kafka/jersey-client-2.39.1.jar:/usr/bin/../share/java/kafka/reload4j-1.2.25.jar:/usr/bin/../share/java/kafka/jaxb-api-2.3.1.jar:/usr/bin/../share/java/kafka/jakarta.ws.rs-api-2.1.6.jar:/usr/bin/../share/java/kafka/scala-java8-compat_2.13-1.0.2.jar:/usr/bin/../share/java/kafka/kafka-metadata-7.5.3-ccs.jar:/usr/bin/../share/java/kafka/kafka-raft-7.5.3-ccs.jar:/usr/bin/../share/java/kafka/jopt-simple-5.0.4.jar:/usr/bin/../share/java/kafka/kafka-storage-7.5.3-ccs.jar:/usr/bin/../share/java/kafka/jackson-module-jaxb-annotations-2.13.5.jar:/usr/bin/../share/java/kafka/jose4j-0.9.3.jar:/usr/bin/../share/java/kafka/maven-artifact-3.8.8.jar:/usr/bin/../share/java/kafka/netty-resolver-4.1.100.Final.jar:/usr/bin/../share/java/kafka/javax.activation-api-1.2.0.jar:/usr/bin/../share/java/kafka/jersey-server-2.39.1.jar:/usr/bin/../share/java/kafka/osgi-resource-locator-1.0.3.jar:/usr/bin/../share/java/kafka/jetty-server-9.4.53.v20231009.jar:/usr/bin/../share/java/kafka/netty-transport-4.1.100.Final.jar:/usr/bin/../share/java/kafka/kafka-tools-7.5.3-ccs.jar:/usr/bin/../share/java/kafka/connect-transforms-7.5.3-ccs.jar:/usr/bin/../share/java/kafka/jetty-util-ajax-9.4.53.v20231009.jar:/usr/bin/../share/java/kafka/kafka-log4j-appender-7.5.3-ccs.jar:/usr/bin/../share/java/kafka/netty-transport-classes-epoll-4.1.100.Final.jar:/usr/bin/../share/java/kafka/kafka-storage-api-7.5.3-ccs.jar:/usr/bin/../share/java/kafka/scala-library-2.13.10.jar:/usr/bin/../share/java/kafka/kafka-server-common-7.5.3-ccs.jar:/usr/bin/../share/java/kafka/jersey-hk2-2.39.1.jar:/usr/bin/../share/java/kafka/kafka-streams-test-utils-7.5.3-ccs.jar:/usr/bin/../share/java/kafka/jackson-databind-2.13.5.jar:/usr/bin/../share/java/kafka/reflections-0.9.12.jar:/usr/bin/../share/java/confluent-telemetry/* (org.apache.zookeeper.ZooKeeper)
turbofan-kafka  | [2026-08-08 23:43:35,976] INFO Client environment:java.library.path=/usr/java/packages/lib:/lib:/usr/lib:/usr/lib64:/lib64 (org.apache.zookeeper.ZooKeeper)
turbofan-kafka  | [2026-08-08 23:43:35,976] INFO Client environment:java.io.tmpdir=/tmp (org.apache.zookeeper.ZooKeeper)
turbofan-kafka  | [2026-08-08 23:43:35,976] INFO Client environment:java.compiler=<NA> (org.apache.zookeeper.ZooKeeper)
turbofan-kafka  | [2026-08-08 23:43:35,976] INFO Client environment:os.name=Linux (org.apache.zookeeper.ZooKeeper)
turbofan-kafka  | [2026-08-08 23:43:35,976] INFO Client environment:os.arch=aarch64 (org.apache.zookeeper.ZooKeeper)
turbofan-kafka  | [2026-08-08 23:43:35,976] INFO Client environment:os.version=6.12.76-linuxkit (org.apache.zookeeper.ZooKeeper)
turbofan-kafka  | [2026-08-08 23:43:35,976] INFO Client environment:user.name=appuser (org.apache.zookeeper.ZooKeeper)
turbofan-kafka  | [2026-08-08 23:43:35,976] INFO Client environment:user.home=/home/appuser (org.apache.zookeeper.ZooKeeper)
turbofan-kafka  | [2026-08-08 23:43:35,976] INFO Client environment:user.dir=/home/appuser (org.apache.zookeeper.ZooKeeper)
turbofan-kafka  | [2026-08-08 23:43:35,976] INFO Client environment:os.memory.free=1009MB (org.apache.zookeeper.ZooKeeper)
turbofan-kafka  | [2026-08-08 23:43:35,976] INFO Client environment:os.memory.max=1024MB (org.apache.zookeeper.ZooKeeper)
turbofan-kafka  | [2026-08-08 23:43:35,976] INFO Client environment:os.memory.total=1024MB (org.apache.zookeeper.ZooKeeper)
turbofan-kafka  | [2026-08-08 23:43:35,977] INFO Initiating client connection, connectString=zookeeper:2181 sessionTimeout=18000 watcher=kafka.zookeeper.ZooKeeperClient$ZooKeeperClientWatcher$@1199fe66 (org.apache.zookeeper.ZooKeeper)
turbofan-kafka  | [2026-08-08 23:43:35,978] INFO jute.maxbuffer value is 4194304 Bytes (org.apache.zookeeper.ClientCnxnSocket)
turbofan-kafka  | [2026-08-08 23:43:35,981] INFO zookeeper.request.timeout value is 0. feature enabled=false (org.apache.zookeeper.ClientCnxn)
turbofan-kafka  | [2026-08-08 23:43:35,981] INFO [ZooKeeperClient Kafka server] Waiting until connected. (kafka.zookeeper.ZooKeeperClient)
turbofan-kafka  | [2026-08-08 23:43:35,982] INFO Opening socket connection to server zookeeper/172.18.0.4:2181. (org.apache.zookeeper.ClientCnxn)
turbofan-kafka  | [2026-08-08 23:43:35,985] INFO Socket connection established, initiating session, client: /172.18.0.5:33692, server: zookeeper/172.18.0.4:2181 (org.apache.zookeeper.ClientCnxn)
turbofan-kafka  | [2026-08-08 23:43:35,988] INFO Session establishment complete on server zookeeper/172.18.0.4:2181, session id = 0x100000839760001, negotiated timeout = 18000 (org.apache.zookeeper.ClientCnxn)
turbofan-kafka  | [2026-08-08 23:43:35,989] INFO [ZooKeeperClient Kafka server] Connected. (kafka.zookeeper.ZooKeeperClient)
turbofan-kafka  | [2026-08-08 23:43:36,091] INFO Cluster ID = 8x9Cq4-uQwCryGIb583wWQ (kafka.server.KafkaServer)
turbofan-kafka  | [2026-08-08 23:43:36,092] WARN No meta.properties file under dir /var/lib/kafka/data/meta.properties (kafka.server.BrokerMetadataCheckpoint)
turbofan-kafka  | [2026-08-08 23:43:36,110] INFO KafkaConfig values: 
turbofan-kafka  | 	advertised.listeners = PLAINTEXT://kafka:9092,PLAINTEXT_HOST://localhost:29092
turbofan-kafka  | 	alter.config.policy.class.name = null
turbofan-kafka  | 	alter.log.dirs.replication.quota.window.num = 11
turbofan-kafka  | 	alter.log.dirs.replication.quota.window.size.seconds = 1
turbofan-kafka  | 	authorizer.class.name = 
turbofan-kafka  | 	auto.create.topics.enable = true
turbofan-kafka  | 	auto.include.jmx.reporter = true
turbofan-kafka  | 	auto.leader.rebalance.enable = true
turbofan-kafka  | 	background.threads = 10
turbofan-kafka  | 	broker.heartbeat.interval.ms = 2000
turbofan-kafka  | 	broker.id = 1
turbofan-kafka  | 	broker.id.generation.enable = true
turbofan-kafka  | 	broker.rack = null
turbofan-kafka  | 	broker.session.timeout.ms = 9000
turbofan-kafka  | 	client.quota.callback.class = null
turbofan-kafka  | 	compression.type = producer
turbofan-kafka  | 	connection.failed.authentication.delay.ms = 100
turbofan-kafka  | 	connections.max.idle.ms = 600000
turbofan-kafka  | 	connections.max.reauth.ms = 0
turbofan-kafka  | 	control.plane.listener.name = null
turbofan-kafka  | 	controlled.shutdown.enable = true
turbofan-kafka  | 	controlled.shutdown.max.retries = 3
turbofan-kafka  | 	controlled.shutdown.retry.backoff.ms = 5000
turbofan-kafka  | 	controller.listener.names = null
turbofan-kafka  | 	controller.quorum.append.linger.ms = 25
turbofan-kafka  | 	controller.quorum.election.backoff.max.ms = 1000
turbofan-kafka  | 	controller.quorum.election.timeout.ms = 1000
turbofan-kafka  | 	controller.quorum.fetch.timeout.ms = 2000
turbofan-kafka  | 	controller.quorum.request.timeout.ms = 2000
turbofan-kafka  | 	controller.quorum.retry.backoff.ms = 20
turbofan-kafka  | 	controller.quorum.voters = []
turbofan-kafka  | 	controller.quota.window.num = 11
turbofan-kafka  | 	controller.quota.window.size.seconds = 1
turbofan-kafka  | 	controller.socket.timeout.ms = 30000
turbofan-kafka  | 	create.topic.policy.class.name = null
turbofan-kafka  | 	default.replication.factor = 1
turbofan-kafka  | 	delegation.token.expiry.check.interval.ms = 3600000
turbofan-kafka  | 	delegation.token.expiry.time.ms = 86400000
turbofan-kafka  | 	delegation.token.master.key = null
turbofan-kafka  | 	delegation.token.max.lifetime.ms = 604800000
turbofan-kafka  | 	delegation.token.secret.key = null
turbofan-kafka  | 	delete.records.purgatory.purge.interval.requests = 1
turbofan-kafka  | 	delete.topic.enable = true
turbofan-kafka  | 	early.start.listeners = null
turbofan-kafka  | 	fetch.max.bytes = 57671680
turbofan-kafka  | 	fetch.purgatory.purge.interval.requests = 1000
turbofan-kafka  | 	group.consumer.assignors = []
turbofan-kafka  | 	group.consumer.heartbeat.interval.ms = 5000
turbofan-kafka  | 	group.consumer.max.heartbeat.interval.ms = 15000
turbofan-kafka  | 	group.consumer.max.session.timeout.ms = 60000
turbofan-kafka  | 	group.consumer.max.size = 2147483647
turbofan-kafka  | 	group.consumer.min.heartbeat.interval.ms = 5000
turbofan-kafka  | 	group.consumer.min.session.timeout.ms = 45000
turbofan-kafka  | 	group.consumer.session.timeout.ms = 45000
turbofan-kafka  | 	group.coordinator.new.enable = false
turbofan-kafka  | 	group.coordinator.threads = 1
turbofan-kafka  | 	group.initial.rebalance.delay.ms = 3000
turbofan-kafka  | 	group.max.session.timeout.ms = 1800000
turbofan-kafka  | 	group.max.size = 2147483647
turbofan-kafka  | 	group.min.session.timeout.ms = 6000
turbofan-kafka  | 	initial.broker.registration.timeout.ms = 60000
turbofan-kafka  | 	inter.broker.listener.name = null
turbofan-kafka  | 	inter.broker.protocol.version = 3.5-IV2
turbofan-kafka  | 	kafka.metrics.polling.interval.secs = 10
turbofan-kafka  | 	kafka.metrics.reporters = []
turbofan-kafka  | 	leader.imbalance.check.interval.seconds = 300
turbofan-kafka  | 	leader.imbalance.per.broker.percentage = 10
turbofan-kafka  | 	listener.security.protocol.map = PLAINTEXT:PLAINTEXT,PLAINTEXT_HOST:PLAINTEXT
turbofan-kafka  | 	listeners = PLAINTEXT://0.0.0.0:9092,PLAINTEXT_HOST://0.0.0.0:29092
turbofan-kafka  | 	log.cleaner.backoff.ms = 15000
turbofan-kafka  | 	log.cleaner.dedupe.buffer.size = 134217728
turbofan-kafka  | 	log.cleaner.delete.retention.ms = 86400000
turbofan-kafka  | 	log.cleaner.enable = true
turbofan-kafka  | 	log.cleaner.io.buffer.load.factor = 0.9
turbofan-kafka  | 	log.cleaner.io.buffer.size = 524288
turbofan-kafka  | 	log.cleaner.io.max.bytes.per.second = 1.7976931348623157E308
turbofan-kafka  | 	log.cleaner.max.compaction.lag.ms = 9223372036854775807
turbofan-kafka  | 	log.cleaner.min.cleanable.ratio = 0.5
turbofan-kafka  | 	log.cleaner.min.compaction.lag.ms = 0
turbofan-kafka  | 	log.cleaner.threads = 1
turbofan-kafka  | 	log.cleanup.policy = [delete]
turbofan-kafka  | 	log.dir = /tmp/kafka-logs
turbofan-kafka  | 	log.dirs = /var/lib/kafka/data
turbofan-kafka  | 	log.flush.interval.messages = 9223372036854775807
turbofan-kafka  | 	log.flush.interval.ms = null
turbofan-kafka  | 	log.flush.offset.checkpoint.interval.ms = 60000
turbofan-kafka  | 	log.flush.scheduler.interval.ms = 9223372036854775807
turbofan-kafka  | 	log.flush.start.offset.checkpoint.interval.ms = 60000
turbofan-kafka  | 	log.index.interval.bytes = 4096
turbofan-kafka  | 	log.index.size.max.bytes = 10485760
turbofan-kafka  | 	log.message.downconversion.enable = true
turbofan-kafka  | 	log.message.format.version = 3.0-IV1
turbofan-kafka  | 	log.message.timestamp.difference.max.ms = 9223372036854775807
turbofan-kafka  | 	log.message.timestamp.type = CreateTime
turbofan-kafka  | 	log.preallocate = false
turbofan-kafka  | 	log.retention.bytes = -1
turbofan-kafka  | 	log.retention.check.interval.ms = 300000
turbofan-kafka  | 	log.retention.hours = 168
turbofan-kafka  | 	log.retention.minutes = null
turbofan-kafka  | 	log.retention.ms = null
turbofan-kafka  | 	log.roll.hours = 168
turbofan-kafka  | 	log.roll.jitter.hours = 0
turbofan-kafka  | 	log.roll.jitter.ms = null
turbofan-kafka  | 	log.roll.ms = null
turbofan-kafka  | 	log.segment.bytes = 1073741824
turbofan-kafka  | 	log.segment.delete.delay.ms = 60000
turbofan-kafka  | 	max.connection.creation.rate = 2147483647
turbofan-kafka  | 	max.connections = 2147483647
turbofan-kafka  | 	max.connections.per.ip = 2147483647
turbofan-kafka  | 	max.connections.per.ip.overrides = 
turbofan-kafka  | 	max.incremental.fetch.session.cache.slots = 1000
turbofan-kafka  | 	message.max.bytes = 1048588
turbofan-kafka  | 	metadata.log.dir = null
turbofan-kafka  | 	metadata.log.max.record.bytes.between.snapshots = 20971520
turbofan-kafka  | 	metadata.log.max.snapshot.interval.ms = 3600000
turbofan-kafka  | 	metadata.log.segment.bytes = 1073741824
turbofan-kafka  | 	metadata.log.segment.min.bytes = 8388608
turbofan-kafka  | 	metadata.log.segment.ms = 604800000
turbofan-kafka  | 	metadata.max.idle.interval.ms = 500
turbofan-kafka  | 	metadata.max.retention.bytes = 104857600
turbofan-kafka  | 	metadata.max.retention.ms = 604800000
turbofan-kafka  | 	metric.reporters = []
turbofan-kafka  | 	metrics.num.samples = 2
turbofan-kafka  | 	metrics.recording.level = INFO
turbofan-kafka  | 	metrics.sample.window.ms = 30000
turbofan-kafka  | 	min.insync.replicas = 1
turbofan-kafka  | 	node.id = 1
turbofan-kafka  | 	num.io.threads = 8
turbofan-kafka  | 	num.network.threads = 3
turbofan-kafka  | 	num.partitions = 1
turbofan-kafka  | 	num.recovery.threads.per.data.dir = 1
turbofan-kafka  | 	num.replica.alter.log.dirs.threads = null
turbofan-kafka  | 	num.replica.fetchers = 1
turbofan-kafka  | 	offset.metadata.max.bytes = 4096
turbofan-kafka  | 	offsets.commit.required.acks = -1
turbofan-kafka  | 	offsets.commit.timeout.ms = 5000
turbofan-kafka  | 	offsets.load.buffer.size = 5242880
turbofan-kafka  | 	offsets.retention.check.interval.ms = 600000
turbofan-kafka  | 	offsets.retention.minutes = 10080
turbofan-kafka  | 	offsets.topic.compression.codec = 0
turbofan-kafka  | 	offsets.topic.num.partitions = 50
turbofan-kafka  | 	offsets.topic.replication.factor = 1
turbofan-kafka  | 	offsets.topic.segment.bytes = 104857600
turbofan-kafka  | 	password.encoder.cipher.algorithm = AES/CBC/PKCS5Padding
turbofan-kafka  | 	password.encoder.iterations = 4096
turbofan-kafka  | 	password.encoder.key.length = 128
turbofan-kafka  | 	password.encoder.keyfactory.algorithm = null
turbofan-kafka  | 	password.encoder.old.secret = null
turbofan-kafka  | 	password.encoder.secret = null
turbofan-kafka  | 	principal.builder.class = class org.apache.kafka.common.security.authenticator.DefaultKafkaPrincipalBuilder
turbofan-kafka  | 	process.roles = []
turbofan-kafka  | 	producer.id.expiration.check.interval.ms = 600000
turbofan-kafka  | 	producer.id.expiration.ms = 86400000
turbofan-kafka  | 	producer.purgatory.purge.interval.requests = 1000
turbofan-kafka  | 	queued.max.request.bytes = -1
turbofan-kafka  | 	queued.max.requests = 500
turbofan-kafka  | 	quota.window.num = 11
turbofan-kafka  | 	quota.window.size.seconds = 1
turbofan-kafka  | 	remote.log.index.file.cache.total.size.bytes = 1073741824
turbofan-kafka  | 	remote.log.manager.task.interval.ms = 30000
turbofan-kafka  | 	remote.log.manager.task.retry.backoff.max.ms = 30000
turbofan-kafka  | 	remote.log.manager.task.retry.backoff.ms = 500
turbofan-kafka  | 	remote.log.manager.task.retry.jitter = 0.2
turbofan-kafka  | 	remote.log.manager.thread.pool.size = 10
turbofan-kafka  | 	remote.log.metadata.manager.class.name = null
turbofan-kafka  | 	remote.log.metadata.manager.class.path = null
turbofan-kafka  | 	remote.log.metadata.manager.impl.prefix = null
turbofan-kafka  | 	remote.log.metadata.manager.listener.name = null
turbofan-kafka  | 	remote.log.reader.max.pending.tasks = 100
turbofan-kafka  | 	remote.log.reader.threads = 10
turbofan-kafka  | 	remote.log.storage.manager.class.name = null
turbofan-kafka  | 	remote.log.storage.manager.class.path = null
turbofan-kafka  | 	remote.log.storage.manager.impl.prefix = null
turbofan-kafka  | 	remote.log.storage.system.enable = false
turbofan-kafka  | 	replica.fetch.backoff.ms = 1000
turbofan-kafka  | 	replica.fetch.max.bytes = 1048576
turbofan-kafka  | 	replica.fetch.min.bytes = 1
turbofan-kafka  | 	replica.fetch.response.max.bytes = 10485760
turbofan-kafka  | 	replica.fetch.wait.max.ms = 500
turbofan-kafka  | 	replica.high.watermark.checkpoint.interval.ms = 5000
turbofan-kafka  | 	replica.lag.time.max.ms = 30000
turbofan-kafka  | 	replica.selector.class = null
turbofan-kafka  | 	replica.socket.receive.buffer.bytes = 65536
turbofan-kafka  | 	replica.socket.timeout.ms = 30000
turbofan-kafka  | 	replication.quota.window.num = 11
turbofan-kafka  | 	replication.quota.window.size.seconds = 1
turbofan-kafka  | 	request.timeout.ms = 30000
turbofan-kafka  | 	reserved.broker.max.id = 1000
turbofan-kafka  | 	sasl.client.callback.handler.class = null
turbofan-kafka  | 	sasl.enabled.mechanisms = [GSSAPI]
turbofan-kafka  | 	sasl.jaas.config = null
turbofan-kafka  | 	sasl.kerberos.kinit.cmd = /usr/bin/kinit
turbofan-kafka  | 	sasl.kerberos.min.time.before.relogin = 60000
turbofan-kafka  | 	sasl.kerberos.principal.to.local.rules = [DEFAULT]
turbofan-kafka  | 	sasl.kerberos.service.name = null
turbofan-kafka  | 	sasl.kerberos.ticket.renew.jitter = 0.05
turbofan-kafka  | 	sasl.kerberos.ticket.renew.window.factor = 0.8
turbofan-kafka  | 	sasl.login.callback.handler.class = null
turbofan-kafka  | 	sasl.login.class = null
turbofan-kafka  | 	sasl.login.connect.timeout.ms = null
turbofan-kafka  | 	sasl.login.read.timeout.ms = null
turbofan-kafka  | 	sasl.login.refresh.buffer.seconds = 300
turbofan-kafka  | 	sasl.login.refresh.min.period.seconds = 60
turbofan-kafka  | 	sasl.login.refresh.window.factor = 0.8
turbofan-kafka  | 	sasl.login.refresh.window.jitter = 0.05
turbofan-kafka  | 	sasl.login.retry.backoff.max.ms = 10000
turbofan-kafka  | 	sasl.login.retry.backoff.ms = 100
turbofan-kafka  | 	sasl.mechanism.controller.protocol = GSSAPI
turbofan-kafka  | 	sasl.mechanism.inter.broker.protocol = GSSAPI
turbofan-kafka  | 	sasl.oauthbearer.clock.skew.seconds = 30
turbofan-kafka  | 	sasl.oauthbearer.expected.audience = null
turbofan-kafka  | 	sasl.oauthbearer.expected.issuer = null
turbofan-kafka  | 	sasl.oauthbearer.jwks.endpoint.refresh.ms = 3600000
turbofan-kafka  | 	sasl.oauthbearer.jwks.endpoint.retry.backoff.max.ms = 10000
turbofan-kafka  | 	sasl.oauthbearer.jwks.endpoint.retry.backoff.ms = 100
turbofan-kafka  | 	sasl.oauthbearer.jwks.endpoint.url = null
turbofan-kafka  | 	sasl.oauthbearer.scope.claim.name = scope
turbofan-kafka  | 	sasl.oauthbearer.sub.claim.name = sub
turbofan-kafka  | 	sasl.oauthbearer.token.endpoint.url = null
turbofan-kafka  | 	sasl.server.callback.handler.class = null
turbofan-kafka  | 	sasl.server.max.receive.size = 524288
turbofan-kafka  | 	security.inter.broker.protocol = PLAINTEXT
turbofan-kafka  | 	security.providers = null
turbofan-kafka  | 	server.max.startup.time.ms = 9223372036854775807
turbofan-kafka  | 	socket.connection.setup.timeout.max.ms = 30000
turbofan-kafka  | 	socket.connection.setup.timeout.ms = 10000
turbofan-kafka  | 	socket.listen.backlog.size = 50
turbofan-kafka  | 	socket.receive.buffer.bytes = 102400
turbofan-kafka  | 	socket.request.max.bytes = 104857600
turbofan-kafka  | 	socket.send.buffer.bytes = 102400
turbofan-kafka  | 	ssl.cipher.suites = []
turbofan-kafka  | 	ssl.client.auth = none
turbofan-kafka  | 	ssl.enabled.protocols = [TLSv1.2, TLSv1.3]
turbofan-kafka  | 	ssl.endpoint.identification.algorithm = https
turbofan-kafka  | 	ssl.engine.factory.class = null
turbofan-kafka  | 	ssl.key.password = null
turbofan-kafka  | 	ssl.keymanager.algorithm = SunX509
turbofan-kafka  | 	ssl.keystore.certificate.chain = null
turbofan-kafka  | 	ssl.keystore.key = null
turbofan-kafka  | 	ssl.keystore.location = null
turbofan-kafka  | 	ssl.keystore.password = null
turbofan-kafka  | 	ssl.keystore.type = JKS
turbofan-kafka  | 	ssl.principal.mapping.rules = DEFAULT
turbofan-kafka  | 	ssl.protocol = TLSv1.3
turbofan-kafka  | 	ssl.provider = null
turbofan-kafka  | 	ssl.secure.random.implementation = null
turbofan-kafka  | 	ssl.trustmanager.algorithm = PKIX
turbofan-kafka  | 	ssl.truststore.certificates = null
turbofan-kafka  | 	ssl.truststore.location = null
turbofan-kafka  | 	ssl.truststore.password = null
turbofan-kafka  | 	ssl.truststore.type = JKS
turbofan-kafka  | 	transaction.abort.timed.out.transaction.cleanup.interval.ms = 10000
turbofan-kafka  | 	transaction.max.timeout.ms = 900000
turbofan-kafka  | 	transaction.remove.expired.transaction.cleanup.interval.ms = 3600000
turbofan-kafka  | 	transaction.state.log.load.buffer.size = 5242880
turbofan-kafka  | 	transaction.state.log.min.isr = 1
turbofan-kafka  | 	transaction.state.log.num.partitions = 50
turbofan-kafka  | 	transaction.state.log.replication.factor = 1
turbofan-kafka  | 	transaction.state.log.segment.bytes = 104857600
turbofan-kafka  | 	transactional.id.expiration.ms = 604800000
turbofan-kafka  | 	unclean.leader.election.enable = false
turbofan-kafka  | 	unstable.api.versions.enable = false
turbofan-kafka  | 	zookeeper.clientCnxnSocket = null
turbofan-kafka  | 	zookeeper.connect = zookeeper:2181
turbofan-kafka  | 	zookeeper.connection.timeout.ms = null
turbofan-kafka  | 	zookeeper.max.in.flight.requests = 10
turbofan-kafka  | 	zookeeper.metadata.migration.enable = false
turbofan-kafka  | 	zookeeper.session.timeout.ms = 18000
turbofan-kafka  | 	zookeeper.set.acl = false
turbofan-kafka  | 	zookeeper.ssl.cipher.suites = null
turbofan-kafka  | 	zookeeper.ssl.client.enable = false
turbofan-kafka  | 	zookeeper.ssl.crl.enable = false
turbofan-kafka  | 	zookeeper.ssl.enabled.protocols = null
turbofan-kafka  | 	zookeeper.ssl.endpoint.identification.algorithm = HTTPS
turbofan-kafka  | 	zookeeper.ssl.keystore.location = null
turbofan-kafka  | 	zookeeper.ssl.keystore.password = null
turbofan-kafka  | 	zookeeper.ssl.keystore.type = null
turbofan-kafka  | 	zookeeper.ssl.ocsp.enable = false
turbofan-kafka  | 	zookeeper.ssl.protocol = TLSv1.2
turbofan-kafka  | 	zookeeper.ssl.truststore.location = null
turbofan-kafka  | 	zookeeper.ssl.truststore.password = null
turbofan-kafka  | 	zookeeper.ssl.truststore.type = null
turbofan-kafka  |  (kafka.server.KafkaConfig)
turbofan-kafka  | [2026-08-08 23:43:36,124] INFO [ThrottledChannelReaper-Fetch]: Starting (kafka.server.ClientQuotaManager$ThrottledChannelReaper)
turbofan-kafka  | [2026-08-08 23:43:36,124] INFO [ThrottledChannelReaper-Produce]: Starting (kafka.server.ClientQuotaManager$ThrottledChannelReaper)
turbofan-kafka  | [2026-08-08 23:43:36,125] INFO [ThrottledChannelReaper-Request]: Starting (kafka.server.ClientQuotaManager$ThrottledChannelReaper)
turbofan-kafka  | [2026-08-08 23:43:36,125] INFO [ThrottledChannelReaper-ControllerMutation]: Starting (kafka.server.ClientQuotaManager$ThrottledChannelReaper)
turbofan-kafka  | [2026-08-08 23:43:36,136] INFO Loading logs from log dirs ArraySeq(/var/lib/kafka/data) (kafka.log.LogManager)
turbofan-kafka  | [2026-08-08 23:43:36,138] INFO No logs found to be loaded in /var/lib/kafka/data (kafka.log.LogManager)
turbofan-kafka  | [2026-08-08 23:43:36,141] INFO Loaded 0 logs in 4ms (kafka.log.LogManager)
turbofan-kafka  | [2026-08-08 23:43:36,141] INFO Starting log cleanup with a period of 300000 ms. (kafka.log.LogManager)
turbofan-kafka  | [2026-08-08 23:43:36,142] INFO Starting log flusher with a default period of 9223372036854775807 ms. (kafka.log.LogManager)
turbofan-kafka  | [2026-08-08 23:43:36,151] INFO Starting the log cleaner (kafka.log.LogCleaner)
turbofan-kafka  | [2026-08-08 23:43:36,208] INFO [kafka-log-cleaner-thread-0]: Starting (kafka.log.LogCleaner$CleanerThread)
turbofan-kafka  | [2026-08-08 23:43:36,214] INFO [feature-zk-node-event-process-thread]: Starting (kafka.server.FinalizedFeatureChangeListener$ChangeNotificationProcessorThread)
turbofan-kafka  | [2026-08-08 23:43:36,218] INFO Feature ZK node at path: /feature does not exist (kafka.server.FinalizedFeatureChangeListener)
turbofan-kafka  | [2026-08-08 23:43:36,227] INFO [zk-broker-1-to-controller-forwarding-channel-manager]: Starting (kafka.server.BrokerToControllerRequestThread)
turbofan-kafka  | [2026-08-08 23:43:36,347] INFO Updated connection-accept-rate max connection creation rate to 2147483647 (kafka.network.ConnectionQuotas)
turbofan-kafka  | [2026-08-08 23:43:36,358] INFO [SocketServer listenerType=ZK_BROKER, nodeId=1] Created data-plane acceptor and processors for endpoint : ListenerName(PLAINTEXT) (kafka.network.SocketServer)
turbofan-kafka  | [2026-08-08 23:43:36,358] INFO Updated connection-accept-rate max connection creation rate to 2147483647 (kafka.network.ConnectionQuotas)
turbofan-kafka  | [2026-08-08 23:43:36,361] INFO [SocketServer listenerType=ZK_BROKER, nodeId=1] Created data-plane acceptor and processors for endpoint : ListenerName(PLAINTEXT_HOST) (kafka.network.SocketServer)
turbofan-kafka  | [2026-08-08 23:43:36,363] INFO [zk-broker-1-to-controller-alter-partition-channel-manager]: Starting (kafka.server.BrokerToControllerRequestThread)
turbofan-kafka  | [2026-08-08 23:43:36,370] INFO [ExpirationReaper-1-Produce]: Starting (kafka.server.DelayedOperationPurgatory$ExpiredOperationReaper)
turbofan-kafka  | [2026-08-08 23:43:36,371] INFO [ExpirationReaper-1-Fetch]: Starting (kafka.server.DelayedOperationPurgatory$ExpiredOperationReaper)
turbofan-kafka  | [2026-08-08 23:43:36,371] INFO [ExpirationReaper-1-DeleteRecords]: Starting (kafka.server.DelayedOperationPurgatory$ExpiredOperationReaper)
turbofan-kafka  | [2026-08-08 23:43:36,372] INFO [ExpirationReaper-1-ElectLeader]: Starting (kafka.server.DelayedOperationPurgatory$ExpiredOperationReaper)
turbofan-kafka  | [2026-08-08 23:43:36,378] INFO [LogDirFailureHandler]: Starting (kafka.server.ReplicaManager$LogDirFailureHandler)
turbofan-kafka  | [2026-08-08 23:43:36,387] INFO Creating /brokers/ids/1 (is it secure? false) (kafka.zk.KafkaZkClient)
turbofan-kafka  | [2026-08-08 23:43:36,394] INFO Stat of the created znode at /brokers/ids/1 is: 27,27,1786232616391,1786232616391,1,0,0,72057629361700865,258,0,27
turbofan-kafka  |  (kafka.zk.KafkaZkClient)
turbofan-kafka  | [2026-08-08 23:43:36,395] INFO Registered broker 1 at path /brokers/ids/1 with addresses: PLAINTEXT://kafka:9092,PLAINTEXT_HOST://localhost:29092, czxid (broker epoch): 27 (kafka.zk.KafkaZkClient)
turbofan-kafka  | [2026-08-08 23:43:36,414] INFO [ControllerEventThread controllerId=1] Starting (kafka.controller.ControllerEventManager$ControllerEventThread)
turbofan-kafka  | [2026-08-08 23:43:36,418] INFO [ExpirationReaper-1-topic]: Starting (kafka.server.DelayedOperationPurgatory$ExpiredOperationReaper)
turbofan-kafka  | [2026-08-08 23:43:36,421] INFO [ExpirationReaper-1-Heartbeat]: Starting (kafka.server.DelayedOperationPurgatory$ExpiredOperationReaper)
turbofan-kafka  | [2026-08-08 23:43:36,421] INFO [ExpirationReaper-1-Rebalance]: Starting (kafka.server.DelayedOperationPurgatory$ExpiredOperationReaper)
turbofan-kafka  | [2026-08-08 23:43:36,421] INFO Successfully created /controller_epoch with initial epoch 0 (kafka.zk.KafkaZkClient)
turbofan-kafka  | [2026-08-08 23:43:36,424] INFO [Controller id=1] 1 successfully elected as the controller. Epoch incremented to 1 and epoch zk version is now 1 (kafka.controller.KafkaController)
turbofan-kafka  | [2026-08-08 23:43:36,426] INFO [Controller id=1] Creating FeatureZNode at path: /feature with contents: FeatureZNode(2,Enabled,Map()) (kafka.controller.KafkaController)
turbofan-kafka  | [2026-08-08 23:43:36,427] INFO Feature ZK node created at path: /feature (kafka.server.FinalizedFeatureChangeListener)
turbofan-kafka  | [2026-08-08 23:43:36,428] INFO [GroupCoordinator 1]: Starting up. (kafka.coordinator.group.GroupCoordinator)
turbofan-kafka  | [2026-08-08 23:43:36,430] INFO [GroupCoordinator 1]: Startup complete. (kafka.coordinator.group.GroupCoordinator)
turbofan-kafka  | [2026-08-08 23:43:36,436] INFO [TransactionCoordinator id=1] Starting up. (kafka.coordinator.transaction.TransactionCoordinator)
turbofan-kafka  | [2026-08-08 23:43:36,437] INFO [MetadataCache brokerId=1] Updated cache from existing <empty> to latest FinalizedFeaturesAndEpoch(features=Map(), epoch=0). (kafka.server.metadata.ZkMetadataCache)
turbofan-kafka  | [2026-08-08 23:43:36,437] INFO [Controller id=1] Registering handlers (kafka.controller.KafkaController)
turbofan-kafka  | [2026-08-08 23:43:36,437] INFO [TxnMarkerSenderThread-1]: Starting (kafka.coordinator.transaction.TransactionMarkerChannelManager)
turbofan-kafka  | [2026-08-08 23:43:36,437] INFO [TransactionCoordinator id=1] Startup complete. (kafka.coordinator.transaction.TransactionCoordinator)
turbofan-kafka  | [2026-08-08 23:43:36,439] INFO [Controller id=1] Deleting log dir event notifications (kafka.controller.KafkaController)
turbofan-kafka  | [2026-08-08 23:43:36,440] INFO [Controller id=1] Deleting isr change notifications (kafka.controller.KafkaController)
turbofan-kafka  | [2026-08-08 23:43:36,440] INFO [Controller id=1] Initializing controller context (kafka.controller.KafkaController)
turbofan-kafka  | [2026-08-08 23:43:36,446] INFO [Controller id=1] Initialized broker epochs cache: HashMap(1 -> 27) (kafka.controller.KafkaController)
turbofan-kafka  | [2026-08-08 23:43:36,448] DEBUG [Controller id=1] Register BrokerModifications handler for Set(1) (kafka.controller.KafkaController)
turbofan-kafka  | [2026-08-08 23:43:36,450] DEBUG [Channel manager on controller 1]: Controller 1 trying to connect to broker 1 (kafka.controller.ControllerChannelManager)
turbofan-kafka  | [2026-08-08 23:43:36,453] INFO [RequestSendThread controllerId=1] Starting (kafka.controller.RequestSendThread)
turbofan-kafka  | [2026-08-08 23:43:36,453] INFO [ExpirationReaper-1-AlterAcls]: Starting (kafka.server.DelayedOperationPurgatory$ExpiredOperationReaper)
turbofan-kafka  | [2026-08-08 23:43:36,453] INFO [Controller id=1] Currently active brokers in the cluster: Set(1) (kafka.controller.KafkaController)
turbofan-kafka  | [2026-08-08 23:43:36,453] INFO [Controller id=1] Currently shutting brokers in the cluster: HashSet() (kafka.controller.KafkaController)
turbofan-kafka  | [2026-08-08 23:43:36,453] INFO [Controller id=1] Current list of topics in the cluster: HashSet() (kafka.controller.KafkaController)
turbofan-kafka  | [2026-08-08 23:43:36,454] INFO [Controller id=1] Fetching topic deletions in progress (kafka.controller.KafkaController)
turbofan-kafka  | [2026-08-08 23:43:36,455] INFO [Controller id=1] List of topics to be deleted:  (kafka.controller.KafkaController)
turbofan-kafka  | [2026-08-08 23:43:36,455] INFO [Controller id=1] List of topics ineligible for deletion:  (kafka.controller.KafkaController)
turbofan-kafka  | [2026-08-08 23:43:36,455] INFO [Controller id=1] Initializing topic deletion manager (kafka.controller.KafkaController)
turbofan-kafka  | [2026-08-08 23:43:36,455] INFO [Topic Deletion Manager 1] Initializing manager with initial deletions: Set(), initial ineligible deletions: HashSet() (kafka.controller.TopicDeletionManager)
turbofan-kafka  | [2026-08-08 23:43:36,455] INFO [Controller id=1] Sending update metadata request (kafka.controller.KafkaController)
turbofan-kafka  | [2026-08-08 23:43:36,456] INFO [Controller id=1 epoch=1] Sending UpdateMetadata request to brokers HashSet(1) for 0 partitions (state.change.logger)
turbofan-kafka  | [2026-08-08 23:43:36,459] INFO [ReplicaStateMachine controllerId=1] Initializing replica state (kafka.controller.ZkReplicaStateMachine)
turbofan-kafka  | [2026-08-08 23:43:36,459] INFO [ReplicaStateMachine controllerId=1] Triggering online replica state changes (kafka.controller.ZkReplicaStateMachine)
turbofan-kafka  | [2026-08-08 23:43:36,460] INFO [ReplicaStateMachine controllerId=1] Triggering offline replica state changes (kafka.controller.ZkReplicaStateMachine)
turbofan-kafka  | [2026-08-08 23:43:36,460] DEBUG [ReplicaStateMachine controllerId=1] Started replica state machine with initial state -> HashMap() (kafka.controller.ZkReplicaStateMachine)
turbofan-kafka  | [2026-08-08 23:43:36,460] INFO [PartitionStateMachine controllerId=1] Initializing partition state (kafka.controller.ZkPartitionStateMachine)
turbofan-kafka  | [2026-08-08 23:43:36,461] INFO [PartitionStateMachine controllerId=1] Triggering online partition state changes (kafka.controller.ZkPartitionStateMachine)
turbofan-kafka  | [2026-08-08 23:43:36,461] DEBUG [PartitionStateMachine controllerId=1] Started partition state machine with initial state -> HashMap() (kafka.controller.ZkPartitionStateMachine)
turbofan-kafka  | [2026-08-08 23:43:36,462] INFO [Controller id=1] Ready to serve as the new controller with epoch 1 (kafka.controller.KafkaController)
turbofan-kafka  | [2026-08-08 23:43:36,462] INFO [Controller id=1, targetBrokerId=1] Node 1 disconnected. (org.apache.kafka.clients.NetworkClient)
turbofan-kafka  | [2026-08-08 23:43:36,462] WARN [Controller id=1, targetBrokerId=1] Connection to node 1 (kafka/172.18.0.5:9092) could not be established. Broker may not be available. (org.apache.kafka.clients.NetworkClient)
turbofan-kafka  | [2026-08-08 23:43:36,463] WARN [RequestSendThread controllerId=1] Controller 1's connection to broker kafka:9092 (id: 1 rack: null) was unsuccessful (kafka.controller.RequestSendThread)
turbofan-kafka  | java.io.IOException: Connection to kafka:9092 (id: 1 rack: null) failed.
turbofan-kafka  | 	at org.apache.kafka.clients.NetworkClientUtils.awaitReady(NetworkClientUtils.java:70)
turbofan-kafka  | 	at kafka.controller.RequestSendThread.brokerReady(ControllerChannelManager.scala:298)
turbofan-kafka  | 	at kafka.controller.RequestSendThread.doWork(ControllerChannelManager.scala:251)
turbofan-kafka  | 	at org.apache.kafka.server.util.ShutdownableThread.run(ShutdownableThread.java:127)
turbofan-kafka  | [2026-08-08 23:43:36,464] INFO [Controller id=1, targetBrokerId=1] Client requested connection close from node 1 (org.apache.kafka.clients.NetworkClient)
turbofan-kafka  | [2026-08-08 23:43:36,464] INFO [/config/changes-event-process-thread]: Starting (kafka.common.ZkNodeChangeNotificationListener$ChangeEventProcessThread)
turbofan-kafka  | [2026-08-08 23:43:36,465] INFO [Controller id=1] Partitions undergoing preferred replica election:  (kafka.controller.KafkaController)
turbofan-kafka  | [2026-08-08 23:43:36,465] INFO [Controller id=1] Partitions that completed preferred replica election:  (kafka.controller.KafkaController)
turbofan-kafka  | [2026-08-08 23:43:36,465] INFO [Controller id=1] Skipping preferred replica election for partitions due to topic deletion:  (kafka.controller.KafkaController)
turbofan-kafka  | [2026-08-08 23:43:36,465] INFO [Controller id=1] Resuming preferred replica election for partitions:  (kafka.controller.KafkaController)
turbofan-kafka  | [2026-08-08 23:43:36,466] INFO [Controller id=1] Starting replica leader election (PREFERRED) for partitions  triggered by ZkTriggered (kafka.controller.KafkaController)
turbofan-kafka  | [2026-08-08 23:43:36,470] INFO [Controller id=1] Starting the controller scheduler (kafka.controller.KafkaController)
turbofan-kafka  | [2026-08-08 23:43:36,471] INFO [SocketServer listenerType=ZK_BROKER, nodeId=1] Enabling request processing. (kafka.network.SocketServer)
turbofan-kafka  | [2026-08-08 23:43:36,472] INFO Awaiting socket connections on 0.0.0.0:9092. (kafka.network.DataPlaneAcceptor)
turbofan-kafka  | [2026-08-08 23:43:36,473] INFO Awaiting socket connections on 0.0.0.0:29092. (kafka.network.DataPlaneAcceptor)
turbofan-kafka  | [2026-08-08 23:43:36,476] INFO Kafka version: 7.5.3-ccs (org.apache.kafka.common.utils.AppInfoParser)
turbofan-kafka  | [2026-08-08 23:43:36,476] INFO Kafka commitId: 9090b26369455a2f335fbb5487fb89675ee406ab (org.apache.kafka.common.utils.AppInfoParser)
turbofan-kafka  | [2026-08-08 23:43:36,476] INFO Kafka startTimeMs: 1786232616474 (org.apache.kafka.common.utils.AppInfoParser)
turbofan-kafka  | [2026-08-08 23:43:36,476] INFO [KafkaServer id=1] started (kafka.server.KafkaServer)
turbofan-kafka  | [2026-08-08 23:43:36,567] INFO [RequestSendThread controllerId=1] Controller 1 connected to kafka:9092 (id: 1 rack: null) for sending state change requests (kafka.controller.RequestSendThread)
turbofan-kafka  | [2026-08-08 23:43:36,591] TRACE [Controller id=1 epoch=1] Received response UpdateMetadataResponseData(errorCode=0) for request UPDATE_METADATA with correlation id 0 sent to broker kafka:9092 (id: 1 rack: null) (state.change.logger)
turbofan-kafka  | [2026-08-08 23:43:36,642] INFO [zk-broker-1-to-controller-forwarding-channel-manager]: Recorded new controller, from now on will use node kafka:9092 (id: 1 rack: null) (kafka.server.BrokerToControllerRequestThread)
turbofan-kafka  | [2026-08-08 23:43:36,672] INFO [zk-broker-1-to-controller-alter-partition-channel-manager]: Recorded new controller, from now on will use node kafka:9092 (id: 1 rack: null) (kafka.server.BrokerToControllerRequestThread)
turbofan-kafka  | [2026-08-08 23:43:41,476] INFO [Controller id=1] Processing automatic preferred replica leader election (kafka.controller.KafkaController)
turbofan-kafka  | [2026-08-08 23:43:41,477] TRACE [Controller id=1] Checking need to trigger auto leader balancing (kafka.controller.KafkaController)
turbofan-kafka  | [2026-08-08 23:48:41,477] INFO [Controller id=1] Processing automatic preferred replica leader election (kafka.controller.KafkaController)
turbofan-kafka  | [2026-08-08 23:48:41,477] TRACE [Controller id=1] Checking need to trigger auto leader balancing (kafka.controller.KafkaController)
turbofan-kafka  | [2026-08-08 23:53:41,509] INFO [Controller id=1] Processing automatic preferred replica leader election (kafka.controller.KafkaController)
turbofan-kafka  | [2026-08-08 23:53:41,510] TRACE [Controller id=1] Checking need to trigger auto leader balancing (kafka.controller.KafkaController)
turbofan-kafka  | [2026-08-08 23:58:41,517] INFO [Controller id=1] Processing automatic preferred replica leader election (kafka.controller.KafkaController)
turbofan-kafka  | [2026-08-08 23:58:41,517] TRACE [Controller id=1] Checking need to trigger auto leader balancing (kafka.controller.KafkaController)
turbofan-kafka  | [2026-08-09 00:02:41,833] INFO Terminating process due to signal SIGTERM (org.apache.kafka.common.utils.LoggingSignalHandler)
turbofan-kafka  | [2026-08-09 00:02:41,839] INFO [KafkaServer id=1] shutting down (kafka.server.KafkaServer)
turbofan-kafka  | [2026-08-09 00:02:41,841] INFO [KafkaServer id=1] Starting controlled shutdown (kafka.server.KafkaServer)
turbofan-kafka  | [2026-08-09 00:02:41,853] INFO [Controller id=1] Shutting down broker 1 (kafka.controller.KafkaController)
turbofan-kafka  | [2026-08-09 00:02:41,853] DEBUG [Controller id=1] All shutting down brokers: 1 (kafka.controller.KafkaController)
turbofan-kafka  | [2026-08-09 00:02:41,853] DEBUG [Controller id=1] Live brokers:  (kafka.controller.KafkaController)
turbofan-kafka  | [2026-08-09 00:02:41,854] INFO [Controller id=1 epoch=1] Sending UpdateMetadata request to brokers HashSet() for 0 partitions (state.change.logger)
turbofan-kafka  | [2026-08-09 00:02:41,855] TRACE [Controller id=1] All leaders =  (kafka.controller.KafkaController)
turbofan-kafka  | [2026-08-09 00:02:41,859] INFO [KafkaServer id=1] Controlled shutdown request returned successfully after 12ms (kafka.server.KafkaServer)
turbofan-kafka  | [2026-08-09 00:02:41,862] INFO [/config/changes-event-process-thread]: Shutting down (kafka.common.ZkNodeChangeNotificationListener$ChangeEventProcessThread)
turbofan-kafka  | [2026-08-09 00:02:41,862] INFO [/config/changes-event-process-thread]: Stopped (kafka.common.ZkNodeChangeNotificationListener$ChangeEventProcessThread)
turbofan-kafka  | [2026-08-09 00:02:41,863] INFO [/config/changes-event-process-thread]: Shutdown completed (kafka.common.ZkNodeChangeNotificationListener$ChangeEventProcessThread)
turbofan-kafka  | [2026-08-09 00:02:41,863] INFO [SocketServer listenerType=ZK_BROKER, nodeId=1] Stopping socket server request processors (kafka.network.SocketServer)
turbofan-kafka  | [2026-08-09 00:02:41,873] INFO [SocketServer listenerType=ZK_BROKER, nodeId=1] Stopped socket server request processors (kafka.network.SocketServer)
turbofan-kafka  | [2026-08-09 00:02:41,873] INFO [data-plane Kafka Request Handler on Broker 1], shutting down (kafka.server.KafkaRequestHandlerPool)
turbofan-kafka  | [2026-08-09 00:02:41,875] INFO [data-plane Kafka Request Handler on Broker 1], shut down completely (kafka.server.KafkaRequestHandlerPool)
turbofan-kafka  | [2026-08-09 00:02:41,876] INFO [ExpirationReaper-1-AlterAcls]: Shutting down (kafka.server.DelayedOperationPurgatory$ExpiredOperationReaper)
turbofan-kafka  | [2026-08-09 00:02:41,878] INFO [ExpirationReaper-1-AlterAcls]: Stopped (kafka.server.DelayedOperationPurgatory$ExpiredOperationReaper)
turbofan-kafka  | [2026-08-09 00:02:41,878] INFO [ExpirationReaper-1-AlterAcls]: Shutdown completed (kafka.server.DelayedOperationPurgatory$ExpiredOperationReaper)
turbofan-kafka  | [2026-08-09 00:02:41,878] INFO [KafkaApi-1] Shutdown complete. (kafka.server.KafkaApis)
turbofan-kafka  | [2026-08-09 00:02:41,878] INFO [ExpirationReaper-1-topic]: Shutting down (kafka.server.DelayedOperationPurgatory$ExpiredOperationReaper)
turbofan-kafka  | [2026-08-09 00:02:41,879] INFO [ExpirationReaper-1-topic]: Stopped (kafka.server.DelayedOperationPurgatory$ExpiredOperationReaper)
turbofan-kafka  | [2026-08-09 00:02:41,879] INFO [ExpirationReaper-1-topic]: Shutdown completed (kafka.server.DelayedOperationPurgatory$ExpiredOperationReaper)
turbofan-kafka  | [2026-08-09 00:02:41,880] INFO [TransactionCoordinator id=1] Shutting down. (kafka.coordinator.transaction.TransactionCoordinator)
turbofan-kafka  | [2026-08-09 00:02:41,880] INFO [Transaction State Manager 1]: Shutdown complete (kafka.coordinator.transaction.TransactionStateManager)
turbofan-kafka  | [2026-08-09 00:02:41,880] INFO [TxnMarkerSenderThread-1]: Shutting down (kafka.coordinator.transaction.TransactionMarkerChannelManager)
turbofan-kafka  | [2026-08-09 00:02:41,881] INFO [TxnMarkerSenderThread-1]: Stopped (kafka.coordinator.transaction.TransactionMarkerChannelManager)
turbofan-kafka  | [2026-08-09 00:02:41,881] INFO [TxnMarkerSenderThread-1]: Shutdown completed (kafka.coordinator.transaction.TransactionMarkerChannelManager)
turbofan-kafka  | [2026-08-09 00:02:41,881] INFO [TransactionCoordinator id=1] Shutdown complete. (kafka.coordinator.transaction.TransactionCoordinator)
turbofan-kafka  | [2026-08-09 00:02:41,882] INFO [GroupCoordinator 1]: Shutting down. (kafka.coordinator.group.GroupCoordinator)
turbofan-kafka  | [2026-08-09 00:02:41,882] INFO [ExpirationReaper-1-Heartbeat]: Shutting down (kafka.server.DelayedOperationPurgatory$ExpiredOperationReaper)
turbofan-kafka  | [2026-08-09 00:02:41,882] INFO [ExpirationReaper-1-Heartbeat]: Stopped (kafka.server.DelayedOperationPurgatory$ExpiredOperationReaper)
turbofan-kafka  | [2026-08-09 00:02:41,882] INFO [ExpirationReaper-1-Heartbeat]: Shutdown completed (kafka.server.DelayedOperationPurgatory$ExpiredOperationReaper)
turbofan-kafka  | [2026-08-09 00:02:41,883] INFO [ExpirationReaper-1-Rebalance]: Shutting down (kafka.server.DelayedOperationPurgatory$ExpiredOperationReaper)
turbofan-kafka  | [2026-08-09 00:02:41,883] INFO [ExpirationReaper-1-Rebalance]: Stopped (kafka.server.DelayedOperationPurgatory$ExpiredOperationReaper)
turbofan-kafka  | [2026-08-09 00:02:41,883] INFO [ExpirationReaper-1-Rebalance]: Shutdown completed (kafka.server.DelayedOperationPurgatory$ExpiredOperationReaper)
turbofan-kafka  | [2026-08-09 00:02:41,883] INFO [GroupCoordinator 1]: Shutdown complete. (kafka.coordinator.group.GroupCoordinator)
turbofan-kafka  | [2026-08-09 00:02:41,884] INFO [ReplicaManager broker=1] Shutting down (kafka.server.ReplicaManager)
turbofan-kafka  | [2026-08-09 00:02:41,884] INFO [LogDirFailureHandler]: Shutting down (kafka.server.ReplicaManager$LogDirFailureHandler)
turbofan-kafka  | [2026-08-09 00:02:41,884] INFO [LogDirFailureHandler]: Stopped (kafka.server.ReplicaManager$LogDirFailureHandler)
turbofan-kafka  | [2026-08-09 00:02:41,884] INFO [LogDirFailureHandler]: Shutdown completed (kafka.server.ReplicaManager$LogDirFailureHandler)
turbofan-kafka  | [2026-08-09 00:02:41,884] INFO [ReplicaFetcherManager on broker 1] shutting down (kafka.server.ReplicaFetcherManager)
turbofan-kafka  | [2026-08-09 00:02:41,884] INFO [ReplicaFetcherManager on broker 1] shutdown completed (kafka.server.ReplicaFetcherManager)
turbofan-kafka  | [2026-08-09 00:02:41,885] INFO [ReplicaAlterLogDirsManager on broker 1] shutting down (kafka.server.ReplicaAlterLogDirsManager)
turbofan-kafka  | [2026-08-09 00:02:41,885] INFO [ReplicaAlterLogDirsManager on broker 1] shutdown completed (kafka.server.ReplicaAlterLogDirsManager)
turbofan-kafka  | [2026-08-09 00:02:41,885] INFO [ExpirationReaper-1-Fetch]: Shutting down (kafka.server.DelayedOperationPurgatory$ExpiredOperationReaper)
turbofan-kafka  | [2026-08-09 00:02:41,886] INFO [ExpirationReaper-1-Fetch]: Stopped (kafka.server.DelayedOperationPurgatory$ExpiredOperationReaper)
turbofan-kafka  | [2026-08-09 00:02:41,886] INFO [ExpirationReaper-1-Fetch]: Shutdown completed (kafka.server.DelayedOperationPurgatory$ExpiredOperationReaper)
turbofan-kafka  | [2026-08-09 00:02:41,886] INFO [ExpirationReaper-1-Produce]: Shutting down (kafka.server.DelayedOperationPurgatory$ExpiredOperationReaper)
turbofan-kafka  | [2026-08-09 00:02:41,886] INFO [ExpirationReaper-1-Produce]: Stopped (kafka.server.DelayedOperationPurgatory$ExpiredOperationReaper)
turbofan-kafka  | [2026-08-09 00:02:41,886] INFO [ExpirationReaper-1-Produce]: Shutdown completed (kafka.server.DelayedOperationPurgatory$ExpiredOperationReaper)
turbofan-kafka  | [2026-08-09 00:02:41,887] INFO [ExpirationReaper-1-DeleteRecords]: Shutting down (kafka.server.DelayedOperationPurgatory$ExpiredOperationReaper)
turbofan-kafka  | [2026-08-09 00:02:41,887] INFO [ExpirationReaper-1-DeleteRecords]: Stopped (kafka.server.DelayedOperationPurgatory$ExpiredOperationReaper)
turbofan-kafka  | [2026-08-09 00:02:41,887] INFO [ExpirationReaper-1-DeleteRecords]: Shutdown completed (kafka.server.DelayedOperationPurgatory$ExpiredOperationReaper)
turbofan-kafka  | [2026-08-09 00:02:41,887] INFO [ExpirationReaper-1-ElectLeader]: Shutting down (kafka.server.DelayedOperationPurgatory$ExpiredOperationReaper)
turbofan-kafka  | [2026-08-09 00:02:41,888] INFO [ExpirationReaper-1-ElectLeader]: Stopped (kafka.server.DelayedOperationPurgatory$ExpiredOperationReaper)
turbofan-kafka  | [2026-08-09 00:02:41,888] INFO [ExpirationReaper-1-ElectLeader]: Shutdown completed (kafka.server.DelayedOperationPurgatory$ExpiredOperationReaper)
turbofan-kafka  | [2026-08-09 00:02:41,891] INFO [ReplicaManager broker=1] Shut down completely (kafka.server.ReplicaManager)
turbofan-kafka  | [2026-08-09 00:02:41,891] INFO [zk-broker-1-to-controller-alter-partition-channel-manager]: Shutting down (kafka.server.BrokerToControllerRequestThread)
turbofan-kafka  | [2026-08-09 00:02:41,891] INFO [zk-broker-1-to-controller-alter-partition-channel-manager]: Stopped (kafka.server.BrokerToControllerRequestThread)
turbofan-kafka  | [2026-08-09 00:02:41,891] INFO [zk-broker-1-to-controller-alter-partition-channel-manager]: Shutdown completed (kafka.server.BrokerToControllerRequestThread)
turbofan-kafka  | [2026-08-09 00:02:41,892] INFO Broker to controller channel manager for alter-partition shutdown (kafka.server.BrokerToControllerChannelManagerImpl)
turbofan-kafka  | [2026-08-09 00:02:41,892] INFO [zk-broker-1-to-controller-forwarding-channel-manager]: Shutting down (kafka.server.BrokerToControllerRequestThread)
turbofan-kafka  | [2026-08-09 00:02:41,892] INFO [zk-broker-1-to-controller-forwarding-channel-manager]: Stopped (kafka.server.BrokerToControllerRequestThread)
turbofan-kafka  | [2026-08-09 00:02:41,892] INFO [zk-broker-1-to-controller-forwarding-channel-manager]: Shutdown completed (kafka.server.BrokerToControllerRequestThread)
turbofan-kafka  | [2026-08-09 00:02:41,893] INFO Broker to controller channel manager for forwarding shutdown (kafka.server.BrokerToControllerChannelManagerImpl)
turbofan-kafka  | [2026-08-09 00:02:41,893] INFO Shutting down. (kafka.log.LogManager)
turbofan-kafka  | [2026-08-09 00:02:41,893] INFO Shutting down the log cleaner. (kafka.log.LogCleaner)
turbofan-kafka  | [2026-08-09 00:02:41,893] INFO [kafka-log-cleaner-thread-0]: Shutting down (kafka.log.LogCleaner$CleanerThread)
turbofan-kafka  | [2026-08-09 00:02:41,894] INFO [kafka-log-cleaner-thread-0]: Shutdown completed (kafka.log.LogCleaner$CleanerThread)
turbofan-kafka  | [2026-08-09 00:02:41,894] INFO [kafka-log-cleaner-thread-0]: Stopped (kafka.log.LogCleaner$CleanerThread)
turbofan-kafka  | [2026-08-09 00:02:41,899] INFO Shutdown complete. (kafka.log.LogManager)
turbofan-kafka  | [2026-08-09 00:02:41,899] INFO [ControllerEventThread controllerId=1] Shutting down (kafka.controller.ControllerEventManager$ControllerEventThread)
turbofan-kafka  | [2026-08-09 00:02:41,899] INFO [ControllerEventThread controllerId=1] Shutdown completed (kafka.controller.ControllerEventManager$ControllerEventThread)
turbofan-kafka  | [2026-08-09 00:02:41,899] INFO [ControllerEventThread controllerId=1] Stopped (kafka.controller.ControllerEventManager$ControllerEventThread)
turbofan-kafka  | [2026-08-09 00:02:41,899] DEBUG [Controller id=1] Resigning (kafka.controller.KafkaController)
turbofan-kafka  | [2026-08-09 00:02:41,900] DEBUG [Controller id=1] Unregister BrokerModifications handler for Set(1) (kafka.controller.KafkaController)
turbofan-kafka  | [2026-08-09 00:02:41,900] INFO [PartitionStateMachine controllerId=1] Stopped partition state machine (kafka.controller.ZkPartitionStateMachine)
turbofan-kafka  | [2026-08-09 00:02:41,900] INFO [ReplicaStateMachine controllerId=1] Stopped replica state machine (kafka.controller.ZkReplicaStateMachine)
turbofan-kafka  | [2026-08-09 00:02:41,901] INFO [RequestSendThread controllerId=1] Shutting down (kafka.controller.RequestSendThread)
turbofan-kafka  | [2026-08-09 00:02:41,901] INFO [RequestSendThread controllerId=1] Shutdown completed (kafka.controller.RequestSendThread)
turbofan-kafka  | [2026-08-09 00:02:41,901] INFO [RequestSendThread controllerId=1] Stopped (kafka.controller.RequestSendThread)
turbofan-kafka  | [2026-08-09 00:02:41,902] INFO [Controller id=1] Resigned (kafka.controller.KafkaController)
turbofan-kafka  | [2026-08-09 00:02:41,902] INFO [feature-zk-node-event-process-thread]: Shutting down (kafka.server.FinalizedFeatureChangeListener$ChangeNotificationProcessorThread)
turbofan-kafka  | [2026-08-09 00:02:41,902] INFO [feature-zk-node-event-process-thread]: Shutdown completed (kafka.server.FinalizedFeatureChangeListener$ChangeNotificationProcessorThread)
turbofan-kafka  | [2026-08-09 00:02:41,902] INFO [feature-zk-node-event-process-thread]: Stopped (kafka.server.FinalizedFeatureChangeListener$ChangeNotificationProcessorThread)
turbofan-kafka  | [2026-08-09 00:02:41,902] INFO [ZooKeeperClient Kafka server] Closing. (kafka.zookeeper.ZooKeeperClient)
turbofan-kafka  | [2026-08-09 00:02:42,298] INFO Session: 0x100000839760001 closed (org.apache.zookeeper.ZooKeeper)
turbofan-kafka  | [2026-08-09 00:02:42,298] INFO EventThread shut down for session: 0x100000839760001 (org.apache.zookeeper.ClientCnxn)
turbofan-kafka  | [2026-08-09 00:02:42,298] INFO [ZooKeeperClient Kafka server] Closed. (kafka.zookeeper.ZooKeeperClient)
turbofan-kafka  | [2026-08-09 00:02:42,298] INFO [ThrottledChannelReaper-Fetch]: Shutting down (kafka.server.ClientQuotaManager$ThrottledChannelReaper)
turbofan-kafka  | [2026-08-09 00:02:42,299] INFO [ThrottledChannelReaper-Fetch]: Stopped (kafka.server.ClientQuotaManager$ThrottledChannelReaper)
turbofan-kafka  | [2026-08-09 00:02:42,299] INFO [ThrottledChannelReaper-Fetch]: Shutdown completed (kafka.server.ClientQuotaManager$ThrottledChannelReaper)
turbofan-kafka  | [2026-08-09 00:02:42,299] INFO [ThrottledChannelReaper-Produce]: Shutting down (kafka.server.ClientQuotaManager$ThrottledChannelReaper)
turbofan-kafka  | [2026-08-09 00:02:42,300] INFO [ThrottledChannelReaper-Produce]: Stopped (kafka.server.ClientQuotaManager$ThrottledChannelReaper)
turbofan-kafka  | [2026-08-09 00:02:42,300] INFO [ThrottledChannelReaper-Produce]: Shutdown completed (kafka.server.ClientQuotaManager$ThrottledChannelReaper)
turbofan-kafka  | [2026-08-09 00:02:42,300] INFO [ThrottledChannelReaper-Request]: Shutting down (kafka.server.ClientQuotaManager$ThrottledChannelReaper)
turbofan-kafka  | [2026-08-09 00:02:42,300] INFO [ThrottledChannelReaper-Request]: Stopped (kafka.server.ClientQuotaManager$ThrottledChannelReaper)
turbofan-kafka  | [2026-08-09 00:02:42,300] INFO [ThrottledChannelReaper-Request]: Shutdown completed (kafka.server.ClientQuotaManager$ThrottledChannelReaper)
turbofan-kafka  | [2026-08-09 00:02:42,300] INFO [ThrottledChannelReaper-ControllerMutation]: Shutting down (kafka.server.ClientQuotaManager$ThrottledChannelReaper)
turbofan-kafka  | [2026-08-09 00:02:42,300] INFO [ThrottledChannelReaper-ControllerMutation]: Stopped (kafka.server.ClientQuotaManager$ThrottledChannelReaper)
turbofan-kafka  | [2026-08-09 00:02:42,300] INFO [ThrottledChannelReaper-ControllerMutation]: Shutdown completed (kafka.server.ClientQuotaManager$ThrottledChannelReaper)
turbofan-kafka  | [2026-08-09 00:02:42,300] INFO [SocketServer listenerType=ZK_BROKER, nodeId=1] Shutting down socket server (kafka.network.SocketServer)
turbofan-kafka  | [2026-08-09 00:02:42,316] INFO [SocketServer listenerType=ZK_BROKER, nodeId=1] Shutdown completed (kafka.network.SocketServer)
turbofan-kafka  | [2026-08-09 00:02:42,317] INFO Metrics scheduler closed (org.apache.kafka.common.metrics.Metrics)
turbofan-kafka  | [2026-08-09 00:02:42,317] INFO Closing reporter org.apache.kafka.common.metrics.JmxReporter (org.apache.kafka.common.metrics.Metrics)
turbofan-kafka  | [2026-08-09 00:02:42,317] INFO Metrics reporters closed (org.apache.kafka.common.metrics.Metrics)
turbofan-kafka  | [2026-08-09 00:02:42,319] INFO Broker and topic stats closed (kafka.server.BrokerTopicStats)
turbofan-kafka  | [2026-08-09 00:02:42,320] INFO App info kafka.server for 1 unregistered (org.apache.kafka.common.utils.AppInfoParser)
turbofan-kafka  | [2026-08-09 00:02:42,321] INFO [KafkaServer id=1] shut down completed (kafka.server.KafkaServer)
turbofan-kafka  | ===> User
turbofan-kafka  | uid=1000(appuser) gid=1000(appuser) groups=1000(appuser)
turbofan-kafka  | ===> Configuring ...
turbofan-kafka  | Running in Zookeeper mode...
turbofan-kafka  | ===> Running preflight checks ... 
turbofan-kafka  | ===> Check if /var/lib/kafka/data is writable ...
turbofan-kafka  | ===> Check if Zookeeper is healthy ...
turbofan-kafka  | [2026-08-09 00:02:52,184] INFO Client environment:zookeeper.version=3.8.3-6ad6d364c7c0bcf0de452d54ebefa3058098ab56, built on 2023-10-05 10:34 UTC (org.apache.zookeeper.ZooKeeper)
turbofan-kafka  | [2026-08-09 00:02:52,184] INFO Client environment:host.name=93e869bc7857 (org.apache.zookeeper.ZooKeeper)
turbofan-kafka  | [2026-08-09 00:02:52,184] INFO Client environment:java.version=11.0.21 (org.apache.zookeeper.ZooKeeper)
turbofan-kafka  | [2026-08-09 00:02:52,184] INFO Client environment:java.vendor=Azul Systems, Inc. (org.apache.zookeeper.ZooKeeper)
turbofan-kafka  | [2026-08-09 00:02:52,184] INFO Client environment:java.home=/usr/lib/jvm/java-11-zulu-openjdk-ca (org.apache.zookeeper.ZooKeeper)
turbofan-kafka  | [2026-08-09 00:02:52,184] INFO Client environment:java.class.path=/usr/share/java/cp-base-new/snappy-java-1.1.10.5.jar:/usr/share/java/cp-base-new/slf4j-api-1.7.36.jar:/usr/share/java/cp-base-new/jackson-core-2.14.2.jar:/usr/share/java/cp-base-new/jolokia-jvm-1.7.1.jar:/usr/share/java/cp-base-new/zookeeper-3.8.3.jar:/usr/share/java/cp-base-new/re2j-1.6.jar:/usr/share/java/cp-base-new/jackson-dataformat-csv-2.14.2.jar:/usr/share/java/cp-base-new/json-simple-1.1.1.jar:/usr/share/java/cp-base-new/zookeeper-jute-3.8.3.jar:/usr/share/java/cp-base-new/metrics-core-2.2.0.jar:/usr/share/java/cp-base-new/scala-collection-compat_2.13-2.10.0.jar:/usr/share/java/cp-base-new/logredactor-1.0.12.jar:/usr/share/java/cp-base-new/jackson-annotations-2.14.2.jar:/usr/share/java/cp-base-new/logredactor-metrics-1.0.12.jar:/usr/share/java/cp-base-new/commons-cli-1.4.jar:/usr/share/java/cp-base-new/audience-annotations-0.12.0.jar:/usr/share/java/cp-base-new/metrics-core-4.1.12.1.jar:/usr/share/java/cp-base-new/kafka-group-coordinator-7.5.3-ccs.jar:/usr/share/java/cp-base-new/lz4-java-1.8.0.jar:/usr/share/java/cp-base-new/zstd-jni-1.5.5-1.jar:/usr/share/java/cp-base-new/argparse4j-0.7.0.jar:/usr/share/java/cp-base-new/scala-reflect-2.13.10.jar:/usr/share/java/cp-base-new/kafka-clients-7.5.3-ccs.jar:/usr/share/java/cp-base-new/slf4j-reload4j-1.7.36.jar:/usr/share/java/cp-base-new/disk-usage-agent-7.5.3.jar:/usr/share/java/cp-base-new/commons-io-2.11.0.jar:/usr/share/java/cp-base-new/paranamer-2.8.jar:/usr/share/java/cp-base-new/jackson-databind-2.14.2.jar:/usr/share/java/cp-base-new/scala-logging_2.13-3.9.4.jar:/usr/share/java/cp-base-new/kafka-tools-api-7.5.3-ccs.jar:/usr/share/java/cp-base-new/common-utils-7.5.3.jar:/usr/share/java/cp-base-new/kafka_2.13-7.5.3-ccs.jar:/usr/share/java/cp-base-new/reload4j-1.2.25.jar:/usr/share/java/cp-base-new/utility-belt-7.5.3.jar:/usr/share/java/cp-base-new/snakeyaml-2.0.jar:/usr/share/java/cp-base-new/scala-java8-compat_2.13-1.0.2.jar:/usr/share/java/cp-base-new/minimal-json-0.9.5.jar:/usr/share/java/cp-base-new/kafka-metadata-7.5.3-ccs.jar:/usr/share/java/cp-base-new/kafka-raft-7.5.3-ccs.jar:/usr/share/java/cp-base-new/jackson-dataformat-yaml-2.14.2.jar:/usr/share/java/cp-base-new/jopt-simple-5.0.4.jar:/usr/share/java/cp-base-new/kafka-storage-7.5.3-ccs.jar:/usr/share/java/cp-base-new/jackson-datatype-jdk8-2.14.2.jar:/usr/share/java/cp-base-new/jose4j-0.9.3.jar:/usr/share/java/cp-base-new/jmx_prometheus_javaagent-0.18.0.jar:/usr/share/java/cp-base-new/jackson-module-scala_2.13-2.14.2.jar:/usr/share/java/cp-base-new/jolokia-core-1.7.1.jar:/usr/share/java/cp-base-new/gson-2.9.0.jar:/usr/share/java/cp-base-new/kafka-storage-api-7.5.3-ccs.jar:/usr/share/java/cp-base-new/scala-library-2.13.10.jar:/usr/share/java/cp-base-new/kafka-server-common-7.5.3-ccs.jar (org.apache.zookeeper.ZooKeeper)
turbofan-kafka  | [2026-08-09 00:02:52,184] INFO Client environment:java.library.path=/usr/java/packages/lib:/lib:/usr/lib:/usr/lib64:/lib64 (org.apache.zookeeper.ZooKeeper)
turbofan-kafka  | [2026-08-09 00:02:52,184] INFO Client environment:java.io.tmpdir=/tmp (org.apache.zookeeper.ZooKeeper)
turbofan-kafka  | [2026-08-09 00:02:52,184] INFO Client environment:java.compiler=<NA> (org.apache.zookeeper.ZooKeeper)
turbofan-kafka  | [2026-08-09 00:02:52,184] INFO Client environment:os.name=Linux (org.apache.zookeeper.ZooKeeper)
turbofan-kafka  | [2026-08-09 00:02:52,184] INFO Client environment:os.arch=aarch64 (org.apache.zookeeper.ZooKeeper)
turbofan-kafka  | [2026-08-09 00:02:52,184] INFO Client environment:os.version=6.12.76-linuxkit (org.apache.zookeeper.ZooKeeper)
turbofan-kafka  | [2026-08-09 00:02:52,185] INFO Client environment:user.name=appuser (org.apache.zookeeper.ZooKeeper)
turbofan-kafka  | [2026-08-09 00:02:52,185] INFO Client environment:user.home=/home/appuser (org.apache.zookeeper.ZooKeeper)
turbofan-kafka  | [2026-08-09 00:02:52,185] INFO Client environment:user.dir=/home/appuser (org.apache.zookeeper.ZooKeeper)
turbofan-kafka  | [2026-08-09 00:02:52,185] INFO Client environment:os.memory.free=114MB (org.apache.zookeeper.ZooKeeper)
turbofan-kafka  | [2026-08-09 00:02:52,185] INFO Client environment:os.memory.max=1960MB (org.apache.zookeeper.ZooKeeper)
turbofan-kafka  | [2026-08-09 00:02:52,185] INFO Client environment:os.memory.total=124MB (org.apache.zookeeper.ZooKeeper)
turbofan-kafka  | [2026-08-09 00:02:52,186] INFO Initiating client connection, connectString=zookeeper:2181 sessionTimeout=40000 watcher=io.confluent.admin.utils.ZookeeperConnectionWatcher@62bd765 (org.apache.zookeeper.ZooKeeper)
turbofan-kafka  | [2026-08-09 00:02:52,190] INFO Setting -D jdk.tls.rejectClientInitiatedRenegotiation=true to disable client-initiated TLS renegotiation (org.apache.zookeeper.common.X509Util)
turbofan-kafka  | [2026-08-09 00:02:52,193] INFO jute.maxbuffer value is 1048575 Bytes (org.apache.zookeeper.ClientCnxnSocket)
turbofan-kafka  | [2026-08-09 00:02:52,198] INFO zookeeper.request.timeout value is 0. feature enabled=false (org.apache.zookeeper.ClientCnxn)
turbofan-kafka  | [2026-08-09 00:02:52,209] INFO Opening socket connection to server zookeeper/172.18.0.7:2181. (org.apache.zookeeper.ClientCnxn)
turbofan-kafka  | [2026-08-09 00:02:52,209] INFO SASL config status: Will not attempt to authenticate using SASL (unknown error) (org.apache.zookeeper.ClientCnxn)
turbofan-kafka  | [2026-08-09 00:02:52,215] WARN Session 0x0 for server zookeeper/172.18.0.7:2181, Closing socket connection. Attempting reconnect except it is a SessionExpiredException. (org.apache.zookeeper.ClientCnxn)
turbofan-kafka  | java.net.ConnectException: Connection refused
turbofan-kafka  | 	at java.base/sun.nio.ch.SocketChannelImpl.checkConnect(Native Method)
turbofan-kafka  | 	at java.base/sun.nio.ch.SocketChannelImpl.finishConnect(SocketChannelImpl.java:777)
turbofan-kafka  | 	at org.apache.zookeeper.ClientCnxnSocketNIO.doTransport(ClientCnxnSocketNIO.java:344)
turbofan-kafka  | 	at org.apache.zookeeper.ClientCnxn$SendThread.run(ClientCnxn.java:1289)
turbofan-kafka  | [2026-08-09 00:02:53,319] INFO Opening socket connection to server zookeeper/172.18.0.7:2181. (org.apache.zookeeper.ClientCnxn)
turbofan-kafka  | [2026-08-09 00:02:53,319] INFO SASL config status: Will not attempt to authenticate using SASL (unknown error) (org.apache.zookeeper.ClientCnxn)
turbofan-kafka  | [2026-08-09 00:02:53,321] INFO Socket connection established, initiating session, client: /172.18.0.8:34566, server: zookeeper/172.18.0.7:2181 (org.apache.zookeeper.ClientCnxn)
turbofan-kafka  | [2026-08-09 00:02:53,342] INFO Session establishment complete on server zookeeper/172.18.0.7:2181, session id = 0x10000000fe40000, negotiated timeout = 40000 (org.apache.zookeeper.ClientCnxn)
turbofan-kafka  | [2026-08-09 00:02:53,458] INFO Session: 0x10000000fe40000 closed (org.apache.zookeeper.ZooKeeper)
turbofan-kafka  | [2026-08-09 00:02:53,458] INFO EventThread shut down for session: 0x10000000fe40000 (org.apache.zookeeper.ClientCnxn)
turbofan-kafka  | Using log4j config /etc/kafka/log4j.properties
turbofan-kafka  | ===> Launching ... 
turbofan-kafka  | ===> Launching kafka ... 
turbofan-kafka  | [2026-08-09 00:02:53,847] INFO Registered kafka:type=kafka.Log4jController MBean (kafka.utils.Log4jControllerRegistration$)
turbofan-kafka  | [2026-08-09 00:02:54,008] INFO Setting -D jdk.tls.rejectClientInitiatedRenegotiation=true to disable client-initiated TLS renegotiation (org.apache.zookeeper.common.X509Util)
turbofan-kafka  | [2026-08-09 00:02:54,044] INFO Registered signal handlers for TERM, INT, HUP (org.apache.kafka.common.utils.LoggingSignalHandler)
turbofan-kafka  | [2026-08-09 00:02:54,045] INFO starting (kafka.server.KafkaServer)
turbofan-kafka  | [2026-08-09 00:02:54,045] INFO Connecting to zookeeper on zookeeper:2181 (kafka.server.KafkaServer)
turbofan-kafka  | [2026-08-09 00:02:54,053] INFO [ZooKeeperClient Kafka server] Initializing a new session to zookeeper:2181. (kafka.zookeeper.ZooKeeperClient)
turbofan-kafka  | [2026-08-09 00:02:54,055] INFO Client environment:zookeeper.version=3.8.3-6ad6d364c7c0bcf0de452d54ebefa3058098ab56, built on 2023-10-05 10:34 UTC (org.apache.zookeeper.ZooKeeper)
turbofan-kafka  | [2026-08-09 00:02:54,055] INFO Client environment:host.name=93e869bc7857 (org.apache.zookeeper.ZooKeeper)
turbofan-kafka  | [2026-08-09 00:02:54,055] INFO Client environment:java.version=11.0.21 (org.apache.zookeeper.ZooKeeper)
turbofan-kafka  | [2026-08-09 00:02:54,055] INFO Client environment:java.vendor=Azul Systems, Inc. (org.apache.zookeeper.ZooKeeper)
turbofan-kafka  | [2026-08-09 00:02:54,055] INFO Client environment:java.home=/usr/lib/jvm/java-11-zulu-openjdk-ca (org.apache.zookeeper.ZooKeeper)
turbofan-kafka  | [2026-08-09 00:02:54,055] INFO Client environment:java.class.path=/usr/bin/../share/java/kafka/hk2-utils-2.6.1.jar:/usr/bin/../share/java/kafka/jetty-http-9.4.53.v20231009.jar:/usr/bin/../share/java/kafka/snappy-java-1.1.10.5.jar:/usr/bin/../share/java/kafka/slf4j-api-1.7.36.jar:/usr/bin/../share/java/kafka/connect-api-7.5.3-ccs.jar:/usr/bin/../share/java/kafka/jersey-common-2.39.1.jar:/usr/bin/../share/java/kafka/connect-mirror-client-7.5.3-ccs.jar:/usr/bin/../share/java/kafka/netty-common-4.1.100.Final.jar:/usr/bin/../share/java/kafka/jetty-servlets-9.4.53.v20231009.jar:/usr/bin/../share/java/kafka/hk2-api-2.6.1.jar:/usr/bin/../share/java/kafka/jackson-datatype-jdk8-2.13.5.jar:/usr/bin/../share/java/kafka/jline-3.22.0.jar:/usr/bin/../share/java/kafka/jakarta.annotation-api-1.3.5.jar:/usr/bin/../share/java/kafka/activation-1.1.1.jar:/usr/bin/../share/java/kafka/jackson-module-scala_2.13-2.13.5.jar:/usr/bin/../share/java/kafka/jetty-io-9.4.53.v20231009.jar:/usr/bin/../share/java/kafka/zookeeper-3.8.3.jar:/usr/bin/../share/java/kafka/connect-basic-auth-extension-7.5.3-ccs.jar:/usr/bin/../share/java/kafka/plexus-utils-3.3.1.jar:/usr/bin/../share/java/kafka/jetty-continuation-9.4.53.v20231009.jar:/usr/bin/../share/java/kafka/jackson-jaxrs-base-2.13.5.jar:/usr/bin/../share/java/kafka/connect-mirror-7.5.3-ccs.jar:/usr/bin/../share/java/kafka/netty-handler-4.1.100.Final.jar:/usr/bin/../share/java/kafka/kafka-streams-examples-7.5.3-ccs.jar:/usr/bin/../share/java/kafka/trogdor-7.5.3-ccs.jar:/usr/bin/../share/java/kafka/jetty-client-9.4.53.v20231009.jar:/usr/bin/../share/java/kafka/jetty-security-9.4.53.v20231009.jar:/usr/bin/../share/java/kafka/zookeeper-jute-3.8.3.jar:/usr/bin/../share/java/kafka/metrics-core-2.2.0.jar:/usr/bin/../share/java/kafka/jakarta.activation-api-1.2.2.jar:/usr/bin/../share/java/kafka/kafka.jar:/usr/bin/../share/java/kafka/scala-collection-compat_2.13-2.10.0.jar:/usr/bin/../share/java/kafka/jakarta.validation-api-2.0.2.jar:/usr/bin/../share/java/kafka/hk2-locator-2.6.1.jar:/usr/bin/../share/java/kafka/netty-transport-native-unix-common-4.1.100.Final.jar:/usr/bin/../share/java/kafka/jackson-core-2.13.5.jar:/usr/bin/../share/java/kafka/javax.annotation-api-1.3.2.jar:/usr/bin/../share/java/kafka/aopalliance-repackaged-2.6.1.jar:/usr/bin/../share/java/kafka/jakarta.xml.bind-api-2.3.3.jar:/usr/bin/../share/java/kafka/jakarta.inject-2.6.1.jar:/usr/bin/../share/java/kafka/commons-cli-1.4.jar:/usr/bin/../share/java/kafka/audience-annotations-0.12.0.jar:/usr/bin/../share/java/kafka/metrics-core-4.1.12.1.jar:/usr/bin/../share/java/kafka/kafka-streams-scala_2.13-7.5.3-ccs.jar:/usr/bin/../share/java/kafka/kafka-group-coordinator-7.5.3-ccs.jar:/usr/bin/../share/java/kafka/jackson-annotations-2.13.5.jar:/usr/bin/../share/java/kafka/lz4-java-1.8.0.jar:/usr/bin/../share/java/kafka/zstd-jni-1.5.5-1.jar:/usr/bin/../share/java/kafka/javassist-3.29.2-GA.jar:/usr/bin/../share/java/kafka/jersey-container-servlet-core-2.39.1.jar:/usr/bin/../share/java/kafka/connect-runtime-7.5.3-ccs.jar:/usr/bin/../share/java/kafka/netty-transport-native-epoll-4.1.100.Final.jar:/usr/bin/../share/java/kafka/netty-buffer-4.1.100.Final.jar:/usr/bin/../share/java/kafka/jetty-servlet-9.4.53.v20231009.jar:/usr/bin/../share/java/kafka/swagger-annotations-2.2.8.jar:/usr/bin/../share/java/kafka/jetty-util-9.4.53.v20231009.jar:/usr/bin/../share/java/kafka/rocksdbjni-7.9.2.jar:/usr/bin/../share/java/kafka/jackson-jaxrs-json-provider-2.13.5.jar:/usr/bin/../share/java/kafka/jersey-container-servlet-2.39.1.jar:/usr/bin/../share/java/kafka/argparse4j-0.7.0.jar:/usr/bin/../share/java/kafka/javax.ws.rs-api-2.1.1.jar:/usr/bin/../share/java/kafka/scala-reflect-2.13.10.jar:/usr/bin/../share/java/kafka/kafka-clients-7.5.3-ccs.jar:/usr/bin/../share/java/kafka/slf4j-reload4j-1.7.36.jar:/usr/bin/../share/java/kafka/kafka-streams-7.5.3-ccs.jar:/usr/bin/../share/java/kafka/commons-io-2.11.0.jar:/usr/bin/../share/java/kafka/netty-codec-4.1.100.Final.jar:/usr/bin/../share/java/kafka/commons-lang3-3.8.1.jar:/usr/bin/../share/java/kafka/paranamer-2.8.jar:/usr/bin/../share/java/kafka/scala-logging_2.13-3.9.4.jar:/usr/bin/../share/java/kafka/jackson-dataformat-csv-2.13.5.jar:/usr/bin/../share/java/kafka/kafka-tools-api-7.5.3-ccs.jar:/usr/bin/../share/java/kafka/kafka-shell-7.5.3-ccs.jar:/usr/bin/../share/java/kafka/javax.servlet-api-3.1.0.jar:/usr/bin/../share/java/kafka/connect-json-7.5.3-ccs.jar:/usr/bin/../share/java/kafka/kafka_2.13-7.5.3-ccs.jar:/usr/bin/../share/java/kafka/jersey-client-2.39.1.jar:/usr/bin/../share/java/kafka/reload4j-1.2.25.jar:/usr/bin/../share/java/kafka/jaxb-api-2.3.1.jar:/usr/bin/../share/java/kafka/jakarta.ws.rs-api-2.1.6.jar:/usr/bin/../share/java/kafka/scala-java8-compat_2.13-1.0.2.jar:/usr/bin/../share/java/kafka/kafka-metadata-7.5.3-ccs.jar:/usr/bin/../share/java/kafka/kafka-raft-7.5.3-ccs.jar:/usr/bin/../share/java/kafka/jopt-simple-5.0.4.jar:/usr/bin/../share/java/kafka/kafka-storage-7.5.3-ccs.jar:/usr/bin/../share/java/kafka/jackson-module-jaxb-annotations-2.13.5.jar:/usr/bin/../share/java/kafka/jose4j-0.9.3.jar:/usr/bin/../share/java/kafka/maven-artifact-3.8.8.jar:/usr/bin/../share/java/kafka/netty-resolver-4.1.100.Final.jar:/usr/bin/../share/java/kafka/javax.activation-api-1.2.0.jar:/usr/bin/../share/java/kafka/jersey-server-2.39.1.jar:/usr/bin/../share/java/kafka/osgi-resource-locator-1.0.3.jar:/usr/bin/../share/java/kafka/jetty-server-9.4.53.v20231009.jar:/usr/bin/../share/java/kafka/netty-transport-4.1.100.Final.jar:/usr/bin/../share/java/kafka/kafka-tools-7.5.3-ccs.jar:/usr/bin/../share/java/kafka/connect-transforms-7.5.3-ccs.jar:/usr/bin/../share/java/kafka/jetty-util-ajax-9.4.53.v20231009.jar:/usr/bin/../share/java/kafka/kafka-log4j-appender-7.5.3-ccs.jar:/usr/bin/../share/java/kafka/netty-transport-classes-epoll-4.1.100.Final.jar:/usr/bin/../share/java/kafka/kafka-storage-api-7.5.3-ccs.jar:/usr/bin/../share/java/kafka/scala-library-2.13.10.jar:/usr/bin/../share/java/kafka/kafka-server-common-7.5.3-ccs.jar:/usr/bin/../share/java/kafka/jersey-hk2-2.39.1.jar:/usr/bin/../share/java/kafka/kafka-streams-test-utils-7.5.3-ccs.jar:/usr/bin/../share/java/kafka/jackson-databind-2.13.5.jar:/usr/bin/../share/java/kafka/reflections-0.9.12.jar:/usr/bin/../share/java/confluent-telemetry/* (org.apache.zookeeper.ZooKeeper)
turbofan-kafka  | [2026-08-09 00:02:54,056] INFO Client environment:java.library.path=/usr/java/packages/lib:/lib:/usr/lib:/usr/lib64:/lib64 (org.apache.zookeeper.ZooKeeper)
turbofan-kafka  | [2026-08-09 00:02:54,056] INFO Client environment:java.io.tmpdir=/tmp (org.apache.zookeeper.ZooKeeper)
turbofan-kafka  | [2026-08-09 00:02:54,056] INFO Client environment:java.compiler=<NA> (org.apache.zookeeper.ZooKeeper)
turbofan-kafka  | [2026-08-09 00:02:54,056] INFO Client environment:os.name=Linux (org.apache.zookeeper.ZooKeeper)
turbofan-kafka  | [2026-08-09 00:02:54,056] INFO Client environment:os.arch=aarch64 (org.apache.zookeeper.ZooKeeper)
turbofan-kafka  | [2026-08-09 00:02:54,056] INFO Client environment:os.version=6.12.76-linuxkit (org.apache.zookeeper.ZooKeeper)
turbofan-kafka  | [2026-08-09 00:02:54,056] INFO Client environment:user.name=appuser (org.apache.zookeeper.ZooKeeper)
turbofan-kafka  | [2026-08-09 00:02:54,056] INFO Client environment:user.home=/home/appuser (org.apache.zookeeper.ZooKeeper)
turbofan-kafka  | [2026-08-09 00:02:54,056] INFO Client environment:user.dir=/home/appuser (org.apache.zookeeper.ZooKeeper)
turbofan-kafka  | [2026-08-09 00:02:54,056] INFO Client environment:os.memory.free=1009MB (org.apache.zookeeper.ZooKeeper)
turbofan-kafka  | [2026-08-09 00:02:54,056] INFO Client environment:os.memory.max=1024MB (org.apache.zookeeper.ZooKeeper)
turbofan-kafka  | [2026-08-09 00:02:54,056] INFO Client environment:os.memory.total=1024MB (org.apache.zookeeper.ZooKeeper)
turbofan-kafka  | [2026-08-09 00:02:54,057] INFO Initiating client connection, connectString=zookeeper:2181 sessionTimeout=18000 watcher=kafka.zookeeper.ZooKeeperClient$ZooKeeperClientWatcher$@1199fe66 (org.apache.zookeeper.ZooKeeper)
turbofan-kafka  | [2026-08-09 00:02:54,059] INFO jute.maxbuffer value is 4194304 Bytes (org.apache.zookeeper.ClientCnxnSocket)
turbofan-kafka  | [2026-08-09 00:02:54,061] INFO zookeeper.request.timeout value is 0. feature enabled=false (org.apache.zookeeper.ClientCnxn)
turbofan-kafka  | [2026-08-09 00:02:54,062] INFO [ZooKeeperClient Kafka server] Waiting until connected. (kafka.zookeeper.ZooKeeperClient)
turbofan-kafka  | [2026-08-09 00:02:54,063] INFO Opening socket connection to server zookeeper/172.18.0.7:2181. (org.apache.zookeeper.ClientCnxn)
turbofan-kafka  | [2026-08-09 00:02:54,066] INFO Socket connection established, initiating session, client: /172.18.0.8:34568, server: zookeeper/172.18.0.7:2181 (org.apache.zookeeper.ClientCnxn)
turbofan-kafka  | [2026-08-09 00:02:54,069] INFO Session establishment complete on server zookeeper/172.18.0.7:2181, session id = 0x10000000fe40001, negotiated timeout = 18000 (org.apache.zookeeper.ClientCnxn)
turbofan-kafka  | [2026-08-09 00:02:54,070] INFO [ZooKeeperClient Kafka server] Connected. (kafka.zookeeper.ZooKeeperClient)
turbofan-kafka  | [2026-08-09 00:02:54,174] INFO Cluster ID = 8x9Cq4-uQwCryGIb583wWQ (kafka.server.KafkaServer)
turbofan-kafka  | [2026-08-09 00:02:54,196] INFO KafkaConfig values: 
turbofan-kafka  | 	advertised.listeners = PLAINTEXT://kafka:9092,PLAINTEXT_HOST://localhost:29092
turbofan-kafka  | 	alter.config.policy.class.name = null
turbofan-kafka  | 	alter.log.dirs.replication.quota.window.num = 11
turbofan-kafka  | 	alter.log.dirs.replication.quota.window.size.seconds = 1
turbofan-kafka  | 	authorizer.class.name = 
turbofan-kafka  | 	auto.create.topics.enable = true
turbofan-kafka  | 	auto.include.jmx.reporter = true
turbofan-kafka  | 	auto.leader.rebalance.enable = true
turbofan-kafka  | 	background.threads = 10
turbofan-kafka  | 	broker.heartbeat.interval.ms = 2000
turbofan-kafka  | 	broker.id = 1
turbofan-kafka  | 	broker.id.generation.enable = true
turbofan-kafka  | 	broker.rack = null
turbofan-kafka  | 	broker.session.timeout.ms = 9000
turbofan-kafka  | 	client.quota.callback.class = null
turbofan-kafka  | 	compression.type = producer
turbofan-kafka  | 	connection.failed.authentication.delay.ms = 100
turbofan-kafka  | 	connections.max.idle.ms = 600000
turbofan-kafka  | 	connections.max.reauth.ms = 0
turbofan-kafka  | 	control.plane.listener.name = null
turbofan-kafka  | 	controlled.shutdown.enable = true
turbofan-kafka  | 	controlled.shutdown.max.retries = 3
turbofan-kafka  | 	controlled.shutdown.retry.backoff.ms = 5000
turbofan-kafka  | 	controller.listener.names = null
turbofan-kafka  | 	controller.quorum.append.linger.ms = 25
turbofan-kafka  | 	controller.quorum.election.backoff.max.ms = 1000
turbofan-kafka  | 	controller.quorum.election.timeout.ms = 1000
turbofan-kafka  | 	controller.quorum.fetch.timeout.ms = 2000
turbofan-kafka  | 	controller.quorum.request.timeout.ms = 2000
turbofan-kafka  | 	controller.quorum.retry.backoff.ms = 20
turbofan-kafka  | 	controller.quorum.voters = []
turbofan-kafka  | 	controller.quota.window.num = 11
turbofan-kafka  | 	controller.quota.window.size.seconds = 1
turbofan-kafka  | 	controller.socket.timeout.ms = 30000
turbofan-kafka  | 	create.topic.policy.class.name = null
turbofan-kafka  | 	default.replication.factor = 1
turbofan-kafka  | 	delegation.token.expiry.check.interval.ms = 3600000
turbofan-kafka  | 	delegation.token.expiry.time.ms = 86400000
turbofan-kafka  | 	delegation.token.master.key = null
turbofan-kafka  | 	delegation.token.max.lifetime.ms = 604800000
turbofan-kafka  | 	delegation.token.secret.key = null
turbofan-kafka  | 	delete.records.purgatory.purge.interval.requests = 1
turbofan-kafka  | 	delete.topic.enable = true
turbofan-kafka  | 	early.start.listeners = null
turbofan-kafka  | 	fetch.max.bytes = 57671680
turbofan-kafka  | 	fetch.purgatory.purge.interval.requests = 1000
turbofan-kafka  | 	group.consumer.assignors = []
turbofan-kafka  | 	group.consumer.heartbeat.interval.ms = 5000
turbofan-kafka  | 	group.consumer.max.heartbeat.interval.ms = 15000
turbofan-kafka  | 	group.consumer.max.session.timeout.ms = 60000
turbofan-kafka  | 	group.consumer.max.size = 2147483647
turbofan-kafka  | 	group.consumer.min.heartbeat.interval.ms = 5000
turbofan-kafka  | 	group.consumer.min.session.timeout.ms = 45000
turbofan-kafka  | 	group.consumer.session.timeout.ms = 45000
turbofan-kafka  | 	group.coordinator.new.enable = false
turbofan-kafka  | 	group.coordinator.threads = 1
turbofan-kafka  | 	group.initial.rebalance.delay.ms = 3000
turbofan-kafka  | 	group.max.session.timeout.ms = 1800000
turbofan-kafka  | 	group.max.size = 2147483647
turbofan-kafka  | 	group.min.session.timeout.ms = 6000
turbofan-kafka  | 	initial.broker.registration.timeout.ms = 60000
turbofan-kafka  | 	inter.broker.listener.name = null
turbofan-kafka  | 	inter.broker.protocol.version = 3.5-IV2
turbofan-kafka  | 	kafka.metrics.polling.interval.secs = 10
turbofan-kafka  | 	kafka.metrics.reporters = []
turbofan-kafka  | 	leader.imbalance.check.interval.seconds = 300
turbofan-kafka  | 	leader.imbalance.per.broker.percentage = 10
turbofan-kafka  | 	listener.security.protocol.map = PLAINTEXT:PLAINTEXT,PLAINTEXT_HOST:PLAINTEXT
turbofan-kafka  | 	listeners = PLAINTEXT://0.0.0.0:9092,PLAINTEXT_HOST://0.0.0.0:29092
turbofan-kafka  | 	log.cleaner.backoff.ms = 15000
turbofan-kafka  | 	log.cleaner.dedupe.buffer.size = 134217728
turbofan-kafka  | 	log.cleaner.delete.retention.ms = 86400000
turbofan-kafka  | 	log.cleaner.enable = true
turbofan-kafka  | 	log.cleaner.io.buffer.load.factor = 0.9
turbofan-kafka  | 	log.cleaner.io.buffer.size = 524288
turbofan-kafka  | 	log.cleaner.io.max.bytes.per.second = 1.7976931348623157E308
turbofan-kafka  | 	log.cleaner.max.compaction.lag.ms = 9223372036854775807
turbofan-kafka  | 	log.cleaner.min.cleanable.ratio = 0.5
turbofan-kafka  | 	log.cleaner.min.compaction.lag.ms = 0
turbofan-kafka  | 	log.cleaner.threads = 1
turbofan-kafka  | 	log.cleanup.policy = [delete]
turbofan-kafka  | 	log.dir = /tmp/kafka-logs
turbofan-kafka  | 	log.dirs = /var/lib/kafka/data
turbofan-kafka  | 	log.flush.interval.messages = 9223372036854775807
turbofan-kafka  | 	log.flush.interval.ms = null
turbofan-kafka  | 	log.flush.offset.checkpoint.interval.ms = 60000
turbofan-kafka  | 	log.flush.scheduler.interval.ms = 9223372036854775807
turbofan-kafka  | 	log.flush.start.offset.checkpoint.interval.ms = 60000
turbofan-kafka  | 	log.index.interval.bytes = 4096
turbofan-kafka  | 	log.index.size.max.bytes = 10485760
turbofan-kafka  | 	log.message.downconversion.enable = true
turbofan-kafka  | 	log.message.format.version = 3.0-IV1
turbofan-kafka  | 	log.message.timestamp.difference.max.ms = 9223372036854775807
turbofan-kafka  | 	log.message.timestamp.type = CreateTime
turbofan-kafka  | 	log.preallocate = false
turbofan-kafka  | 	log.retention.bytes = -1
turbofan-kafka  | 	log.retention.check.interval.ms = 300000
turbofan-kafka  | 	log.retention.hours = 168
turbofan-kafka  | 	log.retention.minutes = null
turbofan-kafka  | 	log.retention.ms = null
turbofan-kafka  | 	log.roll.hours = 168
turbofan-kafka  | 	log.roll.jitter.hours = 0
turbofan-kafka  | 	log.roll.jitter.ms = null
turbofan-kafka  | 	log.roll.ms = null
turbofan-kafka  | 	log.segment.bytes = 1073741824
turbofan-kafka  | 	log.segment.delete.delay.ms = 60000
turbofan-kafka  | 	max.connection.creation.rate = 2147483647
turbofan-kafka  | 	max.connections = 2147483647
turbofan-kafka  | 	max.connections.per.ip = 2147483647
turbofan-kafka  | 	max.connections.per.ip.overrides = 
turbofan-kafka  | 	max.incremental.fetch.session.cache.slots = 1000
turbofan-kafka  | 	message.max.bytes = 1048588
turbofan-kafka  | 	metadata.log.dir = null
turbofan-kafka  | 	metadata.log.max.record.bytes.between.snapshots = 20971520
turbofan-kafka  | 	metadata.log.max.snapshot.interval.ms = 3600000
turbofan-kafka  | 	metadata.log.segment.bytes = 1073741824
turbofan-kafka  | 	metadata.log.segment.min.bytes = 8388608
turbofan-kafka  | 	metadata.log.segment.ms = 604800000
turbofan-kafka  | 	metadata.max.idle.interval.ms = 500
turbofan-kafka  | 	metadata.max.retention.bytes = 104857600
turbofan-kafka  | 	metadata.max.retention.ms = 604800000
turbofan-kafka  | 	metric.reporters = []
turbofan-kafka  | 	metrics.num.samples = 2
turbofan-kafka  | 	metrics.recording.level = INFO
turbofan-kafka  | 	metrics.sample.window.ms = 30000
turbofan-kafka  | 	min.insync.replicas = 1
turbofan-kafka  | 	node.id = 1
turbofan-kafka  | 	num.io.threads = 8
turbofan-kafka  | 	num.network.threads = 3
turbofan-kafka  | 	num.partitions = 1
turbofan-kafka  | 	num.recovery.threads.per.data.dir = 1
turbofan-kafka  | 	num.replica.alter.log.dirs.threads = null
turbofan-kafka  | 	num.replica.fetchers = 1
turbofan-kafka  | 	offset.metadata.max.bytes = 4096
turbofan-kafka  | 	offsets.commit.required.acks = -1
turbofan-kafka  | 	offsets.commit.timeout.ms = 5000
turbofan-kafka  | 	offsets.load.buffer.size = 5242880
turbofan-kafka  | 	offsets.retention.check.interval.ms = 600000
turbofan-kafka  | 	offsets.retention.minutes = 10080
turbofan-kafka  | 	offsets.topic.compression.codec = 0
turbofan-kafka  | 	offsets.topic.num.partitions = 50
turbofan-kafka  | 	offsets.topic.replication.factor = 1
turbofan-kafka  | 	offsets.topic.segment.bytes = 104857600
turbofan-kafka  | 	password.encoder.cipher.algorithm = AES/CBC/PKCS5Padding
turbofan-kafka  | 	password.encoder.iterations = 4096
turbofan-kafka  | 	password.encoder.key.length = 128
turbofan-kafka  | 	password.encoder.keyfactory.algorithm = null
turbofan-kafka  | 	password.encoder.old.secret = null
turbofan-kafka  | 	password.encoder.secret = null
turbofan-kafka  | 	principal.builder.class = class org.apache.kafka.common.security.authenticator.DefaultKafkaPrincipalBuilder
turbofan-kafka  | 	process.roles = []
turbofan-kafka  | 	producer.id.expiration.check.interval.ms = 600000
turbofan-kafka  | 	producer.id.expiration.ms = 86400000
turbofan-kafka  | 	producer.purgatory.purge.interval.requests = 1000
turbofan-kafka  | 	queued.max.request.bytes = -1
turbofan-kafka  | 	queued.max.requests = 500
turbofan-kafka  | 	quota.window.num = 11
turbofan-kafka  | 	quota.window.size.seconds = 1
turbofan-kafka  | 	remote.log.index.file.cache.total.size.bytes = 1073741824
turbofan-kafka  | 	remote.log.manager.task.interval.ms = 30000
turbofan-kafka  | 	remote.log.manager.task.retry.backoff.max.ms = 30000
turbofan-kafka  | 	remote.log.manager.task.retry.backoff.ms = 500
turbofan-kafka  | 	remote.log.manager.task.retry.jitter = 0.2
turbofan-kafka  | 	remote.log.manager.thread.pool.size = 10
turbofan-kafka  | 	remote.log.metadata.manager.class.name = null
turbofan-kafka  | 	remote.log.metadata.manager.class.path = null
turbofan-kafka  | 	remote.log.metadata.manager.impl.prefix = null
turbofan-kafka  | 	remote.log.metadata.manager.listener.name = null
turbofan-kafka  | 	remote.log.reader.max.pending.tasks = 100
turbofan-kafka  | 	remote.log.reader.threads = 10
turbofan-kafka  | 	remote.log.storage.manager.class.name = null
turbofan-kafka  | 	remote.log.storage.manager.class.path = null
turbofan-kafka  | 	remote.log.storage.manager.impl.prefix = null
turbofan-kafka  | 	remote.log.storage.system.enable = false
turbofan-kafka  | 	replica.fetch.backoff.ms = 1000
turbofan-kafka  | 	replica.fetch.max.bytes = 1048576
turbofan-kafka  | 	replica.fetch.min.bytes = 1
turbofan-kafka  | 	replica.fetch.response.max.bytes = 10485760
turbofan-kafka  | 	replica.fetch.wait.max.ms = 500
turbofan-kafka  | 	replica.high.watermark.checkpoint.interval.ms = 5000
turbofan-kafka  | 	replica.lag.time.max.ms = 30000
turbofan-kafka  | 	replica.selector.class = null
turbofan-kafka  | 	replica.socket.receive.buffer.bytes = 65536
turbofan-kafka  | 	replica.socket.timeout.ms = 30000
turbofan-kafka  | 	replication.quota.window.num = 11
turbofan-kafka  | 	replication.quota.window.size.seconds = 1
turbofan-kafka  | 	request.timeout.ms = 30000
turbofan-kafka  | 	reserved.broker.max.id = 1000
turbofan-kafka  | 	sasl.client.callback.handler.class = null
turbofan-kafka  | 	sasl.enabled.mechanisms = [GSSAPI]
turbofan-kafka  | 	sasl.jaas.config = null
turbofan-kafka  | 	sasl.kerberos.kinit.cmd = /usr/bin/kinit
turbofan-kafka  | 	sasl.kerberos.min.time.before.relogin = 60000
turbofan-kafka  | 	sasl.kerberos.principal.to.local.rules = [DEFAULT]
turbofan-kafka  | 	sasl.kerberos.service.name = null
turbofan-kafka  | 	sasl.kerberos.ticket.renew.jitter = 0.05
turbofan-kafka  | 	sasl.kerberos.ticket.renew.window.factor = 0.8
turbofan-kafka  | 	sasl.login.callback.handler.class = null
turbofan-kafka  | 	sasl.login.class = null
turbofan-kafka  | 	sasl.login.connect.timeout.ms = null
turbofan-kafka  | 	sasl.login.read.timeout.ms = null
turbofan-kafka  | 	sasl.login.refresh.buffer.seconds = 300
turbofan-kafka  | 	sasl.login.refresh.min.period.seconds = 60
turbofan-kafka  | 	sasl.login.refresh.window.factor = 0.8
turbofan-kafka  | 	sasl.login.refresh.window.jitter = 0.05
turbofan-kafka  | 	sasl.login.retry.backoff.max.ms = 10000
turbofan-kafka  | 	sasl.login.retry.backoff.ms = 100
turbofan-kafka  | 	sasl.mechanism.controller.protocol = GSSAPI
turbofan-kafka  | 	sasl.mechanism.inter.broker.protocol = GSSAPI
turbofan-kafka  | 	sasl.oauthbearer.clock.skew.seconds = 30
turbofan-kafka  | 	sasl.oauthbearer.expected.audience = null
turbofan-kafka  | 	sasl.oauthbearer.expected.issuer = null
turbofan-kafka  | 	sasl.oauthbearer.jwks.endpoint.refresh.ms = 3600000
turbofan-kafka  | 	sasl.oauthbearer.jwks.endpoint.retry.backoff.max.ms = 10000
turbofan-kafka  | 	sasl.oauthbearer.jwks.endpoint.retry.backoff.ms = 100
turbofan-kafka  | 	sasl.oauthbearer.jwks.endpoint.url = null
turbofan-kafka  | 	sasl.oauthbearer.scope.claim.name = scope
turbofan-kafka  | 	sasl.oauthbearer.sub.claim.name = sub
turbofan-kafka  | 	sasl.oauthbearer.token.endpoint.url = null
turbofan-kafka  | 	sasl.server.callback.handler.class = null
turbofan-kafka  | 	sasl.server.max.receive.size = 524288
turbofan-kafka  | 	security.inter.broker.protocol = PLAINTEXT
turbofan-kafka  | 	security.providers = null
turbofan-kafka  | 	server.max.startup.time.ms = 9223372036854775807
turbofan-kafka  | 	socket.connection.setup.timeout.max.ms = 30000
turbofan-kafka  | 	socket.connection.setup.timeout.ms = 10000
turbofan-kafka  | 	socket.listen.backlog.size = 50
turbofan-kafka  | 	socket.receive.buffer.bytes = 102400
turbofan-kafka  | 	socket.request.max.bytes = 104857600
turbofan-kafka  | 	socket.send.buffer.bytes = 102400
turbofan-kafka  | 	ssl.cipher.suites = []
turbofan-kafka  | 	ssl.client.auth = none
turbofan-kafka  | 	ssl.enabled.protocols = [TLSv1.2, TLSv1.3]
turbofan-kafka  | 	ssl.endpoint.identification.algorithm = https
turbofan-kafka  | 	ssl.engine.factory.class = null
turbofan-kafka  | 	ssl.key.password = null
turbofan-kafka  | 	ssl.keymanager.algorithm = SunX509
turbofan-kafka  | 	ssl.keystore.certificate.chain = null
turbofan-kafka  | 	ssl.keystore.key = null
turbofan-kafka  | 	ssl.keystore.location = null
turbofan-kafka  | 	ssl.keystore.password = null
turbofan-kafka  | 	ssl.keystore.type = JKS
turbofan-kafka  | 	ssl.principal.mapping.rules = DEFAULT
turbofan-kafka  | 	ssl.protocol = TLSv1.3
turbofan-kafka  | 	ssl.provider = null
turbofan-kafka  | 	ssl.secure.random.implementation = null
turbofan-kafka  | 	ssl.trustmanager.algorithm = PKIX
turbofan-kafka  | 	ssl.truststore.certificates = null
turbofan-kafka  | 	ssl.truststore.location = null
turbofan-kafka  | 	ssl.truststore.password = null
turbofan-kafka  | 	ssl.truststore.type = JKS
turbofan-kafka  | 	transaction.abort.timed.out.transaction.cleanup.interval.ms = 10000
turbofan-kafka  | 	transaction.max.timeout.ms = 900000
turbofan-kafka  | 	transaction.remove.expired.transaction.cleanup.interval.ms = 3600000
turbofan-kafka  | 	transaction.state.log.load.buffer.size = 5242880
turbofan-kafka  | 	transaction.state.log.min.isr = 1
turbofan-kafka  | 	transaction.state.log.num.partitions = 50
turbofan-kafka  | 	transaction.state.log.replication.factor = 1
turbofan-kafka  | 	transaction.state.log.segment.bytes = 104857600
turbofan-kafka  | 	transactional.id.expiration.ms = 604800000
turbofan-kafka  | 	unclean.leader.election.enable = false
turbofan-kafka  | 	unstable.api.versions.enable = false
turbofan-kafka  | 	zookeeper.clientCnxnSocket = null
turbofan-kafka  | 	zookeeper.connect = zookeeper:2181
turbofan-kafka  | 	zookeeper.connection.timeout.ms = null
turbofan-kafka  | 	zookeeper.max.in.flight.requests = 10
turbofan-kafka  | 	zookeeper.metadata.migration.enable = false
turbofan-kafka  | 	zookeeper.session.timeout.ms = 18000
turbofan-kafka  | 	zookeeper.set.acl = false
turbofan-kafka  | 	zookeeper.ssl.cipher.suites = null
turbofan-kafka  | 	zookeeper.ssl.client.enable = false
turbofan-kafka  | 	zookeeper.ssl.crl.enable = false
turbofan-kafka  | 	zookeeper.ssl.enabled.protocols = null
turbofan-kafka  | 	zookeeper.ssl.endpoint.identification.algorithm = HTTPS
turbofan-kafka  | 	zookeeper.ssl.keystore.location = null
turbofan-kafka  | 	zookeeper.ssl.keystore.password = null
turbofan-kafka  | 	zookeeper.ssl.keystore.type = null
turbofan-kafka  | 	zookeeper.ssl.ocsp.enable = false
turbofan-kafka  | 	zookeeper.ssl.protocol = TLSv1.2
turbofan-kafka  | 	zookeeper.ssl.truststore.location = null
turbofan-kafka  | 	zookeeper.ssl.truststore.password = null
turbofan-kafka  | 	zookeeper.ssl.truststore.type = null
turbofan-kafka  |  (kafka.server.KafkaConfig)
turbofan-kafka  | [2026-08-09 00:02:54,211] INFO [ThrottledChannelReaper-Fetch]: Starting (kafka.server.ClientQuotaManager$ThrottledChannelReaper)
turbofan-kafka  | [2026-08-09 00:02:54,211] INFO [ThrottledChannelReaper-Produce]: Starting (kafka.server.ClientQuotaManager$ThrottledChannelReaper)
turbofan-kafka  | [2026-08-09 00:02:54,212] INFO [ThrottledChannelReaper-Request]: Starting (kafka.server.ClientQuotaManager$ThrottledChannelReaper)
turbofan-kafka  | [2026-08-09 00:02:54,213] INFO [ThrottledChannelReaper-ControllerMutation]: Starting (kafka.server.ClientQuotaManager$ThrottledChannelReaper)
turbofan-kafka  | [2026-08-09 00:02:54,226] INFO Loading logs from log dirs ArraySeq(/var/lib/kafka/data) (kafka.log.LogManager)
turbofan-kafka  | [2026-08-09 00:02:54,228] INFO No logs found to be loaded in /var/lib/kafka/data (kafka.log.LogManager)
turbofan-kafka  | [2026-08-09 00:02:54,231] INFO Loaded 0 logs in 5ms (kafka.log.LogManager)
turbofan-kafka  | [2026-08-09 00:02:54,232] INFO Starting log cleanup with a period of 300000 ms. (kafka.log.LogManager)
turbofan-kafka  | [2026-08-09 00:02:54,232] INFO Starting log flusher with a default period of 9223372036854775807 ms. (kafka.log.LogManager)
turbofan-kafka  | [2026-08-09 00:02:54,237] INFO Starting the log cleaner (kafka.log.LogCleaner)
turbofan-kafka  | [2026-08-09 00:02:54,264] INFO [kafka-log-cleaner-thread-0]: Starting (kafka.log.LogCleaner$CleanerThread)
turbofan-kafka  | [2026-08-09 00:02:54,278] INFO [feature-zk-node-event-process-thread]: Starting (kafka.server.FinalizedFeatureChangeListener$ChangeNotificationProcessorThread)
turbofan-kafka  | [2026-08-09 00:02:54,286] INFO [MetadataCache brokerId=1] Updated cache from existing <empty> to latest FinalizedFeaturesAndEpoch(features=Map(), epoch=0). (kafka.server.metadata.ZkMetadataCache)
turbofan-kafka  | [2026-08-09 00:02:54,298] INFO [zk-broker-1-to-controller-forwarding-channel-manager]: Starting (kafka.server.BrokerToControllerRequestThread)
turbofan-kafka  | [2026-08-09 00:02:54,463] INFO Updated connection-accept-rate max connection creation rate to 2147483647 (kafka.network.ConnectionQuotas)
turbofan-kafka  | [2026-08-09 00:02:54,476] INFO [SocketServer listenerType=ZK_BROKER, nodeId=1] Created data-plane acceptor and processors for endpoint : ListenerName(PLAINTEXT) (kafka.network.SocketServer)
turbofan-kafka  | [2026-08-09 00:02:54,476] INFO Updated connection-accept-rate max connection creation rate to 2147483647 (kafka.network.ConnectionQuotas)
turbofan-kafka  | [2026-08-09 00:02:54,478] INFO [SocketServer listenerType=ZK_BROKER, nodeId=1] Created data-plane acceptor and processors for endpoint : ListenerName(PLAINTEXT_HOST) (kafka.network.SocketServer)
turbofan-kafka  | [2026-08-09 00:02:54,481] INFO [zk-broker-1-to-controller-alter-partition-channel-manager]: Starting (kafka.server.BrokerToControllerRequestThread)
turbofan-kafka  | [2026-08-09 00:02:54,491] INFO [ExpirationReaper-1-Produce]: Starting (kafka.server.DelayedOperationPurgatory$ExpiredOperationReaper)
turbofan-kafka  | [2026-08-09 00:02:54,491] INFO [ExpirationReaper-1-Fetch]: Starting (kafka.server.DelayedOperationPurgatory$ExpiredOperationReaper)
turbofan-kafka  | [2026-08-09 00:02:54,492] INFO [ExpirationReaper-1-DeleteRecords]: Starting (kafka.server.DelayedOperationPurgatory$ExpiredOperationReaper)
turbofan-kafka  | [2026-08-09 00:02:54,492] INFO [ExpirationReaper-1-ElectLeader]: Starting (kafka.server.DelayedOperationPurgatory$ExpiredOperationReaper)
turbofan-kafka  | [2026-08-09 00:02:54,499] INFO [LogDirFailureHandler]: Starting (kafka.server.ReplicaManager$LogDirFailureHandler)
turbofan-kafka  | [2026-08-09 00:02:54,520] INFO Creating /brokers/ids/1 (is it secure? false) (kafka.zk.KafkaZkClient)
turbofan-kafka  | [2026-08-09 00:02:54,528] ERROR Error while creating ephemeral at /brokers/ids/1, node already exists and owner '0x100000839760001' does not match current session '0x10000000fe40001' (kafka.zk.KafkaZkClient$CheckedEphemeral)
turbofan-kafka  | [2026-08-09 00:02:54,530] ERROR [KafkaServer id=1] Fatal error during KafkaServer startup. Prepare to shutdown (kafka.server.KafkaServer)
turbofan-kafka  | org.apache.zookeeper.KeeperException$NodeExistsException: KeeperErrorCode = NodeExists
turbofan-kafka  | 	at org.apache.zookeeper.KeeperException.create(KeeperException.java:126)
turbofan-kafka  | 	at kafka.zk.KafkaZkClient$CheckedEphemeral.getAfterNodeExists(KafkaZkClient.scala:2189)
turbofan-kafka  | 	at kafka.zk.KafkaZkClient$CheckedEphemeral.create(KafkaZkClient.scala:2127)
turbofan-kafka  | 	at kafka.zk.KafkaZkClient.checkedEphemeralCreate(KafkaZkClient.scala:2094)
turbofan-kafka  | 	at kafka.zk.KafkaZkClient.registerBroker(KafkaZkClient.scala:106)
turbofan-kafka  | 	at kafka.server.KafkaServer.startup(KafkaServer.scala:365)
turbofan-kafka  | 	at kafka.Kafka$.main(Kafka.scala:113)
turbofan-kafka  | 	at kafka.Kafka.main(Kafka.scala)
turbofan-kafka  | [2026-08-09 00:02:54,531] INFO [KafkaServer id=1] shutting down (kafka.server.KafkaServer)
turbofan-kafka  | [2026-08-09 00:02:54,531] INFO [SocketServer listenerType=ZK_BROKER, nodeId=1] Stopping socket server request processors (kafka.network.SocketServer)
turbofan-kafka  | [2026-08-09 00:02:54,532] INFO [SocketServer listenerType=ZK_BROKER, nodeId=1] Stopped socket server request processors (kafka.network.SocketServer)
turbofan-kafka  | [2026-08-09 00:02:54,534] INFO [ReplicaManager broker=1] Shutting down (kafka.server.ReplicaManager)
turbofan-kafka  | [2026-08-09 00:02:54,534] INFO [LogDirFailureHandler]: Shutting down (kafka.server.ReplicaManager$LogDirFailureHandler)
turbofan-kafka  | [2026-08-09 00:02:54,535] INFO [LogDirFailureHandler]: Stopped (kafka.server.ReplicaManager$LogDirFailureHandler)
turbofan-kafka  | [2026-08-09 00:02:54,535] INFO [LogDirFailureHandler]: Shutdown completed (kafka.server.ReplicaManager$LogDirFailureHandler)
turbofan-kafka  | [2026-08-09 00:02:54,535] INFO [ReplicaFetcherManager on broker 1] shutting down (kafka.server.ReplicaFetcherManager)
turbofan-kafka  | [2026-08-09 00:02:54,535] INFO [ReplicaFetcherManager on broker 1] shutdown completed (kafka.server.ReplicaFetcherManager)
turbofan-kafka  | [2026-08-09 00:02:54,536] INFO [ReplicaAlterLogDirsManager on broker 1] shutting down (kafka.server.ReplicaAlterLogDirsManager)
turbofan-kafka  | [2026-08-09 00:02:54,536] INFO [ReplicaAlterLogDirsManager on broker 1] shutdown completed (kafka.server.ReplicaAlterLogDirsManager)
turbofan-kafka  | [2026-08-09 00:02:54,536] INFO [ExpirationReaper-1-Fetch]: Shutting down (kafka.server.DelayedOperationPurgatory$ExpiredOperationReaper)
turbofan-kafka  | [2026-08-09 00:02:54,537] INFO [ExpirationReaper-1-Fetch]: Stopped (kafka.server.DelayedOperationPurgatory$ExpiredOperationReaper)
turbofan-kafka  | [2026-08-09 00:02:54,537] INFO [ExpirationReaper-1-Fetch]: Shutdown completed (kafka.server.DelayedOperationPurgatory$ExpiredOperationReaper)
turbofan-kafka  | [2026-08-09 00:02:54,537] INFO [ExpirationReaper-1-Produce]: Shutting down (kafka.server.DelayedOperationPurgatory$ExpiredOperationReaper)
turbofan-kafka  | [2026-08-09 00:02:54,537] INFO [ExpirationReaper-1-Produce]: Stopped (kafka.server.DelayedOperationPurgatory$ExpiredOperationReaper)
turbofan-kafka  | [2026-08-09 00:02:54,537] INFO [ExpirationReaper-1-Produce]: Shutdown completed (kafka.server.DelayedOperationPurgatory$ExpiredOperationReaper)
turbofan-kafka  | [2026-08-09 00:02:54,538] INFO [ExpirationReaper-1-DeleteRecords]: Shutting down (kafka.server.DelayedOperationPurgatory$ExpiredOperationReaper)
turbofan-kafka  | [2026-08-09 00:02:54,538] INFO [ExpirationReaper-1-DeleteRecords]: Stopped (kafka.server.DelayedOperationPurgatory$ExpiredOperationReaper)
turbofan-kafka  | [2026-08-09 00:02:54,538] INFO [ExpirationReaper-1-DeleteRecords]: Shutdown completed (kafka.server.DelayedOperationPurgatory$ExpiredOperationReaper)
turbofan-kafka  | [2026-08-09 00:02:54,538] INFO [ExpirationReaper-1-ElectLeader]: Shutting down (kafka.server.DelayedOperationPurgatory$ExpiredOperationReaper)
turbofan-kafka  | [2026-08-09 00:02:54,539] INFO [ExpirationReaper-1-ElectLeader]: Stopped (kafka.server.DelayedOperationPurgatory$ExpiredOperationReaper)
turbofan-kafka  | [2026-08-09 00:02:54,539] INFO [ExpirationReaper-1-ElectLeader]: Shutdown completed (kafka.server.DelayedOperationPurgatory$ExpiredOperationReaper)
turbofan-kafka  | [2026-08-09 00:02:54,542] INFO [ReplicaManager broker=1] Shut down completely (kafka.server.ReplicaManager)
turbofan-kafka  | [2026-08-09 00:02:54,542] INFO [zk-broker-1-to-controller-alter-partition-channel-manager]: Shutting down (kafka.server.BrokerToControllerRequestThread)
turbofan-kafka  | [2026-08-09 00:02:54,542] INFO [zk-broker-1-to-controller-alter-partition-channel-manager]: Stopped (kafka.server.BrokerToControllerRequestThread)
turbofan-kafka  | [2026-08-09 00:02:54,542] INFO [zk-broker-1-to-controller-alter-partition-channel-manager]: Shutdown completed (kafka.server.BrokerToControllerRequestThread)
turbofan-kafka  | [2026-08-09 00:02:54,543] INFO Broker to controller channel manager for alter-partition shutdown (kafka.server.BrokerToControllerChannelManagerImpl)
turbofan-kafka  | [2026-08-09 00:02:54,543] INFO [zk-broker-1-to-controller-forwarding-channel-manager]: Shutting down (kafka.server.BrokerToControllerRequestThread)
turbofan-kafka  | [2026-08-09 00:02:54,543] INFO [zk-broker-1-to-controller-forwarding-channel-manager]: Stopped (kafka.server.BrokerToControllerRequestThread)
turbofan-kafka  | [2026-08-09 00:02:54,543] INFO [zk-broker-1-to-controller-forwarding-channel-manager]: Shutdown completed (kafka.server.BrokerToControllerRequestThread)
turbofan-kafka  | [2026-08-09 00:02:54,544] INFO Broker to controller channel manager for forwarding shutdown (kafka.server.BrokerToControllerChannelManagerImpl)
turbofan-kafka  | [2026-08-09 00:02:54,544] INFO Shutting down. (kafka.log.LogManager)
turbofan-kafka  | [2026-08-09 00:02:54,544] INFO Shutting down the log cleaner. (kafka.log.LogCleaner)
turbofan-kafka  | [2026-08-09 00:02:54,544] INFO [kafka-log-cleaner-thread-0]: Shutting down (kafka.log.LogCleaner$CleanerThread)
turbofan-kafka  | [2026-08-09 00:02:54,545] INFO [kafka-log-cleaner-thread-0]: Stopped (kafka.log.LogCleaner$CleanerThread)
turbofan-kafka  | [2026-08-09 00:02:54,545] INFO [kafka-log-cleaner-thread-0]: Shutdown completed (kafka.log.LogCleaner$CleanerThread)
turbofan-kafka  | [2026-08-09 00:02:54,552] INFO Shutdown complete. (kafka.log.LogManager)
turbofan-kafka  | [2026-08-09 00:02:54,553] INFO [feature-zk-node-event-process-thread]: Shutting down (kafka.server.FinalizedFeatureChangeListener$ChangeNotificationProcessorThread)
turbofan-kafka  | [2026-08-09 00:02:54,553] INFO [feature-zk-node-event-process-thread]: Stopped (kafka.server.FinalizedFeatureChangeListener$ChangeNotificationProcessorThread)
turbofan-kafka  | [2026-08-09 00:02:54,553] INFO [feature-zk-node-event-process-thread]: Shutdown completed (kafka.server.FinalizedFeatureChangeListener$ChangeNotificationProcessorThread)
turbofan-kafka  | [2026-08-09 00:02:54,553] INFO [ZooKeeperClient Kafka server] Closing. (kafka.zookeeper.ZooKeeperClient)
turbofan-kafka  | [2026-08-09 00:02:54,663] INFO Session: 0x10000000fe40001 closed (org.apache.zookeeper.ZooKeeper)
turbofan-kafka  | [2026-08-09 00:02:54,663] INFO EventThread shut down for session: 0x10000000fe40001 (org.apache.zookeeper.ClientCnxn)
turbofan-kafka  | [2026-08-09 00:02:54,664] INFO [ZooKeeperClient Kafka server] Closed. (kafka.zookeeper.ZooKeeperClient)
turbofan-kafka  | [2026-08-09 00:02:54,664] INFO [ThrottledChannelReaper-Fetch]: Shutting down (kafka.server.ClientQuotaManager$ThrottledChannelReaper)
turbofan-kafka  | [2026-08-09 00:02:54,665] INFO [ThrottledChannelReaper-Fetch]: Stopped (kafka.server.ClientQuotaManager$ThrottledChannelReaper)
turbofan-kafka  | [2026-08-09 00:02:54,665] INFO [ThrottledChannelReaper-Fetch]: Shutdown completed (kafka.server.ClientQuotaManager$ThrottledChannelReaper)
turbofan-kafka  | [2026-08-09 00:02:54,665] INFO [ThrottledChannelReaper-Produce]: Shutting down (kafka.server.ClientQuotaManager$ThrottledChannelReaper)
turbofan-kafka  | [2026-08-09 00:02:54,665] INFO [ThrottledChannelReaper-Produce]: Stopped (kafka.server.ClientQuotaManager$ThrottledChannelReaper)
turbofan-kafka  | [2026-08-09 00:02:54,665] INFO [ThrottledChannelReaper-Produce]: Shutdown completed (kafka.server.ClientQuotaManager$ThrottledChannelReaper)
turbofan-kafka  | [2026-08-09 00:02:54,666] INFO [ThrottledChannelReaper-Request]: Shutting down (kafka.server.ClientQuotaManager$ThrottledChannelReaper)
turbofan-kafka  | [2026-08-09 00:02:54,666] INFO [ThrottledChannelReaper-Request]: Stopped (kafka.server.ClientQuotaManager$ThrottledChannelReaper)
turbofan-kafka  | [2026-08-09 00:02:54,666] INFO [ThrottledChannelReaper-Request]: Shutdown completed (kafka.server.ClientQuotaManager$ThrottledChannelReaper)
turbofan-kafka  | [2026-08-09 00:02:54,666] INFO [ThrottledChannelReaper-ControllerMutation]: Shutting down (kafka.server.ClientQuotaManager$ThrottledChannelReaper)
turbofan-kafka  | [2026-08-09 00:02:54,666] INFO [ThrottledChannelReaper-ControllerMutation]: Stopped (kafka.server.ClientQuotaManager$ThrottledChannelReaper)
turbofan-kafka  | [2026-08-09 00:02:54,666] INFO [ThrottledChannelReaper-ControllerMutation]: Shutdown completed (kafka.server.ClientQuotaManager$ThrottledChannelReaper)
turbofan-kafka  | [2026-08-09 00:02:54,667] INFO [SocketServer listenerType=ZK_BROKER, nodeId=1] Shutting down socket server (kafka.network.SocketServer)
turbofan-kafka  | [2026-08-09 00:02:54,679] INFO [SocketServer listenerType=ZK_BROKER, nodeId=1] Shutdown completed (kafka.network.SocketServer)
turbofan-kafka  | [2026-08-09 00:02:54,679] INFO Metrics scheduler closed (org.apache.kafka.common.metrics.Metrics)
turbofan-kafka  | [2026-08-09 00:02:54,679] INFO Metrics reporters closed (org.apache.kafka.common.metrics.Metrics)
turbofan-kafka  | [2026-08-09 00:02:54,680] INFO Broker and topic stats closed (kafka.server.BrokerTopicStats)
turbofan-kafka  | [2026-08-09 00:02:54,682] INFO App info kafka.server for 1 unregistered (org.apache.kafka.common.utils.AppInfoParser)
turbofan-kafka  | [2026-08-09 00:02:54,682] INFO [KafkaServer id=1] shut down completed (kafka.server.KafkaServer)
turbofan-kafka  | [2026-08-09 00:02:54,682] ERROR Exiting Kafka due to fatal exception during startup. (kafka.Kafka$)
turbofan-kafka  | org.apache.zookeeper.KeeperException$NodeExistsException: KeeperErrorCode = NodeExists
turbofan-kafka  | 	at org.apache.zookeeper.KeeperException.create(KeeperException.java:126)
turbofan-kafka  | 	at kafka.zk.KafkaZkClient$CheckedEphemeral.getAfterNodeExists(KafkaZkClient.scala:2189)
turbofan-kafka  | 	at kafka.zk.KafkaZkClient$CheckedEphemeral.create(KafkaZkClient.scala:2127)
turbofan-kafka  | 	at kafka.zk.KafkaZkClient.checkedEphemeralCreate(KafkaZkClient.scala:2094)
turbofan-kafka  | 	at kafka.zk.KafkaZkClient.registerBroker(KafkaZkClient.scala:106)
turbofan-kafka  | 	at kafka.server.KafkaServer.startup(KafkaServer.scala:365)
turbofan-kafka  | 	at kafka.Kafka$.main(Kafka.scala:113)
turbofan-kafka  | 	at kafka.Kafka.main(Kafka.scala)
turbofan-kafka  | [2026-08-09 00:02:54,682] INFO [KafkaServer id=1] shutting down (kafka.server.KafkaServer)
turbofan-kafka  | ===> User
turbofan-kafka  | uid=1000(appuser) gid=1000(appuser) groups=1000(appuser)
turbofan-kafka  | ===> Configuring ...
turbofan-kafka  | Running in Zookeeper mode...
turbofan-kafka  | ===> Running preflight checks ... 
turbofan-kafka  | ===> Check if /var/lib/kafka/data is writable ...
turbofan-kafka  | ===> Check if Zookeeper is healthy ...
turbofan-kafka  | [2026-08-09 00:02:57,048] INFO Client environment:zookeeper.version=3.8.3-6ad6d364c7c0bcf0de452d54ebefa3058098ab56, built on 2023-10-05 10:34 UTC (org.apache.zookeeper.ZooKeeper)
turbofan-kafka  | [2026-08-09 00:02:57,048] INFO Client environment:host.name=93e869bc7857 (org.apache.zookeeper.ZooKeeper)
turbofan-kafka  | [2026-08-09 00:02:57,048] INFO Client environment:java.version=11.0.21 (org.apache.zookeeper.ZooKeeper)
turbofan-kafka  | [2026-08-09 00:02:57,048] INFO Client environment:java.vendor=Azul Systems, Inc. (org.apache.zookeeper.ZooKeeper)
turbofan-kafka  | [2026-08-09 00:02:57,048] INFO Client environment:java.home=/usr/lib/jvm/java-11-zulu-openjdk-ca (org.apache.zookeeper.ZooKeeper)
turbofan-kafka  | [2026-08-09 00:02:57,048] INFO Client environment:java.class.path=/usr/share/java/cp-base-new/snappy-java-1.1.10.5.jar:/usr/share/java/cp-base-new/slf4j-api-1.7.36.jar:/usr/share/java/cp-base-new/jackson-core-2.14.2.jar:/usr/share/java/cp-base-new/jolokia-jvm-1.7.1.jar:/usr/share/java/cp-base-new/zookeeper-3.8.3.jar:/usr/share/java/cp-base-new/re2j-1.6.jar:/usr/share/java/cp-base-new/jackson-dataformat-csv-2.14.2.jar:/usr/share/java/cp-base-new/json-simple-1.1.1.jar:/usr/share/java/cp-base-new/zookeeper-jute-3.8.3.jar:/usr/share/java/cp-base-new/metrics-core-2.2.0.jar:/usr/share/java/cp-base-new/scala-collection-compat_2.13-2.10.0.jar:/usr/share/java/cp-base-new/logredactor-1.0.12.jar:/usr/share/java/cp-base-new/jackson-annotations-2.14.2.jar:/usr/share/java/cp-base-new/logredactor-metrics-1.0.12.jar:/usr/share/java/cp-base-new/commons-cli-1.4.jar:/usr/share/java/cp-base-new/audience-annotations-0.12.0.jar:/usr/share/java/cp-base-new/metrics-core-4.1.12.1.jar:/usr/share/java/cp-base-new/kafka-group-coordinator-7.5.3-ccs.jar:/usr/share/java/cp-base-new/lz4-java-1.8.0.jar:/usr/share/java/cp-base-new/zstd-jni-1.5.5-1.jar:/usr/share/java/cp-base-new/argparse4j-0.7.0.jar:/usr/share/java/cp-base-new/scala-reflect-2.13.10.jar:/usr/share/java/cp-base-new/kafka-clients-7.5.3-ccs.jar:/usr/share/java/cp-base-new/slf4j-reload4j-1.7.36.jar:/usr/share/java/cp-base-new/disk-usage-agent-7.5.3.jar:/usr/share/java/cp-base-new/commons-io-2.11.0.jar:/usr/share/java/cp-base-new/paranamer-2.8.jar:/usr/share/java/cp-base-new/jackson-databind-2.14.2.jar:/usr/share/java/cp-base-new/scala-logging_2.13-3.9.4.jar:/usr/share/java/cp-base-new/kafka-tools-api-7.5.3-ccs.jar:/usr/share/java/cp-base-new/common-utils-7.5.3.jar:/usr/share/java/cp-base-new/kafka_2.13-7.5.3-ccs.jar:/usr/share/java/cp-base-new/reload4j-1.2.25.jar:/usr/share/java/cp-base-new/utility-belt-7.5.3.jar:/usr/share/java/cp-base-new/snakeyaml-2.0.jar:/usr/share/java/cp-base-new/scala-java8-compat_2.13-1.0.2.jar:/usr/share/java/cp-base-new/minimal-json-0.9.5.jar:/usr/share/java/cp-base-new/kafka-metadata-7.5.3-ccs.jar:/usr/share/java/cp-base-new/kafka-raft-7.5.3-ccs.jar:/usr/share/java/cp-base-new/jackson-dataformat-yaml-2.14.2.jar:/usr/share/java/cp-base-new/jopt-simple-5.0.4.jar:/usr/share/java/cp-base-new/kafka-storage-7.5.3-ccs.jar:/usr/share/java/cp-base-new/jackson-datatype-jdk8-2.14.2.jar:/usr/share/java/cp-base-new/jose4j-0.9.3.jar:/usr/share/java/cp-base-new/jmx_prometheus_javaagent-0.18.0.jar:/usr/share/java/cp-base-new/jackson-module-scala_2.13-2.14.2.jar:/usr/share/java/cp-base-new/jolokia-core-1.7.1.jar:/usr/share/java/cp-base-new/gson-2.9.0.jar:/usr/share/java/cp-base-new/kafka-storage-api-7.5.3-ccs.jar:/usr/share/java/cp-base-new/scala-library-2.13.10.jar:/usr/share/java/cp-base-new/kafka-server-common-7.5.3-ccs.jar (org.apache.zookeeper.ZooKeeper)
turbofan-kafka  | [2026-08-09 00:02:57,048] INFO Client environment:java.library.path=/usr/java/packages/lib:/lib:/usr/lib:/usr/lib64:/lib64 (org.apache.zookeeper.ZooKeeper)
turbofan-kafka  | [2026-08-09 00:02:57,048] INFO Client environment:java.io.tmpdir=/tmp (org.apache.zookeeper.ZooKeeper)
turbofan-kafka  | [2026-08-09 00:02:57,048] INFO Client environment:java.compiler=<NA> (org.apache.zookeeper.ZooKeeper)
turbofan-kafka  | [2026-08-09 00:02:57,048] INFO Client environment:os.name=Linux (org.apache.zookeeper.ZooKeeper)
turbofan-kafka  | [2026-08-09 00:02:57,048] INFO Client environment:os.arch=aarch64 (org.apache.zookeeper.ZooKeeper)
turbofan-kafka  | [2026-08-09 00:02:57,048] INFO Client environment:os.version=6.12.76-linuxkit (org.apache.zookeeper.ZooKeeper)
turbofan-kafka  | [2026-08-09 00:02:57,048] INFO Client environment:user.name=appuser (org.apache.zookeeper.ZooKeeper)
turbofan-kafka  | [2026-08-09 00:02:57,048] INFO Client environment:user.home=/home/appuser (org.apache.zookeeper.ZooKeeper)
turbofan-kafka  | [2026-08-09 00:02:57,048] INFO Client environment:user.dir=/home/appuser (org.apache.zookeeper.ZooKeeper)
turbofan-kafka  | [2026-08-09 00:02:57,048] INFO Client environment:os.memory.free=114MB (org.apache.zookeeper.ZooKeeper)
turbofan-kafka  | [2026-08-09 00:02:57,048] INFO Client environment:os.memory.max=1960MB (org.apache.zookeeper.ZooKeeper)
turbofan-kafka  | [2026-08-09 00:02:57,048] INFO Client environment:os.memory.total=124MB (org.apache.zookeeper.ZooKeeper)
turbofan-kafka  | [2026-08-09 00:02:57,049] INFO Initiating client connection, connectString=zookeeper:2181 sessionTimeout=40000 watcher=io.confluent.admin.utils.ZookeeperConnectionWatcher@62bd765 (org.apache.zookeeper.ZooKeeper)
turbofan-kafka  | [2026-08-09 00:02:57,050] INFO Setting -D jdk.tls.rejectClientInitiatedRenegotiation=true to disable client-initiated TLS renegotiation (org.apache.zookeeper.common.X509Util)
turbofan-kafka  | [2026-08-09 00:02:57,052] INFO jute.maxbuffer value is 1048575 Bytes (org.apache.zookeeper.ClientCnxnSocket)
turbofan-kafka  | [2026-08-09 00:02:57,055] INFO zookeeper.request.timeout value is 0. feature enabled=false (org.apache.zookeeper.ClientCnxn)
turbofan-kafka  | [2026-08-09 00:02:57,062] INFO Opening socket connection to server zookeeper/172.18.0.7:2181. (org.apache.zookeeper.ClientCnxn)
turbofan-kafka  | [2026-08-09 00:02:57,063] INFO SASL config status: Will not attempt to authenticate using SASL (unknown error) (org.apache.zookeeper.ClientCnxn)
turbofan-kafka  | [2026-08-09 00:02:57,065] INFO Socket connection established, initiating session, client: /172.18.0.8:34584, server: zookeeper/172.18.0.7:2181 (org.apache.zookeeper.ClientCnxn)
turbofan-kafka  | [2026-08-09 00:02:57,068] INFO Session establishment complete on server zookeeper/172.18.0.7:2181, session id = 0x10000000fe40002, negotiated timeout = 40000 (org.apache.zookeeper.ClientCnxn)
turbofan-kafka  | [2026-08-09 00:02:57,175] INFO Session: 0x10000000fe40002 closed (org.apache.zookeeper.ZooKeeper)
turbofan-kafka  | [2026-08-09 00:02:57,176] INFO EventThread shut down for session: 0x10000000fe40002 (org.apache.zookeeper.ClientCnxn)
turbofan-kafka  | Using log4j config /etc/kafka/log4j.properties
turbofan-kafka  | ===> Launching ... 
turbofan-kafka  | ===> Launching kafka ... 
turbofan-kafka  | [2026-08-09 00:02:57,439] INFO Registered kafka:type=kafka.Log4jController MBean (kafka.utils.Log4jControllerRegistration$)
turbofan-kafka  | [2026-08-09 00:02:57,553] INFO Setting -D jdk.tls.rejectClientInitiatedRenegotiation=true to disable client-initiated TLS renegotiation (org.apache.zookeeper.common.X509Util)
turbofan-kafka  | [2026-08-09 00:02:57,579] INFO Registered signal handlers for TERM, INT, HUP (org.apache.kafka.common.utils.LoggingSignalHandler)
turbofan-kafka  | [2026-08-09 00:02:57,579] INFO starting (kafka.server.KafkaServer)
turbofan-kafka  | [2026-08-09 00:02:57,579] INFO Connecting to zookeeper on zookeeper:2181 (kafka.server.KafkaServer)
turbofan-kafka  | [2026-08-09 00:02:57,585] INFO [ZooKeeperClient Kafka server] Initializing a new session to zookeeper:2181. (kafka.zookeeper.ZooKeeperClient)
turbofan-kafka  | [2026-08-09 00:02:57,586] INFO Client environment:zookeeper.version=3.8.3-6ad6d364c7c0bcf0de452d54ebefa3058098ab56, built on 2023-10-05 10:34 UTC (org.apache.zookeeper.ZooKeeper)
turbofan-kafka  | [2026-08-09 00:02:57,586] INFO Client environment:host.name=93e869bc7857 (org.apache.zookeeper.ZooKeeper)
turbofan-kafka  | [2026-08-09 00:02:57,586] INFO Client environment:java.version=11.0.21 (org.apache.zookeeper.ZooKeeper)
turbofan-kafka  | [2026-08-09 00:02:57,586] INFO Client environment:java.vendor=Azul Systems, Inc. (org.apache.zookeeper.ZooKeeper)
turbofan-kafka  | [2026-08-09 00:02:57,586] INFO Client environment:java.home=/usr/lib/jvm/java-11-zulu-openjdk-ca (org.apache.zookeeper.ZooKeeper)
turbofan-kafka  | [2026-08-09 00:02:57,586] INFO Client environment:java.class.path=/usr/bin/../share/java/kafka/hk2-utils-2.6.1.jar:/usr/bin/../share/java/kafka/jetty-http-9.4.53.v20231009.jar:/usr/bin/../share/java/kafka/snappy-java-1.1.10.5.jar:/usr/bin/../share/java/kafka/slf4j-api-1.7.36.jar:/usr/bin/../share/java/kafka/connect-api-7.5.3-ccs.jar:/usr/bin/../share/java/kafka/jersey-common-2.39.1.jar:/usr/bin/../share/java/kafka/connect-mirror-client-7.5.3-ccs.jar:/usr/bin/../share/java/kafka/netty-common-4.1.100.Final.jar:/usr/bin/../share/java/kafka/jetty-servlets-9.4.53.v20231009.jar:/usr/bin/../share/java/kafka/hk2-api-2.6.1.jar:/usr/bin/../share/java/kafka/jackson-datatype-jdk8-2.13.5.jar:/usr/bin/../share/java/kafka/jline-3.22.0.jar:/usr/bin/../share/java/kafka/jakarta.annotation-api-1.3.5.jar:/usr/bin/../share/java/kafka/activation-1.1.1.jar:/usr/bin/../share/java/kafka/jackson-module-scala_2.13-2.13.5.jar:/usr/bin/../share/java/kafka/jetty-io-9.4.53.v20231009.jar:/usr/bin/../share/java/kafka/zookeeper-3.8.3.jar:/usr/bin/../share/java/kafka/connect-basic-auth-extension-7.5.3-ccs.jar:/usr/bin/../share/java/kafka/plexus-utils-3.3.1.jar:/usr/bin/../share/java/kafka/jetty-continuation-9.4.53.v20231009.jar:/usr/bin/../share/java/kafka/jackson-jaxrs-base-2.13.5.jar:/usr/bin/../share/java/kafka/connect-mirror-7.5.3-ccs.jar:/usr/bin/../share/java/kafka/netty-handler-4.1.100.Final.jar:/usr/bin/../share/java/kafka/kafka-streams-examples-7.5.3-ccs.jar:/usr/bin/../share/java/kafka/trogdor-7.5.3-ccs.jar:/usr/bin/../share/java/kafka/jetty-client-9.4.53.v20231009.jar:/usr/bin/../share/java/kafka/jetty-security-9.4.53.v20231009.jar:/usr/bin/../share/java/kafka/zookeeper-jute-3.8.3.jar:/usr/bin/../share/java/kafka/metrics-core-2.2.0.jar:/usr/bin/../share/java/kafka/jakarta.activation-api-1.2.2.jar:/usr/bin/../share/java/kafka/kafka.jar:/usr/bin/../share/java/kafka/scala-collection-compat_2.13-2.10.0.jar:/usr/bin/../share/java/kafka/jakarta.validation-api-2.0.2.jar:/usr/bin/../share/java/kafka/hk2-locator-2.6.1.jar:/usr/bin/../share/java/kafka/netty-transport-native-unix-common-4.1.100.Final.jar:/usr/bin/../share/java/kafka/jackson-core-2.13.5.jar:/usr/bin/../share/java/kafka/javax.annotation-api-1.3.2.jar:/usr/bin/../share/java/kafka/aopalliance-repackaged-2.6.1.jar:/usr/bin/../share/java/kafka/jakarta.xml.bind-api-2.3.3.jar:/usr/bin/../share/java/kafka/jakarta.inject-2.6.1.jar:/usr/bin/../share/java/kafka/commons-cli-1.4.jar:/usr/bin/../share/java/kafka/audience-annotations-0.12.0.jar:/usr/bin/../share/java/kafka/metrics-core-4.1.12.1.jar:/usr/bin/../share/java/kafka/kafka-streams-scala_2.13-7.5.3-ccs.jar:/usr/bin/../share/java/kafka/kafka-group-coordinator-7.5.3-ccs.jar:/usr/bin/../share/java/kafka/jackson-annotations-2.13.5.jar:/usr/bin/../share/java/kafka/lz4-java-1.8.0.jar:/usr/bin/../share/java/kafka/zstd-jni-1.5.5-1.jar:/usr/bin/../share/java/kafka/javassist-3.29.2-GA.jar:/usr/bin/../share/java/kafka/jersey-container-servlet-core-2.39.1.jar:/usr/bin/../share/java/kafka/connect-runtime-7.5.3-ccs.jar:/usr/bin/../share/java/kafka/netty-transport-native-epoll-4.1.100.Final.jar:/usr/bin/../share/java/kafka/netty-buffer-4.1.100.Final.jar:/usr/bin/../share/java/kafka/jetty-servlet-9.4.53.v20231009.jar:/usr/bin/../share/java/kafka/swagger-annotations-2.2.8.jar:/usr/bin/../share/java/kafka/jetty-util-9.4.53.v20231009.jar:/usr/bin/../share/java/kafka/rocksdbjni-7.9.2.jar:/usr/bin/../share/java/kafka/jackson-jaxrs-json-provider-2.13.5.jar:/usr/bin/../share/java/kafka/jersey-container-servlet-2.39.1.jar:/usr/bin/../share/java/kafka/argparse4j-0.7.0.jar:/usr/bin/../share/java/kafka/javax.ws.rs-api-2.1.1.jar:/usr/bin/../share/java/kafka/scala-reflect-2.13.10.jar:/usr/bin/../share/java/kafka/kafka-clients-7.5.3-ccs.jar:/usr/bin/../share/java/kafka/slf4j-reload4j-1.7.36.jar:/usr/bin/../share/java/kafka/kafka-streams-7.5.3-ccs.jar:/usr/bin/../share/java/kafka/commons-io-2.11.0.jar:/usr/bin/../share/java/kafka/netty-codec-4.1.100.Final.jar:/usr/bin/../share/java/kafka/commons-lang3-3.8.1.jar:/usr/bin/../share/java/kafka/paranamer-2.8.jar:/usr/bin/../share/java/kafka/scala-logging_2.13-3.9.4.jar:/usr/bin/../share/java/kafka/jackson-dataformat-csv-2.13.5.jar:/usr/bin/../share/java/kafka/kafka-tools-api-7.5.3-ccs.jar:/usr/bin/../share/java/kafka/kafka-shell-7.5.3-ccs.jar:/usr/bin/../share/java/kafka/javax.servlet-api-3.1.0.jar:/usr/bin/../share/java/kafka/connect-json-7.5.3-ccs.jar:/usr/bin/../share/java/kafka/kafka_2.13-7.5.3-ccs.jar:/usr/bin/../share/java/kafka/jersey-client-2.39.1.jar:/usr/bin/../share/java/kafka/reload4j-1.2.25.jar:/usr/bin/../share/java/kafka/jaxb-api-2.3.1.jar:/usr/bin/../share/java/kafka/jakarta.ws.rs-api-2.1.6.jar:/usr/bin/../share/java/kafka/scala-java8-compat_2.13-1.0.2.jar:/usr/bin/../share/java/kafka/kafka-metadata-7.5.3-ccs.jar:/usr/bin/../share/java/kafka/kafka-raft-7.5.3-ccs.jar:/usr/bin/../share/java/kafka/jopt-simple-5.0.4.jar:/usr/bin/../share/java/kafka/kafka-storage-7.5.3-ccs.jar:/usr/bin/../share/java/kafka/jackson-module-jaxb-annotations-2.13.5.jar:/usr/bin/../share/java/kafka/jose4j-0.9.3.jar:/usr/bin/../share/java/kafka/maven-artifact-3.8.8.jar:/usr/bin/../share/java/kafka/netty-resolver-4.1.100.Final.jar:/usr/bin/../share/java/kafka/javax.activation-api-1.2.0.jar:/usr/bin/../share/java/kafka/jersey-server-2.39.1.jar:/usr/bin/../share/java/kafka/osgi-resource-locator-1.0.3.jar:/usr/bin/../share/java/kafka/jetty-server-9.4.53.v20231009.jar:/usr/bin/../share/java/kafka/netty-transport-4.1.100.Final.jar:/usr/bin/../share/java/kafka/kafka-tools-7.5.3-ccs.jar:/usr/bin/../share/java/kafka/connect-transforms-7.5.3-ccs.jar:/usr/bin/../share/java/kafka/jetty-util-ajax-9.4.53.v20231009.jar:/usr/bin/../share/java/kafka/kafka-log4j-appender-7.5.3-ccs.jar:/usr/bin/../share/java/kafka/netty-transport-classes-epoll-4.1.100.Final.jar:/usr/bin/../share/java/kafka/kafka-storage-api-7.5.3-ccs.jar:/usr/bin/../share/java/kafka/scala-library-2.13.10.jar:/usr/bin/../share/java/kafka/kafka-server-common-7.5.3-ccs.jar:/usr/bin/../share/java/kafka/jersey-hk2-2.39.1.jar:/usr/bin/../share/java/kafka/kafka-streams-test-utils-7.5.3-ccs.jar:/usr/bin/../share/java/kafka/jackson-databind-2.13.5.jar:/usr/bin/../share/java/kafka/reflections-0.9.12.jar:/usr/bin/../share/java/confluent-telemetry/* (org.apache.zookeeper.ZooKeeper)
turbofan-kafka  | [2026-08-09 00:02:57,586] INFO Client environment:java.library.path=/usr/java/packages/lib:/lib:/usr/lib:/usr/lib64:/lib64 (org.apache.zookeeper.ZooKeeper)
turbofan-kafka  | [2026-08-09 00:02:57,586] INFO Client environment:java.io.tmpdir=/tmp (org.apache.zookeeper.ZooKeeper)
turbofan-kafka  | [2026-08-09 00:02:57,586] INFO Client environment:java.compiler=<NA> (org.apache.zookeeper.ZooKeeper)
turbofan-kafka  | [2026-08-09 00:02:57,586] INFO Client environment:os.name=Linux (org.apache.zookeeper.ZooKeeper)
turbofan-kafka  | [2026-08-09 00:02:57,586] INFO Client environment:os.arch=aarch64 (org.apache.zookeeper.ZooKeeper)
turbofan-kafka  | [2026-08-09 00:02:57,586] INFO Client environment:os.version=6.12.76-linuxkit (org.apache.zookeeper.ZooKeeper)
turbofan-kafka  | [2026-08-09 00:02:57,586] INFO Client environment:user.name=appuser (org.apache.zookeeper.ZooKeeper)
turbofan-kafka  | [2026-08-09 00:02:57,586] INFO Client environment:user.home=/home/appuser (org.apache.zookeeper.ZooKeeper)
turbofan-kafka  | [2026-08-09 00:02:57,586] INFO Client environment:user.dir=/home/appuser (org.apache.zookeeper.ZooKeeper)
turbofan-kafka  | [2026-08-09 00:02:57,586] INFO Client environment:os.memory.free=1009MB (org.apache.zookeeper.ZooKeeper)
turbofan-kafka  | [2026-08-09 00:02:57,586] INFO Client environment:os.memory.max=1024MB (org.apache.zookeeper.ZooKeeper)
turbofan-kafka  | [2026-08-09 00:02:57,586] INFO Client environment:os.memory.total=1024MB (org.apache.zookeeper.ZooKeeper)
turbofan-kafka  | [2026-08-09 00:02:57,587] INFO Initiating client connection, connectString=zookeeper:2181 sessionTimeout=18000 watcher=kafka.zookeeper.ZooKeeperClient$ZooKeeperClientWatcher$@1199fe66 (org.apache.zookeeper.ZooKeeper)
turbofan-kafka  | [2026-08-09 00:02:57,588] INFO jute.maxbuffer value is 4194304 Bytes (org.apache.zookeeper.ClientCnxnSocket)
turbofan-kafka  | [2026-08-09 00:02:57,591] INFO zookeeper.request.timeout value is 0. feature enabled=false (org.apache.zookeeper.ClientCnxn)
turbofan-kafka  | [2026-08-09 00:02:57,591] INFO [ZooKeeperClient Kafka server] Waiting until connected. (kafka.zookeeper.ZooKeeperClient)
turbofan-kafka  | [2026-08-09 00:02:57,592] INFO Opening socket connection to server zookeeper/172.18.0.7:2181. (org.apache.zookeeper.ClientCnxn)
turbofan-kafka  | [2026-08-09 00:02:57,594] INFO Socket connection established, initiating session, client: /172.18.0.8:34594, server: zookeeper/172.18.0.7:2181 (org.apache.zookeeper.ClientCnxn)
turbofan-kafka  | [2026-08-09 00:02:57,598] INFO Session establishment complete on server zookeeper/172.18.0.7:2181, session id = 0x10000000fe40003, negotiated timeout = 18000 (org.apache.zookeeper.ClientCnxn)
turbofan-kafka  | [2026-08-09 00:02:57,599] INFO [ZooKeeperClient Kafka server] Connected. (kafka.zookeeper.ZooKeeperClient)
turbofan-kafka  | [2026-08-09 00:02:57,675] INFO Cluster ID = 8x9Cq4-uQwCryGIb583wWQ (kafka.server.KafkaServer)
turbofan-kafka  | [2026-08-09 00:02:57,694] INFO KafkaConfig values: 
turbofan-kafka  | 	advertised.listeners = PLAINTEXT://kafka:9092,PLAINTEXT_HOST://localhost:29092
turbofan-kafka  | 	alter.config.policy.class.name = null
turbofan-kafka  | 	alter.log.dirs.replication.quota.window.num = 11
turbofan-kafka  | 	alter.log.dirs.replication.quota.window.size.seconds = 1
turbofan-kafka  | 	authorizer.class.name = 
turbofan-kafka  | 	auto.create.topics.enable = true
turbofan-kafka  | 	auto.include.jmx.reporter = true
turbofan-kafka  | 	auto.leader.rebalance.enable = true
turbofan-kafka  | 	background.threads = 10
turbofan-kafka  | 	broker.heartbeat.interval.ms = 2000
turbofan-kafka  | 	broker.id = 1
turbofan-kafka  | 	broker.id.generation.enable = true
turbofan-kafka  | 	broker.rack = null
turbofan-kafka  | 	broker.session.timeout.ms = 9000
turbofan-kafka  | 	client.quota.callback.class = null
turbofan-kafka  | 	compression.type = producer
turbofan-kafka  | 	connection.failed.authentication.delay.ms = 100
turbofan-kafka  | 	connections.max.idle.ms = 600000
turbofan-kafka  | 	connections.max.reauth.ms = 0
turbofan-kafka  | 	control.plane.listener.name = null
turbofan-kafka  | 	controlled.shutdown.enable = true
turbofan-kafka  | 	controlled.shutdown.max.retries = 3
turbofan-kafka  | 	controlled.shutdown.retry.backoff.ms = 5000
turbofan-kafka  | 	controller.listener.names = null
turbofan-kafka  | 	controller.quorum.append.linger.ms = 25
turbofan-kafka  | 	controller.quorum.election.backoff.max.ms = 1000
turbofan-kafka  | 	controller.quorum.election.timeout.ms = 1000
turbofan-kafka  | 	controller.quorum.fetch.timeout.ms = 2000
turbofan-kafka  | 	controller.quorum.request.timeout.ms = 2000
turbofan-kafka  | 	controller.quorum.retry.backoff.ms = 20
turbofan-kafka  | 	controller.quorum.voters = []
turbofan-kafka  | 	controller.quota.window.num = 11
turbofan-kafka  | 	controller.quota.window.size.seconds = 1
turbofan-kafka  | 	controller.socket.timeout.ms = 30000
turbofan-kafka  | 	create.topic.policy.class.name = null
turbofan-kafka  | 	default.replication.factor = 1
turbofan-kafka  | 	delegation.token.expiry.check.interval.ms = 3600000
turbofan-kafka  | 	delegation.token.expiry.time.ms = 86400000
turbofan-kafka  | 	delegation.token.master.key = null
turbofan-kafka  | 	delegation.token.max.lifetime.ms = 604800000
turbofan-kafka  | 	delegation.token.secret.key = null
turbofan-kafka  | 	delete.records.purgatory.purge.interval.requests = 1
turbofan-kafka  | 	delete.topic.enable = true
turbofan-kafka  | 	early.start.listeners = null
turbofan-kafka  | 	fetch.max.bytes = 57671680
turbofan-kafka  | 	fetch.purgatory.purge.interval.requests = 1000
turbofan-kafka  | 	group.consumer.assignors = []
turbofan-kafka  | 	group.consumer.heartbeat.interval.ms = 5000
turbofan-kafka  | 	group.consumer.max.heartbeat.interval.ms = 15000
turbofan-kafka  | 	group.consumer.max.session.timeout.ms = 60000
turbofan-kafka  | 	group.consumer.max.size = 2147483647
turbofan-kafka  | 	group.consumer.min.heartbeat.interval.ms = 5000
turbofan-kafka  | 	group.consumer.min.session.timeout.ms = 45000
turbofan-kafka  | 	group.consumer.session.timeout.ms = 45000
turbofan-kafka  | 	group.coordinator.new.enable = false
turbofan-kafka  | 	group.coordinator.threads = 1
turbofan-kafka  | 	group.initial.rebalance.delay.ms = 3000
turbofan-kafka  | 	group.max.session.timeout.ms = 1800000
turbofan-kafka  | 	group.max.size = 2147483647
turbofan-kafka  | 	group.min.session.timeout.ms = 6000
turbofan-kafka  | 	initial.broker.registration.timeout.ms = 60000
turbofan-kafka  | 	inter.broker.listener.name = null
turbofan-kafka  | 	inter.broker.protocol.version = 3.5-IV2
turbofan-kafka  | 	kafka.metrics.polling.interval.secs = 10
turbofan-kafka  | 	kafka.metrics.reporters = []
turbofan-kafka  | 	leader.imbalance.check.interval.seconds = 300
turbofan-kafka  | 	leader.imbalance.per.broker.percentage = 10
turbofan-kafka  | 	listener.security.protocol.map = PLAINTEXT:PLAINTEXT,PLAINTEXT_HOST:PLAINTEXT
turbofan-kafka  | 	listeners = PLAINTEXT://0.0.0.0:9092,PLAINTEXT_HOST://0.0.0.0:29092
turbofan-kafka  | 	log.cleaner.backoff.ms = 15000
turbofan-kafka  | 	log.cleaner.dedupe.buffer.size = 134217728
turbofan-kafka  | 	log.cleaner.delete.retention.ms = 86400000
turbofan-kafka  | 	log.cleaner.enable = true
turbofan-kafka  | 	log.cleaner.io.buffer.load.factor = 0.9
turbofan-kafka  | 	log.cleaner.io.buffer.size = 524288
turbofan-kafka  | 	log.cleaner.io.max.bytes.per.second = 1.7976931348623157E308
turbofan-kafka  | 	log.cleaner.max.compaction.lag.ms = 9223372036854775807
turbofan-kafka  | 	log.cleaner.min.cleanable.ratio = 0.5
turbofan-kafka  | 	log.cleaner.min.compaction.lag.ms = 0
turbofan-kafka  | 	log.cleaner.threads = 1
turbofan-kafka  | 	log.cleanup.policy = [delete]
turbofan-kafka  | 	log.dir = /tmp/kafka-logs
turbofan-kafka  | 	log.dirs = /var/lib/kafka/data
turbofan-kafka  | 	log.flush.interval.messages = 9223372036854775807
turbofan-kafka  | 	log.flush.interval.ms = null
turbofan-kafka  | 	log.flush.offset.checkpoint.interval.ms = 60000
turbofan-kafka  | 	log.flush.scheduler.interval.ms = 9223372036854775807
turbofan-kafka  | 	log.flush.start.offset.checkpoint.interval.ms = 60000
turbofan-kafka  | 	log.index.interval.bytes = 4096
turbofan-kafka  | 	log.index.size.max.bytes = 10485760
turbofan-kafka  | 	log.message.downconversion.enable = true
turbofan-kafka  | 	log.message.format.version = 3.0-IV1
turbofan-kafka  | 	log.message.timestamp.difference.max.ms = 9223372036854775807
turbofan-kafka  | 	log.message.timestamp.type = CreateTime
turbofan-kafka  | 	log.preallocate = false
turbofan-kafka  | 	log.retention.bytes = -1
turbofan-kafka  | 	log.retention.check.interval.ms = 300000
turbofan-kafka  | 	log.retention.hours = 168
turbofan-kafka  | 	log.retention.minutes = null
turbofan-kafka  | 	log.retention.ms = null
turbofan-kafka  | 	log.roll.hours = 168
turbofan-kafka  | 	log.roll.jitter.hours = 0
turbofan-kafka  | 	log.roll.jitter.ms = null
turbofan-kafka  | 	log.roll.ms = null
turbofan-kafka  | 	log.segment.bytes = 1073741824
turbofan-kafka  | 	log.segment.delete.delay.ms = 60000
turbofan-kafka  | 	max.connection.creation.rate = 2147483647
turbofan-kafka  | 	max.connections = 2147483647
turbofan-kafka  | 	max.connections.per.ip = 2147483647
turbofan-kafka  | 	max.connections.per.ip.overrides = 
turbofan-kafka  | 	max.incremental.fetch.session.cache.slots = 1000
turbofan-kafka  | 	message.max.bytes = 1048588
turbofan-kafka  | 	metadata.log.dir = null
turbofan-kafka  | 	metadata.log.max.record.bytes.between.snapshots = 20971520
turbofan-kafka  | 	metadata.log.max.snapshot.interval.ms = 3600000
turbofan-kafka  | 	metadata.log.segment.bytes = 1073741824
turbofan-kafka  | 	metadata.log.segment.min.bytes = 8388608
turbofan-kafka  | 	metadata.log.segment.ms = 604800000
turbofan-kafka  | 	metadata.max.idle.interval.ms = 500
turbofan-kafka  | 	metadata.max.retention.bytes = 104857600
turbofan-kafka  | 	metadata.max.retention.ms = 604800000
turbofan-kafka  | 	metric.reporters = []
turbofan-kafka  | 	metrics.num.samples = 2
turbofan-kafka  | 	metrics.recording.level = INFO
turbofan-kafka  | 	metrics.sample.window.ms = 30000
turbofan-kafka  | 	min.insync.replicas = 1
turbofan-kafka  | 	node.id = 1
turbofan-kafka  | 	num.io.threads = 8
turbofan-kafka  | 	num.network.threads = 3
turbofan-kafka  | 	num.partitions = 1
turbofan-kafka  | 	num.recovery.threads.per.data.dir = 1
turbofan-kafka  | 	num.replica.alter.log.dirs.threads = null
turbofan-kafka  | 	num.replica.fetchers = 1
turbofan-kafka  | 	offset.metadata.max.bytes = 4096
turbofan-kafka  | 	offsets.commit.required.acks = -1
turbofan-kafka  | 	offsets.commit.timeout.ms = 5000
turbofan-kafka  | 	offsets.load.buffer.size = 5242880
turbofan-kafka  | 	offsets.retention.check.interval.ms = 600000
turbofan-kafka  | 	offsets.retention.minutes = 10080
turbofan-kafka  | 	offsets.topic.compression.codec = 0
turbofan-kafka  | 	offsets.topic.num.partitions = 50
turbofan-kafka  | 	offsets.topic.replication.factor = 1
turbofan-kafka  | 	offsets.topic.segment.bytes = 104857600
turbofan-kafka  | 	password.encoder.cipher.algorithm = AES/CBC/PKCS5Padding
turbofan-kafka  | 	password.encoder.iterations = 4096
turbofan-kafka  | 	password.encoder.key.length = 128
turbofan-kafka  | 	password.encoder.keyfactory.algorithm = null
turbofan-kafka  | 	password.encoder.old.secret = null
turbofan-kafka  | 	password.encoder.secret = null
turbofan-kafka  | 	principal.builder.class = class org.apache.kafka.common.security.authenticator.DefaultKafkaPrincipalBuilder
turbofan-kafka  | 	process.roles = []
turbofan-kafka  | 	producer.id.expiration.check.interval.ms = 600000
turbofan-kafka  | 	producer.id.expiration.ms = 86400000
turbofan-kafka  | 	producer.purgatory.purge.interval.requests = 1000
turbofan-kafka  | 	queued.max.request.bytes = -1
turbofan-kafka  | 	queued.max.requests = 500
turbofan-kafka  | 	quota.window.num = 11
turbofan-kafka  | 	quota.window.size.seconds = 1
turbofan-kafka  | 	remote.log.index.file.cache.total.size.bytes = 1073741824
turbofan-kafka  | 	remote.log.manager.task.interval.ms = 30000
turbofan-kafka  | 	remote.log.manager.task.retry.backoff.max.ms = 30000
turbofan-kafka  | 	remote.log.manager.task.retry.backoff.ms = 500
turbofan-kafka  | 	remote.log.manager.task.retry.jitter = 0.2
turbofan-kafka  | 	remote.log.manager.thread.pool.size = 10
turbofan-kafka  | 	remote.log.metadata.manager.class.name = null
turbofan-kafka  | 	remote.log.metadata.manager.class.path = null
turbofan-kafka  | 	remote.log.metadata.manager.impl.prefix = null
turbofan-kafka  | 	remote.log.metadata.manager.listener.name = null
turbofan-kafka  | 	remote.log.reader.max.pending.tasks = 100
turbofan-kafka  | 	remote.log.reader.threads = 10
turbofan-kafka  | 	remote.log.storage.manager.class.name = null
turbofan-kafka  | 	remote.log.storage.manager.class.path = null
turbofan-kafka  | 	remote.log.storage.manager.impl.prefix = null
turbofan-kafka  | 	remote.log.storage.system.enable = false
turbofan-kafka  | 	replica.fetch.backoff.ms = 1000
turbofan-kafka  | 	replica.fetch.max.bytes = 1048576
turbofan-kafka  | 	replica.fetch.min.bytes = 1
turbofan-kafka  | 	replica.fetch.response.max.bytes = 10485760
turbofan-kafka  | 	replica.fetch.wait.max.ms = 500
turbofan-kafka  | 	replica.high.watermark.checkpoint.interval.ms = 5000
turbofan-kafka  | 	replica.lag.time.max.ms = 30000
turbofan-kafka  | 	replica.selector.class = null
turbofan-kafka  | 	replica.socket.receive.buffer.bytes = 65536
turbofan-kafka  | 	replica.socket.timeout.ms = 30000
turbofan-kafka  | 	replication.quota.window.num = 11
turbofan-kafka  | 	replication.quota.window.size.seconds = 1
turbofan-kafka  | 	request.timeout.ms = 30000
turbofan-kafka  | 	reserved.broker.max.id = 1000
turbofan-kafka  | 	sasl.client.callback.handler.class = null
turbofan-kafka  | 	sasl.enabled.mechanisms = [GSSAPI]
turbofan-kafka  | 	sasl.jaas.config = null
turbofan-kafka  | 	sasl.kerberos.kinit.cmd = /usr/bin/kinit
turbofan-kafka  | 	sasl.kerberos.min.time.before.relogin = 60000
turbofan-kafka  | 	sasl.kerberos.principal.to.local.rules = [DEFAULT]
turbofan-kafka  | 	sasl.kerberos.service.name = null
turbofan-kafka  | 	sasl.kerberos.ticket.renew.jitter = 0.05
turbofan-kafka  | 	sasl.kerberos.ticket.renew.window.factor = 0.8
turbofan-kafka  | 	sasl.login.callback.handler.class = null
turbofan-kafka  | 	sasl.login.class = null
turbofan-kafka  | 	sasl.login.connect.timeout.ms = null
turbofan-kafka  | 	sasl.login.read.timeout.ms = null
turbofan-kafka  | 	sasl.login.refresh.buffer.seconds = 300
turbofan-kafka  | 	sasl.login.refresh.min.period.seconds = 60
turbofan-kafka  | 	sasl.login.refresh.window.factor = 0.8
turbofan-kafka  | 	sasl.login.refresh.window.jitter = 0.05
turbofan-kafka  | 	sasl.login.retry.backoff.max.ms = 10000
turbofan-kafka  | 	sasl.login.retry.backoff.ms = 100
turbofan-kafka  | 	sasl.mechanism.controller.protocol = GSSAPI
turbofan-kafka  | 	sasl.mechanism.inter.broker.protocol = GSSAPI
turbofan-kafka  | 	sasl.oauthbearer.clock.skew.seconds = 30
turbofan-kafka  | 	sasl.oauthbearer.expected.audience = null
turbofan-kafka  | 	sasl.oauthbearer.expected.issuer = null
turbofan-kafka  | 	sasl.oauthbearer.jwks.endpoint.refresh.ms = 3600000
turbofan-kafka  | 	sasl.oauthbearer.jwks.endpoint.retry.backoff.max.ms = 10000
turbofan-kafka  | 	sasl.oauthbearer.jwks.endpoint.retry.backoff.ms = 100
turbofan-kafka  | 	sasl.oauthbearer.jwks.endpoint.url = null
turbofan-kafka  | 	sasl.oauthbearer.scope.claim.name = scope
turbofan-kafka  | 	sasl.oauthbearer.sub.claim.name = sub
turbofan-kafka  | 	sasl.oauthbearer.token.endpoint.url = null
turbofan-kafka  | 	sasl.server.callback.handler.class = null
turbofan-kafka  | 	sasl.server.max.receive.size = 524288
turbofan-kafka  | 	security.inter.broker.protocol = PLAINTEXT
turbofan-kafka  | 	security.providers = null
turbofan-kafka  | 	server.max.startup.time.ms = 9223372036854775807
turbofan-kafka  | 	socket.connection.setup.timeout.max.ms = 30000
turbofan-kafka  | 	socket.connection.setup.timeout.ms = 10000
turbofan-kafka  | 	socket.listen.backlog.size = 50
turbofan-kafka  | 	socket.receive.buffer.bytes = 102400
turbofan-kafka  | 	socket.request.max.bytes = 104857600
turbofan-kafka  | 	socket.send.buffer.bytes = 102400
turbofan-kafka  | 	ssl.cipher.suites = []
turbofan-kafka  | 	ssl.client.auth = none
turbofan-kafka  | 	ssl.enabled.protocols = [TLSv1.2, TLSv1.3]
turbofan-kafka  | 	ssl.endpoint.identification.algorithm = https
turbofan-kafka  | 	ssl.engine.factory.class = null
turbofan-kafka  | 	ssl.key.password = null
turbofan-kafka  | 	ssl.keymanager.algorithm = SunX509
turbofan-kafka  | 	ssl.keystore.certificate.chain = null
turbofan-kafka  | 	ssl.keystore.key = null
turbofan-kafka  | 	ssl.keystore.location = null
turbofan-kafka  | 	ssl.keystore.password = null
turbofan-kafka  | 	ssl.keystore.type = JKS
turbofan-kafka  | 	ssl.principal.mapping.rules = DEFAULT
turbofan-kafka  | 	ssl.protocol = TLSv1.3
turbofan-kafka  | 	ssl.provider = null
turbofan-kafka  | 	ssl.secure.random.implementation = null
turbofan-kafka  | 	ssl.trustmanager.algorithm = PKIX
turbofan-kafka  | 	ssl.truststore.certificates = null
turbofan-kafka  | 	ssl.truststore.location = null
turbofan-kafka  | 	ssl.truststore.password = null
turbofan-kafka  | 	ssl.truststore.type = JKS
turbofan-kafka  | 	transaction.abort.timed.out.transaction.cleanup.interval.ms = 10000
turbofan-kafka  | 	transaction.max.timeout.ms = 900000
turbofan-kafka  | 	transaction.remove.expired.transaction.cleanup.interval.ms = 3600000
turbofan-kafka  | 	transaction.state.log.load.buffer.size = 5242880
turbofan-kafka  | 	transaction.state.log.min.isr = 1
turbofan-kafka  | 	transaction.state.log.num.partitions = 50
turbofan-kafka  | 	transaction.state.log.replication.factor = 1
turbofan-kafka  | 	transaction.state.log.segment.bytes = 104857600
turbofan-kafka  | 	transactional.id.expiration.ms = 604800000
turbofan-kafka  | 	unclean.leader.election.enable = false
turbofan-kafka  | 	unstable.api.versions.enable = false
turbofan-kafka  | 	zookeeper.clientCnxnSocket = null
turbofan-kafka  | 	zookeeper.connect = zookeeper:2181
turbofan-kafka  | 	zookeeper.connection.timeout.ms = null
turbofan-kafka  | 	zookeeper.max.in.flight.requests = 10
turbofan-kafka  | 	zookeeper.metadata.migration.enable = false
turbofan-kafka  | 	zookeeper.session.timeout.ms = 18000
turbofan-kafka  | 	zookeeper.set.acl = false
turbofan-kafka  | 	zookeeper.ssl.cipher.suites = null
turbofan-kafka  | 	zookeeper.ssl.client.enable = false
turbofan-kafka  | 	zookeeper.ssl.crl.enable = false
turbofan-kafka  | 	zookeeper.ssl.enabled.protocols = null
turbofan-kafka  | 	zookeeper.ssl.endpoint.identification.algorithm = HTTPS
turbofan-kafka  | 	zookeeper.ssl.keystore.location = null
turbofan-kafka  | 	zookeeper.ssl.keystore.password = null
turbofan-kafka  | 	zookeeper.ssl.keystore.type = null
turbofan-kafka  | 	zookeeper.ssl.ocsp.enable = false
turbofan-kafka  | 	zookeeper.ssl.protocol = TLSv1.2
turbofan-kafka  | 	zookeeper.ssl.truststore.location = null
turbofan-kafka  | 	zookeeper.ssl.truststore.password = null
turbofan-kafka  | 	zookeeper.ssl.truststore.type = null
turbofan-kafka  |  (kafka.server.KafkaConfig)
turbofan-kafka  | [2026-08-09 00:02:57,708] INFO [ThrottledChannelReaper-Fetch]: Starting (kafka.server.ClientQuotaManager$ThrottledChannelReaper)
turbofan-kafka  | [2026-08-09 00:02:57,708] INFO [ThrottledChannelReaper-Produce]: Starting (kafka.server.ClientQuotaManager$ThrottledChannelReaper)
turbofan-kafka  | [2026-08-09 00:02:57,709] INFO [ThrottledChannelReaper-Request]: Starting (kafka.server.ClientQuotaManager$ThrottledChannelReaper)
turbofan-kafka  | [2026-08-09 00:02:57,709] INFO [ThrottledChannelReaper-ControllerMutation]: Starting (kafka.server.ClientQuotaManager$ThrottledChannelReaper)
turbofan-kafka  | [2026-08-09 00:02:57,719] INFO Loading logs from log dirs ArraySeq(/var/lib/kafka/data) (kafka.log.LogManager)
turbofan-kafka  | [2026-08-09 00:02:57,721] INFO No logs found to be loaded in /var/lib/kafka/data (kafka.log.LogManager)
turbofan-kafka  | [2026-08-09 00:02:57,724] INFO Loaded 0 logs in 4ms (kafka.log.LogManager)
turbofan-kafka  | [2026-08-09 00:02:57,724] INFO Starting log cleanup with a period of 300000 ms. (kafka.log.LogManager)
turbofan-kafka  | [2026-08-09 00:02:57,725] INFO Starting log flusher with a default period of 9223372036854775807 ms. (kafka.log.LogManager)
turbofan-kafka  | [2026-08-09 00:02:57,729] INFO Starting the log cleaner (kafka.log.LogCleaner)
turbofan-kafka  | [2026-08-09 00:02:57,742] INFO [kafka-log-cleaner-thread-0]: Starting (kafka.log.LogCleaner$CleanerThread)
turbofan-kafka  | [2026-08-09 00:02:57,754] INFO [feature-zk-node-event-process-thread]: Starting (kafka.server.FinalizedFeatureChangeListener$ChangeNotificationProcessorThread)
turbofan-kafka  | [2026-08-09 00:02:57,760] INFO [MetadataCache brokerId=1] Updated cache from existing <empty> to latest FinalizedFeaturesAndEpoch(features=Map(), epoch=0). (kafka.server.metadata.ZkMetadataCache)
turbofan-kafka  | [2026-08-09 00:02:57,769] INFO [zk-broker-1-to-controller-forwarding-channel-manager]: Starting (kafka.server.BrokerToControllerRequestThread)
turbofan-kafka  | [2026-08-09 00:02:57,886] INFO Updated connection-accept-rate max connection creation rate to 2147483647 (kafka.network.ConnectionQuotas)
turbofan-kafka  | [2026-08-09 00:02:57,898] INFO [SocketServer listenerType=ZK_BROKER, nodeId=1] Created data-plane acceptor and processors for endpoint : ListenerName(PLAINTEXT) (kafka.network.SocketServer)
turbofan-kafka  | [2026-08-09 00:02:57,898] INFO Updated connection-accept-rate max connection creation rate to 2147483647 (kafka.network.ConnectionQuotas)
turbofan-kafka  | [2026-08-09 00:02:57,901] INFO [SocketServer listenerType=ZK_BROKER, nodeId=1] Created data-plane acceptor and processors for endpoint : ListenerName(PLAINTEXT_HOST) (kafka.network.SocketServer)
turbofan-kafka  | [2026-08-09 00:02:57,903] INFO [zk-broker-1-to-controller-alter-partition-channel-manager]: Starting (kafka.server.BrokerToControllerRequestThread)
turbofan-kafka  | [2026-08-09 00:02:57,911] INFO [ExpirationReaper-1-Produce]: Starting (kafka.server.DelayedOperationPurgatory$ExpiredOperationReaper)
turbofan-kafka  | [2026-08-09 00:02:57,912] INFO [ExpirationReaper-1-Fetch]: Starting (kafka.server.DelayedOperationPurgatory$ExpiredOperationReaper)
turbofan-kafka  | [2026-08-09 00:02:57,912] INFO [ExpirationReaper-1-DeleteRecords]: Starting (kafka.server.DelayedOperationPurgatory$ExpiredOperationReaper)
turbofan-kafka  | [2026-08-09 00:02:57,912] INFO [ExpirationReaper-1-ElectLeader]: Starting (kafka.server.DelayedOperationPurgatory$ExpiredOperationReaper)
turbofan-kafka  | [2026-08-09 00:02:57,917] INFO [LogDirFailureHandler]: Starting (kafka.server.ReplicaManager$LogDirFailureHandler)
turbofan-kafka  | [2026-08-09 00:02:57,937] INFO Creating /brokers/ids/1 (is it secure? false) (kafka.zk.KafkaZkClient)
turbofan-kafka  | [2026-08-09 00:02:57,943] ERROR Error while creating ephemeral at /brokers/ids/1, node already exists and owner '0x100000839760001' does not match current session '0x10000000fe40003' (kafka.zk.KafkaZkClient$CheckedEphemeral)
turbofan-kafka  | [2026-08-09 00:02:57,945] ERROR [KafkaServer id=1] Fatal error during KafkaServer startup. Prepare to shutdown (kafka.server.KafkaServer)
turbofan-kafka  | org.apache.zookeeper.KeeperException$NodeExistsException: KeeperErrorCode = NodeExists
turbofan-kafka  | 	at org.apache.zookeeper.KeeperException.create(KeeperException.java:126)
turbofan-kafka  | 	at kafka.zk.KafkaZkClient$CheckedEphemeral.getAfterNodeExists(KafkaZkClient.scala:2189)
turbofan-kafka  | 	at kafka.zk.KafkaZkClient$CheckedEphemeral.create(KafkaZkClient.scala:2127)
turbofan-kafka  | 	at kafka.zk.KafkaZkClient.checkedEphemeralCreate(KafkaZkClient.scala:2094)
turbofan-kafka  | 	at kafka.zk.KafkaZkClient.registerBroker(KafkaZkClient.scala:106)
turbofan-kafka  | 	at kafka.server.KafkaServer.startup(KafkaServer.scala:365)
turbofan-kafka  | 	at kafka.Kafka$.main(Kafka.scala:113)
turbofan-kafka  | 	at kafka.Kafka.main(Kafka.scala)
turbofan-kafka  | [2026-08-09 00:02:57,946] INFO [KafkaServer id=1] shutting down (kafka.server.KafkaServer)
turbofan-kafka  | [2026-08-09 00:02:57,947] INFO [SocketServer listenerType=ZK_BROKER, nodeId=1] Stopping socket server request processors (kafka.network.SocketServer)
turbofan-kafka  | [2026-08-09 00:02:57,948] INFO [SocketServer listenerType=ZK_BROKER, nodeId=1] Stopped socket server request processors (kafka.network.SocketServer)
turbofan-kafka  | [2026-08-09 00:02:57,950] INFO [ReplicaManager broker=1] Shutting down (kafka.server.ReplicaManager)
turbofan-kafka  | [2026-08-09 00:02:57,950] INFO [LogDirFailureHandler]: Shutting down (kafka.server.ReplicaManager$LogDirFailureHandler)
turbofan-kafka  | [2026-08-09 00:02:57,951] INFO [LogDirFailureHandler]: Stopped (kafka.server.ReplicaManager$LogDirFailureHandler)
turbofan-kafka  | [2026-08-09 00:02:57,951] INFO [LogDirFailureHandler]: Shutdown completed (kafka.server.ReplicaManager$LogDirFailureHandler)
turbofan-kafka  | [2026-08-09 00:02:57,951] INFO [ReplicaFetcherManager on broker 1] shutting down (kafka.server.ReplicaFetcherManager)
turbofan-kafka  | [2026-08-09 00:02:57,952] INFO [ReplicaFetcherManager on broker 1] shutdown completed (kafka.server.ReplicaFetcherManager)
turbofan-kafka  | [2026-08-09 00:02:57,952] INFO [ReplicaAlterLogDirsManager on broker 1] shutting down (kafka.server.ReplicaAlterLogDirsManager)
turbofan-kafka  | [2026-08-09 00:02:57,952] INFO [ReplicaAlterLogDirsManager on broker 1] shutdown completed (kafka.server.ReplicaAlterLogDirsManager)
turbofan-kafka  | [2026-08-09 00:02:57,952] INFO [ExpirationReaper-1-Fetch]: Shutting down (kafka.server.DelayedOperationPurgatory$ExpiredOperationReaper)
turbofan-kafka  | [2026-08-09 00:02:57,953] INFO [ExpirationReaper-1-Fetch]: Stopped (kafka.server.DelayedOperationPurgatory$ExpiredOperationReaper)
turbofan-kafka  | [2026-08-09 00:02:57,953] INFO [ExpirationReaper-1-Fetch]: Shutdown completed (kafka.server.DelayedOperationPurgatory$ExpiredOperationReaper)
turbofan-kafka  | [2026-08-09 00:02:57,953] INFO [ExpirationReaper-1-Produce]: Shutting down (kafka.server.DelayedOperationPurgatory$ExpiredOperationReaper)
turbofan-kafka  | [2026-08-09 00:02:57,954] INFO [ExpirationReaper-1-Produce]: Stopped (kafka.server.DelayedOperationPurgatory$ExpiredOperationReaper)
turbofan-kafka  | [2026-08-09 00:02:57,954] INFO [ExpirationReaper-1-Produce]: Shutdown completed (kafka.server.DelayedOperationPurgatory$ExpiredOperationReaper)
turbofan-kafka  | [2026-08-09 00:02:57,954] INFO [ExpirationReaper-1-DeleteRecords]: Shutting down (kafka.server.DelayedOperationPurgatory$ExpiredOperationReaper)
turbofan-kafka  | [2026-08-09 00:02:57,954] INFO [ExpirationReaper-1-DeleteRecords]: Stopped (kafka.server.DelayedOperationPurgatory$ExpiredOperationReaper)
turbofan-kafka  | [2026-08-09 00:02:57,954] INFO [ExpirationReaper-1-DeleteRecords]: Shutdown completed (kafka.server.DelayedOperationPurgatory$ExpiredOperationReaper)
turbofan-kafka  | [2026-08-09 00:02:57,955] INFO [ExpirationReaper-1-ElectLeader]: Shutting down (kafka.server.DelayedOperationPurgatory$ExpiredOperationReaper)
turbofan-kafka  | [2026-08-09 00:02:57,955] INFO [ExpirationReaper-1-ElectLeader]: Stopped (kafka.server.DelayedOperationPurgatory$ExpiredOperationReaper)
turbofan-kafka  | [2026-08-09 00:02:57,955] INFO [ExpirationReaper-1-ElectLeader]: Shutdown completed (kafka.server.DelayedOperationPurgatory$ExpiredOperationReaper)
turbofan-kafka  | [2026-08-09 00:02:57,958] INFO [ReplicaManager broker=1] Shut down completely (kafka.server.ReplicaManager)
turbofan-kafka  | [2026-08-09 00:02:57,958] INFO [zk-broker-1-to-controller-alter-partition-channel-manager]: Shutting down (kafka.server.BrokerToControllerRequestThread)
turbofan-kafka  | [2026-08-09 00:02:57,958] INFO [zk-broker-1-to-controller-alter-partition-channel-manager]: Stopped (kafka.server.BrokerToControllerRequestThread)
turbofan-kafka  | [2026-08-09 00:02:57,958] INFO [zk-broker-1-to-controller-alter-partition-channel-manager]: Shutdown completed (kafka.server.BrokerToControllerRequestThread)
turbofan-kafka  | [2026-08-09 00:02:57,959] INFO Broker to controller channel manager for alter-partition shutdown (kafka.server.BrokerToControllerChannelManagerImpl)
turbofan-kafka  | [2026-08-09 00:02:57,959] INFO [zk-broker-1-to-controller-forwarding-channel-manager]: Shutting down (kafka.server.BrokerToControllerRequestThread)
turbofan-kafka  | [2026-08-09 00:02:57,959] INFO [zk-broker-1-to-controller-forwarding-channel-manager]: Stopped (kafka.server.BrokerToControllerRequestThread)
turbofan-kafka  | [2026-08-09 00:02:57,959] INFO [zk-broker-1-to-controller-forwarding-channel-manager]: Shutdown completed (kafka.server.BrokerToControllerRequestThread)
turbofan-kafka  | [2026-08-09 00:02:57,959] INFO Broker to controller channel manager for forwarding shutdown (kafka.server.BrokerToControllerChannelManagerImpl)
turbofan-kafka  | [2026-08-09 00:02:57,960] INFO Shutting down. (kafka.log.LogManager)
turbofan-kafka  | [2026-08-09 00:02:57,960] INFO Shutting down the log cleaner. (kafka.log.LogCleaner)
turbofan-kafka  | [2026-08-09 00:02:57,960] INFO [kafka-log-cleaner-thread-0]: Shutting down (kafka.log.LogCleaner$CleanerThread)
turbofan-kafka  | [2026-08-09 00:02:57,960] INFO [kafka-log-cleaner-thread-0]: Stopped (kafka.log.LogCleaner$CleanerThread)
turbofan-kafka  | [2026-08-09 00:02:57,960] INFO [kafka-log-cleaner-thread-0]: Shutdown completed (kafka.log.LogCleaner$CleanerThread)
turbofan-kafka  | [2026-08-09 00:02:57,967] INFO Shutdown complete. (kafka.log.LogManager)
turbofan-kafka  | [2026-08-09 00:02:57,968] INFO [feature-zk-node-event-process-thread]: Shutting down (kafka.server.FinalizedFeatureChangeListener$ChangeNotificationProcessorThread)
turbofan-kafka  | [2026-08-09 00:02:57,968] INFO [feature-zk-node-event-process-thread]: Shutdown completed (kafka.server.FinalizedFeatureChangeListener$ChangeNotificationProcessorThread)
turbofan-kafka  | [2026-08-09 00:02:57,968] INFO [feature-zk-node-event-process-thread]: Stopped (kafka.server.FinalizedFeatureChangeListener$ChangeNotificationProcessorThread)
turbofan-kafka  | [2026-08-09 00:02:57,968] INFO [ZooKeeperClient Kafka server] Closing. (kafka.zookeeper.ZooKeeperClient)
turbofan-kafka  | [2026-08-09 00:02:58,075] INFO Session: 0x10000000fe40003 closed (org.apache.zookeeper.ZooKeeper)
turbofan-kafka  | [2026-08-09 00:02:58,075] INFO EventThread shut down for session: 0x10000000fe40003 (org.apache.zookeeper.ClientCnxn)
turbofan-kafka  | [2026-08-09 00:02:58,076] INFO [ZooKeeperClient Kafka server] Closed. (kafka.zookeeper.ZooKeeperClient)
turbofan-kafka  | [2026-08-09 00:02:58,076] INFO [ThrottledChannelReaper-Fetch]: Shutting down (kafka.server.ClientQuotaManager$ThrottledChannelReaper)
turbofan-kafka  | [2026-08-09 00:02:58,077] INFO [ThrottledChannelReaper-Fetch]: Stopped (kafka.server.ClientQuotaManager$ThrottledChannelReaper)
turbofan-kafka  | [2026-08-09 00:02:58,077] INFO [ThrottledChannelReaper-Fetch]: Shutdown completed (kafka.server.ClientQuotaManager$ThrottledChannelReaper)
turbofan-kafka  | [2026-08-09 00:02:58,077] INFO [ThrottledChannelReaper-Produce]: Shutting down (kafka.server.ClientQuotaManager$ThrottledChannelReaper)
turbofan-kafka  | [2026-08-09 00:02:58,078] INFO [ThrottledChannelReaper-Produce]: Stopped (kafka.server.ClientQuotaManager$ThrottledChannelReaper)
turbofan-kafka  | [2026-08-09 00:02:58,078] INFO [ThrottledChannelReaper-Produce]: Shutdown completed (kafka.server.ClientQuotaManager$ThrottledChannelReaper)
turbofan-kafka  | [2026-08-09 00:02:58,078] INFO [ThrottledChannelReaper-Request]: Shutting down (kafka.server.ClientQuotaManager$ThrottledChannelReaper)
turbofan-kafka  | [2026-08-09 00:02:58,078] INFO [ThrottledChannelReaper-Request]: Stopped (kafka.server.ClientQuotaManager$ThrottledChannelReaper)
turbofan-kafka  | [2026-08-09 00:02:58,078] INFO [ThrottledChannelReaper-Request]: Shutdown completed (kafka.server.ClientQuotaManager$ThrottledChannelReaper)
turbofan-kafka  | [2026-08-09 00:02:58,078] INFO [ThrottledChannelReaper-ControllerMutation]: Shutting down (kafka.server.ClientQuotaManager$ThrottledChannelReaper)
turbofan-kafka  | [2026-08-09 00:02:58,078] INFO [ThrottledChannelReaper-ControllerMutation]: Stopped (kafka.server.ClientQuotaManager$ThrottledChannelReaper)
turbofan-kafka  | [2026-08-09 00:02:58,078] INFO [ThrottledChannelReaper-ControllerMutation]: Shutdown completed (kafka.server.ClientQuotaManager$ThrottledChannelReaper)
turbofan-kafka  | [2026-08-09 00:02:58,079] INFO [SocketServer listenerType=ZK_BROKER, nodeId=1] Shutting down socket server (kafka.network.SocketServer)
turbofan-kafka  | [2026-08-09 00:02:58,091] INFO [SocketServer listenerType=ZK_BROKER, nodeId=1] Shutdown completed (kafka.network.SocketServer)
turbofan-kafka  | [2026-08-09 00:02:58,091] INFO Metrics scheduler closed (org.apache.kafka.common.metrics.Metrics)
turbofan-kafka  | [2026-08-09 00:02:58,091] INFO Metrics reporters closed (org.apache.kafka.common.metrics.Metrics)
turbofan-kafka  | [2026-08-09 00:02:58,092] INFO Broker and topic stats closed (kafka.server.BrokerTopicStats)
turbofan-kafka  | [2026-08-09 00:02:58,094] INFO App info kafka.server for 1 unregistered (org.apache.kafka.common.utils.AppInfoParser)
turbofan-kafka  | [2026-08-09 00:02:58,094] INFO [KafkaServer id=1] shut down completed (kafka.server.KafkaServer)
turbofan-kafka  | [2026-08-09 00:02:58,095] ERROR Exiting Kafka due to fatal exception during startup. (kafka.Kafka$)
turbofan-kafka  | org.apache.zookeeper.KeeperException$NodeExistsException: KeeperErrorCode = NodeExists
turbofan-kafka  | 	at org.apache.zookeeper.KeeperException.create(KeeperException.java:126)
turbofan-kafka  | 	at kafka.zk.KafkaZkClient$CheckedEphemeral.getAfterNodeExists(KafkaZkClient.scala:2189)
turbofan-kafka  | 	at kafka.zk.KafkaZkClient$CheckedEphemeral.create(KafkaZkClient.scala:2127)
turbofan-kafka  | 	at kafka.zk.KafkaZkClient.checkedEphemeralCreate(KafkaZkClient.scala:2094)
turbofan-kafka  | 	at kafka.zk.KafkaZkClient.registerBroker(KafkaZkClient.scala:106)
turbofan-kafka  | 	at kafka.server.KafkaServer.startup(KafkaServer.scala:365)
turbofan-kafka  | 	at kafka.Kafka$.main(Kafka.scala:113)
turbofan-kafka  | 	at kafka.Kafka.main(Kafka.scala)
turbofan-kafka  | [2026-08-09 00:02:58,095] INFO [KafkaServer id=1] shutting down (kafka.server.KafkaServer)
turbofan-kafka  | ===> User
turbofan-kafka  | uid=1000(appuser) gid=1000(appuser) groups=1000(appuser)
turbofan-kafka  | ===> Configuring ...
turbofan-kafka  | Running in Zookeeper mode...
turbofan-kafka  | ===> Running preflight checks ... 
turbofan-kafka  | ===> Check if /var/lib/kafka/data is writable ...
turbofan-kafka  | ===> Check if Zookeeper is healthy ...
turbofan-kafka  | [2026-08-09 00:03:00,293] INFO Client environment:zookeeper.version=3.8.3-6ad6d364c7c0bcf0de452d54ebefa3058098ab56, built on 2023-10-05 10:34 UTC (org.apache.zookeeper.ZooKeeper)
turbofan-kafka  | [2026-08-09 00:03:00,293] INFO Client environment:host.name=93e869bc7857 (org.apache.zookeeper.ZooKeeper)
turbofan-kafka  | [2026-08-09 00:03:00,293] INFO Client environment:java.version=11.0.21 (org.apache.zookeeper.ZooKeeper)
turbofan-kafka  | [2026-08-09 00:03:00,293] INFO Client environment:java.vendor=Azul Systems, Inc. (org.apache.zookeeper.ZooKeeper)
turbofan-kafka  | [2026-08-09 00:03:00,293] INFO Client environment:java.home=/usr/lib/jvm/java-11-zulu-openjdk-ca (org.apache.zookeeper.ZooKeeper)
turbofan-kafka  | [2026-08-09 00:03:00,293] INFO Client environment:java.class.path=/usr/share/java/cp-base-new/snappy-java-1.1.10.5.jar:/usr/share/java/cp-base-new/slf4j-api-1.7.36.jar:/usr/share/java/cp-base-new/jackson-core-2.14.2.jar:/usr/share/java/cp-base-new/jolokia-jvm-1.7.1.jar:/usr/share/java/cp-base-new/zookeeper-3.8.3.jar:/usr/share/java/cp-base-new/re2j-1.6.jar:/usr/share/java/cp-base-new/jackson-dataformat-csv-2.14.2.jar:/usr/share/java/cp-base-new/json-simple-1.1.1.jar:/usr/share/java/cp-base-new/zookeeper-jute-3.8.3.jar:/usr/share/java/cp-base-new/metrics-core-2.2.0.jar:/usr/share/java/cp-base-new/scala-collection-compat_2.13-2.10.0.jar:/usr/share/java/cp-base-new/logredactor-1.0.12.jar:/usr/share/java/cp-base-new/jackson-annotations-2.14.2.jar:/usr/share/java/cp-base-new/logredactor-metrics-1.0.12.jar:/usr/share/java/cp-base-new/commons-cli-1.4.jar:/usr/share/java/cp-base-new/audience-annotations-0.12.0.jar:/usr/share/java/cp-base-new/metrics-core-4.1.12.1.jar:/usr/share/java/cp-base-new/kafka-group-coordinator-7.5.3-ccs.jar:/usr/share/java/cp-base-new/lz4-java-1.8.0.jar:/usr/share/java/cp-base-new/zstd-jni-1.5.5-1.jar:/usr/share/java/cp-base-new/argparse4j-0.7.0.jar:/usr/share/java/cp-base-new/scala-reflect-2.13.10.jar:/usr/share/java/cp-base-new/kafka-clients-7.5.3-ccs.jar:/usr/share/java/cp-base-new/slf4j-reload4j-1.7.36.jar:/usr/share/java/cp-base-new/disk-usage-agent-7.5.3.jar:/usr/share/java/cp-base-new/commons-io-2.11.0.jar:/usr/share/java/cp-base-new/paranamer-2.8.jar:/usr/share/java/cp-base-new/jackson-databind-2.14.2.jar:/usr/share/java/cp-base-new/scala-logging_2.13-3.9.4.jar:/usr/share/java/cp-base-new/kafka-tools-api-7.5.3-ccs.jar:/usr/share/java/cp-base-new/common-utils-7.5.3.jar:/usr/share/java/cp-base-new/kafka_2.13-7.5.3-ccs.jar:/usr/share/java/cp-base-new/reload4j-1.2.25.jar:/usr/share/java/cp-base-new/utility-belt-7.5.3.jar:/usr/share/java/cp-base-new/snakeyaml-2.0.jar:/usr/share/java/cp-base-new/scala-java8-compat_2.13-1.0.2.jar:/usr/share/java/cp-base-new/minimal-json-0.9.5.jar:/usr/share/java/cp-base-new/kafka-metadata-7.5.3-ccs.jar:/usr/share/java/cp-base-new/kafka-raft-7.5.3-ccs.jar:/usr/share/java/cp-base-new/jackson-dataformat-yaml-2.14.2.jar:/usr/share/java/cp-base-new/jopt-simple-5.0.4.jar:/usr/share/java/cp-base-new/kafka-storage-7.5.3-ccs.jar:/usr/share/java/cp-base-new/jackson-datatype-jdk8-2.14.2.jar:/usr/share/java/cp-base-new/jose4j-0.9.3.jar:/usr/share/java/cp-base-new/jmx_prometheus_javaagent-0.18.0.jar:/usr/share/java/cp-base-new/jackson-module-scala_2.13-2.14.2.jar:/usr/share/java/cp-base-new/jolokia-core-1.7.1.jar:/usr/share/java/cp-base-new/gson-2.9.0.jar:/usr/share/java/cp-base-new/kafka-storage-api-7.5.3-ccs.jar:/usr/share/java/cp-base-new/scala-library-2.13.10.jar:/usr/share/java/cp-base-new/kafka-server-common-7.5.3-ccs.jar (org.apache.zookeeper.ZooKeeper)
turbofan-kafka  | [2026-08-09 00:03:00,293] INFO Client environment:java.library.path=/usr/java/packages/lib:/lib:/usr/lib:/usr/lib64:/lib64 (org.apache.zookeeper.ZooKeeper)
turbofan-kafka  | [2026-08-09 00:03:00,293] INFO Client environment:java.io.tmpdir=/tmp (org.apache.zookeeper.ZooKeeper)
turbofan-kafka  | [2026-08-09 00:03:00,293] INFO Client environment:java.compiler=<NA> (org.apache.zookeeper.ZooKeeper)
turbofan-kafka  | [2026-08-09 00:03:00,293] INFO Client environment:os.name=Linux (org.apache.zookeeper.ZooKeeper)
turbofan-kafka  | [2026-08-09 00:03:00,293] INFO Client environment:os.arch=aarch64 (org.apache.zookeeper.ZooKeeper)
turbofan-kafka  | [2026-08-09 00:03:00,293] INFO Client environment:os.version=6.12.76-linuxkit (org.apache.zookeeper.ZooKeeper)
turbofan-kafka  | [2026-08-09 00:03:00,293] INFO Client environment:user.name=appuser (org.apache.zookeeper.ZooKeeper)
turbofan-kafka  | [2026-08-09 00:03:00,293] INFO Client environment:user.home=/home/appuser (org.apache.zookeeper.ZooKeeper)
turbofan-kafka  | [2026-08-09 00:03:00,293] INFO Client environment:user.dir=/home/appuser (org.apache.zookeeper.ZooKeeper)
turbofan-kafka  | [2026-08-09 00:03:00,293] INFO Client environment:os.memory.free=114MB (org.apache.zookeeper.ZooKeeper)
turbofan-kafka  | [2026-08-09 00:03:00,293] INFO Client environment:os.memory.max=1960MB (org.apache.zookeeper.ZooKeeper)
turbofan-kafka  | [2026-08-09 00:03:00,293] INFO Client environment:os.memory.total=124MB (org.apache.zookeeper.ZooKeeper)
turbofan-kafka  | [2026-08-09 00:03:00,294] INFO Initiating client connection, connectString=zookeeper:2181 sessionTimeout=40000 watcher=io.confluent.admin.utils.ZookeeperConnectionWatcher@62bd765 (org.apache.zookeeper.ZooKeeper)
turbofan-kafka  | [2026-08-09 00:03:00,296] INFO Setting -D jdk.tls.rejectClientInitiatedRenegotiation=true to disable client-initiated TLS renegotiation (org.apache.zookeeper.common.X509Util)
turbofan-kafka  | [2026-08-09 00:03:00,298] INFO jute.maxbuffer value is 1048575 Bytes (org.apache.zookeeper.ClientCnxnSocket)
turbofan-kafka  | [2026-08-09 00:03:00,300] INFO zookeeper.request.timeout value is 0. feature enabled=false (org.apache.zookeeper.ClientCnxn)
turbofan-kafka  | [2026-08-09 00:03:00,308] INFO Opening socket connection to server zookeeper/172.18.0.7:2181. (org.apache.zookeeper.ClientCnxn)
turbofan-kafka  | [2026-08-09 00:03:00,308] INFO SASL config status: Will not attempt to authenticate using SASL (unknown error) (org.apache.zookeeper.ClientCnxn)
turbofan-kafka  | [2026-08-09 00:03:00,312] INFO Socket connection established, initiating session, client: /172.18.0.8:34600, server: zookeeper/172.18.0.7:2181 (org.apache.zookeeper.ClientCnxn)
turbofan-kafka  | [2026-08-09 00:03:00,314] INFO Session establishment complete on server zookeeper/172.18.0.7:2181, session id = 0x10000000fe40004, negotiated timeout = 40000 (org.apache.zookeeper.ClientCnxn)
turbofan-kafka  | [2026-08-09 00:03:00,420] INFO Session: 0x10000000fe40004 closed (org.apache.zookeeper.ZooKeeper)
turbofan-kafka  | [2026-08-09 00:03:00,420] INFO EventThread shut down for session: 0x10000000fe40004 (org.apache.zookeeper.ClientCnxn)
turbofan-kafka  | Using log4j config /etc/kafka/log4j.properties
turbofan-kafka  | ===> Launching ... 
turbofan-kafka  | ===> Launching kafka ... 
turbofan-kafka  | [2026-08-09 00:03:00,668] INFO Registered kafka:type=kafka.Log4jController MBean (kafka.utils.Log4jControllerRegistration$)
turbofan-kafka  | [2026-08-09 00:03:00,776] INFO Setting -D jdk.tls.rejectClientInitiatedRenegotiation=true to disable client-initiated TLS renegotiation (org.apache.zookeeper.common.X509Util)
turbofan-kafka  | [2026-08-09 00:03:00,803] INFO Registered signal handlers for TERM, INT, HUP (org.apache.kafka.common.utils.LoggingSignalHandler)
turbofan-kafka  | [2026-08-09 00:03:00,804] INFO starting (kafka.server.KafkaServer)
turbofan-kafka  | [2026-08-09 00:03:00,804] INFO Connecting to zookeeper on zookeeper:2181 (kafka.server.KafkaServer)
turbofan-kafka  | [2026-08-09 00:03:00,810] INFO [ZooKeeperClient Kafka server] Initializing a new session to zookeeper:2181. (kafka.zookeeper.ZooKeeperClient)
turbofan-kafka  | [2026-08-09 00:03:00,811] INFO Client environment:zookeeper.version=3.8.3-6ad6d364c7c0bcf0de452d54ebefa3058098ab56, built on 2023-10-05 10:34 UTC (org.apache.zookeeper.ZooKeeper)
turbofan-kafka  | [2026-08-09 00:03:00,811] INFO Client environment:host.name=93e869bc7857 (org.apache.zookeeper.ZooKeeper)
turbofan-kafka  | [2026-08-09 00:03:00,811] INFO Client environment:java.version=11.0.21 (org.apache.zookeeper.ZooKeeper)
turbofan-kafka  | [2026-08-09 00:03:00,811] INFO Client environment:java.vendor=Azul Systems, Inc. (org.apache.zookeeper.ZooKeeper)
turbofan-kafka  | [2026-08-09 00:03:00,811] INFO Client environment:java.home=/usr/lib/jvm/java-11-zulu-openjdk-ca (org.apache.zookeeper.ZooKeeper)
turbofan-kafka  | [2026-08-09 00:03:00,811] INFO Client environment:java.class.path=/usr/bin/../share/java/kafka/hk2-utils-2.6.1.jar:/usr/bin/../share/java/kafka/jetty-http-9.4.53.v20231009.jar:/usr/bin/../share/java/kafka/snappy-java-1.1.10.5.jar:/usr/bin/../share/java/kafka/slf4j-api-1.7.36.jar:/usr/bin/../share/java/kafka/connect-api-7.5.3-ccs.jar:/usr/bin/../share/java/kafka/jersey-common-2.39.1.jar:/usr/bin/../share/java/kafka/connect-mirror-client-7.5.3-ccs.jar:/usr/bin/../share/java/kafka/netty-common-4.1.100.Final.jar:/usr/bin/../share/java/kafka/jetty-servlets-9.4.53.v20231009.jar:/usr/bin/../share/java/kafka/hk2-api-2.6.1.jar:/usr/bin/../share/java/kafka/jackson-datatype-jdk8-2.13.5.jar:/usr/bin/../share/java/kafka/jline-3.22.0.jar:/usr/bin/../share/java/kafka/jakarta.annotation-api-1.3.5.jar:/usr/bin/../share/java/kafka/activation-1.1.1.jar:/usr/bin/../share/java/kafka/jackson-module-scala_2.13-2.13.5.jar:/usr/bin/../share/java/kafka/jetty-io-9.4.53.v20231009.jar:/usr/bin/../share/java/kafka/zookeeper-3.8.3.jar:/usr/bin/../share/java/kafka/connect-basic-auth-extension-7.5.3-ccs.jar:/usr/bin/../share/java/kafka/plexus-utils-3.3.1.jar:/usr/bin/../share/java/kafka/jetty-continuation-9.4.53.v20231009.jar:/usr/bin/../share/java/kafka/jackson-jaxrs-base-2.13.5.jar:/usr/bin/../share/java/kafka/connect-mirror-7.5.3-ccs.jar:/usr/bin/../share/java/kafka/netty-handler-4.1.100.Final.jar:/usr/bin/../share/java/kafka/kafka-streams-examples-7.5.3-ccs.jar:/usr/bin/../share/java/kafka/trogdor-7.5.3-ccs.jar:/usr/bin/../share/java/kafka/jetty-client-9.4.53.v20231009.jar:/usr/bin/../share/java/kafka/jetty-security-9.4.53.v20231009.jar:/usr/bin/../share/java/kafka/zookeeper-jute-3.8.3.jar:/usr/bin/../share/java/kafka/metrics-core-2.2.0.jar:/usr/bin/../share/java/kafka/jakarta.activation-api-1.2.2.jar:/usr/bin/../share/java/kafka/kafka.jar:/usr/bin/../share/java/kafka/scala-collection-compat_2.13-2.10.0.jar:/usr/bin/../share/java/kafka/jakarta.validation-api-2.0.2.jar:/usr/bin/../share/java/kafka/hk2-locator-2.6.1.jar:/usr/bin/../share/java/kafka/netty-transport-native-unix-common-4.1.100.Final.jar:/usr/bin/../share/java/kafka/jackson-core-2.13.5.jar:/usr/bin/../share/java/kafka/javax.annotation-api-1.3.2.jar:/usr/bin/../share/java/kafka/aopalliance-repackaged-2.6.1.jar:/usr/bin/../share/java/kafka/jakarta.xml.bind-api-2.3.3.jar:/usr/bin/../share/java/kafka/jakarta.inject-2.6.1.jar:/usr/bin/../share/java/kafka/commons-cli-1.4.jar:/usr/bin/../share/java/kafka/audience-annotations-0.12.0.jar:/usr/bin/../share/java/kafka/metrics-core-4.1.12.1.jar:/usr/bin/../share/java/kafka/kafka-streams-scala_2.13-7.5.3-ccs.jar:/usr/bin/../share/java/kafka/kafka-group-coordinator-7.5.3-ccs.jar:/usr/bin/../share/java/kafka/jackson-annotations-2.13.5.jar:/usr/bin/../share/java/kafka/lz4-java-1.8.0.jar:/usr/bin/../share/java/kafka/zstd-jni-1.5.5-1.jar:/usr/bin/../share/java/kafka/javassist-3.29.2-GA.jar:/usr/bin/../share/java/kafka/jersey-container-servlet-core-2.39.1.jar:/usr/bin/../share/java/kafka/connect-runtime-7.5.3-ccs.jar:/usr/bin/../share/java/kafka/netty-transport-native-epoll-4.1.100.Final.jar:/usr/bin/../share/java/kafka/netty-buffer-4.1.100.Final.jar:/usr/bin/../share/java/kafka/jetty-servlet-9.4.53.v20231009.jar:/usr/bin/../share/java/kafka/swagger-annotations-2.2.8.jar:/usr/bin/../share/java/kafka/jetty-util-9.4.53.v20231009.jar:/usr/bin/../share/java/kafka/rocksdbjni-7.9.2.jar:/usr/bin/../share/java/kafka/jackson-jaxrs-json-provider-2.13.5.jar:/usr/bin/../share/java/kafka/jersey-container-servlet-2.39.1.jar:/usr/bin/../share/java/kafka/argparse4j-0.7.0.jar:/usr/bin/../share/java/kafka/javax.ws.rs-api-2.1.1.jar:/usr/bin/../share/java/kafka/scala-reflect-2.13.10.jar:/usr/bin/../share/java/kafka/kafka-clients-7.5.3-ccs.jar:/usr/bin/../share/java/kafka/slf4j-reload4j-1.7.36.jar:/usr/bin/../share/java/kafka/kafka-streams-7.5.3-ccs.jar:/usr/bin/../share/java/kafka/commons-io-2.11.0.jar:/usr/bin/../share/java/kafka/netty-codec-4.1.100.Final.jar:/usr/bin/../share/java/kafka/commons-lang3-3.8.1.jar:/usr/bin/../share/java/kafka/paranamer-2.8.jar:/usr/bin/../share/java/kafka/scala-logging_2.13-3.9.4.jar:/usr/bin/../share/java/kafka/jackson-dataformat-csv-2.13.5.jar:/usr/bin/../share/java/kafka/kafka-tools-api-7.5.3-ccs.jar:/usr/bin/../share/java/kafka/kafka-shell-7.5.3-ccs.jar:/usr/bin/../share/java/kafka/javax.servlet-api-3.1.0.jar:/usr/bin/../share/java/kafka/connect-json-7.5.3-ccs.jar:/usr/bin/../share/java/kafka/kafka_2.13-7.5.3-ccs.jar:/usr/bin/../share/java/kafka/jersey-client-2.39.1.jar:/usr/bin/../share/java/kafka/reload4j-1.2.25.jar:/usr/bin/../share/java/kafka/jaxb-api-2.3.1.jar:/usr/bin/../share/java/kafka/jakarta.ws.rs-api-2.1.6.jar:/usr/bin/../share/java/kafka/scala-java8-compat_2.13-1.0.2.jar:/usr/bin/../share/java/kafka/kafka-metadata-7.5.3-ccs.jar:/usr/bin/../share/java/kafka/kafka-raft-7.5.3-ccs.jar:/usr/bin/../share/java/kafka/jopt-simple-5.0.4.jar:/usr/bin/../share/java/kafka/kafka-storage-7.5.3-ccs.jar:/usr/bin/../share/java/kafka/jackson-module-jaxb-annotations-2.13.5.jar:/usr/bin/../share/java/kafka/jose4j-0.9.3.jar:/usr/bin/../share/java/kafka/maven-artifact-3.8.8.jar:/usr/bin/../share/java/kafka/netty-resolver-4.1.100.Final.jar:/usr/bin/../share/java/kafka/javax.activation-api-1.2.0.jar:/usr/bin/../share/java/kafka/jersey-server-2.39.1.jar:/usr/bin/../share/java/kafka/osgi-resource-locator-1.0.3.jar:/usr/bin/../share/java/kafka/jetty-server-9.4.53.v20231009.jar:/usr/bin/../share/java/kafka/netty-transport-4.1.100.Final.jar:/usr/bin/../share/java/kafka/kafka-tools-7.5.3-ccs.jar:/usr/bin/../share/java/kafka/connect-transforms-7.5.3-ccs.jar:/usr/bin/../share/java/kafka/jetty-util-ajax-9.4.53.v20231009.jar:/usr/bin/../share/java/kafka/kafka-log4j-appender-7.5.3-ccs.jar:/usr/bin/../share/java/kafka/netty-transport-classes-epoll-4.1.100.Final.jar:/usr/bin/../share/java/kafka/kafka-storage-api-7.5.3-ccs.jar:/usr/bin/../share/java/kafka/scala-library-2.13.10.jar:/usr/bin/../share/java/kafka/kafka-server-common-7.5.3-ccs.jar:/usr/bin/../share/java/kafka/jersey-hk2-2.39.1.jar:/usr/bin/../share/java/kafka/kafka-streams-test-utils-7.5.3-ccs.jar:/usr/bin/../share/java/kafka/jackson-databind-2.13.5.jar:/usr/bin/../share/java/kafka/reflections-0.9.12.jar:/usr/bin/../share/java/confluent-telemetry/* (org.apache.zookeeper.ZooKeeper)
turbofan-kafka  | [2026-08-09 00:03:00,811] INFO Client environment:java.library.path=/usr/java/packages/lib:/lib:/usr/lib:/usr/lib64:/lib64 (org.apache.zookeeper.ZooKeeper)
turbofan-kafka  | [2026-08-09 00:03:00,811] INFO Client environment:java.io.tmpdir=/tmp (org.apache.zookeeper.ZooKeeper)
turbofan-kafka  | [2026-08-09 00:03:00,811] INFO Client environment:java.compiler=<NA> (org.apache.zookeeper.ZooKeeper)
turbofan-kafka  | [2026-08-09 00:03:00,811] INFO Client environment:os.name=Linux (org.apache.zookeeper.ZooKeeper)
turbofan-kafka  | [2026-08-09 00:03:00,811] INFO Client environment:os.arch=aarch64 (org.apache.zookeeper.ZooKeeper)
turbofan-kafka  | [2026-08-09 00:03:00,811] INFO Client environment:os.version=6.12.76-linuxkit (org.apache.zookeeper.ZooKeeper)
turbofan-kafka  | [2026-08-09 00:03:00,811] INFO Client environment:user.name=appuser (org.apache.zookeeper.ZooKeeper)
turbofan-kafka  | [2026-08-09 00:03:00,811] INFO Client environment:user.home=/home/appuser (org.apache.zookeeper.ZooKeeper)
turbofan-kafka  | [2026-08-09 00:03:00,811] INFO Client environment:user.dir=/home/appuser (org.apache.zookeeper.ZooKeeper)
turbofan-kafka  | [2026-08-09 00:03:00,811] INFO Client environment:os.memory.free=1009MB (org.apache.zookeeper.ZooKeeper)
turbofan-kafka  | [2026-08-09 00:03:00,812] INFO Client environment:os.memory.max=1024MB (org.apache.zookeeper.ZooKeeper)
turbofan-kafka  | [2026-08-09 00:03:00,812] INFO Client environment:os.memory.total=1024MB (org.apache.zookeeper.ZooKeeper)
turbofan-kafka  | [2026-08-09 00:03:00,812] INFO Initiating client connection, connectString=zookeeper:2181 sessionTimeout=18000 watcher=kafka.zookeeper.ZooKeeperClient$ZooKeeperClientWatcher$@1199fe66 (org.apache.zookeeper.ZooKeeper)
turbofan-kafka  | [2026-08-09 00:03:00,813] INFO jute.maxbuffer value is 4194304 Bytes (org.apache.zookeeper.ClientCnxnSocket)
turbofan-kafka  | [2026-08-09 00:03:00,815] INFO zookeeper.request.timeout value is 0. feature enabled=false (org.apache.zookeeper.ClientCnxn)
turbofan-kafka  | [2026-08-09 00:03:00,816] INFO [ZooKeeperClient Kafka server] Waiting until connected. (kafka.zookeeper.ZooKeeperClient)
turbofan-kafka  | [2026-08-09 00:03:00,817] INFO Opening socket connection to server zookeeper/172.18.0.7:2181. (org.apache.zookeeper.ClientCnxn)
turbofan-kafka  | [2026-08-09 00:03:00,819] INFO Socket connection established, initiating session, client: /172.18.0.8:34602, server: zookeeper/172.18.0.7:2181 (org.apache.zookeeper.ClientCnxn)
turbofan-kafka  | [2026-08-09 00:03:00,822] INFO Session establishment complete on server zookeeper/172.18.0.7:2181, session id = 0x10000000fe40005, negotiated timeout = 18000 (org.apache.zookeeper.ClientCnxn)
turbofan-kafka  | [2026-08-09 00:03:00,823] INFO [ZooKeeperClient Kafka server] Connected. (kafka.zookeeper.ZooKeeperClient)
turbofan-kafka  | [2026-08-09 00:03:00,899] INFO Cluster ID = 8x9Cq4-uQwCryGIb583wWQ (kafka.server.KafkaServer)
turbofan-kafka  | [2026-08-09 00:03:00,919] INFO KafkaConfig values: 
turbofan-kafka  | 	advertised.listeners = PLAINTEXT://kafka:9092,PLAINTEXT_HOST://localhost:29092
turbofan-kafka  | 	alter.config.policy.class.name = null
turbofan-kafka  | 	alter.log.dirs.replication.quota.window.num = 11
turbofan-kafka  | 	alter.log.dirs.replication.quota.window.size.seconds = 1
turbofan-kafka  | 	authorizer.class.name = 
turbofan-kafka  | 	auto.create.topics.enable = true
turbofan-kafka  | 	auto.include.jmx.reporter = true
turbofan-kafka  | 	auto.leader.rebalance.enable = true
turbofan-kafka  | 	background.threads = 10
turbofan-kafka  | 	broker.heartbeat.interval.ms = 2000
turbofan-kafka  | 	broker.id = 1
turbofan-kafka  | 	broker.id.generation.enable = true
turbofan-kafka  | 	broker.rack = null
turbofan-kafka  | 	broker.session.timeout.ms = 9000
turbofan-kafka  | 	client.quota.callback.class = null
turbofan-kafka  | 	compression.type = producer
turbofan-kafka  | 	connection.failed.authentication.delay.ms = 100
turbofan-kafka  | 	connections.max.idle.ms = 600000
turbofan-kafka  | 	connections.max.reauth.ms = 0
turbofan-kafka  | 	control.plane.listener.name = null
turbofan-kafka  | 	controlled.shutdown.enable = true
turbofan-kafka  | 	controlled.shutdown.max.retries = 3
turbofan-kafka  | 	controlled.shutdown.retry.backoff.ms = 5000
turbofan-kafka  | 	controller.listener.names = null
turbofan-kafka  | 	controller.quorum.append.linger.ms = 25
turbofan-kafka  | 	controller.quorum.election.backoff.max.ms = 1000
turbofan-kafka  | 	controller.quorum.election.timeout.ms = 1000
turbofan-kafka  | 	controller.quorum.fetch.timeout.ms = 2000
turbofan-kafka  | 	controller.quorum.request.timeout.ms = 2000
turbofan-kafka  | 	controller.quorum.retry.backoff.ms = 20
turbofan-kafka  | 	controller.quorum.voters = []
turbofan-kafka  | 	controller.quota.window.num = 11
turbofan-kafka  | 	controller.quota.window.size.seconds = 1
turbofan-kafka  | 	controller.socket.timeout.ms = 30000
turbofan-kafka  | 	create.topic.policy.class.name = null
turbofan-kafka  | 	default.replication.factor = 1
turbofan-kafka  | 	delegation.token.expiry.check.interval.ms = 3600000
turbofan-kafka  | 	delegation.token.expiry.time.ms = 86400000
turbofan-kafka  | 	delegation.token.master.key = null
turbofan-kafka  | 	delegation.token.max.lifetime.ms = 604800000
turbofan-kafka  | 	delegation.token.secret.key = null
turbofan-kafka  | 	delete.records.purgatory.purge.interval.requests = 1
turbofan-kafka  | 	delete.topic.enable = true
turbofan-kafka  | 	early.start.listeners = null
turbofan-kafka  | 	fetch.max.bytes = 57671680
turbofan-kafka  | 	fetch.purgatory.purge.interval.requests = 1000
turbofan-kafka  | 	group.consumer.assignors = []
turbofan-kafka  | 	group.consumer.heartbeat.interval.ms = 5000
turbofan-kafka  | 	group.consumer.max.heartbeat.interval.ms = 15000
turbofan-kafka  | 	group.consumer.max.session.timeout.ms = 60000
turbofan-kafka  | 	group.consumer.max.size = 2147483647
turbofan-kafka  | 	group.consumer.min.heartbeat.interval.ms = 5000
turbofan-kafka  | 	group.consumer.min.session.timeout.ms = 45000
turbofan-kafka  | 	group.consumer.session.timeout.ms = 45000
turbofan-kafka  | 	group.coordinator.new.enable = false
turbofan-kafka  | 	group.coordinator.threads = 1
turbofan-kafka  | 	group.initial.rebalance.delay.ms = 3000
turbofan-kafka  | 	group.max.session.timeout.ms = 1800000
turbofan-kafka  | 	group.max.size = 2147483647
turbofan-kafka  | 	group.min.session.timeout.ms = 6000
turbofan-kafka  | 	initial.broker.registration.timeout.ms = 60000
turbofan-kafka  | 	inter.broker.listener.name = null
turbofan-kafka  | 	inter.broker.protocol.version = 3.5-IV2
turbofan-kafka  | 	kafka.metrics.polling.interval.secs = 10
turbofan-kafka  | 	kafka.metrics.reporters = []
turbofan-kafka  | 	leader.imbalance.check.interval.seconds = 300
turbofan-kafka  | 	leader.imbalance.per.broker.percentage = 10
turbofan-kafka  | 	listener.security.protocol.map = PLAINTEXT:PLAINTEXT,PLAINTEXT_HOST:PLAINTEXT
turbofan-kafka  | 	listeners = PLAINTEXT://0.0.0.0:9092,PLAINTEXT_HOST://0.0.0.0:29092
turbofan-kafka  | 	log.cleaner.backoff.ms = 15000
turbofan-kafka  | 	log.cleaner.dedupe.buffer.size = 134217728
turbofan-kafka  | 	log.cleaner.delete.retention.ms = 86400000
turbofan-kafka  | 	log.cleaner.enable = true
turbofan-kafka  | 	log.cleaner.io.buffer.load.factor = 0.9
turbofan-kafka  | 	log.cleaner.io.buffer.size = 524288
turbofan-kafka  | 	log.cleaner.io.max.bytes.per.second = 1.7976931348623157E308
turbofan-kafka  | 	log.cleaner.max.compaction.lag.ms = 9223372036854775807
turbofan-kafka  | 	log.cleaner.min.cleanable.ratio = 0.5
turbofan-kafka  | 	log.cleaner.min.compaction.lag.ms = 0
turbofan-kafka  | 	log.cleaner.threads = 1
turbofan-kafka  | 	log.cleanup.policy = [delete]
turbofan-kafka  | 	log.dir = /tmp/kafka-logs
turbofan-kafka  | 	log.dirs = /var/lib/kafka/data
turbofan-kafka  | 	log.flush.interval.messages = 9223372036854775807
turbofan-kafka  | 	log.flush.interval.ms = null
turbofan-kafka  | 	log.flush.offset.checkpoint.interval.ms = 60000
turbofan-kafka  | 	log.flush.scheduler.interval.ms = 9223372036854775807
turbofan-kafka  | 	log.flush.start.offset.checkpoint.interval.ms = 60000
turbofan-kafka  | 	log.index.interval.bytes = 4096
turbofan-kafka  | 	log.index.size.max.bytes = 10485760
turbofan-kafka  | 	log.message.downconversion.enable = true
turbofan-kafka  | 	log.message.format.version = 3.0-IV1
turbofan-kafka  | 	log.message.timestamp.difference.max.ms = 9223372036854775807
turbofan-kafka  | 	log.message.timestamp.type = CreateTime
turbofan-kafka  | 	log.preallocate = false
turbofan-kafka  | 	log.retention.bytes = -1
turbofan-kafka  | 	log.retention.check.interval.ms = 300000
turbofan-kafka  | 	log.retention.hours = 168
turbofan-kafka  | 	log.retention.minutes = null
turbofan-kafka  | 	log.retention.ms = null
turbofan-kafka  | 	log.roll.hours = 168
turbofan-kafka  | 	log.roll.jitter.hours = 0
turbofan-kafka  | 	log.roll.jitter.ms = null
turbofan-kafka  | 	log.roll.ms = null
turbofan-kafka  | 	log.segment.bytes = 1073741824
turbofan-kafka  | 	log.segment.delete.delay.ms = 60000
turbofan-kafka  | 	max.connection.creation.rate = 2147483647
turbofan-kafka  | 	max.connections = 2147483647
turbofan-kafka  | 	max.connections.per.ip = 2147483647
turbofan-kafka  | 	max.connections.per.ip.overrides = 
turbofan-kafka  | 	max.incremental.fetch.session.cache.slots = 1000
turbofan-kafka  | 	message.max.bytes = 1048588
turbofan-kafka  | 	metadata.log.dir = null
turbofan-kafka  | 	metadata.log.max.record.bytes.between.snapshots = 20971520
turbofan-kafka  | 	metadata.log.max.snapshot.interval.ms = 3600000
turbofan-kafka  | 	metadata.log.segment.bytes = 1073741824
turbofan-kafka  | 	metadata.log.segment.min.bytes = 8388608
turbofan-kafka  | 	metadata.log.segment.ms = 604800000
turbofan-kafka  | 	metadata.max.idle.interval.ms = 500
turbofan-kafka  | 	metadata.max.retention.bytes = 104857600
turbofan-kafka  | 	metadata.max.retention.ms = 604800000
turbofan-kafka  | 	metric.reporters = []
turbofan-kafka  | 	metrics.num.samples = 2
turbofan-kafka  | 	metrics.recording.level = INFO
turbofan-kafka  | 	metrics.sample.window.ms = 30000
turbofan-kafka  | 	min.insync.replicas = 1
turbofan-kafka  | 	node.id = 1
turbofan-kafka  | 	num.io.threads = 8
turbofan-kafka  | 	num.network.threads = 3
turbofan-kafka  | 	num.partitions = 1
turbofan-kafka  | 	num.recovery.threads.per.data.dir = 1
turbofan-kafka  | 	num.replica.alter.log.dirs.threads = null
turbofan-kafka  | 	num.replica.fetchers = 1
turbofan-kafka  | 	offset.metadata.max.bytes = 4096
turbofan-kafka  | 	offsets.commit.required.acks = -1
turbofan-kafka  | 	offsets.commit.timeout.ms = 5000
turbofan-kafka  | 	offsets.load.buffer.size = 5242880
turbofan-kafka  | 	offsets.retention.check.interval.ms = 600000
turbofan-kafka  | 	offsets.retention.minutes = 10080
turbofan-kafka  | 	offsets.topic.compression.codec = 0
turbofan-kafka  | 	offsets.topic.num.partitions = 50
turbofan-kafka  | 	offsets.topic.replication.factor = 1
turbofan-kafka  | 	offsets.topic.segment.bytes = 104857600
turbofan-kafka  | 	password.encoder.cipher.algorithm = AES/CBC/PKCS5Padding
turbofan-kafka  | 	password.encoder.iterations = 4096
turbofan-kafka  | 	password.encoder.key.length = 128
turbofan-kafka  | 	password.encoder.keyfactory.algorithm = null
turbofan-kafka  | 	password.encoder.old.secret = null
turbofan-kafka  | 	password.encoder.secret = null
turbofan-kafka  | 	principal.builder.class = class org.apache.kafka.common.security.authenticator.DefaultKafkaPrincipalBuilder
turbofan-kafka  | 	process.roles = []
turbofan-kafka  | 	producer.id.expiration.check.interval.ms = 600000
turbofan-kafka  | 	producer.id.expiration.ms = 86400000
turbofan-kafka  | 	producer.purgatory.purge.interval.requests = 1000
turbofan-kafka  | 	queued.max.request.bytes = -1
turbofan-kafka  | 	queued.max.requests = 500
turbofan-kafka  | 	quota.window.num = 11
turbofan-kafka  | 	quota.window.size.seconds = 1
turbofan-kafka  | 	remote.log.index.file.cache.total.size.bytes = 1073741824
turbofan-kafka  | 	remote.log.manager.task.interval.ms = 30000
turbofan-kafka  | 	remote.log.manager.task.retry.backoff.max.ms = 30000
turbofan-kafka  | 	remote.log.manager.task.retry.backoff.ms = 500
turbofan-kafka  | 	remote.log.manager.task.retry.jitter = 0.2
turbofan-kafka  | 	remote.log.manager.thread.pool.size = 10
turbofan-kafka  | 	remote.log.metadata.manager.class.name = null
turbofan-kafka  | 	remote.log.metadata.manager.class.path = null
turbofan-kafka  | 	remote.log.metadata.manager.impl.prefix = null
turbofan-kafka  | 	remote.log.metadata.manager.listener.name = null
turbofan-kafka  | 	remote.log.reader.max.pending.tasks = 100
turbofan-kafka  | 	remote.log.reader.threads = 10
turbofan-kafka  | 	remote.log.storage.manager.class.name = null
turbofan-kafka  | 	remote.log.storage.manager.class.path = null
turbofan-kafka  | 	remote.log.storage.manager.impl.prefix = null
turbofan-kafka  | 	remote.log.storage.system.enable = false
turbofan-kafka  | 	replica.fetch.backoff.ms = 1000
turbofan-kafka  | 	replica.fetch.max.bytes = 1048576
turbofan-kafka  | 	replica.fetch.min.bytes = 1
turbofan-kafka  | 	replica.fetch.response.max.bytes = 10485760
turbofan-kafka  | 	replica.fetch.wait.max.ms = 500
turbofan-kafka  | 	replica.high.watermark.checkpoint.interval.ms = 5000
turbofan-kafka  | 	replica.lag.time.max.ms = 30000
turbofan-kafka  | 	replica.selector.class = null
turbofan-kafka  | 	replica.socket.receive.buffer.bytes = 65536
turbofan-kafka  | 	replica.socket.timeout.ms = 30000
turbofan-kafka  | 	replication.quota.window.num = 11
turbofan-kafka  | 	replication.quota.window.size.seconds = 1
turbofan-kafka  | 	request.timeout.ms = 30000
turbofan-kafka  | 	reserved.broker.max.id = 1000
turbofan-kafka  | 	sasl.client.callback.handler.class = null
turbofan-kafka  | 	sasl.enabled.mechanisms = [GSSAPI]
turbofan-kafka  | 	sasl.jaas.config = null
turbofan-kafka  | 	sasl.kerberos.kinit.cmd = /usr/bin/kinit
turbofan-kafka  | 	sasl.kerberos.min.time.before.relogin = 60000
turbofan-kafka  | 	sasl.kerberos.principal.to.local.rules = [DEFAULT]
turbofan-kafka  | 	sasl.kerberos.service.name = null
turbofan-kafka  | 	sasl.kerberos.ticket.renew.jitter = 0.05
turbofan-kafka  | 	sasl.kerberos.ticket.renew.window.factor = 0.8
turbofan-kafka  | 	sasl.login.callback.handler.class = null
turbofan-kafka  | 	sasl.login.class = null
turbofan-kafka  | 	sasl.login.connect.timeout.ms = null
turbofan-kafka  | 	sasl.login.read.timeout.ms = null
turbofan-kafka  | 	sasl.login.refresh.buffer.seconds = 300
turbofan-kafka  | 	sasl.login.refresh.min.period.seconds = 60
turbofan-kafka  | 	sasl.login.refresh.window.factor = 0.8
turbofan-kafka  | 	sasl.login.refresh.window.jitter = 0.05
turbofan-kafka  | 	sasl.login.retry.backoff.max.ms = 10000
turbofan-kafka  | 	sasl.login.retry.backoff.ms = 100
turbofan-kafka  | 	sasl.mechanism.controller.protocol = GSSAPI
turbofan-kafka  | 	sasl.mechanism.inter.broker.protocol = GSSAPI
turbofan-kafka  | 	sasl.oauthbearer.clock.skew.seconds = 30
turbofan-kafka  | 	sasl.oauthbearer.expected.audience = null
turbofan-kafka  | 	sasl.oauthbearer.expected.issuer = null
turbofan-kafka  | 	sasl.oauthbearer.jwks.endpoint.refresh.ms = 3600000
turbofan-kafka  | 	sasl.oauthbearer.jwks.endpoint.retry.backoff.max.ms = 10000
turbofan-kafka  | 	sasl.oauthbearer.jwks.endpoint.retry.backoff.ms = 100
turbofan-kafka  | 	sasl.oauthbearer.jwks.endpoint.url = null
turbofan-kafka  | 	sasl.oauthbearer.scope.claim.name = scope
turbofan-kafka  | 	sasl.oauthbearer.sub.claim.name = sub
turbofan-kafka  | 	sasl.oauthbearer.token.endpoint.url = null
turbofan-kafka  | 	sasl.server.callback.handler.class = null
turbofan-kafka  | 	sasl.server.max.receive.size = 524288
turbofan-kafka  | 	security.inter.broker.protocol = PLAINTEXT
turbofan-kafka  | 	security.providers = null
turbofan-kafka  | 	server.max.startup.time.ms = 9223372036854775807
turbofan-kafka  | 	socket.connection.setup.timeout.max.ms = 30000
turbofan-kafka  | 	socket.connection.setup.timeout.ms = 10000
turbofan-kafka  | 	socket.listen.backlog.size = 50
turbofan-kafka  | 	socket.receive.buffer.bytes = 102400
turbofan-kafka  | 	socket.request.max.bytes = 104857600
turbofan-kafka  | 	socket.send.buffer.bytes = 102400
turbofan-kafka  | 	ssl.cipher.suites = []
turbofan-kafka  | 	ssl.client.auth = none
turbofan-kafka  | 	ssl.enabled.protocols = [TLSv1.2, TLSv1.3]
turbofan-kafka  | 	ssl.endpoint.identification.algorithm = https
turbofan-kafka  | 	ssl.engine.factory.class = null
turbofan-kafka  | 	ssl.key.password = null
turbofan-kafka  | 	ssl.keymanager.algorithm = SunX509
turbofan-kafka  | 	ssl.keystore.certificate.chain = null
turbofan-kafka  | 	ssl.keystore.key = null
turbofan-kafka  | 	ssl.keystore.location = null
turbofan-kafka  | 	ssl.keystore.password = null
turbofan-kafka  | 	ssl.keystore.type = JKS
turbofan-kafka  | 	ssl.principal.mapping.rules = DEFAULT
turbofan-kafka  | 	ssl.protocol = TLSv1.3
turbofan-kafka  | 	ssl.provider = null
turbofan-kafka  | 	ssl.secure.random.implementation = null
turbofan-kafka  | 	ssl.trustmanager.algorithm = PKIX
turbofan-kafka  | 	ssl.truststore.certificates = null
turbofan-kafka  | 	ssl.truststore.location = null
turbofan-kafka  | 	ssl.truststore.password = null
turbofan-kafka  | 	ssl.truststore.type = JKS
turbofan-kafka  | 	transaction.abort.timed.out.transaction.cleanup.interval.ms = 10000
turbofan-kafka  | 	transaction.max.timeout.ms = 900000
turbofan-kafka  | 	transaction.remove.expired.transaction.cleanup.interval.ms = 3600000
turbofan-kafka  | 	transaction.state.log.load.buffer.size = 5242880
turbofan-kafka  | 	transaction.state.log.min.isr = 1
turbofan-kafka  | 	transaction.state.log.num.partitions = 50
turbofan-kafka  | 	transaction.state.log.replication.factor = 1
turbofan-kafka  | 	transaction.state.log.segment.bytes = 104857600
turbofan-kafka  | 	transactional.id.expiration.ms = 604800000
turbofan-kafka  | 	unclean.leader.election.enable = false
turbofan-kafka  | 	unstable.api.versions.enable = false
turbofan-kafka  | 	zookeeper.clientCnxnSocket = null
turbofan-kafka  | 	zookeeper.connect = zookeeper:2181
turbofan-kafka  | 	zookeeper.connection.timeout.ms = null
turbofan-kafka  | 	zookeeper.max.in.flight.requests = 10
turbofan-kafka  | 	zookeeper.metadata.migration.enable = false
turbofan-kafka  | 	zookeeper.session.timeout.ms = 18000
turbofan-kafka  | 	zookeeper.set.acl = false
turbofan-kafka  | 	zookeeper.ssl.cipher.suites = null
turbofan-kafka  | 	zookeeper.ssl.client.enable = false
turbofan-kafka  | 	zookeeper.ssl.crl.enable = false
turbofan-kafka  | 	zookeeper.ssl.enabled.protocols = null
turbofan-kafka  | 	zookeeper.ssl.endpoint.identification.algorithm = HTTPS
turbofan-kafka  | 	zookeeper.ssl.keystore.location = null
turbofan-kafka  | 	zookeeper.ssl.keystore.password = null
turbofan-kafka  | 	zookeeper.ssl.keystore.type = null
turbofan-kafka  | 	zookeeper.ssl.ocsp.enable = false
turbofan-kafka  | 	zookeeper.ssl.protocol = TLSv1.2
turbofan-kafka  | 	zookeeper.ssl.truststore.location = null
turbofan-kafka  | 	zookeeper.ssl.truststore.password = null
turbofan-kafka  | 	zookeeper.ssl.truststore.type = null
turbofan-kafka  |  (kafka.server.KafkaConfig)
turbofan-kafka  | [2026-08-09 00:03:00,933] INFO [ThrottledChannelReaper-Fetch]: Starting (kafka.server.ClientQuotaManager$ThrottledChannelReaper)
turbofan-kafka  | [2026-08-09 00:03:00,933] INFO [ThrottledChannelReaper-Produce]: Starting (kafka.server.ClientQuotaManager$ThrottledChannelReaper)
turbofan-kafka  | [2026-08-09 00:03:00,933] INFO [ThrottledChannelReaper-Request]: Starting (kafka.server.ClientQuotaManager$ThrottledChannelReaper)
turbofan-kafka  | [2026-08-09 00:03:00,934] INFO [ThrottledChannelReaper-ControllerMutation]: Starting (kafka.server.ClientQuotaManager$ThrottledChannelReaper)
turbofan-kafka  | [2026-08-09 00:03:00,945] INFO Loading logs from log dirs ArraySeq(/var/lib/kafka/data) (kafka.log.LogManager)
turbofan-kafka  | [2026-08-09 00:03:00,946] INFO No logs found to be loaded in /var/lib/kafka/data (kafka.log.LogManager)
turbofan-kafka  | [2026-08-09 00:03:00,949] INFO Loaded 0 logs in 4ms (kafka.log.LogManager)
turbofan-kafka  | [2026-08-09 00:03:00,950] INFO Starting log cleanup with a period of 300000 ms. (kafka.log.LogManager)
turbofan-kafka  | [2026-08-09 00:03:00,950] INFO Starting log flusher with a default period of 9223372036854775807 ms. (kafka.log.LogManager)
turbofan-kafka  | [2026-08-09 00:03:00,954] INFO Starting the log cleaner (kafka.log.LogCleaner)
turbofan-kafka  | [2026-08-09 00:03:00,959] INFO [kafka-log-cleaner-thread-0]: Starting (kafka.log.LogCleaner$CleanerThread)
turbofan-kafka  | [2026-08-09 00:03:00,971] INFO [feature-zk-node-event-process-thread]: Starting (kafka.server.FinalizedFeatureChangeListener$ChangeNotificationProcessorThread)
turbofan-kafka  | [2026-08-09 00:03:00,977] INFO [MetadataCache brokerId=1] Updated cache from existing <empty> to latest FinalizedFeaturesAndEpoch(features=Map(), epoch=0). (kafka.server.metadata.ZkMetadataCache)
turbofan-kafka  | [2026-08-09 00:03:00,987] INFO [zk-broker-1-to-controller-forwarding-channel-manager]: Starting (kafka.server.BrokerToControllerRequestThread)
turbofan-kafka  | [2026-08-09 00:03:01,102] INFO Updated connection-accept-rate max connection creation rate to 2147483647 (kafka.network.ConnectionQuotas)
turbofan-kafka  | [2026-08-09 00:03:01,113] INFO [SocketServer listenerType=ZK_BROKER, nodeId=1] Created data-plane acceptor and processors for endpoint : ListenerName(PLAINTEXT) (kafka.network.SocketServer)
turbofan-kafka  | [2026-08-09 00:03:01,113] INFO Updated connection-accept-rate max connection creation rate to 2147483647 (kafka.network.ConnectionQuotas)
turbofan-kafka  | [2026-08-09 00:03:01,116] INFO [SocketServer listenerType=ZK_BROKER, nodeId=1] Created data-plane acceptor and processors for endpoint : ListenerName(PLAINTEXT_HOST) (kafka.network.SocketServer)
turbofan-kafka  | [2026-08-09 00:03:01,119] INFO [zk-broker-1-to-controller-alter-partition-channel-manager]: Starting (kafka.server.BrokerToControllerRequestThread)
turbofan-kafka  | [2026-08-09 00:03:01,126] INFO [ExpirationReaper-1-Produce]: Starting (kafka.server.DelayedOperationPurgatory$ExpiredOperationReaper)
turbofan-kafka  | [2026-08-09 00:03:01,127] INFO [ExpirationReaper-1-Fetch]: Starting (kafka.server.DelayedOperationPurgatory$ExpiredOperationReaper)
turbofan-kafka  | [2026-08-09 00:03:01,127] INFO [ExpirationReaper-1-DeleteRecords]: Starting (kafka.server.DelayedOperationPurgatory$ExpiredOperationReaper)
turbofan-kafka  | [2026-08-09 00:03:01,127] INFO [ExpirationReaper-1-ElectLeader]: Starting (kafka.server.DelayedOperationPurgatory$ExpiredOperationReaper)
turbofan-kafka  | [2026-08-09 00:03:01,131] INFO [LogDirFailureHandler]: Starting (kafka.server.ReplicaManager$LogDirFailureHandler)
turbofan-kafka  | [2026-08-09 00:03:01,149] INFO Creating /brokers/ids/1 (is it secure? false) (kafka.zk.KafkaZkClient)
turbofan-kafka  | [2026-08-09 00:03:01,155] ERROR Error while creating ephemeral at /brokers/ids/1, node already exists and owner '0x100000839760001' does not match current session '0x10000000fe40005' (kafka.zk.KafkaZkClient$CheckedEphemeral)
turbofan-kafka  | [2026-08-09 00:03:01,156] ERROR [KafkaServer id=1] Fatal error during KafkaServer startup. Prepare to shutdown (kafka.server.KafkaServer)
turbofan-kafka  | org.apache.zookeeper.KeeperException$NodeExistsException: KeeperErrorCode = NodeExists
turbofan-kafka  | 	at org.apache.zookeeper.KeeperException.create(KeeperException.java:126)
turbofan-kafka  | 	at kafka.zk.KafkaZkClient$CheckedEphemeral.getAfterNodeExists(KafkaZkClient.scala:2189)
turbofan-kafka  | 	at kafka.zk.KafkaZkClient$CheckedEphemeral.create(KafkaZkClient.scala:2127)
turbofan-kafka  | 	at kafka.zk.KafkaZkClient.checkedEphemeralCreate(KafkaZkClient.scala:2094)
turbofan-kafka  | 	at kafka.zk.KafkaZkClient.registerBroker(KafkaZkClient.scala:106)
turbofan-kafka  | 	at kafka.server.KafkaServer.startup(KafkaServer.scala:365)
turbofan-kafka  | 	at kafka.Kafka$.main(Kafka.scala:113)
turbofan-kafka  | 	at kafka.Kafka.main(Kafka.scala)
turbofan-kafka  | [2026-08-09 00:03:01,157] INFO [KafkaServer id=1] shutting down (kafka.server.KafkaServer)
turbofan-kafka  | [2026-08-09 00:03:01,158] INFO [SocketServer listenerType=ZK_BROKER, nodeId=1] Stopping socket server request processors (kafka.network.SocketServer)
turbofan-kafka  | [2026-08-09 00:03:01,159] INFO [SocketServer listenerType=ZK_BROKER, nodeId=1] Stopped socket server request processors (kafka.network.SocketServer)
turbofan-kafka  | [2026-08-09 00:03:01,161] INFO [ReplicaManager broker=1] Shutting down (kafka.server.ReplicaManager)
turbofan-kafka  | [2026-08-09 00:03:01,161] INFO [LogDirFailureHandler]: Shutting down (kafka.server.ReplicaManager$LogDirFailureHandler)
turbofan-kafka  | [2026-08-09 00:03:01,161] INFO [LogDirFailureHandler]: Stopped (kafka.server.ReplicaManager$LogDirFailureHandler)
turbofan-kafka  | [2026-08-09 00:03:01,161] INFO [LogDirFailureHandler]: Shutdown completed (kafka.server.ReplicaManager$LogDirFailureHandler)
turbofan-kafka  | [2026-08-09 00:03:01,161] INFO [ReplicaFetcherManager on broker 1] shutting down (kafka.server.ReplicaFetcherManager)
turbofan-kafka  | [2026-08-09 00:03:01,162] INFO [ReplicaFetcherManager on broker 1] shutdown completed (kafka.server.ReplicaFetcherManager)
turbofan-kafka  | [2026-08-09 00:03:01,162] INFO [ReplicaAlterLogDirsManager on broker 1] shutting down (kafka.server.ReplicaAlterLogDirsManager)
turbofan-kafka  | [2026-08-09 00:03:01,162] INFO [ReplicaAlterLogDirsManager on broker 1] shutdown completed (kafka.server.ReplicaAlterLogDirsManager)
turbofan-kafka  | [2026-08-09 00:03:01,162] INFO [ExpirationReaper-1-Fetch]: Shutting down (kafka.server.DelayedOperationPurgatory$ExpiredOperationReaper)
turbofan-kafka  | [2026-08-09 00:03:01,163] INFO [ExpirationReaper-1-Fetch]: Stopped (kafka.server.DelayedOperationPurgatory$ExpiredOperationReaper)
turbofan-kafka  | [2026-08-09 00:03:01,163] INFO [ExpirationReaper-1-Fetch]: Shutdown completed (kafka.server.DelayedOperationPurgatory$ExpiredOperationReaper)
turbofan-kafka  | [2026-08-09 00:03:01,163] INFO [ExpirationReaper-1-Produce]: Shutting down (kafka.server.DelayedOperationPurgatory$ExpiredOperationReaper)
turbofan-kafka  | [2026-08-09 00:03:01,164] INFO [ExpirationReaper-1-Produce]: Stopped (kafka.server.DelayedOperationPurgatory$ExpiredOperationReaper)
turbofan-kafka  | [2026-08-09 00:03:01,164] INFO [ExpirationReaper-1-Produce]: Shutdown completed (kafka.server.DelayedOperationPurgatory$ExpiredOperationReaper)
turbofan-kafka  | [2026-08-09 00:03:01,164] INFO [ExpirationReaper-1-DeleteRecords]: Shutting down (kafka.server.DelayedOperationPurgatory$ExpiredOperationReaper)
turbofan-kafka  | [2026-08-09 00:03:01,164] INFO [ExpirationReaper-1-DeleteRecords]: Stopped (kafka.server.DelayedOperationPurgatory$ExpiredOperationReaper)
turbofan-kafka  | [2026-08-09 00:03:01,164] INFO [ExpirationReaper-1-DeleteRecords]: Shutdown completed (kafka.server.DelayedOperationPurgatory$ExpiredOperationReaper)
turbofan-kafka  | [2026-08-09 00:03:01,165] INFO [ExpirationReaper-1-ElectLeader]: Shutting down (kafka.server.DelayedOperationPurgatory$ExpiredOperationReaper)
turbofan-kafka  | [2026-08-09 00:03:01,165] INFO [ExpirationReaper-1-ElectLeader]: Stopped (kafka.server.DelayedOperationPurgatory$ExpiredOperationReaper)
turbofan-kafka  | [2026-08-09 00:03:01,165] INFO [ExpirationReaper-1-ElectLeader]: Shutdown completed (kafka.server.DelayedOperationPurgatory$ExpiredOperationReaper)
turbofan-kafka  | [2026-08-09 00:03:01,167] INFO [ReplicaManager broker=1] Shut down completely (kafka.server.ReplicaManager)
turbofan-kafka  | [2026-08-09 00:03:01,167] INFO [zk-broker-1-to-controller-alter-partition-channel-manager]: Shutting down (kafka.server.BrokerToControllerRequestThread)
turbofan-kafka  | [2026-08-09 00:03:01,168] INFO [zk-broker-1-to-controller-alter-partition-channel-manager]: Stopped (kafka.server.BrokerToControllerRequestThread)
turbofan-kafka  | [2026-08-09 00:03:01,168] INFO [zk-broker-1-to-controller-alter-partition-channel-manager]: Shutdown completed (kafka.server.BrokerToControllerRequestThread)
turbofan-kafka  | [2026-08-09 00:03:01,168] INFO Broker to controller channel manager for alter-partition shutdown (kafka.server.BrokerToControllerChannelManagerImpl)
turbofan-kafka  | [2026-08-09 00:03:01,168] INFO [zk-broker-1-to-controller-forwarding-channel-manager]: Shutting down (kafka.server.BrokerToControllerRequestThread)
turbofan-kafka  | [2026-08-09 00:03:01,168] INFO [zk-broker-1-to-controller-forwarding-channel-manager]: Stopped (kafka.server.BrokerToControllerRequestThread)
turbofan-kafka  | [2026-08-09 00:03:01,168] INFO [zk-broker-1-to-controller-forwarding-channel-manager]: Shutdown completed (kafka.server.BrokerToControllerRequestThread)
turbofan-kafka  | [2026-08-09 00:03:01,169] INFO Broker to controller channel manager for forwarding shutdown (kafka.server.BrokerToControllerChannelManagerImpl)
turbofan-kafka  | [2026-08-09 00:03:01,169] INFO Shutting down. (kafka.log.LogManager)
turbofan-kafka  | [2026-08-09 00:03:01,169] INFO Shutting down the log cleaner. (kafka.log.LogCleaner)
turbofan-kafka  | [2026-08-09 00:03:01,169] INFO [kafka-log-cleaner-thread-0]: Shutting down (kafka.log.LogCleaner$CleanerThread)
turbofan-kafka  | [2026-08-09 00:03:01,170] INFO [kafka-log-cleaner-thread-0]: Stopped (kafka.log.LogCleaner$CleanerThread)
turbofan-kafka  | [2026-08-09 00:03:01,170] INFO [kafka-log-cleaner-thread-0]: Shutdown completed (kafka.log.LogCleaner$CleanerThread)
turbofan-kafka  | [2026-08-09 00:03:01,176] INFO Shutdown complete. (kafka.log.LogManager)
turbofan-kafka  | [2026-08-09 00:03:01,177] INFO [feature-zk-node-event-process-thread]: Shutting down (kafka.server.FinalizedFeatureChangeListener$ChangeNotificationProcessorThread)
turbofan-kafka  | [2026-08-09 00:03:01,177] INFO [feature-zk-node-event-process-thread]: Stopped (kafka.server.FinalizedFeatureChangeListener$ChangeNotificationProcessorThread)
turbofan-kafka  | [2026-08-09 00:03:01,177] INFO [feature-zk-node-event-process-thread]: Shutdown completed (kafka.server.FinalizedFeatureChangeListener$ChangeNotificationProcessorThread)
turbofan-kafka  | [2026-08-09 00:03:01,177] INFO [ZooKeeperClient Kafka server] Closing. (kafka.zookeeper.ZooKeeperClient)
turbofan-kafka  | [2026-08-09 00:03:01,281] INFO Session: 0x10000000fe40005 closed (org.apache.zookeeper.ZooKeeper)
turbofan-kafka  | [2026-08-09 00:03:01,281] INFO EventThread shut down for session: 0x10000000fe40005 (org.apache.zookeeper.ClientCnxn)
turbofan-kafka  | [2026-08-09 00:03:01,282] INFO [ZooKeeperClient Kafka server] Closed. (kafka.zookeeper.ZooKeeperClient)
turbofan-kafka  | [2026-08-09 00:03:01,282] INFO [ThrottledChannelReaper-Fetch]: Shutting down (kafka.server.ClientQuotaManager$ThrottledChannelReaper)
turbofan-kafka  | [2026-08-09 00:03:01,283] INFO [ThrottledChannelReaper-Fetch]: Stopped (kafka.server.ClientQuotaManager$ThrottledChannelReaper)
turbofan-kafka  | [2026-08-09 00:03:01,283] INFO [ThrottledChannelReaper-Fetch]: Shutdown completed (kafka.server.ClientQuotaManager$ThrottledChannelReaper)
turbofan-kafka  | [2026-08-09 00:03:01,283] INFO [ThrottledChannelReaper-Produce]: Shutting down (kafka.server.ClientQuotaManager$ThrottledChannelReaper)
turbofan-kafka  | [2026-08-09 00:03:01,283] INFO [ThrottledChannelReaper-Produce]: Stopped (kafka.server.ClientQuotaManager$ThrottledChannelReaper)
turbofan-kafka  | [2026-08-09 00:03:01,283] INFO [ThrottledChannelReaper-Produce]: Shutdown completed (kafka.server.ClientQuotaManager$ThrottledChannelReaper)
turbofan-kafka  | [2026-08-09 00:03:01,283] INFO [ThrottledChannelReaper-Request]: Shutting down (kafka.server.ClientQuotaManager$ThrottledChannelReaper)
turbofan-kafka  | [2026-08-09 00:03:01,284] INFO [ThrottledChannelReaper-Request]: Stopped (kafka.server.ClientQuotaManager$ThrottledChannelReaper)
turbofan-kafka  | [2026-08-09 00:03:01,284] INFO [ThrottledChannelReaper-Request]: Shutdown completed (kafka.server.ClientQuotaManager$ThrottledChannelReaper)
turbofan-kafka  | [2026-08-09 00:03:01,284] INFO [ThrottledChannelReaper-ControllerMutation]: Shutting down (kafka.server.ClientQuotaManager$ThrottledChannelReaper)
turbofan-kafka  | [2026-08-09 00:03:01,284] INFO [ThrottledChannelReaper-ControllerMutation]: Stopped (kafka.server.ClientQuotaManager$ThrottledChannelReaper)
turbofan-kafka  | [2026-08-09 00:03:01,284] INFO [ThrottledChannelReaper-ControllerMutation]: Shutdown completed (kafka.server.ClientQuotaManager$ThrottledChannelReaper)
turbofan-kafka  | [2026-08-09 00:03:01,284] INFO [SocketServer listenerType=ZK_BROKER, nodeId=1] Shutting down socket server (kafka.network.SocketServer)
turbofan-kafka  | [2026-08-09 00:03:01,296] INFO [SocketServer listenerType=ZK_BROKER, nodeId=1] Shutdown completed (kafka.network.SocketServer)
turbofan-kafka  | [2026-08-09 00:03:01,296] INFO Metrics scheduler closed (org.apache.kafka.common.metrics.Metrics)
turbofan-kafka  | [2026-08-09 00:03:01,297] INFO Metrics reporters closed (org.apache.kafka.common.metrics.Metrics)
turbofan-kafka  | [2026-08-09 00:03:01,297] INFO Broker and topic stats closed (kafka.server.BrokerTopicStats)
turbofan-kafka  | [2026-08-09 00:03:01,299] INFO App info kafka.server for 1 unregistered (org.apache.kafka.common.utils.AppInfoParser)
turbofan-kafka  | [2026-08-09 00:03:01,300] INFO [KafkaServer id=1] shut down completed (kafka.server.KafkaServer)
turbofan-kafka  | [2026-08-09 00:03:01,300] ERROR Exiting Kafka due to fatal exception during startup. (kafka.Kafka$)
turbofan-kafka  | org.apache.zookeeper.KeeperException$NodeExistsException: KeeperErrorCode = NodeExists
turbofan-kafka  | 	at org.apache.zookeeper.KeeperException.create(KeeperException.java:126)
turbofan-kafka  | 	at kafka.zk.KafkaZkClient$CheckedEphemeral.getAfterNodeExists(KafkaZkClient.scala:2189)
turbofan-kafka  | 	at kafka.zk.KafkaZkClient$CheckedEphemeral.create(KafkaZkClient.scala:2127)
turbofan-kafka  | 	at kafka.zk.KafkaZkClient.checkedEphemeralCreate(KafkaZkClient.scala:2094)
turbofan-kafka  | 	at kafka.zk.KafkaZkClient.registerBroker(KafkaZkClient.scala:106)
turbofan-kafka  | 	at kafka.server.KafkaServer.startup(KafkaServer.scala:365)
turbofan-kafka  | 	at kafka.Kafka$.main(Kafka.scala:113)
turbofan-kafka  | 	at kafka.Kafka.main(Kafka.scala)
turbofan-kafka  | [2026-08-09 00:03:01,300] INFO [KafkaServer id=1] shutting down (kafka.server.KafkaServer)
turbofan-kafka  | ===> User
turbofan-kafka  | uid=1000(appuser) gid=1000(appuser) groups=1000(appuser)
turbofan-kafka  | ===> Configuring ...
turbofan-kafka  | Running in Zookeeper mode...
turbofan-kafka  | ===> Running preflight checks ... 
turbofan-kafka  | ===> Check if /var/lib/kafka/data is writable ...
turbofan-kafka  | ===> Check if Zookeeper is healthy ...
turbofan-kafka  | [2026-08-09 00:03:03,677] INFO Client environment:zookeeper.version=3.8.3-6ad6d364c7c0bcf0de452d54ebefa3058098ab56, built on 2023-10-05 10:34 UTC (org.apache.zookeeper.ZooKeeper)
turbofan-kafka  | [2026-08-09 00:03:03,677] INFO Client environment:host.name=93e869bc7857 (org.apache.zookeeper.ZooKeeper)
turbofan-kafka  | [2026-08-09 00:03:03,677] INFO Client environment:java.version=11.0.21 (org.apache.zookeeper.ZooKeeper)
turbofan-kafka  | [2026-08-09 00:03:03,677] INFO Client environment:java.vendor=Azul Systems, Inc. (org.apache.zookeeper.ZooKeeper)
turbofan-kafka  | [2026-08-09 00:03:03,677] INFO Client environment:java.home=/usr/lib/jvm/java-11-zulu-openjdk-ca (org.apache.zookeeper.ZooKeeper)
turbofan-kafka  | [2026-08-09 00:03:03,677] INFO Client environment:java.class.path=/usr/share/java/cp-base-new/snappy-java-1.1.10.5.jar:/usr/share/java/cp-base-new/slf4j-api-1.7.36.jar:/usr/share/java/cp-base-new/jackson-core-2.14.2.jar:/usr/share/java/cp-base-new/jolokia-jvm-1.7.1.jar:/usr/share/java/cp-base-new/zookeeper-3.8.3.jar:/usr/share/java/cp-base-new/re2j-1.6.jar:/usr/share/java/cp-base-new/jackson-dataformat-csv-2.14.2.jar:/usr/share/java/cp-base-new/json-simple-1.1.1.jar:/usr/share/java/cp-base-new/zookeeper-jute-3.8.3.jar:/usr/share/java/cp-base-new/metrics-core-2.2.0.jar:/usr/share/java/cp-base-new/scala-collection-compat_2.13-2.10.0.jar:/usr/share/java/cp-base-new/logredactor-1.0.12.jar:/usr/share/java/cp-base-new/jackson-annotations-2.14.2.jar:/usr/share/java/cp-base-new/logredactor-metrics-1.0.12.jar:/usr/share/java/cp-base-new/commons-cli-1.4.jar:/usr/share/java/cp-base-new/audience-annotations-0.12.0.jar:/usr/share/java/cp-base-new/metrics-core-4.1.12.1.jar:/usr/share/java/cp-base-new/kafka-group-coordinator-7.5.3-ccs.jar:/usr/share/java/cp-base-new/lz4-java-1.8.0.jar:/usr/share/java/cp-base-new/zstd-jni-1.5.5-1.jar:/usr/share/java/cp-base-new/argparse4j-0.7.0.jar:/usr/share/java/cp-base-new/scala-reflect-2.13.10.jar:/usr/share/java/cp-base-new/kafka-clients-7.5.3-ccs.jar:/usr/share/java/cp-base-new/slf4j-reload4j-1.7.36.jar:/usr/share/java/cp-base-new/disk-usage-agent-7.5.3.jar:/usr/share/java/cp-base-new/commons-io-2.11.0.jar:/usr/share/java/cp-base-new/paranamer-2.8.jar:/usr/share/java/cp-base-new/jackson-databind-2.14.2.jar:/usr/share/java/cp-base-new/scala-logging_2.13-3.9.4.jar:/usr/share/java/cp-base-new/kafka-tools-api-7.5.3-ccs.jar:/usr/share/java/cp-base-new/common-utils-7.5.3.jar:/usr/share/java/cp-base-new/kafka_2.13-7.5.3-ccs.jar:/usr/share/java/cp-base-new/reload4j-1.2.25.jar:/usr/share/java/cp-base-new/utility-belt-7.5.3.jar:/usr/share/java/cp-base-new/snakeyaml-2.0.jar:/usr/share/java/cp-base-new/scala-java8-compat_2.13-1.0.2.jar:/usr/share/java/cp-base-new/minimal-json-0.9.5.jar:/usr/share/java/cp-base-new/kafka-metadata-7.5.3-ccs.jar:/usr/share/java/cp-base-new/kafka-raft-7.5.3-ccs.jar:/usr/share/java/cp-base-new/jackson-dataformat-yaml-2.14.2.jar:/usr/share/java/cp-base-new/jopt-simple-5.0.4.jar:/usr/share/java/cp-base-new/kafka-storage-7.5.3-ccs.jar:/usr/share/java/cp-base-new/jackson-datatype-jdk8-2.14.2.jar:/usr/share/java/cp-base-new/jose4j-0.9.3.jar:/usr/share/java/cp-base-new/jmx_prometheus_javaagent-0.18.0.jar:/usr/share/java/cp-base-new/jackson-module-scala_2.13-2.14.2.jar:/usr/share/java/cp-base-new/jolokia-core-1.7.1.jar:/usr/share/java/cp-base-new/gson-2.9.0.jar:/usr/share/java/cp-base-new/kafka-storage-api-7.5.3-ccs.jar:/usr/share/java/cp-base-new/scala-library-2.13.10.jar:/usr/share/java/cp-base-new/kafka-server-common-7.5.3-ccs.jar (org.apache.zookeeper.ZooKeeper)
turbofan-kafka  | [2026-08-09 00:03:03,677] INFO Client environment:java.library.path=/usr/java/packages/lib:/lib:/usr/lib:/usr/lib64:/lib64 (org.apache.zookeeper.ZooKeeper)
turbofan-kafka  | [2026-08-09 00:03:03,677] INFO Client environment:java.io.tmpdir=/tmp (org.apache.zookeeper.ZooKeeper)
turbofan-kafka  | [2026-08-09 00:03:03,677] INFO Client environment:java.compiler=<NA> (org.apache.zookeeper.ZooKeeper)
turbofan-kafka  | [2026-08-09 00:03:03,677] INFO Client environment:os.name=Linux (org.apache.zookeeper.ZooKeeper)
turbofan-kafka  | [2026-08-09 00:03:03,677] INFO Client environment:os.arch=aarch64 (org.apache.zookeeper.ZooKeeper)
turbofan-kafka  | [2026-08-09 00:03:03,677] INFO Client environment:os.version=6.12.76-linuxkit (org.apache.zookeeper.ZooKeeper)
turbofan-kafka  | [2026-08-09 00:03:03,677] INFO Client environment:user.name=appuser (org.apache.zookeeper.ZooKeeper)
turbofan-kafka  | [2026-08-09 00:03:03,677] INFO Client environment:user.home=/home/appuser (org.apache.zookeeper.ZooKeeper)
turbofan-kafka  | [2026-08-09 00:03:03,677] INFO Client environment:user.dir=/home/appuser (org.apache.zookeeper.ZooKeeper)
turbofan-kafka  | [2026-08-09 00:03:03,677] INFO Client environment:os.memory.free=114MB (org.apache.zookeeper.ZooKeeper)
turbofan-kafka  | [2026-08-09 00:03:03,677] INFO Client environment:os.memory.max=1960MB (org.apache.zookeeper.ZooKeeper)
turbofan-kafka  | [2026-08-09 00:03:03,677] INFO Client environment:os.memory.total=124MB (org.apache.zookeeper.ZooKeeper)
turbofan-kafka  | [2026-08-09 00:03:03,678] INFO Initiating client connection, connectString=zookeeper:2181 sessionTimeout=40000 watcher=io.confluent.admin.utils.ZookeeperConnectionWatcher@62bd765 (org.apache.zookeeper.ZooKeeper)
turbofan-kafka  | [2026-08-09 00:03:03,679] INFO Setting -D jdk.tls.rejectClientInitiatedRenegotiation=true to disable client-initiated TLS renegotiation (org.apache.zookeeper.common.X509Util)
turbofan-kafka  | [2026-08-09 00:03:03,681] INFO jute.maxbuffer value is 1048575 Bytes (org.apache.zookeeper.ClientCnxnSocket)
turbofan-kafka  | [2026-08-09 00:03:03,683] INFO zookeeper.request.timeout value is 0. feature enabled=false (org.apache.zookeeper.ClientCnxn)
turbofan-kafka  | [2026-08-09 00:03:03,691] INFO Opening socket connection to server zookeeper/172.18.0.7:2181. (org.apache.zookeeper.ClientCnxn)
turbofan-kafka  | [2026-08-09 00:03:03,691] INFO SASL config status: Will not attempt to authenticate using SASL (unknown error) (org.apache.zookeeper.ClientCnxn)
turbofan-kafka  | [2026-08-09 00:03:03,694] INFO Socket connection established, initiating session, client: /172.18.0.8:37976, server: zookeeper/172.18.0.7:2181 (org.apache.zookeeper.ClientCnxn)
turbofan-kafka  | [2026-08-09 00:03:03,697] INFO Session establishment complete on server zookeeper/172.18.0.7:2181, session id = 0x10000000fe40006, negotiated timeout = 40000 (org.apache.zookeeper.ClientCnxn)
turbofan-kafka  | [2026-08-09 00:03:03,805] INFO EventThread shut down for session: 0x10000000fe40006 (org.apache.zookeeper.ClientCnxn)
turbofan-kafka  | [2026-08-09 00:03:03,805] INFO Session: 0x10000000fe40006 closed (org.apache.zookeeper.ZooKeeper)
turbofan-kafka  | Using log4j config /etc/kafka/log4j.properties
turbofan-kafka  | ===> Launching ... 
turbofan-kafka  | ===> Launching kafka ... 
turbofan-kafka  | [2026-08-09 00:03:04,062] INFO Registered kafka:type=kafka.Log4jController MBean (kafka.utils.Log4jControllerRegistration$)
turbofan-kafka  | [2026-08-09 00:03:04,175] INFO Setting -D jdk.tls.rejectClientInitiatedRenegotiation=true to disable client-initiated TLS renegotiation (org.apache.zookeeper.common.X509Util)
turbofan-kafka  | [2026-08-09 00:03:04,203] INFO Registered signal handlers for TERM, INT, HUP (org.apache.kafka.common.utils.LoggingSignalHandler)
turbofan-kafka  | [2026-08-09 00:03:04,204] INFO starting (kafka.server.KafkaServer)
turbofan-kafka  | [2026-08-09 00:03:04,204] INFO Connecting to zookeeper on zookeeper:2181 (kafka.server.KafkaServer)
turbofan-kafka  | [2026-08-09 00:03:04,209] INFO [ZooKeeperClient Kafka server] Initializing a new session to zookeeper:2181. (kafka.zookeeper.ZooKeeperClient)
turbofan-kafka  | [2026-08-09 00:03:04,211] INFO Client environment:zookeeper.version=3.8.3-6ad6d364c7c0bcf0de452d54ebefa3058098ab56, built on 2023-10-05 10:34 UTC (org.apache.zookeeper.ZooKeeper)
turbofan-kafka  | [2026-08-09 00:03:04,211] INFO Client environment:host.name=93e869bc7857 (org.apache.zookeeper.ZooKeeper)
turbofan-kafka  | [2026-08-09 00:03:04,211] INFO Client environment:java.version=11.0.21 (org.apache.zookeeper.ZooKeeper)
turbofan-kafka  | [2026-08-09 00:03:04,211] INFO Client environment:java.vendor=Azul Systems, Inc. (org.apache.zookeeper.ZooKeeper)
turbofan-kafka  | [2026-08-09 00:03:04,211] INFO Client environment:java.home=/usr/lib/jvm/java-11-zulu-openjdk-ca (org.apache.zookeeper.ZooKeeper)
turbofan-kafka  | [2026-08-09 00:03:04,211] INFO Client environment:java.class.path=/usr/bin/../share/java/kafka/hk2-utils-2.6.1.jar:/usr/bin/../share/java/kafka/jetty-http-9.4.53.v20231009.jar:/usr/bin/../share/java/kafka/snappy-java-1.1.10.5.jar:/usr/bin/../share/java/kafka/slf4j-api-1.7.36.jar:/usr/bin/../share/java/kafka/connect-api-7.5.3-ccs.jar:/usr/bin/../share/java/kafka/jersey-common-2.39.1.jar:/usr/bin/../share/java/kafka/connect-mirror-client-7.5.3-ccs.jar:/usr/bin/../share/java/kafka/netty-common-4.1.100.Final.jar:/usr/bin/../share/java/kafka/jetty-servlets-9.4.53.v20231009.jar:/usr/bin/../share/java/kafka/hk2-api-2.6.1.jar:/usr/bin/../share/java/kafka/jackson-datatype-jdk8-2.13.5.jar:/usr/bin/../share/java/kafka/jline-3.22.0.jar:/usr/bin/../share/java/kafka/jakarta.annotation-api-1.3.5.jar:/usr/bin/../share/java/kafka/activation-1.1.1.jar:/usr/bin/../share/java/kafka/jackson-module-scala_2.13-2.13.5.jar:/usr/bin/../share/java/kafka/jetty-io-9.4.53.v20231009.jar:/usr/bin/../share/java/kafka/zookeeper-3.8.3.jar:/usr/bin/../share/java/kafka/connect-basic-auth-extension-7.5.3-ccs.jar:/usr/bin/../share/java/kafka/plexus-utils-3.3.1.jar:/usr/bin/../share/java/kafka/jetty-continuation-9.4.53.v20231009.jar:/usr/bin/../share/java/kafka/jackson-jaxrs-base-2.13.5.jar:/usr/bin/../share/java/kafka/connect-mirror-7.5.3-ccs.jar:/usr/bin/../share/java/kafka/netty-handler-4.1.100.Final.jar:/usr/bin/../share/java/kafka/kafka-streams-examples-7.5.3-ccs.jar:/usr/bin/../share/java/kafka/trogdor-7.5.3-ccs.jar:/usr/bin/../share/java/kafka/jetty-client-9.4.53.v20231009.jar:/usr/bin/../share/java/kafka/jetty-security-9.4.53.v20231009.jar:/usr/bin/../share/java/kafka/zookeeper-jute-3.8.3.jar:/usr/bin/../share/java/kafka/metrics-core-2.2.0.jar:/usr/bin/../share/java/kafka/jakarta.activation-api-1.2.2.jar:/usr/bin/../share/java/kafka/kafka.jar:/usr/bin/../share/java/kafka/scala-collection-compat_2.13-2.10.0.jar:/usr/bin/../share/java/kafka/jakarta.validation-api-2.0.2.jar:/usr/bin/../share/java/kafka/hk2-locator-2.6.1.jar:/usr/bin/../share/java/kafka/netty-transport-native-unix-common-4.1.100.Final.jar:/usr/bin/../share/java/kafka/jackson-core-2.13.5.jar:/usr/bin/../share/java/kafka/javax.annotation-api-1.3.2.jar:/usr/bin/../share/java/kafka/aopalliance-repackaged-2.6.1.jar:/usr/bin/../share/java/kafka/jakarta.xml.bind-api-2.3.3.jar:/usr/bin/../share/java/kafka/jakarta.inject-2.6.1.jar:/usr/bin/../share/java/kafka/commons-cli-1.4.jar:/usr/bin/../share/java/kafka/audience-annotations-0.12.0.jar:/usr/bin/../share/java/kafka/metrics-core-4.1.12.1.jar:/usr/bin/../share/java/kafka/kafka-streams-scala_2.13-7.5.3-ccs.jar:/usr/bin/../share/java/kafka/kafka-group-coordinator-7.5.3-ccs.jar:/usr/bin/../share/java/kafka/jackson-annotations-2.13.5.jar:/usr/bin/../share/java/kafka/lz4-java-1.8.0.jar:/usr/bin/../share/java/kafka/zstd-jni-1.5.5-1.jar:/usr/bin/../share/java/kafka/javassist-3.29.2-GA.jar:/usr/bin/../share/java/kafka/jersey-container-servlet-core-2.39.1.jar:/usr/bin/../share/java/kafka/connect-runtime-7.5.3-ccs.jar:/usr/bin/../share/java/kafka/netty-transport-native-epoll-4.1.100.Final.jar:/usr/bin/../share/java/kafka/netty-buffer-4.1.100.Final.jar:/usr/bin/../share/java/kafka/jetty-servlet-9.4.53.v20231009.jar:/usr/bin/../share/java/kafka/swagger-annotations-2.2.8.jar:/usr/bin/../share/java/kafka/jetty-util-9.4.53.v20231009.jar:/usr/bin/../share/java/kafka/rocksdbjni-7.9.2.jar:/usr/bin/../share/java/kafka/jackson-jaxrs-json-provider-2.13.5.jar:/usr/bin/../share/java/kafka/jersey-container-servlet-2.39.1.jar:/usr/bin/../share/java/kafka/argparse4j-0.7.0.jar:/usr/bin/../share/java/kafka/javax.ws.rs-api-2.1.1.jar:/usr/bin/../share/java/kafka/scala-reflect-2.13.10.jar:/usr/bin/../share/java/kafka/kafka-clients-7.5.3-ccs.jar:/usr/bin/../share/java/kafka/slf4j-reload4j-1.7.36.jar:/usr/bin/../share/java/kafka/kafka-streams-7.5.3-ccs.jar:/usr/bin/../share/java/kafka/commons-io-2.11.0.jar:/usr/bin/../share/java/kafka/netty-codec-4.1.100.Final.jar:/usr/bin/../share/java/kafka/commons-lang3-3.8.1.jar:/usr/bin/../share/java/kafka/paranamer-2.8.jar:/usr/bin/../share/java/kafka/scala-logging_2.13-3.9.4.jar:/usr/bin/../share/java/kafka/jackson-dataformat-csv-2.13.5.jar:/usr/bin/../share/java/kafka/kafka-tools-api-7.5.3-ccs.jar:/usr/bin/../share/java/kafka/kafka-shell-7.5.3-ccs.jar:/usr/bin/../share/java/kafka/javax.servlet-api-3.1.0.jar:/usr/bin/../share/java/kafka/connect-json-7.5.3-ccs.jar:/usr/bin/../share/java/kafka/kafka_2.13-7.5.3-ccs.jar:/usr/bin/../share/java/kafka/jersey-client-2.39.1.jar:/usr/bin/../share/java/kafka/reload4j-1.2.25.jar:/usr/bin/../share/java/kafka/jaxb-api-2.3.1.jar:/usr/bin/../share/java/kafka/jakarta.ws.rs-api-2.1.6.jar:/usr/bin/../share/java/kafka/scala-java8-compat_2.13-1.0.2.jar:/usr/bin/../share/java/kafka/kafka-metadata-7.5.3-ccs.jar:/usr/bin/../share/java/kafka/kafka-raft-7.5.3-ccs.jar:/usr/bin/../share/java/kafka/jopt-simple-5.0.4.jar:/usr/bin/../share/java/kafka/kafka-storage-7.5.3-ccs.jar:/usr/bin/../share/java/kafka/jackson-module-jaxb-annotations-2.13.5.jar:/usr/bin/../share/java/kafka/jose4j-0.9.3.jar:/usr/bin/../share/java/kafka/maven-artifact-3.8.8.jar:/usr/bin/../share/java/kafka/netty-resolver-4.1.100.Final.jar:/usr/bin/../share/java/kafka/javax.activation-api-1.2.0.jar:/usr/bin/../share/java/kafka/jersey-server-2.39.1.jar:/usr/bin/../share/java/kafka/osgi-resource-locator-1.0.3.jar:/usr/bin/../share/java/kafka/jetty-server-9.4.53.v20231009.jar:/usr/bin/../share/java/kafka/netty-transport-4.1.100.Final.jar:/usr/bin/../share/java/kafka/kafka-tools-7.5.3-ccs.jar:/usr/bin/../share/java/kafka/connect-transforms-7.5.3-ccs.jar:/usr/bin/../share/java/kafka/jetty-util-ajax-9.4.53.v20231009.jar:/usr/bin/../share/java/kafka/kafka-log4j-appender-7.5.3-ccs.jar:/usr/bin/../share/java/kafka/netty-transport-classes-epoll-4.1.100.Final.jar:/usr/bin/../share/java/kafka/kafka-storage-api-7.5.3-ccs.jar:/usr/bin/../share/java/kafka/scala-library-2.13.10.jar:/usr/bin/../share/java/kafka/kafka-server-common-7.5.3-ccs.jar:/usr/bin/../share/java/kafka/jersey-hk2-2.39.1.jar:/usr/bin/../share/java/kafka/kafka-streams-test-utils-7.5.3-ccs.jar:/usr/bin/../share/java/kafka/jackson-databind-2.13.5.jar:/usr/bin/../share/java/kafka/reflections-0.9.12.jar:/usr/bin/../share/java/confluent-telemetry/* (org.apache.zookeeper.ZooKeeper)
turbofan-kafka  | [2026-08-09 00:03:04,211] INFO Client environment:java.library.path=/usr/java/packages/lib:/lib:/usr/lib:/usr/lib64:/lib64 (org.apache.zookeeper.ZooKeeper)
turbofan-kafka  | [2026-08-09 00:03:04,211] INFO Client environment:java.io.tmpdir=/tmp (org.apache.zookeeper.ZooKeeper)
turbofan-kafka  | [2026-08-09 00:03:04,211] INFO Client environment:java.compiler=<NA> (org.apache.zookeeper.ZooKeeper)
turbofan-kafka  | [2026-08-09 00:03:04,211] INFO Client environment:os.name=Linux (org.apache.zookeeper.ZooKeeper)
turbofan-kafka  | [2026-08-09 00:03:04,211] INFO Client environment:os.arch=aarch64 (org.apache.zookeeper.ZooKeeper)
turbofan-kafka  | [2026-08-09 00:03:04,211] INFO Client environment:os.version=6.12.76-linuxkit (org.apache.zookeeper.ZooKeeper)
turbofan-kafka  | [2026-08-09 00:03:04,211] INFO Client environment:user.name=appuser (org.apache.zookeeper.ZooKeeper)
turbofan-kafka  | [2026-08-09 00:03:04,211] INFO Client environment:user.home=/home/appuser (org.apache.zookeeper.ZooKeeper)
turbofan-kafka  | [2026-08-09 00:03:04,211] INFO Client environment:user.dir=/home/appuser (org.apache.zookeeper.ZooKeeper)
turbofan-kafka  | [2026-08-09 00:03:04,211] INFO Client environment:os.memory.free=1009MB (org.apache.zookeeper.ZooKeeper)
turbofan-kafka  | [2026-08-09 00:03:04,211] INFO Client environment:os.memory.max=1024MB (org.apache.zookeeper.ZooKeeper)
turbofan-kafka  | [2026-08-09 00:03:04,211] INFO Client environment:os.memory.total=1024MB (org.apache.zookeeper.ZooKeeper)
turbofan-kafka  | [2026-08-09 00:03:04,212] INFO Initiating client connection, connectString=zookeeper:2181 sessionTimeout=18000 watcher=kafka.zookeeper.ZooKeeperClient$ZooKeeperClientWatcher$@1199fe66 (org.apache.zookeeper.ZooKeeper)
turbofan-kafka  | [2026-08-09 00:03:04,213] INFO jute.maxbuffer value is 4194304 Bytes (org.apache.zookeeper.ClientCnxnSocket)
turbofan-kafka  | [2026-08-09 00:03:04,215] INFO zookeeper.request.timeout value is 0. feature enabled=false (org.apache.zookeeper.ClientCnxn)
turbofan-kafka  | [2026-08-09 00:03:04,216] INFO [ZooKeeperClient Kafka server] Waiting until connected. (kafka.zookeeper.ZooKeeperClient)
turbofan-kafka  | [2026-08-09 00:03:04,217] INFO Opening socket connection to server zookeeper/172.18.0.7:2181. (org.apache.zookeeper.ClientCnxn)
turbofan-kafka  | [2026-08-09 00:03:04,219] INFO Socket connection established, initiating session, client: /172.18.0.8:37990, server: zookeeper/172.18.0.7:2181 (org.apache.zookeeper.ClientCnxn)
turbofan-kafka  | [2026-08-09 00:03:04,223] INFO Session establishment complete on server zookeeper/172.18.0.7:2181, session id = 0x10000000fe40007, negotiated timeout = 18000 (org.apache.zookeeper.ClientCnxn)
turbofan-kafka  | [2026-08-09 00:03:04,224] INFO [ZooKeeperClient Kafka server] Connected. (kafka.zookeeper.ZooKeeperClient)
turbofan-kafka  | [2026-08-09 00:03:04,301] INFO Cluster ID = 8x9Cq4-uQwCryGIb583wWQ (kafka.server.KafkaServer)
turbofan-kafka  | [2026-08-09 00:03:04,321] INFO KafkaConfig values: 
turbofan-kafka  | 	advertised.listeners = PLAINTEXT://kafka:9092,PLAINTEXT_HOST://localhost:29092
turbofan-kafka  | 	alter.config.policy.class.name = null
turbofan-kafka  | 	alter.log.dirs.replication.quota.window.num = 11
turbofan-kafka  | 	alter.log.dirs.replication.quota.window.size.seconds = 1
turbofan-kafka  | 	authorizer.class.name = 
turbofan-kafka  | 	auto.create.topics.enable = true
turbofan-kafka  | 	auto.include.jmx.reporter = true
turbofan-kafka  | 	auto.leader.rebalance.enable = true
turbofan-kafka  | 	background.threads = 10
turbofan-kafka  | 	broker.heartbeat.interval.ms = 2000
turbofan-kafka  | 	broker.id = 1
turbofan-kafka  | 	broker.id.generation.enable = true
turbofan-kafka  | 	broker.rack = null
turbofan-kafka  | 	broker.session.timeout.ms = 9000
turbofan-kafka  | 	client.quota.callback.class = null
turbofan-kafka  | 	compression.type = producer
turbofan-kafka  | 	connection.failed.authentication.delay.ms = 100
turbofan-kafka  | 	connections.max.idle.ms = 600000
turbofan-kafka  | 	connections.max.reauth.ms = 0
turbofan-kafka  | 	control.plane.listener.name = null
turbofan-kafka  | 	controlled.shutdown.enable = true
turbofan-kafka  | 	controlled.shutdown.max.retries = 3
turbofan-kafka  | 	controlled.shutdown.retry.backoff.ms = 5000
turbofan-kafka  | 	controller.listener.names = null
turbofan-kafka  | 	controller.quorum.append.linger.ms = 25
turbofan-kafka  | 	controller.quorum.election.backoff.max.ms = 1000
turbofan-kafka  | 	controller.quorum.election.timeout.ms = 1000
turbofan-kafka  | 	controller.quorum.fetch.timeout.ms = 2000
turbofan-kafka  | 	controller.quorum.request.timeout.ms = 2000
turbofan-kafka  | 	controller.quorum.retry.backoff.ms = 20
turbofan-kafka  | 	controller.quorum.voters = []
turbofan-kafka  | 	controller.quota.window.num = 11
turbofan-kafka  | 	controller.quota.window.size.seconds = 1
turbofan-kafka  | 	controller.socket.timeout.ms = 30000
turbofan-kafka  | 	create.topic.policy.class.name = null
turbofan-kafka  | 	default.replication.factor = 1
turbofan-kafka  | 	delegation.token.expiry.check.interval.ms = 3600000
turbofan-kafka  | 	delegation.token.expiry.time.ms = 86400000
turbofan-kafka  | 	delegation.token.master.key = null
turbofan-kafka  | 	delegation.token.max.lifetime.ms = 604800000
turbofan-kafka  | 	delegation.token.secret.key = null
turbofan-kafka  | 	delete.records.purgatory.purge.interval.requests = 1
turbofan-kafka  | 	delete.topic.enable = true
turbofan-kafka  | 	early.start.listeners = null
turbofan-kafka  | 	fetch.max.bytes = 57671680
turbofan-kafka  | 	fetch.purgatory.purge.interval.requests = 1000
turbofan-kafka  | 	group.consumer.assignors = []
turbofan-kafka  | 	group.consumer.heartbeat.interval.ms = 5000
turbofan-kafka  | 	group.consumer.max.heartbeat.interval.ms = 15000
turbofan-kafka  | 	group.consumer.max.session.timeout.ms = 60000
turbofan-kafka  | 	group.consumer.max.size = 2147483647
turbofan-kafka  | 	group.consumer.min.heartbeat.interval.ms = 5000
turbofan-kafka  | 	group.consumer.min.session.timeout.ms = 45000
turbofan-kafka  | 	group.consumer.session.timeout.ms = 45000
turbofan-kafka  | 	group.coordinator.new.enable = false
turbofan-kafka  | 	group.coordinator.threads = 1
turbofan-kafka  | 	group.initial.rebalance.delay.ms = 3000
turbofan-kafka  | 	group.max.session.timeout.ms = 1800000
turbofan-kafka  | 	group.max.size = 2147483647
turbofan-kafka  | 	group.min.session.timeout.ms = 6000
turbofan-kafka  | 	initial.broker.registration.timeout.ms = 60000
turbofan-kafka  | 	inter.broker.listener.name = null
turbofan-kafka  | 	inter.broker.protocol.version = 3.5-IV2
turbofan-kafka  | 	kafka.metrics.polling.interval.secs = 10
turbofan-kafka  | 	kafka.metrics.reporters = []
turbofan-kafka  | 	leader.imbalance.check.interval.seconds = 300
turbofan-kafka  | 	leader.imbalance.per.broker.percentage = 10
turbofan-kafka  | 	listener.security.protocol.map = PLAINTEXT:PLAINTEXT,PLAINTEXT_HOST:PLAINTEXT
turbofan-kafka  | 	listeners = PLAINTEXT://0.0.0.0:9092,PLAINTEXT_HOST://0.0.0.0:29092
turbofan-kafka  | 	log.cleaner.backoff.ms = 15000
turbofan-kafka  | 	log.cleaner.dedupe.buffer.size = 134217728
turbofan-kafka  | 	log.cleaner.delete.retention.ms = 86400000
turbofan-kafka  | 	log.cleaner.enable = true
turbofan-kafka  | 	log.cleaner.io.buffer.load.factor = 0.9
turbofan-kafka  | 	log.cleaner.io.buffer.size = 524288
turbofan-kafka  | 	log.cleaner.io.max.bytes.per.second = 1.7976931348623157E308
turbofan-kafka  | 	log.cleaner.max.compaction.lag.ms = 9223372036854775807
turbofan-kafka  | 	log.cleaner.min.cleanable.ratio = 0.5
turbofan-kafka  | 	log.cleaner.min.compaction.lag.ms = 0
turbofan-kafka  | 	log.cleaner.threads = 1
turbofan-kafka  | 	log.cleanup.policy = [delete]
turbofan-kafka  | 	log.dir = /tmp/kafka-logs
turbofan-kafka  | 	log.dirs = /var/lib/kafka/data
turbofan-kafka  | 	log.flush.interval.messages = 9223372036854775807
turbofan-kafka  | 	log.flush.interval.ms = null
turbofan-kafka  | 	log.flush.offset.checkpoint.interval.ms = 60000
turbofan-kafka  | 	log.flush.scheduler.interval.ms = 9223372036854775807
turbofan-kafka  | 	log.flush.start.offset.checkpoint.interval.ms = 60000
turbofan-kafka  | 	log.index.interval.bytes = 4096
turbofan-kafka  | 	log.index.size.max.bytes = 10485760
turbofan-kafka  | 	log.message.downconversion.enable = true
turbofan-kafka  | 	log.message.format.version = 3.0-IV1
turbofan-kafka  | 	log.message.timestamp.difference.max.ms = 9223372036854775807
turbofan-kafka  | 	log.message.timestamp.type = CreateTime
turbofan-kafka  | 	log.preallocate = false
turbofan-kafka  | 	log.retention.bytes = -1
turbofan-kafka  | 	log.retention.check.interval.ms = 300000
turbofan-kafka  | 	log.retention.hours = 168
turbofan-kafka  | 	log.retention.minutes = null
turbofan-kafka  | 	log.retention.ms = null
turbofan-kafka  | 	log.roll.hours = 168
turbofan-kafka  | 	log.roll.jitter.hours = 0
turbofan-kafka  | 	log.roll.jitter.ms = null
turbofan-kafka  | 	log.roll.ms = null
turbofan-kafka  | 	log.segment.bytes = 1073741824
turbofan-kafka  | 	log.segment.delete.delay.ms = 60000
turbofan-kafka  | 	max.connection.creation.rate = 2147483647
turbofan-kafka  | 	max.connections = 2147483647
turbofan-kafka  | 	max.connections.per.ip = 2147483647
turbofan-kafka  | 	max.connections.per.ip.overrides = 
turbofan-kafka  | 	max.incremental.fetch.session.cache.slots = 1000
turbofan-kafka  | 	message.max.bytes = 1048588
turbofan-kafka  | 	metadata.log.dir = null
turbofan-kafka  | 	metadata.log.max.record.bytes.between.snapshots = 20971520
turbofan-kafka  | 	metadata.log.max.snapshot.interval.ms = 3600000
turbofan-kafka  | 	metadata.log.segment.bytes = 1073741824
turbofan-kafka  | 	metadata.log.segment.min.bytes = 8388608
turbofan-kafka  | 	metadata.log.segment.ms = 604800000
turbofan-kafka  | 	metadata.max.idle.interval.ms = 500
turbofan-kafka  | 	metadata.max.retention.bytes = 104857600
turbofan-kafka  | 	metadata.max.retention.ms = 604800000
turbofan-kafka  | 	metric.reporters = []
turbofan-kafka  | 	metrics.num.samples = 2
turbofan-kafka  | 	metrics.recording.level = INFO
turbofan-kafka  | 	metrics.sample.window.ms = 30000
turbofan-kafka  | 	min.insync.replicas = 1
turbofan-kafka  | 	node.id = 1
turbofan-kafka  | 	num.io.threads = 8
turbofan-kafka  | 	num.network.threads = 3
turbofan-kafka  | 	num.partitions = 1
turbofan-kafka  | 	num.recovery.threads.per.data.dir = 1
turbofan-kafka  | 	num.replica.alter.log.dirs.threads = null
turbofan-kafka  | 	num.replica.fetchers = 1
turbofan-kafka  | 	offset.metadata.max.bytes = 4096
turbofan-kafka  | 	offsets.commit.required.acks = -1
turbofan-kafka  | 	offsets.commit.timeout.ms = 5000
turbofan-kafka  | 	offsets.load.buffer.size = 5242880
turbofan-kafka  | 	offsets.retention.check.interval.ms = 600000
turbofan-kafka  | 	offsets.retention.minutes = 10080
turbofan-kafka  | 	offsets.topic.compression.codec = 0
turbofan-kafka  | 	offsets.topic.num.partitions = 50
turbofan-kafka  | 	offsets.topic.replication.factor = 1
turbofan-kafka  | 	offsets.topic.segment.bytes = 104857600
turbofan-kafka  | 	password.encoder.cipher.algorithm = AES/CBC/PKCS5Padding
turbofan-kafka  | 	password.encoder.iterations = 4096
turbofan-kafka  | 	password.encoder.key.length = 128
turbofan-kafka  | 	password.encoder.keyfactory.algorithm = null
turbofan-kafka  | 	password.encoder.old.secret = null
turbofan-kafka  | 	password.encoder.secret = null
turbofan-kafka  | 	principal.builder.class = class org.apache.kafka.common.security.authenticator.DefaultKafkaPrincipalBuilder
turbofan-kafka  | 	process.roles = []
turbofan-kafka  | 	producer.id.expiration.check.interval.ms = 600000
turbofan-kafka  | 	producer.id.expiration.ms = 86400000
turbofan-kafka  | 	producer.purgatory.purge.interval.requests = 1000
turbofan-kafka  | 	queued.max.request.bytes = -1
turbofan-kafka  | 	queued.max.requests = 500
turbofan-kafka  | 	quota.window.num = 11
turbofan-kafka  | 	quota.window.size.seconds = 1
turbofan-kafka  | 	remote.log.index.file.cache.total.size.bytes = 1073741824
turbofan-kafka  | 	remote.log.manager.task.interval.ms = 30000
turbofan-kafka  | 	remote.log.manager.task.retry.backoff.max.ms = 30000
turbofan-kafka  | 	remote.log.manager.task.retry.backoff.ms = 500
turbofan-kafka  | 	remote.log.manager.task.retry.jitter = 0.2
turbofan-kafka  | 	remote.log.manager.thread.pool.size = 10
turbofan-kafka  | 	remote.log.metadata.manager.class.name = null
turbofan-kafka  | 	remote.log.metadata.manager.class.path = null
turbofan-kafka  | 	remote.log.metadata.manager.impl.prefix = null
turbofan-kafka  | 	remote.log.metadata.manager.listener.name = null
turbofan-kafka  | 	remote.log.reader.max.pending.tasks = 100
turbofan-kafka  | 	remote.log.reader.threads = 10
turbofan-kafka  | 	remote.log.storage.manager.class.name = null
turbofan-kafka  | 	remote.log.storage.manager.class.path = null
turbofan-kafka  | 	remote.log.storage.manager.impl.prefix = null
turbofan-kafka  | 	remote.log.storage.system.enable = false
turbofan-kafka  | 	replica.fetch.backoff.ms = 1000
turbofan-kafka  | 	replica.fetch.max.bytes = 1048576
turbofan-kafka  | 	replica.fetch.min.bytes = 1
turbofan-kafka  | 	replica.fetch.response.max.bytes = 10485760
turbofan-kafka  | 	replica.fetch.wait.max.ms = 500
turbofan-kafka  | 	replica.high.watermark.checkpoint.interval.ms = 5000
turbofan-kafka  | 	replica.lag.time.max.ms = 30000
turbofan-kafka  | 	replica.selector.class = null
turbofan-kafka  | 	replica.socket.receive.buffer.bytes = 65536
turbofan-kafka  | 	replica.socket.timeout.ms = 30000
turbofan-kafka  | 	replication.quota.window.num = 11
turbofan-kafka  | 	replication.quota.window.size.seconds = 1
turbofan-kafka  | 	request.timeout.ms = 30000
turbofan-kafka  | 	reserved.broker.max.id = 1000
turbofan-kafka  | 	sasl.client.callback.handler.class = null
turbofan-kafka  | 	sasl.enabled.mechanisms = [GSSAPI]
turbofan-kafka  | 	sasl.jaas.config = null
turbofan-kafka  | 	sasl.kerberos.kinit.cmd = /usr/bin/kinit
turbofan-kafka  | 	sasl.kerberos.min.time.before.relogin = 60000
turbofan-kafka  | 	sasl.kerberos.principal.to.local.rules = [DEFAULT]
turbofan-kafka  | 	sasl.kerberos.service.name = null
turbofan-kafka  | 	sasl.kerberos.ticket.renew.jitter = 0.05
turbofan-kafka  | 	sasl.kerberos.ticket.renew.window.factor = 0.8
turbofan-kafka  | 	sasl.login.callback.handler.class = null
turbofan-kafka  | 	sasl.login.class = null
turbofan-kafka  | 	sasl.login.connect.timeout.ms = null
turbofan-kafka  | 	sasl.login.read.timeout.ms = null
turbofan-kafka  | 	sasl.login.refresh.buffer.seconds = 300
turbofan-kafka  | 	sasl.login.refresh.min.period.seconds = 60
turbofan-kafka  | 	sasl.login.refresh.window.factor = 0.8
turbofan-kafka  | 	sasl.login.refresh.window.jitter = 0.05
turbofan-kafka  | 	sasl.login.retry.backoff.max.ms = 10000
turbofan-kafka  | 	sasl.login.retry.backoff.ms = 100
turbofan-kafka  | 	sasl.mechanism.controller.protocol = GSSAPI
turbofan-kafka  | 	sasl.mechanism.inter.broker.protocol = GSSAPI
turbofan-kafka  | 	sasl.oauthbearer.clock.skew.seconds = 30
turbofan-kafka  | 	sasl.oauthbearer.expected.audience = null
turbofan-kafka  | 	sasl.oauthbearer.expected.issuer = null
turbofan-kafka  | 	sasl.oauthbearer.jwks.endpoint.refresh.ms = 3600000
turbofan-kafka  | 	sasl.oauthbearer.jwks.endpoint.retry.backoff.max.ms = 10000
turbofan-kafka  | 	sasl.oauthbearer.jwks.endpoint.retry.backoff.ms = 100
turbofan-kafka  | 	sasl.oauthbearer.jwks.endpoint.url = null
turbofan-kafka  | 	sasl.oauthbearer.scope.claim.name = scope
turbofan-kafka  | 	sasl.oauthbearer.sub.claim.name = sub
turbofan-kafka  | 	sasl.oauthbearer.token.endpoint.url = null
turbofan-kafka  | 	sasl.server.callback.handler.class = null
turbofan-kafka  | 	sasl.server.max.receive.size = 524288
turbofan-kafka  | 	security.inter.broker.protocol = PLAINTEXT
turbofan-kafka  | 	security.providers = null
turbofan-kafka  | 	server.max.startup.time.ms = 9223372036854775807
turbofan-kafka  | 	socket.connection.setup.timeout.max.ms = 30000
turbofan-kafka  | 	socket.connection.setup.timeout.ms = 10000
turbofan-kafka  | 	socket.listen.backlog.size = 50
turbofan-kafka  | 	socket.receive.buffer.bytes = 102400
turbofan-kafka  | 	socket.request.max.bytes = 104857600
turbofan-kafka  | 	socket.send.buffer.bytes = 102400
turbofan-kafka  | 	ssl.cipher.suites = []
turbofan-kafka  | 	ssl.client.auth = none
turbofan-kafka  | 	ssl.enabled.protocols = [TLSv1.2, TLSv1.3]
turbofan-kafka  | 	ssl.endpoint.identification.algorithm = https
turbofan-kafka  | 	ssl.engine.factory.class = null
turbofan-kafka  | 	ssl.key.password = null
turbofan-kafka  | 	ssl.keymanager.algorithm = SunX509
turbofan-kafka  | 	ssl.keystore.certificate.chain = null
turbofan-kafka  | 	ssl.keystore.key = null
turbofan-kafka  | 	ssl.keystore.location = null
turbofan-kafka  | 	ssl.keystore.password = null
turbofan-kafka  | 	ssl.keystore.type = JKS
turbofan-kafka  | 	ssl.principal.mapping.rules = DEFAULT
turbofan-kafka  | 	ssl.protocol = TLSv1.3
turbofan-kafka  | 	ssl.provider = null
turbofan-kafka  | 	ssl.secure.random.implementation = null
turbofan-kafka  | 	ssl.trustmanager.algorithm = PKIX
turbofan-kafka  | 	ssl.truststore.certificates = null
turbofan-kafka  | 	ssl.truststore.location = null
turbofan-kafka  | 	ssl.truststore.password = null
turbofan-kafka  | 	ssl.truststore.type = JKS
turbofan-kafka  | 	transaction.abort.timed.out.transaction.cleanup.interval.ms = 10000
turbofan-kafka  | 	transaction.max.timeout.ms = 900000
turbofan-kafka  | 	transaction.remove.expired.transaction.cleanup.interval.ms = 3600000
turbofan-kafka  | 	transaction.state.log.load.buffer.size = 5242880
turbofan-kafka  | 	transaction.state.log.min.isr = 1
turbofan-kafka  | 	transaction.state.log.num.partitions = 50
turbofan-kafka  | 	transaction.state.log.replication.factor = 1
turbofan-kafka  | 	transaction.state.log.segment.bytes = 104857600
turbofan-kafka  | 	transactional.id.expiration.ms = 604800000
turbofan-kafka  | 	unclean.leader.election.enable = false
turbofan-kafka  | 	unstable.api.versions.enable = false
turbofan-kafka  | 	zookeeper.clientCnxnSocket = null
turbofan-kafka  | 	zookeeper.connect = zookeeper:2181
turbofan-kafka  | 	zookeeper.connection.timeout.ms = null
turbofan-kafka  | 	zookeeper.max.in.flight.requests = 10
turbofan-kafka  | 	zookeeper.metadata.migration.enable = false
turbofan-kafka  | 	zookeeper.session.timeout.ms = 18000
turbofan-kafka  | 	zookeeper.set.acl = false
turbofan-kafka  | 	zookeeper.ssl.cipher.suites = null
turbofan-kafka  | 	zookeeper.ssl.client.enable = false
turbofan-kafka  | 	zookeeper.ssl.crl.enable = false
turbofan-kafka  | 	zookeeper.ssl.enabled.protocols = null
turbofan-kafka  | 	zookeeper.ssl.endpoint.identification.algorithm = HTTPS
turbofan-kafka  | 	zookeeper.ssl.keystore.location = null
turbofan-kafka  | 	zookeeper.ssl.keystore.password = null
turbofan-kafka  | 	zookeeper.ssl.keystore.type = null
turbofan-kafka  | 	zookeeper.ssl.ocsp.enable = false
turbofan-kafka  | 	zookeeper.ssl.protocol = TLSv1.2
turbofan-kafka  | 	zookeeper.ssl.truststore.location = null
turbofan-kafka  | 	zookeeper.ssl.truststore.password = null
turbofan-kafka  | 	zookeeper.ssl.truststore.type = null
turbofan-kafka  |  (kafka.server.KafkaConfig)
turbofan-kafka  | [2026-08-09 00:03:04,334] INFO [ThrottledChannelReaper-Fetch]: Starting (kafka.server.ClientQuotaManager$ThrottledChannelReaper)
turbofan-kafka  | [2026-08-09 00:03:04,334] INFO [ThrottledChannelReaper-Produce]: Starting (kafka.server.ClientQuotaManager$ThrottledChannelReaper)
turbofan-kafka  | [2026-08-09 00:03:04,335] INFO [ThrottledChannelReaper-Request]: Starting (kafka.server.ClientQuotaManager$ThrottledChannelReaper)
turbofan-kafka  | [2026-08-09 00:03:04,336] INFO [ThrottledChannelReaper-ControllerMutation]: Starting (kafka.server.ClientQuotaManager$ThrottledChannelReaper)
turbofan-kafka  | [2026-08-09 00:03:04,346] INFO Loading logs from log dirs ArraySeq(/var/lib/kafka/data) (kafka.log.LogManager)
turbofan-kafka  | [2026-08-09 00:03:04,347] INFO No logs found to be loaded in /var/lib/kafka/data (kafka.log.LogManager)
turbofan-kafka  | [2026-08-09 00:03:04,350] INFO Loaded 0 logs in 4ms (kafka.log.LogManager)
turbofan-kafka  | [2026-08-09 00:03:04,350] INFO Starting log cleanup with a period of 300000 ms. (kafka.log.LogManager)
turbofan-kafka  | [2026-08-09 00:03:04,351] INFO Starting log flusher with a default period of 9223372036854775807 ms. (kafka.log.LogManager)
turbofan-kafka  | [2026-08-09 00:03:04,355] INFO Starting the log cleaner (kafka.log.LogCleaner)
turbofan-kafka  | [2026-08-09 00:03:04,361] INFO [kafka-log-cleaner-thread-0]: Starting (kafka.log.LogCleaner$CleanerThread)
turbofan-kafka  | [2026-08-09 00:03:04,374] INFO [feature-zk-node-event-process-thread]: Starting (kafka.server.FinalizedFeatureChangeListener$ChangeNotificationProcessorThread)
turbofan-kafka  | [2026-08-09 00:03:04,380] INFO [MetadataCache brokerId=1] Updated cache from existing <empty> to latest FinalizedFeaturesAndEpoch(features=Map(), epoch=0). (kafka.server.metadata.ZkMetadataCache)
turbofan-kafka  | [2026-08-09 00:03:04,388] INFO [zk-broker-1-to-controller-forwarding-channel-manager]: Starting (kafka.server.BrokerToControllerRequestThread)
turbofan-kafka  | [2026-08-09 00:03:04,502] INFO Updated connection-accept-rate max connection creation rate to 2147483647 (kafka.network.ConnectionQuotas)
turbofan-kafka  | [2026-08-09 00:03:04,513] INFO [SocketServer listenerType=ZK_BROKER, nodeId=1] Created data-plane acceptor and processors for endpoint : ListenerName(PLAINTEXT) (kafka.network.SocketServer)
turbofan-kafka  | [2026-08-09 00:03:04,513] INFO Updated connection-accept-rate max connection creation rate to 2147483647 (kafka.network.ConnectionQuotas)
turbofan-kafka  | [2026-08-09 00:03:04,516] INFO [SocketServer listenerType=ZK_BROKER, nodeId=1] Created data-plane acceptor and processors for endpoint : ListenerName(PLAINTEXT_HOST) (kafka.network.SocketServer)
turbofan-kafka  | [2026-08-09 00:03:04,518] INFO [zk-broker-1-to-controller-alter-partition-channel-manager]: Starting (kafka.server.BrokerToControllerRequestThread)
turbofan-kafka  | [2026-08-09 00:03:04,524] INFO [ExpirationReaper-1-Produce]: Starting (kafka.server.DelayedOperationPurgatory$ExpiredOperationReaper)
turbofan-kafka  | [2026-08-09 00:03:04,525] INFO [ExpirationReaper-1-Fetch]: Starting (kafka.server.DelayedOperationPurgatory$ExpiredOperationReaper)
turbofan-kafka  | [2026-08-09 00:03:04,525] INFO [ExpirationReaper-1-DeleteRecords]: Starting (kafka.server.DelayedOperationPurgatory$ExpiredOperationReaper)
turbofan-kafka  | [2026-08-09 00:03:04,526] INFO [ExpirationReaper-1-ElectLeader]: Starting (kafka.server.DelayedOperationPurgatory$ExpiredOperationReaper)
turbofan-kafka  | [2026-08-09 00:03:04,530] INFO [LogDirFailureHandler]: Starting (kafka.server.ReplicaManager$LogDirFailureHandler)
turbofan-kafka  | [2026-08-09 00:03:04,548] INFO Creating /brokers/ids/1 (is it secure? false) (kafka.zk.KafkaZkClient)
turbofan-kafka  | [2026-08-09 00:03:04,554] ERROR Error while creating ephemeral at /brokers/ids/1, node already exists and owner '0x100000839760001' does not match current session '0x10000000fe40007' (kafka.zk.KafkaZkClient$CheckedEphemeral)
turbofan-kafka  | [2026-08-09 00:03:04,555] ERROR [KafkaServer id=1] Fatal error during KafkaServer startup. Prepare to shutdown (kafka.server.KafkaServer)
turbofan-kafka  | org.apache.zookeeper.KeeperException$NodeExistsException: KeeperErrorCode = NodeExists
turbofan-kafka  | 	at org.apache.zookeeper.KeeperException.create(KeeperException.java:126)
turbofan-kafka  | 	at kafka.zk.KafkaZkClient$CheckedEphemeral.getAfterNodeExists(KafkaZkClient.scala:2189)
turbofan-kafka  | 	at kafka.zk.KafkaZkClient$CheckedEphemeral.create(KafkaZkClient.scala:2127)
turbofan-kafka  | 	at kafka.zk.KafkaZkClient.checkedEphemeralCreate(KafkaZkClient.scala:2094)
turbofan-kafka  | 	at kafka.zk.KafkaZkClient.registerBroker(KafkaZkClient.scala:106)
turbofan-kafka  | 	at kafka.server.KafkaServer.startup(KafkaServer.scala:365)
turbofan-kafka  | 	at kafka.Kafka$.main(Kafka.scala:113)
turbofan-kafka  | 	at kafka.Kafka.main(Kafka.scala)
turbofan-kafka  | [2026-08-09 00:03:04,556] INFO [KafkaServer id=1] shutting down (kafka.server.KafkaServer)
turbofan-kafka  | [2026-08-09 00:03:04,556] INFO [SocketServer listenerType=ZK_BROKER, nodeId=1] Stopping socket server request processors (kafka.network.SocketServer)
turbofan-kafka  | [2026-08-09 00:03:04,557] INFO [SocketServer listenerType=ZK_BROKER, nodeId=1] Stopped socket server request processors (kafka.network.SocketServer)
turbofan-kafka  | [2026-08-09 00:03:04,560] INFO [ReplicaManager broker=1] Shutting down (kafka.server.ReplicaManager)
turbofan-kafka  | [2026-08-09 00:03:04,560] INFO [LogDirFailureHandler]: Shutting down (kafka.server.ReplicaManager$LogDirFailureHandler)
turbofan-kafka  | [2026-08-09 00:03:04,560] INFO [LogDirFailureHandler]: Stopped (kafka.server.ReplicaManager$LogDirFailureHandler)
turbofan-kafka  | [2026-08-09 00:03:04,560] INFO [LogDirFailureHandler]: Shutdown completed (kafka.server.ReplicaManager$LogDirFailureHandler)
turbofan-kafka  | [2026-08-09 00:03:04,561] INFO [ReplicaFetcherManager on broker 1] shutting down (kafka.server.ReplicaFetcherManager)
turbofan-kafka  | [2026-08-09 00:03:04,561] INFO [ReplicaFetcherManager on broker 1] shutdown completed (kafka.server.ReplicaFetcherManager)
turbofan-kafka  | [2026-08-09 00:03:04,561] INFO [ReplicaAlterLogDirsManager on broker 1] shutting down (kafka.server.ReplicaAlterLogDirsManager)
turbofan-kafka  | [2026-08-09 00:03:04,561] INFO [ReplicaAlterLogDirsManager on broker 1] shutdown completed (kafka.server.ReplicaAlterLogDirsManager)
turbofan-kafka  | [2026-08-09 00:03:04,561] INFO [ExpirationReaper-1-Fetch]: Shutting down (kafka.server.DelayedOperationPurgatory$ExpiredOperationReaper)
turbofan-kafka  | [2026-08-09 00:03:04,562] INFO [ExpirationReaper-1-Fetch]: Stopped (kafka.server.DelayedOperationPurgatory$ExpiredOperationReaper)
turbofan-kafka  | [2026-08-09 00:03:04,562] INFO [ExpirationReaper-1-Fetch]: Shutdown completed (kafka.server.DelayedOperationPurgatory$ExpiredOperationReaper)
turbofan-kafka  | [2026-08-09 00:03:04,562] INFO [ExpirationReaper-1-Produce]: Shutting down (kafka.server.DelayedOperationPurgatory$ExpiredOperationReaper)
turbofan-kafka  | [2026-08-09 00:03:04,563] INFO [ExpirationReaper-1-Produce]: Stopped (kafka.server.DelayedOperationPurgatory$ExpiredOperationReaper)
turbofan-kafka  | [2026-08-09 00:03:04,563] INFO [ExpirationReaper-1-Produce]: Shutdown completed (kafka.server.DelayedOperationPurgatory$ExpiredOperationReaper)
turbofan-kafka  | [2026-08-09 00:03:04,563] INFO [ExpirationReaper-1-DeleteRecords]: Shutting down (kafka.server.DelayedOperationPurgatory$ExpiredOperationReaper)
turbofan-kafka  | [2026-08-09 00:03:04,563] INFO [ExpirationReaper-1-DeleteRecords]: Stopped (kafka.server.DelayedOperationPurgatory$ExpiredOperationReaper)
turbofan-kafka  | [2026-08-09 00:03:04,564] INFO [ExpirationReaper-1-DeleteRecords]: Shutdown completed (kafka.server.DelayedOperationPurgatory$ExpiredOperationReaper)
turbofan-kafka  | [2026-08-09 00:03:04,564] INFO [ExpirationReaper-1-ElectLeader]: Shutting down (kafka.server.DelayedOperationPurgatory$ExpiredOperationReaper)
turbofan-kafka  | [2026-08-09 00:03:04,564] INFO [ExpirationReaper-1-ElectLeader]: Stopped (kafka.server.DelayedOperationPurgatory$ExpiredOperationReaper)
turbofan-kafka  | [2026-08-09 00:03:04,564] INFO [ExpirationReaper-1-ElectLeader]: Shutdown completed (kafka.server.DelayedOperationPurgatory$ExpiredOperationReaper)
turbofan-kafka  | [2026-08-09 00:03:04,566] INFO [ReplicaManager broker=1] Shut down completely (kafka.server.ReplicaManager)
turbofan-kafka  | [2026-08-09 00:03:04,567] INFO [zk-broker-1-to-controller-alter-partition-channel-manager]: Shutting down (kafka.server.BrokerToControllerRequestThread)
turbofan-kafka  | [2026-08-09 00:03:04,567] INFO [zk-broker-1-to-controller-alter-partition-channel-manager]: Stopped (kafka.server.BrokerToControllerRequestThread)
turbofan-kafka  | [2026-08-09 00:03:04,567] INFO [zk-broker-1-to-controller-alter-partition-channel-manager]: Shutdown completed (kafka.server.BrokerToControllerRequestThread)
turbofan-kafka  | [2026-08-09 00:03:04,568] INFO Broker to controller channel manager for alter-partition shutdown (kafka.server.BrokerToControllerChannelManagerImpl)
turbofan-kafka  | [2026-08-09 00:03:04,568] INFO [zk-broker-1-to-controller-forwarding-channel-manager]: Shutting down (kafka.server.BrokerToControllerRequestThread)
turbofan-kafka  | [2026-08-09 00:03:04,568] INFO [zk-broker-1-to-controller-forwarding-channel-manager]: Stopped (kafka.server.BrokerToControllerRequestThread)
turbofan-kafka  | [2026-08-09 00:03:04,568] INFO [zk-broker-1-to-controller-forwarding-channel-manager]: Shutdown completed (kafka.server.BrokerToControllerRequestThread)
turbofan-kafka  | [2026-08-09 00:03:04,568] INFO Broker to controller channel manager for forwarding shutdown (kafka.server.BrokerToControllerChannelManagerImpl)
turbofan-kafka  | [2026-08-09 00:03:04,568] INFO Shutting down. (kafka.log.LogManager)
turbofan-kafka  | [2026-08-09 00:03:04,569] INFO Shutting down the log cleaner. (kafka.log.LogCleaner)
turbofan-kafka  | [2026-08-09 00:03:04,569] INFO [kafka-log-cleaner-thread-0]: Shutting down (kafka.log.LogCleaner$CleanerThread)
turbofan-kafka  | [2026-08-09 00:03:04,569] INFO [kafka-log-cleaner-thread-0]: Stopped (kafka.log.LogCleaner$CleanerThread)
turbofan-kafka  | [2026-08-09 00:03:04,569] INFO [kafka-log-cleaner-thread-0]: Shutdown completed (kafka.log.LogCleaner$CleanerThread)
turbofan-kafka  | [2026-08-09 00:03:04,576] INFO Shutdown complete. (kafka.log.LogManager)
turbofan-kafka  | [2026-08-09 00:03:04,576] INFO [feature-zk-node-event-process-thread]: Shutting down (kafka.server.FinalizedFeatureChangeListener$ChangeNotificationProcessorThread)
turbofan-kafka  | [2026-08-09 00:03:04,576] INFO [feature-zk-node-event-process-thread]: Stopped (kafka.server.FinalizedFeatureChangeListener$ChangeNotificationProcessorThread)
turbofan-kafka  | [2026-08-09 00:03:04,577] INFO [feature-zk-node-event-process-thread]: Shutdown completed (kafka.server.FinalizedFeatureChangeListener$ChangeNotificationProcessorThread)
turbofan-kafka  | [2026-08-09 00:03:04,577] INFO [ZooKeeperClient Kafka server] Closing. (kafka.zookeeper.ZooKeeperClient)
turbofan-kafka  | [2026-08-09 00:03:04,684] INFO Session: 0x10000000fe40007 closed (org.apache.zookeeper.ZooKeeper)
turbofan-kafka  | [2026-08-09 00:03:04,684] INFO EventThread shut down for session: 0x10000000fe40007 (org.apache.zookeeper.ClientCnxn)
turbofan-kafka  | [2026-08-09 00:03:04,685] INFO [ZooKeeperClient Kafka server] Closed. (kafka.zookeeper.ZooKeeperClient)
turbofan-kafka  | [2026-08-09 00:03:04,685] INFO [ThrottledChannelReaper-Fetch]: Shutting down (kafka.server.ClientQuotaManager$ThrottledChannelReaper)
turbofan-kafka  | [2026-08-09 00:03:04,686] INFO [ThrottledChannelReaper-Fetch]: Stopped (kafka.server.ClientQuotaManager$ThrottledChannelReaper)
turbofan-kafka  | [2026-08-09 00:03:04,686] INFO [ThrottledChannelReaper-Fetch]: Shutdown completed (kafka.server.ClientQuotaManager$ThrottledChannelReaper)
turbofan-kafka  | [2026-08-09 00:03:04,686] INFO [ThrottledChannelReaper-Produce]: Shutting down (kafka.server.ClientQuotaManager$ThrottledChannelReaper)
turbofan-kafka  | [2026-08-09 00:03:04,686] INFO [ThrottledChannelReaper-Produce]: Stopped (kafka.server.ClientQuotaManager$ThrottledChannelReaper)
turbofan-kafka  | [2026-08-09 00:03:04,686] INFO [ThrottledChannelReaper-Produce]: Shutdown completed (kafka.server.ClientQuotaManager$ThrottledChannelReaper)
turbofan-kafka  | [2026-08-09 00:03:04,686] INFO [ThrottledChannelReaper-Request]: Shutting down (kafka.server.ClientQuotaManager$ThrottledChannelReaper)
turbofan-kafka  | [2026-08-09 00:03:04,686] INFO [ThrottledChannelReaper-Request]: Stopped (kafka.server.ClientQuotaManager$ThrottledChannelReaper)
turbofan-kafka  | [2026-08-09 00:03:04,687] INFO [ThrottledChannelReaper-Request]: Shutdown completed (kafka.server.ClientQuotaManager$ThrottledChannelReaper)
turbofan-kafka  | [2026-08-09 00:03:04,687] INFO [ThrottledChannelReaper-ControllerMutation]: Shutting down (kafka.server.ClientQuotaManager$ThrottledChannelReaper)
turbofan-kafka  | [2026-08-09 00:03:04,687] INFO [ThrottledChannelReaper-ControllerMutation]: Stopped (kafka.server.ClientQuotaManager$ThrottledChannelReaper)
turbofan-kafka  | [2026-08-09 00:03:04,687] INFO [ThrottledChannelReaper-ControllerMutation]: Shutdown completed (kafka.server.ClientQuotaManager$ThrottledChannelReaper)
turbofan-kafka  | [2026-08-09 00:03:04,687] INFO [SocketServer listenerType=ZK_BROKER, nodeId=1] Shutting down socket server (kafka.network.SocketServer)
turbofan-kafka  | [2026-08-09 00:03:04,700] INFO [SocketServer listenerType=ZK_BROKER, nodeId=1] Shutdown completed (kafka.network.SocketServer)
turbofan-kafka  | [2026-08-09 00:03:04,700] INFO Metrics scheduler closed (org.apache.kafka.common.metrics.Metrics)
turbofan-kafka  | [2026-08-09 00:03:04,700] INFO Metrics reporters closed (org.apache.kafka.common.metrics.Metrics)
turbofan-kafka  | [2026-08-09 00:03:04,701] INFO Broker and topic stats closed (kafka.server.BrokerTopicStats)
turbofan-kafka  | [2026-08-09 00:03:04,703] INFO App info kafka.server for 1 unregistered (org.apache.kafka.common.utils.AppInfoParser)
turbofan-kafka  | [2026-08-09 00:03:04,703] INFO [KafkaServer id=1] shut down completed (kafka.server.KafkaServer)
turbofan-kafka  | [2026-08-09 00:03:04,703] ERROR Exiting Kafka due to fatal exception during startup. (kafka.Kafka$)
turbofan-kafka  | org.apache.zookeeper.KeeperException$NodeExistsException: KeeperErrorCode = NodeExists
turbofan-kafka  | 	at org.apache.zookeeper.KeeperException.create(KeeperException.java:126)
turbofan-kafka  | 	at kafka.zk.KafkaZkClient$CheckedEphemeral.getAfterNodeExists(KafkaZkClient.scala:2189)
turbofan-kafka  | 	at kafka.zk.KafkaZkClient$CheckedEphemeral.create(KafkaZkClient.scala:2127)
turbofan-kafka  | 	at kafka.zk.KafkaZkClient.checkedEphemeralCreate(KafkaZkClient.scala:2094)
turbofan-kafka  | 	at kafka.zk.KafkaZkClient.registerBroker(KafkaZkClient.scala:106)
turbofan-kafka  | 	at kafka.server.KafkaServer.startup(KafkaServer.scala:365)
turbofan-kafka  | 	at kafka.Kafka$.main(Kafka.scala:113)
turbofan-kafka  | 	at kafka.Kafka.main(Kafka.scala)
turbofan-kafka  | [2026-08-09 00:03:04,703] INFO [KafkaServer id=1] shutting down (kafka.server.KafkaServer)
turbofan-kafka  | ===> User
turbofan-kafka  | uid=1000(appuser) gid=1000(appuser) groups=1000(appuser)
turbofan-kafka  | ===> Configuring ...
turbofan-kafka  | Running in Zookeeper mode...
turbofan-kafka  | ===> Running preflight checks ... 
turbofan-kafka  | ===> Check if /var/lib/kafka/data is writable ...
turbofan-kafka  | ===> Check if Zookeeper is healthy ...
turbofan-kafka  | [2026-08-09 00:03:07,450] INFO Client environment:zookeeper.version=3.8.3-6ad6d364c7c0bcf0de452d54ebefa3058098ab56, built on 2023-10-05 10:34 UTC (org.apache.zookeeper.ZooKeeper)
turbofan-kafka  | [2026-08-09 00:03:07,450] INFO Client environment:host.name=93e869bc7857 (org.apache.zookeeper.ZooKeeper)
turbofan-kafka  | [2026-08-09 00:03:07,450] INFO Client environment:java.version=11.0.21 (org.apache.zookeeper.ZooKeeper)
turbofan-kafka  | [2026-08-09 00:03:07,450] INFO Client environment:java.vendor=Azul Systems, Inc. (org.apache.zookeeper.ZooKeeper)
turbofan-kafka  | [2026-08-09 00:03:07,450] INFO Client environment:java.home=/usr/lib/jvm/java-11-zulu-openjdk-ca (org.apache.zookeeper.ZooKeeper)
turbofan-kafka  | [2026-08-09 00:03:07,450] INFO Client environment:java.class.path=/usr/share/java/cp-base-new/snappy-java-1.1.10.5.jar:/usr/share/java/cp-base-new/slf4j-api-1.7.36.jar:/usr/share/java/cp-base-new/jackson-core-2.14.2.jar:/usr/share/java/cp-base-new/jolokia-jvm-1.7.1.jar:/usr/share/java/cp-base-new/zookeeper-3.8.3.jar:/usr/share/java/cp-base-new/re2j-1.6.jar:/usr/share/java/cp-base-new/jackson-dataformat-csv-2.14.2.jar:/usr/share/java/cp-base-new/json-simple-1.1.1.jar:/usr/share/java/cp-base-new/zookeeper-jute-3.8.3.jar:/usr/share/java/cp-base-new/metrics-core-2.2.0.jar:/usr/share/java/cp-base-new/scala-collection-compat_2.13-2.10.0.jar:/usr/share/java/cp-base-new/logredactor-1.0.12.jar:/usr/share/java/cp-base-new/jackson-annotations-2.14.2.jar:/usr/share/java/cp-base-new/logredactor-metrics-1.0.12.jar:/usr/share/java/cp-base-new/commons-cli-1.4.jar:/usr/share/java/cp-base-new/audience-annotations-0.12.0.jar:/usr/share/java/cp-base-new/metrics-core-4.1.12.1.jar:/usr/share/java/cp-base-new/kafka-group-coordinator-7.5.3-ccs.jar:/usr/share/java/cp-base-new/lz4-java-1.8.0.jar:/usr/share/java/cp-base-new/zstd-jni-1.5.5-1.jar:/usr/share/java/cp-base-new/argparse4j-0.7.0.jar:/usr/share/java/cp-base-new/scala-reflect-2.13.10.jar:/usr/share/java/cp-base-new/kafka-clients-7.5.3-ccs.jar:/usr/share/java/cp-base-new/slf4j-reload4j-1.7.36.jar:/usr/share/java/cp-base-new/disk-usage-agent-7.5.3.jar:/usr/share/java/cp-base-new/commons-io-2.11.0.jar:/usr/share/java/cp-base-new/paranamer-2.8.jar:/usr/share/java/cp-base-new/jackson-databind-2.14.2.jar:/usr/share/java/cp-base-new/scala-logging_2.13-3.9.4.jar:/usr/share/java/cp-base-new/kafka-tools-api-7.5.3-ccs.jar:/usr/share/java/cp-base-new/common-utils-7.5.3.jar:/usr/share/java/cp-base-new/kafka_2.13-7.5.3-ccs.jar:/usr/share/java/cp-base-new/reload4j-1.2.25.jar:/usr/share/java/cp-base-new/utility-belt-7.5.3.jar:/usr/share/java/cp-base-new/snakeyaml-2.0.jar:/usr/share/java/cp-base-new/scala-java8-compat_2.13-1.0.2.jar:/usr/share/java/cp-base-new/minimal-json-0.9.5.jar:/usr/share/java/cp-base-new/kafka-metadata-7.5.3-ccs.jar:/usr/share/java/cp-base-new/kafka-raft-7.5.3-ccs.jar:/usr/share/java/cp-base-new/jackson-dataformat-yaml-2.14.2.jar:/usr/share/java/cp-base-new/jopt-simple-5.0.4.jar:/usr/share/java/cp-base-new/kafka-storage-7.5.3-ccs.jar:/usr/share/java/cp-base-new/jackson-datatype-jdk8-2.14.2.jar:/usr/share/java/cp-base-new/jose4j-0.9.3.jar:/usr/share/java/cp-base-new/jmx_prometheus_javaagent-0.18.0.jar:/usr/share/java/cp-base-new/jackson-module-scala_2.13-2.14.2.jar:/usr/share/java/cp-base-new/jolokia-core-1.7.1.jar:/usr/share/java/cp-base-new/gson-2.9.0.jar:/usr/share/java/cp-base-new/kafka-storage-api-7.5.3-ccs.jar:/usr/share/java/cp-base-new/scala-library-2.13.10.jar:/usr/share/java/cp-base-new/kafka-server-common-7.5.3-ccs.jar (org.apache.zookeeper.ZooKeeper)
turbofan-kafka  | [2026-08-09 00:03:07,450] INFO Client environment:java.library.path=/usr/java/packages/lib:/lib:/usr/lib:/usr/lib64:/lib64 (org.apache.zookeeper.ZooKeeper)
turbofan-kafka  | [2026-08-09 00:03:07,450] INFO Client environment:java.io.tmpdir=/tmp (org.apache.zookeeper.ZooKeeper)
turbofan-kafka  | [2026-08-09 00:03:07,450] INFO Client environment:java.compiler=<NA> (org.apache.zookeeper.ZooKeeper)
turbofan-kafka  | [2026-08-09 00:03:07,450] INFO Client environment:os.name=Linux (org.apache.zookeeper.ZooKeeper)
turbofan-kafka  | [2026-08-09 00:03:07,450] INFO Client environment:os.arch=aarch64 (org.apache.zookeeper.ZooKeeper)
turbofan-kafka  | [2026-08-09 00:03:07,450] INFO Client environment:os.version=6.12.76-linuxkit (org.apache.zookeeper.ZooKeeper)
turbofan-kafka  | [2026-08-09 00:03:07,450] INFO Client environment:user.name=appuser (org.apache.zookeeper.ZooKeeper)
turbofan-kafka  | [2026-08-09 00:03:07,450] INFO Client environment:user.home=/home/appuser (org.apache.zookeeper.ZooKeeper)
turbofan-kafka  | [2026-08-09 00:03:07,450] INFO Client environment:user.dir=/home/appuser (org.apache.zookeeper.ZooKeeper)
turbofan-kafka  | [2026-08-09 00:03:07,450] INFO Client environment:os.memory.free=114MB (org.apache.zookeeper.ZooKeeper)
turbofan-kafka  | [2026-08-09 00:03:07,450] INFO Client environment:os.memory.max=1960MB (org.apache.zookeeper.ZooKeeper)
turbofan-kafka  | [2026-08-09 00:03:07,450] INFO Client environment:os.memory.total=124MB (org.apache.zookeeper.ZooKeeper)
turbofan-kafka  | [2026-08-09 00:03:07,451] INFO Initiating client connection, connectString=zookeeper:2181 sessionTimeout=40000 watcher=io.confluent.admin.utils.ZookeeperConnectionWatcher@62bd765 (org.apache.zookeeper.ZooKeeper)
turbofan-kafka  | [2026-08-09 00:03:07,452] INFO Setting -D jdk.tls.rejectClientInitiatedRenegotiation=true to disable client-initiated TLS renegotiation (org.apache.zookeeper.common.X509Util)
turbofan-kafka  | [2026-08-09 00:03:07,454] INFO jute.maxbuffer value is 1048575 Bytes (org.apache.zookeeper.ClientCnxnSocket)
turbofan-kafka  | [2026-08-09 00:03:07,456] INFO zookeeper.request.timeout value is 0. feature enabled=false (org.apache.zookeeper.ClientCnxn)
turbofan-kafka  | [2026-08-09 00:03:07,464] INFO Opening socket connection to server zookeeper/172.18.0.7:2181. (org.apache.zookeeper.ClientCnxn)
turbofan-kafka  | [2026-08-09 00:03:07,464] INFO SASL config status: Will not attempt to authenticate using SASL (unknown error) (org.apache.zookeeper.ClientCnxn)
turbofan-kafka  | [2026-08-09 00:03:07,467] INFO Socket connection established, initiating session, client: /172.18.0.8:38002, server: zookeeper/172.18.0.7:2181 (org.apache.zookeeper.ClientCnxn)
turbofan-kafka  | [2026-08-09 00:03:07,471] INFO Session establishment complete on server zookeeper/172.18.0.7:2181, session id = 0x10000000fe40008, negotiated timeout = 40000 (org.apache.zookeeper.ClientCnxn)
turbofan-kafka  | [2026-08-09 00:03:07,580] INFO Session: 0x10000000fe40008 closed (org.apache.zookeeper.ZooKeeper)
turbofan-kafka  | [2026-08-09 00:03:07,580] INFO EventThread shut down for session: 0x10000000fe40008 (org.apache.zookeeper.ClientCnxn)
turbofan-kafka  | Using log4j config /etc/kafka/log4j.properties
turbofan-kafka  | ===> Launching ... 
turbofan-kafka  | ===> Launching kafka ... 
turbofan-kafka  | [2026-08-09 00:03:07,837] INFO Registered kafka:type=kafka.Log4jController MBean (kafka.utils.Log4jControllerRegistration$)
turbofan-kafka  | [2026-08-09 00:03:07,957] INFO Setting -D jdk.tls.rejectClientInitiatedRenegotiation=true to disable client-initiated TLS renegotiation (org.apache.zookeeper.common.X509Util)
turbofan-kafka  | [2026-08-09 00:03:07,984] INFO Registered signal handlers for TERM, INT, HUP (org.apache.kafka.common.utils.LoggingSignalHandler)
turbofan-kafka  | [2026-08-09 00:03:07,985] INFO starting (kafka.server.KafkaServer)
turbofan-kafka  | [2026-08-09 00:03:07,985] INFO Connecting to zookeeper on zookeeper:2181 (kafka.server.KafkaServer)
turbofan-kafka  | [2026-08-09 00:03:07,991] INFO [ZooKeeperClient Kafka server] Initializing a new session to zookeeper:2181. (kafka.zookeeper.ZooKeeperClient)
turbofan-kafka  | [2026-08-09 00:03:07,992] INFO Client environment:zookeeper.version=3.8.3-6ad6d364c7c0bcf0de452d54ebefa3058098ab56, built on 2023-10-05 10:34 UTC (org.apache.zookeeper.ZooKeeper)
turbofan-kafka  | [2026-08-09 00:03:07,992] INFO Client environment:host.name=93e869bc7857 (org.apache.zookeeper.ZooKeeper)
turbofan-kafka  | [2026-08-09 00:03:07,992] INFO Client environment:java.version=11.0.21 (org.apache.zookeeper.ZooKeeper)
turbofan-kafka  | [2026-08-09 00:03:07,992] INFO Client environment:java.vendor=Azul Systems, Inc. (org.apache.zookeeper.ZooKeeper)
turbofan-kafka  | [2026-08-09 00:03:07,992] INFO Client environment:java.home=/usr/lib/jvm/java-11-zulu-openjdk-ca (org.apache.zookeeper.ZooKeeper)
turbofan-kafka  | [2026-08-09 00:03:07,992] INFO Client environment:java.class.path=/usr/bin/../share/java/kafka/hk2-utils-2.6.1.jar:/usr/bin/../share/java/kafka/jetty-http-9.4.53.v20231009.jar:/usr/bin/../share/java/kafka/snappy-java-1.1.10.5.jar:/usr/bin/../share/java/kafka/slf4j-api-1.7.36.jar:/usr/bin/../share/java/kafka/connect-api-7.5.3-ccs.jar:/usr/bin/../share/java/kafka/jersey-common-2.39.1.jar:/usr/bin/../share/java/kafka/connect-mirror-client-7.5.3-ccs.jar:/usr/bin/../share/java/kafka/netty-common-4.1.100.Final.jar:/usr/bin/../share/java/kafka/jetty-servlets-9.4.53.v20231009.jar:/usr/bin/../share/java/kafka/hk2-api-2.6.1.jar:/usr/bin/../share/java/kafka/jackson-datatype-jdk8-2.13.5.jar:/usr/bin/../share/java/kafka/jline-3.22.0.jar:/usr/bin/../share/java/kafka/jakarta.annotation-api-1.3.5.jar:/usr/bin/../share/java/kafka/activation-1.1.1.jar:/usr/bin/../share/java/kafka/jackson-module-scala_2.13-2.13.5.jar:/usr/bin/../share/java/kafka/jetty-io-9.4.53.v20231009.jar:/usr/bin/../share/java/kafka/zookeeper-3.8.3.jar:/usr/bin/../share/java/kafka/connect-basic-auth-extension-7.5.3-ccs.jar:/usr/bin/../share/java/kafka/plexus-utils-3.3.1.jar:/usr/bin/../share/java/kafka/jetty-continuation-9.4.53.v20231009.jar:/usr/bin/../share/java/kafka/jackson-jaxrs-base-2.13.5.jar:/usr/bin/../share/java/kafka/connect-mirror-7.5.3-ccs.jar:/usr/bin/../share/java/kafka/netty-handler-4.1.100.Final.jar:/usr/bin/../share/java/kafka/kafka-streams-examples-7.5.3-ccs.jar:/usr/bin/../share/java/kafka/trogdor-7.5.3-ccs.jar:/usr/bin/../share/java/kafka/jetty-client-9.4.53.v20231009.jar:/usr/bin/../share/java/kafka/jetty-security-9.4.53.v20231009.jar:/usr/bin/../share/java/kafka/zookeeper-jute-3.8.3.jar:/usr/bin/../share/java/kafka/metrics-core-2.2.0.jar:/usr/bin/../share/java/kafka/jakarta.activation-api-1.2.2.jar:/usr/bin/../share/java/kafka/kafka.jar:/usr/bin/../share/java/kafka/scala-collection-compat_2.13-2.10.0.jar:/usr/bin/../share/java/kafka/jakarta.validation-api-2.0.2.jar:/usr/bin/../share/java/kafka/hk2-locator-2.6.1.jar:/usr/bin/../share/java/kafka/netty-transport-native-unix-common-4.1.100.Final.jar:/usr/bin/../share/java/kafka/jackson-core-2.13.5.jar:/usr/bin/../share/java/kafka/javax.annotation-api-1.3.2.jar:/usr/bin/../share/java/kafka/aopalliance-repackaged-2.6.1.jar:/usr/bin/../share/java/kafka/jakarta.xml.bind-api-2.3.3.jar:/usr/bin/../share/java/kafka/jakarta.inject-2.6.1.jar:/usr/bin/../share/java/kafka/commons-cli-1.4.jar:/usr/bin/../share/java/kafka/audience-annotations-0.12.0.jar:/usr/bin/../share/java/kafka/metrics-core-4.1.12.1.jar:/usr/bin/../share/java/kafka/kafka-streams-scala_2.13-7.5.3-ccs.jar:/usr/bin/../share/java/kafka/kafka-group-coordinator-7.5.3-ccs.jar:/usr/bin/../share/java/kafka/jackson-annotations-2.13.5.jar:/usr/bin/../share/java/kafka/lz4-java-1.8.0.jar:/usr/bin/../share/java/kafka/zstd-jni-1.5.5-1.jar:/usr/bin/../share/java/kafka/javassist-3.29.2-GA.jar:/usr/bin/../share/java/kafka/jersey-container-servlet-core-2.39.1.jar:/usr/bin/../share/java/kafka/connect-runtime-7.5.3-ccs.jar:/usr/bin/../share/java/kafka/netty-transport-native-epoll-4.1.100.Final.jar:/usr/bin/../share/java/kafka/netty-buffer-4.1.100.Final.jar:/usr/bin/../share/java/kafka/jetty-servlet-9.4.53.v20231009.jar:/usr/bin/../share/java/kafka/swagger-annotations-2.2.8.jar:/usr/bin/../share/java/kafka/jetty-util-9.4.53.v20231009.jar:/usr/bin/../share/java/kafka/rocksdbjni-7.9.2.jar:/usr/bin/../share/java/kafka/jackson-jaxrs-json-provider-2.13.5.jar:/usr/bin/../share/java/kafka/jersey-container-servlet-2.39.1.jar:/usr/bin/../share/java/kafka/argparse4j-0.7.0.jar:/usr/bin/../share/java/kafka/javax.ws.rs-api-2.1.1.jar:/usr/bin/../share/java/kafka/scala-reflect-2.13.10.jar:/usr/bin/../share/java/kafka/kafka-clients-7.5.3-ccs.jar:/usr/bin/../share/java/kafka/slf4j-reload4j-1.7.36.jar:/usr/bin/../share/java/kafka/kafka-streams-7.5.3-ccs.jar:/usr/bin/../share/java/kafka/commons-io-2.11.0.jar:/usr/bin/../share/java/kafka/netty-codec-4.1.100.Final.jar:/usr/bin/../share/java/kafka/commons-lang3-3.8.1.jar:/usr/bin/../share/java/kafka/paranamer-2.8.jar:/usr/bin/../share/java/kafka/scala-logging_2.13-3.9.4.jar:/usr/bin/../share/java/kafka/jackson-dataformat-csv-2.13.5.jar:/usr/bin/../share/java/kafka/kafka-tools-api-7.5.3-ccs.jar:/usr/bin/../share/java/kafka/kafka-shell-7.5.3-ccs.jar:/usr/bin/../share/java/kafka/javax.servlet-api-3.1.0.jar:/usr/bin/../share/java/kafka/connect-json-7.5.3-ccs.jar:/usr/bin/../share/java/kafka/kafka_2.13-7.5.3-ccs.jar:/usr/bin/../share/java/kafka/jersey-client-2.39.1.jar:/usr/bin/../share/java/kafka/reload4j-1.2.25.jar:/usr/bin/../share/java/kafka/jaxb-api-2.3.1.jar:/usr/bin/../share/java/kafka/jakarta.ws.rs-api-2.1.6.jar:/usr/bin/../share/java/kafka/scala-java8-compat_2.13-1.0.2.jar:/usr/bin/../share/java/kafka/kafka-metadata-7.5.3-ccs.jar:/usr/bin/../share/java/kafka/kafka-raft-7.5.3-ccs.jar:/usr/bin/../share/java/kafka/jopt-simple-5.0.4.jar:/usr/bin/../share/java/kafka/kafka-storage-7.5.3-ccs.jar:/usr/bin/../share/java/kafka/jackson-module-jaxb-annotations-2.13.5.jar:/usr/bin/../share/java/kafka/jose4j-0.9.3.jar:/usr/bin/../share/java/kafka/maven-artifact-3.8.8.jar:/usr/bin/../share/java/kafka/netty-resolver-4.1.100.Final.jar:/usr/bin/../share/java/kafka/javax.activation-api-1.2.0.jar:/usr/bin/../share/java/kafka/jersey-server-2.39.1.jar:/usr/bin/../share/java/kafka/osgi-resource-locator-1.0.3.jar:/usr/bin/../share/java/kafka/jetty-server-9.4.53.v20231009.jar:/usr/bin/../share/java/kafka/netty-transport-4.1.100.Final.jar:/usr/bin/../share/java/kafka/kafka-tools-7.5.3-ccs.jar:/usr/bin/../share/java/kafka/connect-transforms-7.5.3-ccs.jar:/usr/bin/../share/java/kafka/jetty-util-ajax-9.4.53.v20231009.jar:/usr/bin/../share/java/kafka/kafka-log4j-appender-7.5.3-ccs.jar:/usr/bin/../share/java/kafka/netty-transport-classes-epoll-4.1.100.Final.jar:/usr/bin/../share/java/kafka/kafka-storage-api-7.5.3-ccs.jar:/usr/bin/../share/java/kafka/scala-library-2.13.10.jar:/usr/bin/../share/java/kafka/kafka-server-common-7.5.3-ccs.jar:/usr/bin/../share/java/kafka/jersey-hk2-2.39.1.jar:/usr/bin/../share/java/kafka/kafka-streams-test-utils-7.5.3-ccs.jar:/usr/bin/../share/java/kafka/jackson-databind-2.13.5.jar:/usr/bin/../share/java/kafka/reflections-0.9.12.jar:/usr/bin/../share/java/confluent-telemetry/* (org.apache.zookeeper.ZooKeeper)
turbofan-kafka  | [2026-08-09 00:03:07,992] INFO Client environment:java.library.path=/usr/java/packages/lib:/lib:/usr/lib:/usr/lib64:/lib64 (org.apache.zookeeper.ZooKeeper)
turbofan-kafka  | [2026-08-09 00:03:07,992] INFO Client environment:java.io.tmpdir=/tmp (org.apache.zookeeper.ZooKeeper)
turbofan-kafka  | [2026-08-09 00:03:07,992] INFO Client environment:java.compiler=<NA> (org.apache.zookeeper.ZooKeeper)
turbofan-kafka  | [2026-08-09 00:03:07,993] INFO Client environment:os.name=Linux (org.apache.zookeeper.ZooKeeper)
turbofan-kafka  | [2026-08-09 00:03:07,993] INFO Client environment:os.arch=aarch64 (org.apache.zookeeper.ZooKeeper)
turbofan-kafka  | [2026-08-09 00:03:07,993] INFO Client environment:os.version=6.12.76-linuxkit (org.apache.zookeeper.ZooKeeper)
turbofan-kafka  | [2026-08-09 00:03:07,993] INFO Client environment:user.name=appuser (org.apache.zookeeper.ZooKeeper)
turbofan-kafka  | [2026-08-09 00:03:07,993] INFO Client environment:user.home=/home/appuser (org.apache.zookeeper.ZooKeeper)
turbofan-kafka  | [2026-08-09 00:03:07,993] INFO Client environment:user.dir=/home/appuser (org.apache.zookeeper.ZooKeeper)
turbofan-kafka  | [2026-08-09 00:03:07,993] INFO Client environment:os.memory.free=1009MB (org.apache.zookeeper.ZooKeeper)
turbofan-kafka  | [2026-08-09 00:03:07,993] INFO Client environment:os.memory.max=1024MB (org.apache.zookeeper.ZooKeeper)
turbofan-kafka  | [2026-08-09 00:03:07,993] INFO Client environment:os.memory.total=1024MB (org.apache.zookeeper.ZooKeeper)
turbofan-kafka  | [2026-08-09 00:03:07,993] INFO Initiating client connection, connectString=zookeeper:2181 sessionTimeout=18000 watcher=kafka.zookeeper.ZooKeeperClient$ZooKeeperClientWatcher$@1199fe66 (org.apache.zookeeper.ZooKeeper)
turbofan-kafka  | [2026-08-09 00:03:07,995] INFO jute.maxbuffer value is 4194304 Bytes (org.apache.zookeeper.ClientCnxnSocket)
turbofan-kafka  | [2026-08-09 00:03:07,997] INFO zookeeper.request.timeout value is 0. feature enabled=false (org.apache.zookeeper.ClientCnxn)
turbofan-kafka  | [2026-08-09 00:03:07,998] INFO [ZooKeeperClient Kafka server] Waiting until connected. (kafka.zookeeper.ZooKeeperClient)
turbofan-kafka  | [2026-08-09 00:03:07,999] INFO Opening socket connection to server zookeeper/172.18.0.7:2181. (org.apache.zookeeper.ClientCnxn)
turbofan-kafka  | [2026-08-09 00:03:08,001] INFO Socket connection established, initiating session, client: /172.18.0.8:38008, server: zookeeper/172.18.0.7:2181 (org.apache.zookeeper.ClientCnxn)
turbofan-kafka  | [2026-08-09 00:03:08,004] INFO Session establishment complete on server zookeeper/172.18.0.7:2181, session id = 0x10000000fe40009, negotiated timeout = 18000 (org.apache.zookeeper.ClientCnxn)
turbofan-kafka  | [2026-08-09 00:03:08,005] INFO [ZooKeeperClient Kafka server] Connected. (kafka.zookeeper.ZooKeeperClient)
turbofan-kafka  | [2026-08-09 00:03:08,084] INFO Cluster ID = 8x9Cq4-uQwCryGIb583wWQ (kafka.server.KafkaServer)
turbofan-kafka  | [2026-08-09 00:03:08,105] INFO KafkaConfig values: 
turbofan-kafka  | 	advertised.listeners = PLAINTEXT://kafka:9092,PLAINTEXT_HOST://localhost:29092
turbofan-kafka  | 	alter.config.policy.class.name = null
turbofan-kafka  | 	alter.log.dirs.replication.quota.window.num = 11
turbofan-kafka  | 	alter.log.dirs.replication.quota.window.size.seconds = 1
turbofan-kafka  | 	authorizer.class.name = 
turbofan-kafka  | 	auto.create.topics.enable = true
turbofan-kafka  | 	auto.include.jmx.reporter = true
turbofan-kafka  | 	auto.leader.rebalance.enable = true
turbofan-kafka  | 	background.threads = 10
turbofan-kafka  | 	broker.heartbeat.interval.ms = 2000
turbofan-kafka  | 	broker.id = 1
turbofan-kafka  | 	broker.id.generation.enable = true
turbofan-kafka  | 	broker.rack = null
turbofan-kafka  | 	broker.session.timeout.ms = 9000
turbofan-kafka  | 	client.quota.callback.class = null
turbofan-kafka  | 	compression.type = producer
turbofan-kafka  | 	connection.failed.authentication.delay.ms = 100
turbofan-kafka  | 	connections.max.idle.ms = 600000
turbofan-kafka  | 	connections.max.reauth.ms = 0
turbofan-kafka  | 	control.plane.listener.name = null
turbofan-kafka  | 	controlled.shutdown.enable = true
turbofan-kafka  | 	controlled.shutdown.max.retries = 3
turbofan-kafka  | 	controlled.shutdown.retry.backoff.ms = 5000
turbofan-kafka  | 	controller.listener.names = null
turbofan-kafka  | 	controller.quorum.append.linger.ms = 25
turbofan-kafka  | 	controller.quorum.election.backoff.max.ms = 1000
turbofan-kafka  | 	controller.quorum.election.timeout.ms = 1000
turbofan-kafka  | 	controller.quorum.fetch.timeout.ms = 2000
turbofan-kafka  | 	controller.quorum.request.timeout.ms = 2000
turbofan-kafka  | 	controller.quorum.retry.backoff.ms = 20
turbofan-kafka  | 	controller.quorum.voters = []
turbofan-kafka  | 	controller.quota.window.num = 11
turbofan-kafka  | 	controller.quota.window.size.seconds = 1
turbofan-kafka  | 	controller.socket.timeout.ms = 30000
turbofan-kafka  | 	create.topic.policy.class.name = null
turbofan-kafka  | 	default.replication.factor = 1
turbofan-kafka  | 	delegation.token.expiry.check.interval.ms = 3600000
turbofan-kafka  | 	delegation.token.expiry.time.ms = 86400000
turbofan-kafka  | 	delegation.token.master.key = null
turbofan-kafka  | 	delegation.token.max.lifetime.ms = 604800000
turbofan-kafka  | 	delegation.token.secret.key = null
turbofan-kafka  | 	delete.records.purgatory.purge.interval.requests = 1
turbofan-kafka  | 	delete.topic.enable = true
turbofan-kafka  | 	early.start.listeners = null
turbofan-kafka  | 	fetch.max.bytes = 57671680
turbofan-kafka  | 	fetch.purgatory.purge.interval.requests = 1000
turbofan-kafka  | 	group.consumer.assignors = []
turbofan-kafka  | 	group.consumer.heartbeat.interval.ms = 5000
turbofan-kafka  | 	group.consumer.max.heartbeat.interval.ms = 15000
turbofan-kafka  | 	group.consumer.max.session.timeout.ms = 60000
turbofan-kafka  | 	group.consumer.max.size = 2147483647
turbofan-kafka  | 	group.consumer.min.heartbeat.interval.ms = 5000
turbofan-kafka  | 	group.consumer.min.session.timeout.ms = 45000
turbofan-kafka  | 	group.consumer.session.timeout.ms = 45000
turbofan-kafka  | 	group.coordinator.new.enable = false
turbofan-kafka  | 	group.coordinator.threads = 1
turbofan-kafka  | 	group.initial.rebalance.delay.ms = 3000
turbofan-kafka  | 	group.max.session.timeout.ms = 1800000
turbofan-kafka  | 	group.max.size = 2147483647
turbofan-kafka  | 	group.min.session.timeout.ms = 6000
turbofan-kafka  | 	initial.broker.registration.timeout.ms = 60000
turbofan-kafka  | 	inter.broker.listener.name = null
turbofan-kafka  | 	inter.broker.protocol.version = 3.5-IV2
turbofan-kafka  | 	kafka.metrics.polling.interval.secs = 10
turbofan-kafka  | 	kafka.metrics.reporters = []
turbofan-kafka  | 	leader.imbalance.check.interval.seconds = 300
turbofan-kafka  | 	leader.imbalance.per.broker.percentage = 10
turbofan-kafka  | 	listener.security.protocol.map = PLAINTEXT:PLAINTEXT,PLAINTEXT_HOST:PLAINTEXT
turbofan-kafka  | 	listeners = PLAINTEXT://0.0.0.0:9092,PLAINTEXT_HOST://0.0.0.0:29092
turbofan-kafka  | 	log.cleaner.backoff.ms = 15000
turbofan-kafka  | 	log.cleaner.dedupe.buffer.size = 134217728
turbofan-kafka  | 	log.cleaner.delete.retention.ms = 86400000
turbofan-kafka  | 	log.cleaner.enable = true
turbofan-kafka  | 	log.cleaner.io.buffer.load.factor = 0.9
turbofan-kafka  | 	log.cleaner.io.buffer.size = 524288
turbofan-kafka  | 	log.cleaner.io.max.bytes.per.second = 1.7976931348623157E308
turbofan-kafka  | 	log.cleaner.max.compaction.lag.ms = 9223372036854775807
turbofan-kafka  | 	log.cleaner.min.cleanable.ratio = 0.5
turbofan-kafka  | 	log.cleaner.min.compaction.lag.ms = 0
turbofan-kafka  | 	log.cleaner.threads = 1
turbofan-kafka  | 	log.cleanup.policy = [delete]
turbofan-kafka  | 	log.dir = /tmp/kafka-logs
turbofan-kafka  | 	log.dirs = /var/lib/kafka/data
turbofan-kafka  | 	log.flush.interval.messages = 9223372036854775807
turbofan-kafka  | 	log.flush.interval.ms = null
turbofan-kafka  | 	log.flush.offset.checkpoint.interval.ms = 60000
turbofan-kafka  | 	log.flush.scheduler.interval.ms = 9223372036854775807
turbofan-kafka  | 	log.flush.start.offset.checkpoint.interval.ms = 60000
turbofan-kafka  | 	log.index.interval.bytes = 4096
turbofan-kafka  | 	log.index.size.max.bytes = 10485760
turbofan-kafka  | 	log.message.downconversion.enable = true
turbofan-kafka  | 	log.message.format.version = 3.0-IV1
turbofan-kafka  | 	log.message.timestamp.difference.max.ms = 9223372036854775807
turbofan-kafka  | 	log.message.timestamp.type = CreateTime
turbofan-kafka  | 	log.preallocate = false
turbofan-kafka  | 	log.retention.bytes = -1
turbofan-kafka  | 	log.retention.check.interval.ms = 300000
turbofan-kafka  | 	log.retention.hours = 168
turbofan-kafka  | 	log.retention.minutes = null
turbofan-kafka  | 	log.retention.ms = null
turbofan-kafka  | 	log.roll.hours = 168
turbofan-kafka  | 	log.roll.jitter.hours = 0
turbofan-kafka  | 	log.roll.jitter.ms = null
turbofan-kafka  | 	log.roll.ms = null
turbofan-kafka  | 	log.segment.bytes = 1073741824
turbofan-kafka  | 	log.segment.delete.delay.ms = 60000
turbofan-kafka  | 	max.connection.creation.rate = 2147483647
turbofan-kafka  | 	max.connections = 2147483647
turbofan-kafka  | 	max.connections.per.ip = 2147483647
turbofan-kafka  | 	max.connections.per.ip.overrides = 
turbofan-kafka  | 	max.incremental.fetch.session.cache.slots = 1000
turbofan-kafka  | 	message.max.bytes = 1048588
turbofan-kafka  | 	metadata.log.dir = null
turbofan-kafka  | 	metadata.log.max.record.bytes.between.snapshots = 20971520
turbofan-kafka  | 	metadata.log.max.snapshot.interval.ms = 3600000
turbofan-kafka  | 	metadata.log.segment.bytes = 1073741824
turbofan-kafka  | 	metadata.log.segment.min.bytes = 8388608
turbofan-kafka  | 	metadata.log.segment.ms = 604800000
turbofan-kafka  | 	metadata.max.idle.interval.ms = 500
turbofan-kafka  | 	metadata.max.retention.bytes = 104857600
turbofan-kafka  | 	metadata.max.retention.ms = 604800000
turbofan-kafka  | 	metric.reporters = []
turbofan-kafka  | 	metrics.num.samples = 2
turbofan-kafka  | 	metrics.recording.level = INFO
turbofan-kafka  | 	metrics.sample.window.ms = 30000
turbofan-kafka  | 	min.insync.replicas = 1
turbofan-kafka  | 	node.id = 1
turbofan-kafka  | 	num.io.threads = 8
turbofan-kafka  | 	num.network.threads = 3
turbofan-kafka  | 	num.partitions = 1
turbofan-kafka  | 	num.recovery.threads.per.data.dir = 1
turbofan-kafka  | 	num.replica.alter.log.dirs.threads = null
turbofan-kafka  | 	num.replica.fetchers = 1
turbofan-kafka  | 	offset.metadata.max.bytes = 4096
turbofan-kafka  | 	offsets.commit.required.acks = -1
turbofan-kafka  | 	offsets.commit.timeout.ms = 5000
turbofan-kafka  | 	offsets.load.buffer.size = 5242880
turbofan-kafka  | 	offsets.retention.check.interval.ms = 600000
turbofan-kafka  | 	offsets.retention.minutes = 10080
turbofan-kafka  | 	offsets.topic.compression.codec = 0
turbofan-kafka  | 	offsets.topic.num.partitions = 50
turbofan-kafka  | 	offsets.topic.replication.factor = 1
turbofan-kafka  | 	offsets.topic.segment.bytes = 104857600
turbofan-kafka  | 	password.encoder.cipher.algorithm = AES/CBC/PKCS5Padding
turbofan-kafka  | 	password.encoder.iterations = 4096
turbofan-kafka  | 	password.encoder.key.length = 128
turbofan-kafka  | 	password.encoder.keyfactory.algorithm = null
turbofan-kafka  | 	password.encoder.old.secret = null
turbofan-kafka  | 	password.encoder.secret = null
turbofan-kafka  | 	principal.builder.class = class org.apache.kafka.common.security.authenticator.DefaultKafkaPrincipalBuilder
turbofan-kafka  | 	process.roles = []
turbofan-kafka  | 	producer.id.expiration.check.interval.ms = 600000
turbofan-kafka  | 	producer.id.expiration.ms = 86400000
turbofan-kafka  | 	producer.purgatory.purge.interval.requests = 1000
turbofan-kafka  | 	queued.max.request.bytes = -1
turbofan-kafka  | 	queued.max.requests = 500
turbofan-kafka  | 	quota.window.num = 11
turbofan-kafka  | 	quota.window.size.seconds = 1
turbofan-kafka  | 	remote.log.index.file.cache.total.size.bytes = 1073741824
turbofan-kafka  | 	remote.log.manager.task.interval.ms = 30000
turbofan-kafka  | 	remote.log.manager.task.retry.backoff.max.ms = 30000
turbofan-kafka  | 	remote.log.manager.task.retry.backoff.ms = 500
turbofan-kafka  | 	remote.log.manager.task.retry.jitter = 0.2
turbofan-kafka  | 	remote.log.manager.thread.pool.size = 10
turbofan-kafka  | 	remote.log.metadata.manager.class.name = null
turbofan-kafka  | 	remote.log.metadata.manager.class.path = null
turbofan-kafka  | 	remote.log.metadata.manager.impl.prefix = null
turbofan-kafka  | 	remote.log.metadata.manager.listener.name = null
turbofan-kafka  | 	remote.log.reader.max.pending.tasks = 100
turbofan-kafka  | 	remote.log.reader.threads = 10
turbofan-kafka  | 	remote.log.storage.manager.class.name = null
turbofan-kafka  | 	remote.log.storage.manager.class.path = null
turbofan-kafka  | 	remote.log.storage.manager.impl.prefix = null
turbofan-kafka  | 	remote.log.storage.system.enable = false
turbofan-kafka  | 	replica.fetch.backoff.ms = 1000
turbofan-kafka  | 	replica.fetch.max.bytes = 1048576
turbofan-kafka  | 	replica.fetch.min.bytes = 1
turbofan-kafka  | 	replica.fetch.response.max.bytes = 10485760
turbofan-kafka  | 	replica.fetch.wait.max.ms = 500
turbofan-kafka  | 	replica.high.watermark.checkpoint.interval.ms = 5000
turbofan-kafka  | 	replica.lag.time.max.ms = 30000
turbofan-kafka  | 	replica.selector.class = null
turbofan-kafka  | 	replica.socket.receive.buffer.bytes = 65536
turbofan-kafka  | 	replica.socket.timeout.ms = 30000
turbofan-kafka  | 	replication.quota.window.num = 11
turbofan-kafka  | 	replication.quota.window.size.seconds = 1
turbofan-kafka  | 	request.timeout.ms = 30000
turbofan-kafka  | 	reserved.broker.max.id = 1000
turbofan-kafka  | 	sasl.client.callback.handler.class = null
turbofan-kafka  | 	sasl.enabled.mechanisms = [GSSAPI]
turbofan-kafka  | 	sasl.jaas.config = null
turbofan-kafka  | 	sasl.kerberos.kinit.cmd = /usr/bin/kinit
turbofan-kafka  | 	sasl.kerberos.min.time.before.relogin = 60000
turbofan-kafka  | 	sasl.kerberos.principal.to.local.rules = [DEFAULT]
turbofan-kafka  | 	sasl.kerberos.service.name = null
turbofan-kafka  | 	sasl.kerberos.ticket.renew.jitter = 0.05
turbofan-kafka  | 	sasl.kerberos.ticket.renew.window.factor = 0.8
turbofan-kafka  | 	sasl.login.callback.handler.class = null
turbofan-kafka  | 	sasl.login.class = null
turbofan-kafka  | 	sasl.login.connect.timeout.ms = null
turbofan-kafka  | 	sasl.login.read.timeout.ms = null
turbofan-kafka  | 	sasl.login.refresh.buffer.seconds = 300
turbofan-kafka  | 	sasl.login.refresh.min.period.seconds = 60
turbofan-kafka  | 	sasl.login.refresh.window.factor = 0.8
turbofan-kafka  | 	sasl.login.refresh.window.jitter = 0.05
turbofan-kafka  | 	sasl.login.retry.backoff.max.ms = 10000
turbofan-kafka  | 	sasl.login.retry.backoff.ms = 100
turbofan-kafka  | 	sasl.mechanism.controller.protocol = GSSAPI
turbofan-kafka  | 	sasl.mechanism.inter.broker.protocol = GSSAPI
turbofan-kafka  | 	sasl.oauthbearer.clock.skew.seconds = 30
turbofan-kafka  | 	sasl.oauthbearer.expected.audience = null
turbofan-kafka  | 	sasl.oauthbearer.expected.issuer = null
turbofan-kafka  | 	sasl.oauthbearer.jwks.endpoint.refresh.ms = 3600000
turbofan-kafka  | 	sasl.oauthbearer.jwks.endpoint.retry.backoff.max.ms = 10000
turbofan-kafka  | 	sasl.oauthbearer.jwks.endpoint.retry.backoff.ms = 100
turbofan-kafka  | 	sasl.oauthbearer.jwks.endpoint.url = null
turbofan-kafka  | 	sasl.oauthbearer.scope.claim.name = scope
turbofan-kafka  | 	sasl.oauthbearer.sub.claim.name = sub
turbofan-kafka  | 	sasl.oauthbearer.token.endpoint.url = null
turbofan-kafka  | 	sasl.server.callback.handler.class = null
turbofan-kafka  | 	sasl.server.max.receive.size = 524288
turbofan-kafka  | 	security.inter.broker.protocol = PLAINTEXT
turbofan-kafka  | 	security.providers = null
turbofan-kafka  | 	server.max.startup.time.ms = 9223372036854775807
turbofan-kafka  | 	socket.connection.setup.timeout.max.ms = 30000
turbofan-kafka  | 	socket.connection.setup.timeout.ms = 10000
turbofan-kafka  | 	socket.listen.backlog.size = 50
turbofan-kafka  | 	socket.receive.buffer.bytes = 102400
turbofan-kafka  | 	socket.request.max.bytes = 104857600
turbofan-kafka  | 	socket.send.buffer.bytes = 102400
turbofan-kafka  | 	ssl.cipher.suites = []
turbofan-kafka  | 	ssl.client.auth = none
turbofan-kafka  | 	ssl.enabled.protocols = [TLSv1.2, TLSv1.3]
turbofan-kafka  | 	ssl.endpoint.identification.algorithm = https
turbofan-kafka  | 	ssl.engine.factory.class = null
turbofan-kafka  | 	ssl.key.password = null
turbofan-kafka  | 	ssl.keymanager.algorithm = SunX509
turbofan-kafka  | 	ssl.keystore.certificate.chain = null
turbofan-kafka  | 	ssl.keystore.key = null
turbofan-kafka  | 	ssl.keystore.location = null
turbofan-kafka  | 	ssl.keystore.password = null
turbofan-kafka  | 	ssl.keystore.type = JKS
turbofan-kafka  | 	ssl.principal.mapping.rules = DEFAULT
turbofan-kafka  | 	ssl.protocol = TLSv1.3
turbofan-kafka  | 	ssl.provider = null
turbofan-kafka  | 	ssl.secure.random.implementation = null
turbofan-kafka  | 	ssl.trustmanager.algorithm = PKIX
turbofan-kafka  | 	ssl.truststore.certificates = null
turbofan-kafka  | 	ssl.truststore.location = null
turbofan-kafka  | 	ssl.truststore.password = null
turbofan-kafka  | 	ssl.truststore.type = JKS
turbofan-kafka  | 	transaction.abort.timed.out.transaction.cleanup.interval.ms = 10000
turbofan-kafka  | 	transaction.max.timeout.ms = 900000
turbofan-kafka  | 	transaction.remove.expired.transaction.cleanup.interval.ms = 3600000
turbofan-kafka  | 	transaction.state.log.load.buffer.size = 5242880
turbofan-kafka  | 	transaction.state.log.min.isr = 1
turbofan-kafka  | 	transaction.state.log.num.partitions = 50
turbofan-kafka  | 	transaction.state.log.replication.factor = 1
turbofan-kafka  | 	transaction.state.log.segment.bytes = 104857600
turbofan-kafka  | 	transactional.id.expiration.ms = 604800000
turbofan-kafka  | 	unclean.leader.election.enable = false
turbofan-kafka  | 	unstable.api.versions.enable = false
turbofan-kafka  | 	zookeeper.clientCnxnSocket = null
turbofan-kafka  | 	zookeeper.connect = zookeeper:2181
turbofan-kafka  | 	zookeeper.connection.timeout.ms = null
turbofan-kafka  | 	zookeeper.max.in.flight.requests = 10
turbofan-kafka  | 	zookeeper.metadata.migration.enable = false
turbofan-kafka  | 	zookeeper.session.timeout.ms = 18000
turbofan-kafka  | 	zookeeper.set.acl = false
turbofan-kafka  | 	zookeeper.ssl.cipher.suites = null
turbofan-kafka  | 	zookeeper.ssl.client.enable = false
turbofan-kafka  | 	zookeeper.ssl.crl.enable = false
turbofan-kafka  | 	zookeeper.ssl.enabled.protocols = null
turbofan-kafka  | 	zookeeper.ssl.endpoint.identification.algorithm = HTTPS
turbofan-kafka  | 	zookeeper.ssl.keystore.location = null
turbofan-kafka  | 	zookeeper.ssl.keystore.password = null
turbofan-kafka  | 	zookeeper.ssl.keystore.type = null
turbofan-kafka  | 	zookeeper.ssl.ocsp.enable = false
turbofan-kafka  | 	zookeeper.ssl.protocol = TLSv1.2
turbofan-kafka  | 	zookeeper.ssl.truststore.location = null
turbofan-kafka  | 	zookeeper.ssl.truststore.password = null
turbofan-kafka  | 	zookeeper.ssl.truststore.type = null
turbofan-kafka  |  (kafka.server.KafkaConfig)
turbofan-kafka  | [2026-08-09 00:03:08,119] INFO [ThrottledChannelReaper-Fetch]: Starting (kafka.server.ClientQuotaManager$ThrottledChannelReaper)
turbofan-kafka  | [2026-08-09 00:03:08,119] INFO [ThrottledChannelReaper-Produce]: Starting (kafka.server.ClientQuotaManager$ThrottledChannelReaper)
turbofan-kafka  | [2026-08-09 00:03:08,120] INFO [ThrottledChannelReaper-Request]: Starting (kafka.server.ClientQuotaManager$ThrottledChannelReaper)
turbofan-kafka  | [2026-08-09 00:03:08,121] INFO [ThrottledChannelReaper-ControllerMutation]: Starting (kafka.server.ClientQuotaManager$ThrottledChannelReaper)
turbofan-kafka  | [2026-08-09 00:03:08,132] INFO Loading logs from log dirs ArraySeq(/var/lib/kafka/data) (kafka.log.LogManager)
turbofan-kafka  | [2026-08-09 00:03:08,133] INFO No logs found to be loaded in /var/lib/kafka/data (kafka.log.LogManager)
turbofan-kafka  | [2026-08-09 00:03:08,137] INFO Loaded 0 logs in 4ms (kafka.log.LogManager)
turbofan-kafka  | [2026-08-09 00:03:08,137] INFO Starting log cleanup with a period of 300000 ms. (kafka.log.LogManager)
turbofan-kafka  | [2026-08-09 00:03:08,138] INFO Starting log flusher with a default period of 9223372036854775807 ms. (kafka.log.LogManager)
turbofan-kafka  | [2026-08-09 00:03:08,142] INFO Starting the log cleaner (kafka.log.LogCleaner)
turbofan-kafka  | [2026-08-09 00:03:08,150] INFO [kafka-log-cleaner-thread-0]: Starting (kafka.log.LogCleaner$CleanerThread)
turbofan-kafka  | [2026-08-09 00:03:08,162] INFO [feature-zk-node-event-process-thread]: Starting (kafka.server.FinalizedFeatureChangeListener$ChangeNotificationProcessorThread)
turbofan-kafka  | [2026-08-09 00:03:08,170] INFO [MetadataCache brokerId=1] Updated cache from existing <empty> to latest FinalizedFeaturesAndEpoch(features=Map(), epoch=0). (kafka.server.metadata.ZkMetadataCache)
turbofan-kafka  | [2026-08-09 00:03:08,179] INFO [zk-broker-1-to-controller-forwarding-channel-manager]: Starting (kafka.server.BrokerToControllerRequestThread)
turbofan-kafka  | [2026-08-09 00:03:08,302] INFO Updated connection-accept-rate max connection creation rate to 2147483647 (kafka.network.ConnectionQuotas)
turbofan-kafka  | [2026-08-09 00:03:08,313] INFO [SocketServer listenerType=ZK_BROKER, nodeId=1] Created data-plane acceptor and processors for endpoint : ListenerName(PLAINTEXT) (kafka.network.SocketServer)
turbofan-kafka  | [2026-08-09 00:03:08,313] INFO Updated connection-accept-rate max connection creation rate to 2147483647 (kafka.network.ConnectionQuotas)
turbofan-kafka  | [2026-08-09 00:03:08,316] INFO [SocketServer listenerType=ZK_BROKER, nodeId=1] Created data-plane acceptor and processors for endpoint : ListenerName(PLAINTEXT_HOST) (kafka.network.SocketServer)
turbofan-kafka  | [2026-08-09 00:03:08,318] INFO [zk-broker-1-to-controller-alter-partition-channel-manager]: Starting (kafka.server.BrokerToControllerRequestThread)
turbofan-kafka  | [2026-08-09 00:03:08,326] INFO [ExpirationReaper-1-Produce]: Starting (kafka.server.DelayedOperationPurgatory$ExpiredOperationReaper)
turbofan-kafka  | [2026-08-09 00:03:08,326] INFO [ExpirationReaper-1-Fetch]: Starting (kafka.server.DelayedOperationPurgatory$ExpiredOperationReaper)
turbofan-kafka  | [2026-08-09 00:03:08,327] INFO [ExpirationReaper-1-DeleteRecords]: Starting (kafka.server.DelayedOperationPurgatory$ExpiredOperationReaper)
turbofan-kafka  | [2026-08-09 00:03:08,327] INFO [ExpirationReaper-1-ElectLeader]: Starting (kafka.server.DelayedOperationPurgatory$ExpiredOperationReaper)
turbofan-kafka  | [2026-08-09 00:03:08,331] INFO [LogDirFailureHandler]: Starting (kafka.server.ReplicaManager$LogDirFailureHandler)
turbofan-kafka  | [2026-08-09 00:03:08,350] INFO Creating /brokers/ids/1 (is it secure? false) (kafka.zk.KafkaZkClient)
turbofan-kafka  | [2026-08-09 00:03:08,357] ERROR Error while creating ephemeral at /brokers/ids/1, node already exists and owner '0x100000839760001' does not match current session '0x10000000fe40009' (kafka.zk.KafkaZkClient$CheckedEphemeral)
turbofan-kafka  | [2026-08-09 00:03:08,358] ERROR [KafkaServer id=1] Fatal error during KafkaServer startup. Prepare to shutdown (kafka.server.KafkaServer)
turbofan-kafka  | org.apache.zookeeper.KeeperException$NodeExistsException: KeeperErrorCode = NodeExists
turbofan-kafka  | 	at org.apache.zookeeper.KeeperException.create(KeeperException.java:126)
turbofan-kafka  | 	at kafka.zk.KafkaZkClient$CheckedEphemeral.getAfterNodeExists(KafkaZkClient.scala:2189)
turbofan-kafka  | 	at kafka.zk.KafkaZkClient$CheckedEphemeral.create(KafkaZkClient.scala:2127)
turbofan-kafka  | 	at kafka.zk.KafkaZkClient.checkedEphemeralCreate(KafkaZkClient.scala:2094)
turbofan-kafka  | 	at kafka.zk.KafkaZkClient.registerBroker(KafkaZkClient.scala:106)
turbofan-kafka  | 	at kafka.server.KafkaServer.startup(KafkaServer.scala:365)
turbofan-kafka  | 	at kafka.Kafka$.main(Kafka.scala:113)
turbofan-kafka  | 	at kafka.Kafka.main(Kafka.scala)
turbofan-kafka  | [2026-08-09 00:03:08,359] INFO [KafkaServer id=1] shutting down (kafka.server.KafkaServer)
turbofan-kafka  | [2026-08-09 00:03:08,360] INFO [SocketServer listenerType=ZK_BROKER, nodeId=1] Stopping socket server request processors (kafka.network.SocketServer)
turbofan-kafka  | [2026-08-09 00:03:08,361] INFO [SocketServer listenerType=ZK_BROKER, nodeId=1] Stopped socket server request processors (kafka.network.SocketServer)
turbofan-kafka  | [2026-08-09 00:03:08,363] INFO [ReplicaManager broker=1] Shutting down (kafka.server.ReplicaManager)
turbofan-kafka  | [2026-08-09 00:03:08,364] INFO [LogDirFailureHandler]: Shutting down (kafka.server.ReplicaManager$LogDirFailureHandler)
turbofan-kafka  | [2026-08-09 00:03:08,364] INFO [LogDirFailureHandler]: Stopped (kafka.server.ReplicaManager$LogDirFailureHandler)
turbofan-kafka  | [2026-08-09 00:03:08,364] INFO [LogDirFailureHandler]: Shutdown completed (kafka.server.ReplicaManager$LogDirFailureHandler)
turbofan-kafka  | [2026-08-09 00:03:08,364] INFO [ReplicaFetcherManager on broker 1] shutting down (kafka.server.ReplicaFetcherManager)
turbofan-kafka  | [2026-08-09 00:03:08,364] INFO [ReplicaFetcherManager on broker 1] shutdown completed (kafka.server.ReplicaFetcherManager)
turbofan-kafka  | [2026-08-09 00:03:08,365] INFO [ReplicaAlterLogDirsManager on broker 1] shutting down (kafka.server.ReplicaAlterLogDirsManager)
turbofan-kafka  | [2026-08-09 00:03:08,365] INFO [ReplicaAlterLogDirsManager on broker 1] shutdown completed (kafka.server.ReplicaAlterLogDirsManager)
turbofan-kafka  | [2026-08-09 00:03:08,365] INFO [ExpirationReaper-1-Fetch]: Shutting down (kafka.server.DelayedOperationPurgatory$ExpiredOperationReaper)
turbofan-kafka  | [2026-08-09 00:03:08,366] INFO [ExpirationReaper-1-Fetch]: Stopped (kafka.server.DelayedOperationPurgatory$ExpiredOperationReaper)
turbofan-kafka  | [2026-08-09 00:03:08,366] INFO [ExpirationReaper-1-Fetch]: Shutdown completed (kafka.server.DelayedOperationPurgatory$ExpiredOperationReaper)
turbofan-kafka  | [2026-08-09 00:03:08,366] INFO [ExpirationReaper-1-Produce]: Shutting down (kafka.server.DelayedOperationPurgatory$ExpiredOperationReaper)
turbofan-kafka  | [2026-08-09 00:03:08,366] INFO [ExpirationReaper-1-Produce]: Stopped (kafka.server.DelayedOperationPurgatory$ExpiredOperationReaper)
turbofan-kafka  | [2026-08-09 00:03:08,366] INFO [ExpirationReaper-1-Produce]: Shutdown completed (kafka.server.DelayedOperationPurgatory$ExpiredOperationReaper)
turbofan-kafka  | [2026-08-09 00:03:08,367] INFO [ExpirationReaper-1-DeleteRecords]: Shutting down (kafka.server.DelayedOperationPurgatory$ExpiredOperationReaper)
turbofan-kafka  | [2026-08-09 00:03:08,367] INFO [ExpirationReaper-1-DeleteRecords]: Stopped (kafka.server.DelayedOperationPurgatory$ExpiredOperationReaper)
turbofan-kafka  | [2026-08-09 00:03:08,367] INFO [ExpirationReaper-1-DeleteRecords]: Shutdown completed (kafka.server.DelayedOperationPurgatory$ExpiredOperationReaper)
turbofan-kafka  | [2026-08-09 00:03:08,368] INFO [ExpirationReaper-1-ElectLeader]: Shutting down (kafka.server.DelayedOperationPurgatory$ExpiredOperationReaper)
turbofan-kafka  | [2026-08-09 00:03:08,368] INFO [ExpirationReaper-1-ElectLeader]: Stopped (kafka.server.DelayedOperationPurgatory$ExpiredOperationReaper)
turbofan-kafka  | [2026-08-09 00:03:08,368] INFO [ExpirationReaper-1-ElectLeader]: Shutdown completed (kafka.server.DelayedOperationPurgatory$ExpiredOperationReaper)
turbofan-kafka  | [2026-08-09 00:03:08,371] INFO [ReplicaManager broker=1] Shut down completely (kafka.server.ReplicaManager)
turbofan-kafka  | [2026-08-09 00:03:08,371] INFO [zk-broker-1-to-controller-alter-partition-channel-manager]: Shutting down (kafka.server.BrokerToControllerRequestThread)
turbofan-kafka  | [2026-08-09 00:03:08,371] INFO [zk-broker-1-to-controller-alter-partition-channel-manager]: Stopped (kafka.server.BrokerToControllerRequestThread)
turbofan-kafka  | [2026-08-09 00:03:08,371] INFO [zk-broker-1-to-controller-alter-partition-channel-manager]: Shutdown completed (kafka.server.BrokerToControllerRequestThread)
turbofan-kafka  | [2026-08-09 00:03:08,372] INFO Broker to controller channel manager for alter-partition shutdown (kafka.server.BrokerToControllerChannelManagerImpl)
turbofan-kafka  | [2026-08-09 00:03:08,372] INFO [zk-broker-1-to-controller-forwarding-channel-manager]: Shutting down (kafka.server.BrokerToControllerRequestThread)
turbofan-kafka  | [2026-08-09 00:03:08,372] INFO [zk-broker-1-to-controller-forwarding-channel-manager]: Stopped (kafka.server.BrokerToControllerRequestThread)
turbofan-kafka  | [2026-08-09 00:03:08,372] INFO [zk-broker-1-to-controller-forwarding-channel-manager]: Shutdown completed (kafka.server.BrokerToControllerRequestThread)
turbofan-kafka  | [2026-08-09 00:03:08,372] INFO Broker to controller channel manager for forwarding shutdown (kafka.server.BrokerToControllerChannelManagerImpl)
turbofan-kafka  | [2026-08-09 00:03:08,373] INFO Shutting down. (kafka.log.LogManager)
turbofan-kafka  | [2026-08-09 00:03:08,373] INFO Shutting down the log cleaner. (kafka.log.LogCleaner)
turbofan-kafka  | [2026-08-09 00:03:08,373] INFO [kafka-log-cleaner-thread-0]: Shutting down (kafka.log.LogCleaner$CleanerThread)
turbofan-kafka  | [2026-08-09 00:03:08,374] INFO [kafka-log-cleaner-thread-0]: Stopped (kafka.log.LogCleaner$CleanerThread)
turbofan-kafka  | [2026-08-09 00:03:08,374] INFO [kafka-log-cleaner-thread-0]: Shutdown completed (kafka.log.LogCleaner$CleanerThread)
turbofan-kafka  | [2026-08-09 00:03:08,381] INFO Shutdown complete. (kafka.log.LogManager)
turbofan-kafka  | [2026-08-09 00:03:08,382] INFO [feature-zk-node-event-process-thread]: Shutting down (kafka.server.FinalizedFeatureChangeListener$ChangeNotificationProcessorThread)
turbofan-kafka  | [2026-08-09 00:03:08,382] INFO [feature-zk-node-event-process-thread]: Stopped (kafka.server.FinalizedFeatureChangeListener$ChangeNotificationProcessorThread)
turbofan-kafka  | [2026-08-09 00:03:08,382] INFO [feature-zk-node-event-process-thread]: Shutdown completed (kafka.server.FinalizedFeatureChangeListener$ChangeNotificationProcessorThread)
turbofan-kafka  | [2026-08-09 00:03:08,382] INFO [ZooKeeperClient Kafka server] Closing. (kafka.zookeeper.ZooKeeperClient)
turbofan-kafka  | [2026-08-09 00:03:08,485] INFO Session: 0x10000000fe40009 closed (org.apache.zookeeper.ZooKeeper)
turbofan-kafka  | [2026-08-09 00:03:08,485] INFO EventThread shut down for session: 0x10000000fe40009 (org.apache.zookeeper.ClientCnxn)
turbofan-kafka  | [2026-08-09 00:03:08,486] INFO [ZooKeeperClient Kafka server] Closed. (kafka.zookeeper.ZooKeeperClient)
turbofan-kafka  | [2026-08-09 00:03:08,486] INFO [ThrottledChannelReaper-Fetch]: Shutting down (kafka.server.ClientQuotaManager$ThrottledChannelReaper)
turbofan-kafka  | [2026-08-09 00:03:08,487] INFO [ThrottledChannelReaper-Fetch]: Stopped (kafka.server.ClientQuotaManager$ThrottledChannelReaper)
turbofan-kafka  | [2026-08-09 00:03:08,487] INFO [ThrottledChannelReaper-Fetch]: Shutdown completed (kafka.server.ClientQuotaManager$ThrottledChannelReaper)
turbofan-kafka  | [2026-08-09 00:03:08,487] INFO [ThrottledChannelReaper-Produce]: Shutting down (kafka.server.ClientQuotaManager$ThrottledChannelReaper)
turbofan-kafka  | [2026-08-09 00:03:08,487] INFO [ThrottledChannelReaper-Produce]: Stopped (kafka.server.ClientQuotaManager$ThrottledChannelReaper)
turbofan-kafka  | [2026-08-09 00:03:08,487] INFO [ThrottledChannelReaper-Produce]: Shutdown completed (kafka.server.ClientQuotaManager$ThrottledChannelReaper)
turbofan-kafka  | [2026-08-09 00:03:08,487] INFO [ThrottledChannelReaper-Request]: Shutting down (kafka.server.ClientQuotaManager$ThrottledChannelReaper)
turbofan-kafka  | [2026-08-09 00:03:08,487] INFO [ThrottledChannelReaper-Request]: Stopped (kafka.server.ClientQuotaManager$ThrottledChannelReaper)
turbofan-kafka  | [2026-08-09 00:03:08,487] INFO [ThrottledChannelReaper-Request]: Shutdown completed (kafka.server.ClientQuotaManager$ThrottledChannelReaper)
turbofan-kafka  | [2026-08-09 00:03:08,487] INFO [ThrottledChannelReaper-ControllerMutation]: Shutting down (kafka.server.ClientQuotaManager$ThrottledChannelReaper)
turbofan-kafka  | [2026-08-09 00:03:08,488] INFO [ThrottledChannelReaper-ControllerMutation]: Stopped (kafka.server.ClientQuotaManager$ThrottledChannelReaper)
turbofan-kafka  | [2026-08-09 00:03:08,488] INFO [ThrottledChannelReaper-ControllerMutation]: Shutdown completed (kafka.server.ClientQuotaManager$ThrottledChannelReaper)
turbofan-kafka  | [2026-08-09 00:03:08,488] INFO [SocketServer listenerType=ZK_BROKER, nodeId=1] Shutting down socket server (kafka.network.SocketServer)
turbofan-kafka  | [2026-08-09 00:03:08,499] INFO [SocketServer listenerType=ZK_BROKER, nodeId=1] Shutdown completed (kafka.network.SocketServer)
turbofan-kafka  | [2026-08-09 00:03:08,499] INFO Metrics scheduler closed (org.apache.kafka.common.metrics.Metrics)
turbofan-kafka  | [2026-08-09 00:03:08,499] INFO Metrics reporters closed (org.apache.kafka.common.metrics.Metrics)
turbofan-kafka  | [2026-08-09 00:03:08,500] INFO Broker and topic stats closed (kafka.server.BrokerTopicStats)
turbofan-kafka  | [2026-08-09 00:03:08,502] INFO App info kafka.server for 1 unregistered (org.apache.kafka.common.utils.AppInfoParser)
turbofan-kafka  | [2026-08-09 00:03:08,502] INFO [KafkaServer id=1] shut down completed (kafka.server.KafkaServer)
turbofan-kafka  | [2026-08-09 00:03:08,502] ERROR Exiting Kafka due to fatal exception during startup. (kafka.Kafka$)
turbofan-kafka  | org.apache.zookeeper.KeeperException$NodeExistsException: KeeperErrorCode = NodeExists
turbofan-kafka  | 	at org.apache.zookeeper.KeeperException.create(KeeperException.java:126)
turbofan-kafka  | 	at kafka.zk.KafkaZkClient$CheckedEphemeral.getAfterNodeExists(KafkaZkClient.scala:2189)
turbofan-kafka  | 	at kafka.zk.KafkaZkClient$CheckedEphemeral.create(KafkaZkClient.scala:2127)
turbofan-kafka  | 	at kafka.zk.KafkaZkClient.checkedEphemeralCreate(KafkaZkClient.scala:2094)
turbofan-kafka  | 	at kafka.zk.KafkaZkClient.registerBroker(KafkaZkClient.scala:106)
turbofan-kafka  | 	at kafka.server.KafkaServer.startup(KafkaServer.scala:365)
turbofan-kafka  | 	at kafka.Kafka$.main(Kafka.scala:113)
turbofan-kafka  | 	at kafka.Kafka.main(Kafka.scala)
turbofan-kafka  | [2026-08-09 00:03:08,503] INFO [KafkaServer id=1] shutting down (kafka.server.KafkaServer)
turbofan-kafka  | ===> User
turbofan-kafka  | uid=1000(appuser) gid=1000(appuser) groups=1000(appuser)
turbofan-kafka  | ===> Configuring ...
turbofan-kafka  | Running in Zookeeper mode...
turbofan-kafka  | ===> Running preflight checks ... 
turbofan-kafka  | ===> Check if /var/lib/kafka/data is writable ...
turbofan-kafka  | ===> Check if Zookeeper is healthy ...
turbofan-kafka  | [2026-08-09 00:03:12,094] INFO Client environment:zookeeper.version=3.8.3-6ad6d364c7c0bcf0de452d54ebefa3058098ab56, built on 2023-10-05 10:34 UTC (org.apache.zookeeper.ZooKeeper)
turbofan-kafka  | [2026-08-09 00:03:12,094] INFO Client environment:host.name=93e869bc7857 (org.apache.zookeeper.ZooKeeper)
turbofan-kafka  | [2026-08-09 00:03:12,094] INFO Client environment:java.version=11.0.21 (org.apache.zookeeper.ZooKeeper)
turbofan-kafka  | [2026-08-09 00:03:12,094] INFO Client environment:java.vendor=Azul Systems, Inc. (org.apache.zookeeper.ZooKeeper)
turbofan-kafka  | [2026-08-09 00:03:12,094] INFO Client environment:java.home=/usr/lib/jvm/java-11-zulu-openjdk-ca (org.apache.zookeeper.ZooKeeper)
turbofan-kafka  | [2026-08-09 00:03:12,094] INFO Client environment:java.class.path=/usr/share/java/cp-base-new/snappy-java-1.1.10.5.jar:/usr/share/java/cp-base-new/slf4j-api-1.7.36.jar:/usr/share/java/cp-base-new/jackson-core-2.14.2.jar:/usr/share/java/cp-base-new/jolokia-jvm-1.7.1.jar:/usr/share/java/cp-base-new/zookeeper-3.8.3.jar:/usr/share/java/cp-base-new/re2j-1.6.jar:/usr/share/java/cp-base-new/jackson-dataformat-csv-2.14.2.jar:/usr/share/java/cp-base-new/json-simple-1.1.1.jar:/usr/share/java/cp-base-new/zookeeper-jute-3.8.3.jar:/usr/share/java/cp-base-new/metrics-core-2.2.0.jar:/usr/share/java/cp-base-new/scala-collection-compat_2.13-2.10.0.jar:/usr/share/java/cp-base-new/logredactor-1.0.12.jar:/usr/share/java/cp-base-new/jackson-annotations-2.14.2.jar:/usr/share/java/cp-base-new/logredactor-metrics-1.0.12.jar:/usr/share/java/cp-base-new/commons-cli-1.4.jar:/usr/share/java/cp-base-new/audience-annotations-0.12.0.jar:/usr/share/java/cp-base-new/metrics-core-4.1.12.1.jar:/usr/share/java/cp-base-new/kafka-group-coordinator-7.5.3-ccs.jar:/usr/share/java/cp-base-new/lz4-java-1.8.0.jar:/usr/share/java/cp-base-new/zstd-jni-1.5.5-1.jar:/usr/share/java/cp-base-new/argparse4j-0.7.0.jar:/usr/share/java/cp-base-new/scala-reflect-2.13.10.jar:/usr/share/java/cp-base-new/kafka-clients-7.5.3-ccs.jar:/usr/share/java/cp-base-new/slf4j-reload4j-1.7.36.jar:/usr/share/java/cp-base-new/disk-usage-agent-7.5.3.jar:/usr/share/java/cp-base-new/commons-io-2.11.0.jar:/usr/share/java/cp-base-new/paranamer-2.8.jar:/usr/share/java/cp-base-new/jackson-databind-2.14.2.jar:/usr/share/java/cp-base-new/scala-logging_2.13-3.9.4.jar:/usr/share/java/cp-base-new/kafka-tools-api-7.5.3-ccs.jar:/usr/share/java/cp-base-new/common-utils-7.5.3.jar:/usr/share/java/cp-base-new/kafka_2.13-7.5.3-ccs.jar:/usr/share/java/cp-base-new/reload4j-1.2.25.jar:/usr/share/java/cp-base-new/utility-belt-7.5.3.jar:/usr/share/java/cp-base-new/snakeyaml-2.0.jar:/usr/share/java/cp-base-new/scala-java8-compat_2.13-1.0.2.jar:/usr/share/java/cp-base-new/minimal-json-0.9.5.jar:/usr/share/java/cp-base-new/kafka-metadata-7.5.3-ccs.jar:/usr/share/java/cp-base-new/kafka-raft-7.5.3-ccs.jar:/usr/share/java/cp-base-new/jackson-dataformat-yaml-2.14.2.jar:/usr/share/java/cp-base-new/jopt-simple-5.0.4.jar:/usr/share/java/cp-base-new/kafka-storage-7.5.3-ccs.jar:/usr/share/java/cp-base-new/jackson-datatype-jdk8-2.14.2.jar:/usr/share/java/cp-base-new/jose4j-0.9.3.jar:/usr/share/java/cp-base-new/jmx_prometheus_javaagent-0.18.0.jar:/usr/share/java/cp-base-new/jackson-module-scala_2.13-2.14.2.jar:/usr/share/java/cp-base-new/jolokia-core-1.7.1.jar:/usr/share/java/cp-base-new/gson-2.9.0.jar:/usr/share/java/cp-base-new/kafka-storage-api-7.5.3-ccs.jar:/usr/share/java/cp-base-new/scala-library-2.13.10.jar:/usr/share/java/cp-base-new/kafka-server-common-7.5.3-ccs.jar (org.apache.zookeeper.ZooKeeper)
turbofan-kafka  | [2026-08-09 00:03:12,094] INFO Client environment:java.library.path=/usr/java/packages/lib:/lib:/usr/lib:/usr/lib64:/lib64 (org.apache.zookeeper.ZooKeeper)
turbofan-kafka  | [2026-08-09 00:03:12,094] INFO Client environment:java.io.tmpdir=/tmp (org.apache.zookeeper.ZooKeeper)
turbofan-kafka  | [2026-08-09 00:03:12,094] INFO Client environment:java.compiler=<NA> (org.apache.zookeeper.ZooKeeper)
turbofan-kafka  | [2026-08-09 00:03:12,094] INFO Client environment:os.name=Linux (org.apache.zookeeper.ZooKeeper)
turbofan-kafka  | [2026-08-09 00:03:12,094] INFO Client environment:os.arch=aarch64 (org.apache.zookeeper.ZooKeeper)
turbofan-kafka  | [2026-08-09 00:03:12,094] INFO Client environment:os.version=6.12.76-linuxkit (org.apache.zookeeper.ZooKeeper)
turbofan-kafka  | [2026-08-09 00:03:12,094] INFO Client environment:user.name=appuser (org.apache.zookeeper.ZooKeeper)
turbofan-kafka  | [2026-08-09 00:03:12,094] INFO Client environment:user.home=/home/appuser (org.apache.zookeeper.ZooKeeper)
turbofan-kafka  | [2026-08-09 00:03:12,094] INFO Client environment:user.dir=/home/appuser (org.apache.zookeeper.ZooKeeper)
turbofan-kafka  | [2026-08-09 00:03:12,094] INFO Client environment:os.memory.free=114MB (org.apache.zookeeper.ZooKeeper)
turbofan-kafka  | [2026-08-09 00:03:12,094] INFO Client environment:os.memory.max=1960MB (org.apache.zookeeper.ZooKeeper)
turbofan-kafka  | [2026-08-09 00:03:12,094] INFO Client environment:os.memory.total=124MB (org.apache.zookeeper.ZooKeeper)
turbofan-kafka  | [2026-08-09 00:03:12,095] INFO Initiating client connection, connectString=zookeeper:2181 sessionTimeout=40000 watcher=io.confluent.admin.utils.ZookeeperConnectionWatcher@62bd765 (org.apache.zookeeper.ZooKeeper)
turbofan-kafka  | [2026-08-09 00:03:12,096] INFO Setting -D jdk.tls.rejectClientInitiatedRenegotiation=true to disable client-initiated TLS renegotiation (org.apache.zookeeper.common.X509Util)
turbofan-kafka  | [2026-08-09 00:03:12,098] INFO jute.maxbuffer value is 1048575 Bytes (org.apache.zookeeper.ClientCnxnSocket)
turbofan-kafka  | [2026-08-09 00:03:12,100] INFO zookeeper.request.timeout value is 0. feature enabled=false (org.apache.zookeeper.ClientCnxn)
turbofan-kafka  | [2026-08-09 00:03:12,108] INFO Opening socket connection to server zookeeper/172.18.0.7:2181. (org.apache.zookeeper.ClientCnxn)
turbofan-kafka  | [2026-08-09 00:03:12,108] INFO SASL config status: Will not attempt to authenticate using SASL (unknown error) (org.apache.zookeeper.ClientCnxn)
turbofan-kafka  | [2026-08-09 00:03:12,111] INFO Socket connection established, initiating session, client: /172.18.0.8:54828, server: zookeeper/172.18.0.7:2181 (org.apache.zookeeper.ClientCnxn)
turbofan-kafka  | [2026-08-09 00:03:12,114] INFO Session establishment complete on server zookeeper/172.18.0.7:2181, session id = 0x10000000fe4000a, negotiated timeout = 40000 (org.apache.zookeeper.ClientCnxn)
turbofan-kafka  | [2026-08-09 00:03:12,220] INFO Session: 0x10000000fe4000a closed (org.apache.zookeeper.ZooKeeper)
turbofan-kafka  | [2026-08-09 00:03:12,220] INFO EventThread shut down for session: 0x10000000fe4000a (org.apache.zookeeper.ClientCnxn)
turbofan-kafka  | Using log4j config /etc/kafka/log4j.properties
turbofan-kafka  | ===> Launching ... 
turbofan-kafka  | ===> Launching kafka ... 
turbofan-kafka  | [2026-08-09 00:03:12,458] INFO Registered kafka:type=kafka.Log4jController MBean (kafka.utils.Log4jControllerRegistration$)
turbofan-kafka  | [2026-08-09 00:03:12,563] INFO Setting -D jdk.tls.rejectClientInitiatedRenegotiation=true to disable client-initiated TLS renegotiation (org.apache.zookeeper.common.X509Util)
turbofan-kafka  | [2026-08-09 00:03:12,589] INFO Registered signal handlers for TERM, INT, HUP (org.apache.kafka.common.utils.LoggingSignalHandler)
turbofan-kafka  | [2026-08-09 00:03:12,589] INFO starting (kafka.server.KafkaServer)
turbofan-kafka  | [2026-08-09 00:03:12,589] INFO Connecting to zookeeper on zookeeper:2181 (kafka.server.KafkaServer)
turbofan-kafka  | [2026-08-09 00:03:12,594] INFO [ZooKeeperClient Kafka server] Initializing a new session to zookeeper:2181. (kafka.zookeeper.ZooKeeperClient)
turbofan-kafka  | [2026-08-09 00:03:12,596] INFO Client environment:zookeeper.version=3.8.3-6ad6d364c7c0bcf0de452d54ebefa3058098ab56, built on 2023-10-05 10:34 UTC (org.apache.zookeeper.ZooKeeper)
turbofan-kafka  | [2026-08-09 00:03:12,596] INFO Client environment:host.name=93e869bc7857 (org.apache.zookeeper.ZooKeeper)
turbofan-kafka  | [2026-08-09 00:03:12,596] INFO Client environment:java.version=11.0.21 (org.apache.zookeeper.ZooKeeper)
turbofan-kafka  | [2026-08-09 00:03:12,596] INFO Client environment:java.vendor=Azul Systems, Inc. (org.apache.zookeeper.ZooKeeper)
turbofan-kafka  | [2026-08-09 00:03:12,596] INFO Client environment:java.home=/usr/lib/jvm/java-11-zulu-openjdk-ca (org.apache.zookeeper.ZooKeeper)
turbofan-kafka  | [2026-08-09 00:03:12,596] INFO Client environment:java.class.path=/usr/bin/../share/java/kafka/hk2-utils-2.6.1.jar:/usr/bin/../share/java/kafka/jetty-http-9.4.53.v20231009.jar:/usr/bin/../share/java/kafka/snappy-java-1.1.10.5.jar:/usr/bin/../share/java/kafka/slf4j-api-1.7.36.jar:/usr/bin/../share/java/kafka/connect-api-7.5.3-ccs.jar:/usr/bin/../share/java/kafka/jersey-common-2.39.1.jar:/usr/bin/../share/java/kafka/connect-mirror-client-7.5.3-ccs.jar:/usr/bin/../share/java/kafka/netty-common-4.1.100.Final.jar:/usr/bin/../share/java/kafka/jetty-servlets-9.4.53.v20231009.jar:/usr/bin/../share/java/kafka/hk2-api-2.6.1.jar:/usr/bin/../share/java/kafka/jackson-datatype-jdk8-2.13.5.jar:/usr/bin/../share/java/kafka/jline-3.22.0.jar:/usr/bin/../share/java/kafka/jakarta.annotation-api-1.3.5.jar:/usr/bin/../share/java/kafka/activation-1.1.1.jar:/usr/bin/../share/java/kafka/jackson-module-scala_2.13-2.13.5.jar:/usr/bin/../share/java/kafka/jetty-io-9.4.53.v20231009.jar:/usr/bin/../share/java/kafka/zookeeper-3.8.3.jar:/usr/bin/../share/java/kafka/connect-basic-auth-extension-7.5.3-ccs.jar:/usr/bin/../share/java/kafka/plexus-utils-3.3.1.jar:/usr/bin/../share/java/kafka/jetty-continuation-9.4.53.v20231009.jar:/usr/bin/../share/java/kafka/jackson-jaxrs-base-2.13.5.jar:/usr/bin/../share/java/kafka/connect-mirror-7.5.3-ccs.jar:/usr/bin/../share/java/kafka/netty-handler-4.1.100.Final.jar:/usr/bin/../share/java/kafka/kafka-streams-examples-7.5.3-ccs.jar:/usr/bin/../share/java/kafka/trogdor-7.5.3-ccs.jar:/usr/bin/../share/java/kafka/jetty-client-9.4.53.v20231009.jar:/usr/bin/../share/java/kafka/jetty-security-9.4.53.v20231009.jar:/usr/bin/../share/java/kafka/zookeeper-jute-3.8.3.jar:/usr/bin/../share/java/kafka/metrics-core-2.2.0.jar:/usr/bin/../share/java/kafka/jakarta.activation-api-1.2.2.jar:/usr/bin/../share/java/kafka/kafka.jar:/usr/bin/../share/java/kafka/scala-collection-compat_2.13-2.10.0.jar:/usr/bin/../share/java/kafka/jakarta.validation-api-2.0.2.jar:/usr/bin/../share/java/kafka/hk2-locator-2.6.1.jar:/usr/bin/../share/java/kafka/netty-transport-native-unix-common-4.1.100.Final.jar:/usr/bin/../share/java/kafka/jackson-core-2.13.5.jar:/usr/bin/../share/java/kafka/javax.annotation-api-1.3.2.jar:/usr/bin/../share/java/kafka/aopalliance-repackaged-2.6.1.jar:/usr/bin/../share/java/kafka/jakarta.xml.bind-api-2.3.3.jar:/usr/bin/../share/java/kafka/jakarta.inject-2.6.1.jar:/usr/bin/../share/java/kafka/commons-cli-1.4.jar:/usr/bin/../share/java/kafka/audience-annotations-0.12.0.jar:/usr/bin/../share/java/kafka/metrics-core-4.1.12.1.jar:/usr/bin/../share/java/kafka/kafka-streams-scala_2.13-7.5.3-ccs.jar:/usr/bin/../share/java/kafka/kafka-group-coordinator-7.5.3-ccs.jar:/usr/bin/../share/java/kafka/jackson-annotations-2.13.5.jar:/usr/bin/../share/java/kafka/lz4-java-1.8.0.jar:/usr/bin/../share/java/kafka/zstd-jni-1.5.5-1.jar:/usr/bin/../share/java/kafka/javassist-3.29.2-GA.jar:/usr/bin/../share/java/kafka/jersey-container-servlet-core-2.39.1.jar:/usr/bin/../share/java/kafka/connect-runtime-7.5.3-ccs.jar:/usr/bin/../share/java/kafka/netty-transport-native-epoll-4.1.100.Final.jar:/usr/bin/../share/java/kafka/netty-buffer-4.1.100.Final.jar:/usr/bin/../share/java/kafka/jetty-servlet-9.4.53.v20231009.jar:/usr/bin/../share/java/kafka/swagger-annotations-2.2.8.jar:/usr/bin/../share/java/kafka/jetty-util-9.4.53.v20231009.jar:/usr/bin/../share/java/kafka/rocksdbjni-7.9.2.jar:/usr/bin/../share/java/kafka/jackson-jaxrs-json-provider-2.13.5.jar:/usr/bin/../share/java/kafka/jersey-container-servlet-2.39.1.jar:/usr/bin/../share/java/kafka/argparse4j-0.7.0.jar:/usr/bin/../share/java/kafka/javax.ws.rs-api-2.1.1.jar:/usr/bin/../share/java/kafka/scala-reflect-2.13.10.jar:/usr/bin/../share/java/kafka/kafka-clients-7.5.3-ccs.jar:/usr/bin/../share/java/kafka/slf4j-reload4j-1.7.36.jar:/usr/bin/../share/java/kafka/kafka-streams-7.5.3-ccs.jar:/usr/bin/../share/java/kafka/commons-io-2.11.0.jar:/usr/bin/../share/java/kafka/netty-codec-4.1.100.Final.jar:/usr/bin/../share/java/kafka/commons-lang3-3.8.1.jar:/usr/bin/../share/java/kafka/paranamer-2.8.jar:/usr/bin/../share/java/kafka/scala-logging_2.13-3.9.4.jar:/usr/bin/../share/java/kafka/jackson-dataformat-csv-2.13.5.jar:/usr/bin/../share/java/kafka/kafka-tools-api-7.5.3-ccs.jar:/usr/bin/../share/java/kafka/kafka-shell-7.5.3-ccs.jar:/usr/bin/../share/java/kafka/javax.servlet-api-3.1.0.jar:/usr/bin/../share/java/kafka/connect-json-7.5.3-ccs.jar:/usr/bin/../share/java/kafka/kafka_2.13-7.5.3-ccs.jar:/usr/bin/../share/java/kafka/jersey-client-2.39.1.jar:/usr/bin/../share/java/kafka/reload4j-1.2.25.jar:/usr/bin/../share/java/kafka/jaxb-api-2.3.1.jar:/usr/bin/../share/java/kafka/jakarta.ws.rs-api-2.1.6.jar:/usr/bin/../share/java/kafka/scala-java8-compat_2.13-1.0.2.jar:/usr/bin/../share/java/kafka/kafka-metadata-7.5.3-ccs.jar:/usr/bin/../share/java/kafka/kafka-raft-7.5.3-ccs.jar:/usr/bin/../share/java/kafka/jopt-simple-5.0.4.jar:/usr/bin/../share/java/kafka/kafka-storage-7.5.3-ccs.jar:/usr/bin/../share/java/kafka/jackson-module-jaxb-annotations-2.13.5.jar:/usr/bin/../share/java/kafka/jose4j-0.9.3.jar:/usr/bin/../share/java/kafka/maven-artifact-3.8.8.jar:/usr/bin/../share/java/kafka/netty-resolver-4.1.100.Final.jar:/usr/bin/../share/java/kafka/javax.activation-api-1.2.0.jar:/usr/bin/../share/java/kafka/jersey-server-2.39.1.jar:/usr/bin/../share/java/kafka/osgi-resource-locator-1.0.3.jar:/usr/bin/../share/java/kafka/jetty-server-9.4.53.v20231009.jar:/usr/bin/../share/java/kafka/netty-transport-4.1.100.Final.jar:/usr/bin/../share/java/kafka/kafka-tools-7.5.3-ccs.jar:/usr/bin/../share/java/kafka/connect-transforms-7.5.3-ccs.jar:/usr/bin/../share/java/kafka/jetty-util-ajax-9.4.53.v20231009.jar:/usr/bin/../share/java/kafka/kafka-log4j-appender-7.5.3-ccs.jar:/usr/bin/../share/java/kafka/netty-transport-classes-epoll-4.1.100.Final.jar:/usr/bin/../share/java/kafka/kafka-storage-api-7.5.3-ccs.jar:/usr/bin/../share/java/kafka/scala-library-2.13.10.jar:/usr/bin/../share/java/kafka/kafka-server-common-7.5.3-ccs.jar:/usr/bin/../share/java/kafka/jersey-hk2-2.39.1.jar:/usr/bin/../share/java/kafka/kafka-streams-test-utils-7.5.3-ccs.jar:/usr/bin/../share/java/kafka/jackson-databind-2.13.5.jar:/usr/bin/../share/java/kafka/reflections-0.9.12.jar:/usr/bin/../share/java/confluent-telemetry/* (org.apache.zookeeper.ZooKeeper)
turbofan-kafka  | [2026-08-09 00:03:12,596] INFO Client environment:java.library.path=/usr/java/packages/lib:/lib:/usr/lib:/usr/lib64:/lib64 (org.apache.zookeeper.ZooKeeper)
turbofan-kafka  | [2026-08-09 00:03:12,596] INFO Client environment:java.io.tmpdir=/tmp (org.apache.zookeeper.ZooKeeper)
turbofan-kafka  | [2026-08-09 00:03:12,596] INFO Client environment:java.compiler=<NA> (org.apache.zookeeper.ZooKeeper)
turbofan-kafka  | [2026-08-09 00:03:12,596] INFO Client environment:os.name=Linux (org.apache.zookeeper.ZooKeeper)
turbofan-kafka  | [2026-08-09 00:03:12,596] INFO Client environment:os.arch=aarch64 (org.apache.zookeeper.ZooKeeper)
turbofan-kafka  | [2026-08-09 00:03:12,596] INFO Client environment:os.version=6.12.76-linuxkit (org.apache.zookeeper.ZooKeeper)
turbofan-kafka  | [2026-08-09 00:03:12,596] INFO Client environment:user.name=appuser (org.apache.zookeeper.ZooKeeper)
turbofan-kafka  | [2026-08-09 00:03:12,596] INFO Client environment:user.home=/home/appuser (org.apache.zookeeper.ZooKeeper)
turbofan-kafka  | [2026-08-09 00:03:12,596] INFO Client environment:user.dir=/home/appuser (org.apache.zookeeper.ZooKeeper)
turbofan-kafka  | [2026-08-09 00:03:12,596] INFO Client environment:os.memory.free=1009MB (org.apache.zookeeper.ZooKeeper)
turbofan-kafka  | [2026-08-09 00:03:12,596] INFO Client environment:os.memory.max=1024MB (org.apache.zookeeper.ZooKeeper)
turbofan-kafka  | [2026-08-09 00:03:12,596] INFO Client environment:os.memory.total=1024MB (org.apache.zookeeper.ZooKeeper)
turbofan-kafka  | [2026-08-09 00:03:12,597] INFO Initiating client connection, connectString=zookeeper:2181 sessionTimeout=18000 watcher=kafka.zookeeper.ZooKeeperClient$ZooKeeperClientWatcher$@1199fe66 (org.apache.zookeeper.ZooKeeper)
turbofan-kafka  | [2026-08-09 00:03:12,598] INFO jute.maxbuffer value is 4194304 Bytes (org.apache.zookeeper.ClientCnxnSocket)
turbofan-kafka  | [2026-08-09 00:03:12,600] INFO zookeeper.request.timeout value is 0. feature enabled=false (org.apache.zookeeper.ClientCnxn)
turbofan-kafka  | [2026-08-09 00:03:12,601] INFO [ZooKeeperClient Kafka server] Waiting until connected. (kafka.zookeeper.ZooKeeperClient)
turbofan-kafka  | [2026-08-09 00:03:12,602] INFO Opening socket connection to server zookeeper/172.18.0.7:2181. (org.apache.zookeeper.ClientCnxn)
turbofan-kafka  | [2026-08-09 00:03:12,604] INFO Socket connection established, initiating session, client: /172.18.0.8:54842, server: zookeeper/172.18.0.7:2181 (org.apache.zookeeper.ClientCnxn)
turbofan-kafka  | [2026-08-09 00:03:12,607] INFO Session establishment complete on server zookeeper/172.18.0.7:2181, session id = 0x10000000fe4000b, negotiated timeout = 18000 (org.apache.zookeeper.ClientCnxn)
turbofan-kafka  | [2026-08-09 00:03:12,608] INFO [ZooKeeperClient Kafka server] Connected. (kafka.zookeeper.ZooKeeperClient)
turbofan-kafka  | [2026-08-09 00:03:12,683] INFO Cluster ID = 8x9Cq4-uQwCryGIb583wWQ (kafka.server.KafkaServer)
turbofan-kafka  | [2026-08-09 00:03:12,703] INFO KafkaConfig values: 
turbofan-kafka  | 	advertised.listeners = PLAINTEXT://kafka:9092,PLAINTEXT_HOST://localhost:29092
turbofan-kafka  | 	alter.config.policy.class.name = null
turbofan-kafka  | 	alter.log.dirs.replication.quota.window.num = 11
turbofan-kafka  | 	alter.log.dirs.replication.quota.window.size.seconds = 1
turbofan-kafka  | 	authorizer.class.name = 
turbofan-kafka  | 	auto.create.topics.enable = true
turbofan-kafka  | 	auto.include.jmx.reporter = true
turbofan-kafka  | 	auto.leader.rebalance.enable = true
turbofan-kafka  | 	background.threads = 10
turbofan-kafka  | 	broker.heartbeat.interval.ms = 2000
turbofan-kafka  | 	broker.id = 1
turbofan-kafka  | 	broker.id.generation.enable = true
turbofan-kafka  | 	broker.rack = null
turbofan-kafka  | 	broker.session.timeout.ms = 9000
turbofan-kafka  | 	client.quota.callback.class = null
turbofan-kafka  | 	compression.type = producer
turbofan-kafka  | 	connection.failed.authentication.delay.ms = 100
turbofan-kafka  | 	connections.max.idle.ms = 600000
turbofan-kafka  | 	connections.max.reauth.ms = 0
turbofan-kafka  | 	control.plane.listener.name = null
turbofan-kafka  | 	controlled.shutdown.enable = true
turbofan-kafka  | 	controlled.shutdown.max.retries = 3
turbofan-kafka  | 	controlled.shutdown.retry.backoff.ms = 5000
turbofan-kafka  | 	controller.listener.names = null
turbofan-kafka  | 	controller.quorum.append.linger.ms = 25
turbofan-kafka  | 	controller.quorum.election.backoff.max.ms = 1000
turbofan-kafka  | 	controller.quorum.election.timeout.ms = 1000
turbofan-kafka  | 	controller.quorum.fetch.timeout.ms = 2000
turbofan-kafka  | 	controller.quorum.request.timeout.ms = 2000
turbofan-kafka  | 	controller.quorum.retry.backoff.ms = 20
turbofan-kafka  | 	controller.quorum.voters = []
turbofan-kafka  | 	controller.quota.window.num = 11
turbofan-kafka  | 	controller.quota.window.size.seconds = 1
turbofan-kafka  | 	controller.socket.timeout.ms = 30000
turbofan-kafka  | 	create.topic.policy.class.name = null
turbofan-kafka  | 	default.replication.factor = 1
turbofan-kafka  | 	delegation.token.expiry.check.interval.ms = 3600000
turbofan-kafka  | 	delegation.token.expiry.time.ms = 86400000
turbofan-kafka  | 	delegation.token.master.key = null
turbofan-kafka  | 	delegation.token.max.lifetime.ms = 604800000
turbofan-kafka  | 	delegation.token.secret.key = null
turbofan-kafka  | 	delete.records.purgatory.purge.interval.requests = 1
turbofan-kafka  | 	delete.topic.enable = true
turbofan-kafka  | 	early.start.listeners = null
turbofan-kafka  | 	fetch.max.bytes = 57671680
turbofan-kafka  | 	fetch.purgatory.purge.interval.requests = 1000
turbofan-kafka  | 	group.consumer.assignors = []
turbofan-kafka  | 	group.consumer.heartbeat.interval.ms = 5000
turbofan-kafka  | 	group.consumer.max.heartbeat.interval.ms = 15000
turbofan-kafka  | 	group.consumer.max.session.timeout.ms = 60000
turbofan-kafka  | 	group.consumer.max.size = 2147483647
turbofan-kafka  | 	group.consumer.min.heartbeat.interval.ms = 5000
turbofan-kafka  | 	group.consumer.min.session.timeout.ms = 45000
turbofan-kafka  | 	group.consumer.session.timeout.ms = 45000
turbofan-kafka  | 	group.coordinator.new.enable = false
turbofan-kafka  | 	group.coordinator.threads = 1
turbofan-kafka  | 	group.initial.rebalance.delay.ms = 3000
turbofan-kafka  | 	group.max.session.timeout.ms = 1800000
turbofan-kafka  | 	group.max.size = 2147483647
turbofan-kafka  | 	group.min.session.timeout.ms = 6000
turbofan-kafka  | 	initial.broker.registration.timeout.ms = 60000
turbofan-kafka  | 	inter.broker.listener.name = null
turbofan-kafka  | 	inter.broker.protocol.version = 3.5-IV2
turbofan-kafka  | 	kafka.metrics.polling.interval.secs = 10
turbofan-kafka  | 	kafka.metrics.reporters = []
turbofan-kafka  | 	leader.imbalance.check.interval.seconds = 300
turbofan-kafka  | 	leader.imbalance.per.broker.percentage = 10
turbofan-kafka  | 	listener.security.protocol.map = PLAINTEXT:PLAINTEXT,PLAINTEXT_HOST:PLAINTEXT
turbofan-kafka  | 	listeners = PLAINTEXT://0.0.0.0:9092,PLAINTEXT_HOST://0.0.0.0:29092
turbofan-kafka  | 	log.cleaner.backoff.ms = 15000
turbofan-kafka  | 	log.cleaner.dedupe.buffer.size = 134217728
turbofan-kafka  | 	log.cleaner.delete.retention.ms = 86400000
turbofan-kafka  | 	log.cleaner.enable = true
turbofan-kafka  | 	log.cleaner.io.buffer.load.factor = 0.9
turbofan-kafka  | 	log.cleaner.io.buffer.size = 524288
turbofan-kafka  | 	log.cleaner.io.max.bytes.per.second = 1.7976931348623157E308
turbofan-kafka  | 	log.cleaner.max.compaction.lag.ms = 9223372036854775807
turbofan-kafka  | 	log.cleaner.min.cleanable.ratio = 0.5
turbofan-kafka  | 	log.cleaner.min.compaction.lag.ms = 0
turbofan-kafka  | 	log.cleaner.threads = 1
turbofan-kafka  | 	log.cleanup.policy = [delete]
turbofan-kafka  | 	log.dir = /tmp/kafka-logs
turbofan-kafka  | 	log.dirs = /var/lib/kafka/data
turbofan-kafka  | 	log.flush.interval.messages = 9223372036854775807
turbofan-kafka  | 	log.flush.interval.ms = null
turbofan-kafka  | 	log.flush.offset.checkpoint.interval.ms = 60000
turbofan-kafka  | 	log.flush.scheduler.interval.ms = 9223372036854775807
turbofan-kafka  | 	log.flush.start.offset.checkpoint.interval.ms = 60000
turbofan-kafka  | 	log.index.interval.bytes = 4096
turbofan-kafka  | 	log.index.size.max.bytes = 10485760
turbofan-kafka  | 	log.message.downconversion.enable = true
turbofan-kafka  | 	log.message.format.version = 3.0-IV1
turbofan-kafka  | 	log.message.timestamp.difference.max.ms = 9223372036854775807
turbofan-kafka  | 	log.message.timestamp.type = CreateTime
turbofan-kafka  | 	log.preallocate = false
turbofan-kafka  | 	log.retention.bytes = -1
turbofan-kafka  | 	log.retention.check.interval.ms = 300000
turbofan-kafka  | 	log.retention.hours = 168
turbofan-kafka  | 	log.retention.minutes = null
turbofan-kafka  | 	log.retention.ms = null
turbofan-kafka  | 	log.roll.hours = 168
turbofan-kafka  | 	log.roll.jitter.hours = 0
turbofan-kafka  | 	log.roll.jitter.ms = null
turbofan-kafka  | 	log.roll.ms = null
turbofan-kafka  | 	log.segment.bytes = 1073741824
turbofan-kafka  | 	log.segment.delete.delay.ms = 60000
turbofan-kafka  | 	max.connection.creation.rate = 2147483647
turbofan-kafka  | 	max.connections = 2147483647
turbofan-kafka  | 	max.connections.per.ip = 2147483647
turbofan-kafka  | 	max.connections.per.ip.overrides = 
turbofan-kafka  | 	max.incremental.fetch.session.cache.slots = 1000
turbofan-kafka  | 	message.max.bytes = 1048588
turbofan-kafka  | 	metadata.log.dir = null
turbofan-kafka  | 	metadata.log.max.record.bytes.between.snapshots = 20971520
turbofan-kafka  | 	metadata.log.max.snapshot.interval.ms = 3600000
turbofan-kafka  | 	metadata.log.segment.bytes = 1073741824
turbofan-kafka  | 	metadata.log.segment.min.bytes = 8388608
turbofan-kafka  | 	metadata.log.segment.ms = 604800000
turbofan-kafka  | 	metadata.max.idle.interval.ms = 500
turbofan-kafka  | 	metadata.max.retention.bytes = 104857600
turbofan-kafka  | 	metadata.max.retention.ms = 604800000
turbofan-kafka  | 	metric.reporters = []
turbofan-kafka  | 	metrics.num.samples = 2
turbofan-kafka  | 	metrics.recording.level = INFO
turbofan-kafka  | 	metrics.sample.window.ms = 30000
turbofan-kafka  | 	min.insync.replicas = 1
turbofan-kafka  | 	node.id = 1
turbofan-kafka  | 	num.io.threads = 8
turbofan-kafka  | 	num.network.threads = 3
turbofan-kafka  | 	num.partitions = 1
turbofan-kafka  | 	num.recovery.threads.per.data.dir = 1
turbofan-kafka  | 	num.replica.alter.log.dirs.threads = null
turbofan-kafka  | 	num.replica.fetchers = 1
turbofan-kafka  | 	offset.metadata.max.bytes = 4096
turbofan-kafka  | 	offsets.commit.required.acks = -1
turbofan-kafka  | 	offsets.commit.timeout.ms = 5000
turbofan-kafka  | 	offsets.load.buffer.size = 5242880
turbofan-kafka  | 	offsets.retention.check.interval.ms = 600000
turbofan-kafka  | 	offsets.retention.minutes = 10080
turbofan-kafka  | 	offsets.topic.compression.codec = 0
turbofan-kafka  | 	offsets.topic.num.partitions = 50
turbofan-kafka  | 	offsets.topic.replication.factor = 1
turbofan-kafka  | 	offsets.topic.segment.bytes = 104857600
turbofan-kafka  | 	password.encoder.cipher.algorithm = AES/CBC/PKCS5Padding
turbofan-kafka  | 	password.encoder.iterations = 4096
turbofan-kafka  | 	password.encoder.key.length = 128
turbofan-kafka  | 	password.encoder.keyfactory.algorithm = null
turbofan-kafka  | 	password.encoder.old.secret = null
turbofan-kafka  | 	password.encoder.secret = null
turbofan-kafka  | 	principal.builder.class = class org.apache.kafka.common.security.authenticator.DefaultKafkaPrincipalBuilder
turbofan-kafka  | 	process.roles = []
turbofan-kafka  | 	producer.id.expiration.check.interval.ms = 600000
turbofan-kafka  | 	producer.id.expiration.ms = 86400000
turbofan-kafka  | 	producer.purgatory.purge.interval.requests = 1000
turbofan-kafka  | 	queued.max.request.bytes = -1
turbofan-kafka  | 	queued.max.requests = 500
turbofan-kafka  | 	quota.window.num = 11
turbofan-kafka  | 	quota.window.size.seconds = 1
turbofan-kafka  | 	remote.log.index.file.cache.total.size.bytes = 1073741824
turbofan-kafka  | 	remote.log.manager.task.interval.ms = 30000
turbofan-kafka  | 	remote.log.manager.task.retry.backoff.max.ms = 30000
turbofan-kafka  | 	remote.log.manager.task.retry.backoff.ms = 500
turbofan-kafka  | 	remote.log.manager.task.retry.jitter = 0.2
turbofan-kafka  | 	remote.log.manager.thread.pool.size = 10
turbofan-kafka  | 	remote.log.metadata.manager.class.name = null
turbofan-kafka  | 	remote.log.metadata.manager.class.path = null
turbofan-kafka  | 	remote.log.metadata.manager.impl.prefix = null
turbofan-kafka  | 	remote.log.metadata.manager.listener.name = null
turbofan-kafka  | 	remote.log.reader.max.pending.tasks = 100
turbofan-kafka  | 	remote.log.reader.threads = 10
turbofan-kafka  | 	remote.log.storage.manager.class.name = null
turbofan-kafka  | 	remote.log.storage.manager.class.path = null
turbofan-kafka  | 	remote.log.storage.manager.impl.prefix = null
turbofan-kafka  | 	remote.log.storage.system.enable = false
turbofan-kafka  | 	replica.fetch.backoff.ms = 1000
turbofan-kafka  | 	replica.fetch.max.bytes = 1048576
turbofan-kafka  | 	replica.fetch.min.bytes = 1
turbofan-kafka  | 	replica.fetch.response.max.bytes = 10485760
turbofan-kafka  | 	replica.fetch.wait.max.ms = 500
turbofan-kafka  | 	replica.high.watermark.checkpoint.interval.ms = 5000
turbofan-kafka  | 	replica.lag.time.max.ms = 30000
turbofan-kafka  | 	replica.selector.class = null
turbofan-kafka  | 	replica.socket.receive.buffer.bytes = 65536
turbofan-kafka  | 	replica.socket.timeout.ms = 30000
turbofan-kafka  | 	replication.quota.window.num = 11
turbofan-kafka  | 	replication.quota.window.size.seconds = 1
turbofan-kafka  | 	request.timeout.ms = 30000
turbofan-kafka  | 	reserved.broker.max.id = 1000
turbofan-kafka  | 	sasl.client.callback.handler.class = null
turbofan-kafka  | 	sasl.enabled.mechanisms = [GSSAPI]
turbofan-kafka  | 	sasl.jaas.config = null
turbofan-kafka  | 	sasl.kerberos.kinit.cmd = /usr/bin/kinit
turbofan-kafka  | 	sasl.kerberos.min.time.before.relogin = 60000
turbofan-kafka  | 	sasl.kerberos.principal.to.local.rules = [DEFAULT]
turbofan-kafka  | 	sasl.kerberos.service.name = null
turbofan-kafka  | 	sasl.kerberos.ticket.renew.jitter = 0.05
turbofan-kafka  | 	sasl.kerberos.ticket.renew.window.factor = 0.8
turbofan-kafka  | 	sasl.login.callback.handler.class = null
turbofan-kafka  | 	sasl.login.class = null
turbofan-kafka  | 	sasl.login.connect.timeout.ms = null
turbofan-kafka  | 	sasl.login.read.timeout.ms = null
turbofan-kafka  | 	sasl.login.refresh.buffer.seconds = 300
turbofan-kafka  | 	sasl.login.refresh.min.period.seconds = 60
turbofan-kafka  | 	sasl.login.refresh.window.factor = 0.8
turbofan-kafka  | 	sasl.login.refresh.window.jitter = 0.05
turbofan-kafka  | 	sasl.login.retry.backoff.max.ms = 10000
turbofan-kafka  | 	sasl.login.retry.backoff.ms = 100
turbofan-kafka  | 	sasl.mechanism.controller.protocol = GSSAPI
turbofan-kafka  | 	sasl.mechanism.inter.broker.protocol = GSSAPI
turbofan-kafka  | 	sasl.oauthbearer.clock.skew.seconds = 30
turbofan-kafka  | 	sasl.oauthbearer.expected.audience = null
turbofan-kafka  | 	sasl.oauthbearer.expected.issuer = null
turbofan-kafka  | 	sasl.oauthbearer.jwks.endpoint.refresh.ms = 3600000
turbofan-kafka  | 	sasl.oauthbearer.jwks.endpoint.retry.backoff.max.ms = 10000
turbofan-kafka  | 	sasl.oauthbearer.jwks.endpoint.retry.backoff.ms = 100
turbofan-kafka  | 	sasl.oauthbearer.jwks.endpoint.url = null
turbofan-kafka  | 	sasl.oauthbearer.scope.claim.name = scope
turbofan-kafka  | 	sasl.oauthbearer.sub.claim.name = sub
turbofan-kafka  | 	sasl.oauthbearer.token.endpoint.url = null
turbofan-kafka  | 	sasl.server.callback.handler.class = null
turbofan-kafka  | 	sasl.server.max.receive.size = 524288
turbofan-kafka  | 	security.inter.broker.protocol = PLAINTEXT
turbofan-kafka  | 	security.providers = null
turbofan-kafka  | 	server.max.startup.time.ms = 9223372036854775807
turbofan-kafka  | 	socket.connection.setup.timeout.max.ms = 30000
turbofan-kafka  | 	socket.connection.setup.timeout.ms = 10000
turbofan-kafka  | 	socket.listen.backlog.size = 50
turbofan-kafka  | 	socket.receive.buffer.bytes = 102400
turbofan-kafka  | 	socket.request.max.bytes = 104857600
turbofan-kafka  | 	socket.send.buffer.bytes = 102400
turbofan-kafka  | 	ssl.cipher.suites = []
turbofan-kafka  | 	ssl.client.auth = none
turbofan-kafka  | 	ssl.enabled.protocols = [TLSv1.2, TLSv1.3]
turbofan-kafka  | 	ssl.endpoint.identification.algorithm = https
turbofan-kafka  | 	ssl.engine.factory.class = null
turbofan-kafka  | 	ssl.key.password = null
turbofan-kafka  | 	ssl.keymanager.algorithm = SunX509
turbofan-kafka  | 	ssl.keystore.certificate.chain = null
turbofan-kafka  | 	ssl.keystore.key = null
turbofan-kafka  | 	ssl.keystore.location = null
turbofan-kafka  | 	ssl.keystore.password = null
turbofan-kafka  | 	ssl.keystore.type = JKS
turbofan-kafka  | 	ssl.principal.mapping.rules = DEFAULT
turbofan-kafka  | 	ssl.protocol = TLSv1.3
turbofan-kafka  | 	ssl.provider = null
turbofan-kafka  | 	ssl.secure.random.implementation = null
turbofan-kafka  | 	ssl.trustmanager.algorithm = PKIX
turbofan-kafka  | 	ssl.truststore.certificates = null
turbofan-kafka  | 	ssl.truststore.location = null
turbofan-kafka  | 	ssl.truststore.password = null
turbofan-kafka  | 	ssl.truststore.type = JKS
turbofan-kafka  | 	transaction.abort.timed.out.transaction.cleanup.interval.ms = 10000
turbofan-kafka  | 	transaction.max.timeout.ms = 900000
turbofan-kafka  | 	transaction.remove.expired.transaction.cleanup.interval.ms = 3600000
turbofan-kafka  | 	transaction.state.log.load.buffer.size = 5242880
turbofan-kafka  | 	transaction.state.log.min.isr = 1
turbofan-kafka  | 	transaction.state.log.num.partitions = 50
turbofan-kafka  | 	transaction.state.log.replication.factor = 1
turbofan-kafka  | 	transaction.state.log.segment.bytes = 104857600
turbofan-kafka  | 	transactional.id.expiration.ms = 604800000
turbofan-kafka  | 	unclean.leader.election.enable = false
turbofan-kafka  | 	unstable.api.versions.enable = false
turbofan-kafka  | 	zookeeper.clientCnxnSocket = null
turbofan-kafka  | 	zookeeper.connect = zookeeper:2181
turbofan-kafka  | 	zookeeper.connection.timeout.ms = null
turbofan-kafka  | 	zookeeper.max.in.flight.requests = 10
turbofan-kafka  | 	zookeeper.metadata.migration.enable = false
turbofan-kafka  | 	zookeeper.session.timeout.ms = 18000
turbofan-kafka  | 	zookeeper.set.acl = false
turbofan-kafka  | 	zookeeper.ssl.cipher.suites = null
turbofan-kafka  | 	zookeeper.ssl.client.enable = false
turbofan-kafka  | 	zookeeper.ssl.crl.enable = false
turbofan-kafka  | 	zookeeper.ssl.enabled.protocols = null
turbofan-kafka  | 	zookeeper.ssl.endpoint.identification.algorithm = HTTPS
turbofan-kafka  | 	zookeeper.ssl.keystore.location = null
turbofan-kafka  | 	zookeeper.ssl.keystore.password = null
turbofan-kafka  | 	zookeeper.ssl.keystore.type = null
turbofan-kafka  | 	zookeeper.ssl.ocsp.enable = false
turbofan-kafka  | 	zookeeper.ssl.protocol = TLSv1.2
turbofan-kafka  | 	zookeeper.ssl.truststore.location = null
turbofan-kafka  | 	zookeeper.ssl.truststore.password = null
turbofan-kafka  | 	zookeeper.ssl.truststore.type = null
turbofan-kafka  |  (kafka.server.KafkaConfig)
turbofan-kafka  | [2026-08-09 00:03:12,716] INFO [ThrottledChannelReaper-Fetch]: Starting (kafka.server.ClientQuotaManager$ThrottledChannelReaper)
turbofan-kafka  | [2026-08-09 00:03:12,716] INFO [ThrottledChannelReaper-Produce]: Starting (kafka.server.ClientQuotaManager$ThrottledChannelReaper)
turbofan-kafka  | [2026-08-09 00:03:12,717] INFO [ThrottledChannelReaper-Request]: Starting (kafka.server.ClientQuotaManager$ThrottledChannelReaper)
turbofan-kafka  | [2026-08-09 00:03:12,718] INFO [ThrottledChannelReaper-ControllerMutation]: Starting (kafka.server.ClientQuotaManager$ThrottledChannelReaper)
turbofan-kafka  | [2026-08-09 00:03:12,728] INFO Loading logs from log dirs ArraySeq(/var/lib/kafka/data) (kafka.log.LogManager)
turbofan-kafka  | [2026-08-09 00:03:12,729] INFO No logs found to be loaded in /var/lib/kafka/data (kafka.log.LogManager)
turbofan-kafka  | [2026-08-09 00:03:12,732] INFO Loaded 0 logs in 4ms (kafka.log.LogManager)
turbofan-kafka  | [2026-08-09 00:03:12,733] INFO Starting log cleanup with a period of 300000 ms. (kafka.log.LogManager)
turbofan-kafka  | [2026-08-09 00:03:12,733] INFO Starting log flusher with a default period of 9223372036854775807 ms. (kafka.log.LogManager)
turbofan-kafka  | [2026-08-09 00:03:12,738] INFO Starting the log cleaner (kafka.log.LogCleaner)
turbofan-kafka  | [2026-08-09 00:03:12,745] INFO [kafka-log-cleaner-thread-0]: Starting (kafka.log.LogCleaner$CleanerThread)
turbofan-kafka  | [2026-08-09 00:03:12,757] INFO [feature-zk-node-event-process-thread]: Starting (kafka.server.FinalizedFeatureChangeListener$ChangeNotificationProcessorThread)
turbofan-kafka  | [2026-08-09 00:03:12,765] INFO [MetadataCache brokerId=1] Updated cache from existing <empty> to latest FinalizedFeaturesAndEpoch(features=Map(), epoch=0). (kafka.server.metadata.ZkMetadataCache)
turbofan-kafka  | [2026-08-09 00:03:12,777] INFO [zk-broker-1-to-controller-forwarding-channel-manager]: Starting (kafka.server.BrokerToControllerRequestThread)
turbofan-kafka  | [2026-08-09 00:03:12,907] INFO Updated connection-accept-rate max connection creation rate to 2147483647 (kafka.network.ConnectionQuotas)
turbofan-kafka  | [2026-08-09 00:03:12,919] INFO [SocketServer listenerType=ZK_BROKER, nodeId=1] Created data-plane acceptor and processors for endpoint : ListenerName(PLAINTEXT) (kafka.network.SocketServer)
turbofan-kafka  | [2026-08-09 00:03:12,919] INFO Updated connection-accept-rate max connection creation rate to 2147483647 (kafka.network.ConnectionQuotas)
turbofan-kafka  | [2026-08-09 00:03:12,922] INFO [SocketServer listenerType=ZK_BROKER, nodeId=1] Created data-plane acceptor and processors for endpoint : ListenerName(PLAINTEXT_HOST) (kafka.network.SocketServer)
turbofan-kafka  | [2026-08-09 00:03:12,924] INFO [zk-broker-1-to-controller-alter-partition-channel-manager]: Starting (kafka.server.BrokerToControllerRequestThread)
turbofan-kafka  | [2026-08-09 00:03:12,935] INFO [ExpirationReaper-1-Produce]: Starting (kafka.server.DelayedOperationPurgatory$ExpiredOperationReaper)
turbofan-kafka  | [2026-08-09 00:03:12,936] INFO [ExpirationReaper-1-Fetch]: Starting (kafka.server.DelayedOperationPurgatory$ExpiredOperationReaper)
turbofan-kafka  | [2026-08-09 00:03:12,937] INFO [ExpirationReaper-1-DeleteRecords]: Starting (kafka.server.DelayedOperationPurgatory$ExpiredOperationReaper)
turbofan-kafka  | [2026-08-09 00:03:12,937] INFO [ExpirationReaper-1-ElectLeader]: Starting (kafka.server.DelayedOperationPurgatory$ExpiredOperationReaper)
turbofan-kafka  | [2026-08-09 00:03:12,943] INFO [LogDirFailureHandler]: Starting (kafka.server.ReplicaManager$LogDirFailureHandler)
turbofan-kafka  | [2026-08-09 00:03:12,964] INFO Creating /brokers/ids/1 (is it secure? false) (kafka.zk.KafkaZkClient)
turbofan-kafka  | [2026-08-09 00:03:12,971] INFO Stat of the created znode at /brokers/ids/1 is: 145,145,1786233792968,1786233792968,1,0,0,72057594304528395,258,0,145
turbofan-kafka  |  (kafka.zk.KafkaZkClient)
turbofan-kafka  | [2026-08-09 00:03:12,971] INFO Registered broker 1 at path /brokers/ids/1 with addresses: PLAINTEXT://kafka:9092,PLAINTEXT_HOST://localhost:29092, czxid (broker epoch): 145 (kafka.zk.KafkaZkClient)
turbofan-kafka  | [2026-08-09 00:03:13,009] INFO [ControllerEventThread controllerId=1] Starting (kafka.controller.ControllerEventManager$ControllerEventThread)
turbofan-kafka  | [2026-08-09 00:03:13,013] INFO [ExpirationReaper-1-topic]: Starting (kafka.server.DelayedOperationPurgatory$ExpiredOperationReaper)
turbofan-kafka  | [2026-08-09 00:03:13,017] INFO [ExpirationReaper-1-Heartbeat]: Starting (kafka.server.DelayedOperationPurgatory$ExpiredOperationReaper)
turbofan-kafka  | [2026-08-09 00:03:13,017] INFO [ExpirationReaper-1-Rebalance]: Starting (kafka.server.DelayedOperationPurgatory$ExpiredOperationReaper)
turbofan-kafka  | [2026-08-09 00:03:13,019] INFO [Controller id=1] 1 successfully elected as the controller. Epoch incremented to 2 and epoch zk version is now 2 (kafka.controller.KafkaController)
turbofan-kafka  | [2026-08-09 00:03:13,020] INFO [Controller id=1] Registering handlers (kafka.controller.KafkaController)
turbofan-kafka  | [2026-08-09 00:03:13,022] INFO [Controller id=1] Deleting log dir event notifications (kafka.controller.KafkaController)
turbofan-kafka  | [2026-08-09 00:03:13,023] INFO [Controller id=1] Deleting isr change notifications (kafka.controller.KafkaController)
turbofan-kafka  | [2026-08-09 00:03:13,024] INFO [GroupCoordinator 1]: Starting up. (kafka.coordinator.group.GroupCoordinator)
turbofan-kafka  | [2026-08-09 00:03:13,024] INFO [Controller id=1] Initializing controller context (kafka.controller.KafkaController)
turbofan-kafka  | [2026-08-09 00:03:13,026] INFO [GroupCoordinator 1]: Startup complete. (kafka.coordinator.group.GroupCoordinator)
turbofan-kafka  | [2026-08-09 00:03:13,032] INFO [Controller id=1] Initialized broker epochs cache: HashMap(1 -> 145) (kafka.controller.KafkaController)
turbofan-kafka  | [2026-08-09 00:03:13,033] INFO [TransactionCoordinator id=1] Starting up. (kafka.coordinator.transaction.TransactionCoordinator)
turbofan-kafka  | [2026-08-09 00:03:13,034] DEBUG [Controller id=1] Register BrokerModifications handler for Set(1) (kafka.controller.KafkaController)
turbofan-kafka  | [2026-08-09 00:03:13,035] INFO [TransactionCoordinator id=1] Startup complete. (kafka.coordinator.transaction.TransactionCoordinator)
turbofan-kafka  | [2026-08-09 00:03:13,035] INFO [TxnMarkerSenderThread-1]: Starting (kafka.coordinator.transaction.TransactionMarkerChannelManager)
turbofan-kafka  | [2026-08-09 00:03:13,036] DEBUG [Channel manager on controller 1]: Controller 1 trying to connect to broker 1 (kafka.controller.ControllerChannelManager)
turbofan-kafka  | [2026-08-09 00:03:13,039] INFO [RequestSendThread controllerId=1] Starting (kafka.controller.RequestSendThread)
turbofan-kafka  | [2026-08-09 00:03:13,040] INFO [Controller id=1] Currently active brokers in the cluster: Set(1) (kafka.controller.KafkaController)
turbofan-kafka  | [2026-08-09 00:03:13,040] INFO [Controller id=1] Currently shutting brokers in the cluster: HashSet() (kafka.controller.KafkaController)
turbofan-kafka  | [2026-08-09 00:03:13,040] INFO [Controller id=1] Current list of topics in the cluster: HashSet() (kafka.controller.KafkaController)
turbofan-kafka  | [2026-08-09 00:03:13,040] INFO [Controller id=1] Fetching topic deletions in progress (kafka.controller.KafkaController)
turbofan-kafka  | [2026-08-09 00:03:13,042] INFO [Controller id=1] List of topics to be deleted:  (kafka.controller.KafkaController)
turbofan-kafka  | [2026-08-09 00:03:13,042] INFO [Controller id=1] List of topics ineligible for deletion:  (kafka.controller.KafkaController)
turbofan-kafka  | [2026-08-09 00:03:13,042] INFO [Controller id=1] Initializing topic deletion manager (kafka.controller.KafkaController)
turbofan-kafka  | [2026-08-09 00:03:13,042] INFO [Topic Deletion Manager 1] Initializing manager with initial deletions: Set(), initial ineligible deletions: HashSet() (kafka.controller.TopicDeletionManager)
turbofan-kafka  | [2026-08-09 00:03:13,042] INFO [Controller id=1] Sending update metadata request (kafka.controller.KafkaController)
turbofan-kafka  | [2026-08-09 00:03:13,043] INFO [Controller id=1 epoch=2] Sending UpdateMetadata request to brokers HashSet(1) for 0 partitions (state.change.logger)
turbofan-kafka  | [2026-08-09 00:03:13,045] INFO [ReplicaStateMachine controllerId=1] Initializing replica state (kafka.controller.ZkReplicaStateMachine)
turbofan-kafka  | [2026-08-09 00:03:13,046] INFO [ReplicaStateMachine controllerId=1] Triggering online replica state changes (kafka.controller.ZkReplicaStateMachine)
turbofan-kafka  | [2026-08-09 00:03:13,048] INFO [ReplicaStateMachine controllerId=1] Triggering offline replica state changes (kafka.controller.ZkReplicaStateMachine)
turbofan-kafka  | [2026-08-09 00:03:13,048] DEBUG [ReplicaStateMachine controllerId=1] Started replica state machine with initial state -> HashMap() (kafka.controller.ZkReplicaStateMachine)
turbofan-kafka  | [2026-08-09 00:03:13,048] INFO [PartitionStateMachine controllerId=1] Initializing partition state (kafka.controller.ZkPartitionStateMachine)
turbofan-kafka  | [2026-08-09 00:03:13,048] INFO [PartitionStateMachine controllerId=1] Triggering online partition state changes (kafka.controller.ZkPartitionStateMachine)
turbofan-kafka  | [2026-08-09 00:03:13,049] DEBUG [PartitionStateMachine controllerId=1] Started partition state machine with initial state -> HashMap() (kafka.controller.ZkPartitionStateMachine)
turbofan-kafka  | [2026-08-09 00:03:13,049] INFO [Controller id=1] Ready to serve as the new controller with epoch 2 (kafka.controller.KafkaController)
turbofan-kafka  | [2026-08-09 00:03:13,050] INFO [Controller id=1, targetBrokerId=1] Node 1 disconnected. (org.apache.kafka.clients.NetworkClient)
turbofan-kafka  | [2026-08-09 00:03:13,050] WARN [Controller id=1, targetBrokerId=1] Connection to node 1 (kafka/172.18.0.8:9092) could not be established. Broker may not be available. (org.apache.kafka.clients.NetworkClient)
turbofan-kafka  | [2026-08-09 00:03:13,051] WARN [RequestSendThread controllerId=1] Controller 1's connection to broker kafka:9092 (id: 1 rack: null) was unsuccessful (kafka.controller.RequestSendThread)
turbofan-kafka  | java.io.IOException: Connection to kafka:9092 (id: 1 rack: null) failed.
turbofan-kafka  | 	at org.apache.kafka.clients.NetworkClientUtils.awaitReady(NetworkClientUtils.java:70)
turbofan-kafka  | 	at kafka.controller.RequestSendThread.brokerReady(ControllerChannelManager.scala:298)
turbofan-kafka  | 	at kafka.controller.RequestSendThread.doWork(ControllerChannelManager.scala:251)
turbofan-kafka  | 	at org.apache.kafka.server.util.ShutdownableThread.run(ShutdownableThread.java:127)
turbofan-kafka  | [2026-08-09 00:03:13,052] INFO [Controller id=1, targetBrokerId=1] Client requested connection close from node 1 (org.apache.kafka.clients.NetworkClient)
turbofan-kafka  | [2026-08-09 00:03:13,051] INFO [Controller id=1] Partitions undergoing preferred replica election:  (kafka.controller.KafkaController)
turbofan-kafka  | [2026-08-09 00:03:13,052] INFO [Controller id=1] Partitions that completed preferred replica election:  (kafka.controller.KafkaController)
turbofan-kafka  | [2026-08-09 00:03:13,052] INFO [Controller id=1] Skipping preferred replica election for partitions due to topic deletion:  (kafka.controller.KafkaController)
turbofan-kafka  | [2026-08-09 00:03:13,052] INFO [Controller id=1] Resuming preferred replica election for partitions:  (kafka.controller.KafkaController)
turbofan-kafka  | [2026-08-09 00:03:13,053] INFO [Controller id=1] Starting replica leader election (PREFERRED) for partitions  triggered by ZkTriggered (kafka.controller.KafkaController)
turbofan-kafka  | [2026-08-09 00:03:13,053] INFO [ExpirationReaper-1-AlterAcls]: Starting (kafka.server.DelayedOperationPurgatory$ExpiredOperationReaper)
turbofan-kafka  | [2026-08-09 00:03:13,057] INFO [Controller id=1] Starting the controller scheduler (kafka.controller.KafkaController)
turbofan-kafka  | [2026-08-09 00:03:13,064] INFO [/config/changes-event-process-thread]: Starting (kafka.common.ZkNodeChangeNotificationListener$ChangeEventProcessThread)
turbofan-kafka  | [2026-08-09 00:03:13,068] INFO [SocketServer listenerType=ZK_BROKER, nodeId=1] Enabling request processing. (kafka.network.SocketServer)
turbofan-kafka  | [2026-08-09 00:03:13,070] INFO Awaiting socket connections on 0.0.0.0:29092. (kafka.network.DataPlaneAcceptor)
turbofan-kafka  | [2026-08-09 00:03:13,071] INFO Awaiting socket connections on 0.0.0.0:9092. (kafka.network.DataPlaneAcceptor)
turbofan-kafka  | [2026-08-09 00:03:13,075] INFO Kafka version: 7.5.3-ccs (org.apache.kafka.common.utils.AppInfoParser)
turbofan-kafka  | [2026-08-09 00:03:13,075] INFO Kafka commitId: 9090b26369455a2f335fbb5487fb89675ee406ab (org.apache.kafka.common.utils.AppInfoParser)
turbofan-kafka  | [2026-08-09 00:03:13,075] INFO Kafka startTimeMs: 1786233793073 (org.apache.kafka.common.utils.AppInfoParser)
turbofan-kafka  | [2026-08-09 00:03:13,075] INFO [KafkaServer id=1] started (kafka.server.KafkaServer)
turbofan-kafka  | [2026-08-09 00:03:13,155] INFO [RequestSendThread controllerId=1] Controller 1 connected to kafka:9092 (id: 1 rack: null) for sending state change requests (kafka.controller.RequestSendThread)
turbofan-kafka  | [2026-08-09 00:03:13,177] TRACE [Controller id=1 epoch=2] Received response UpdateMetadataResponseData(errorCode=0) for request UPDATE_METADATA with correlation id 0 sent to broker kafka:9092 (id: 1 rack: null) (state.change.logger)
turbofan-kafka  | [2026-08-09 00:03:13,187] INFO [zk-broker-1-to-controller-forwarding-channel-manager]: Recorded new controller, from now on will use node kafka:9092 (id: 1 rack: null) (kafka.server.BrokerToControllerRequestThread)
turbofan-kafka  | [2026-08-09 00:03:13,232] INFO [zk-broker-1-to-controller-alter-partition-channel-manager]: Recorded new controller, from now on will use node kafka:9092 (id: 1 rack: null) (kafka.server.BrokerToControllerRequestThread)
turbofan-kafka  | [2026-08-09 00:03:18,062] INFO [Controller id=1] Processing automatic preferred replica leader election (kafka.controller.KafkaController)
turbofan-kafka  | [2026-08-09 00:03:18,063] TRACE [Controller id=1] Checking need to trigger auto leader balancing (kafka.controller.KafkaController)
turbofan-kafka  | [2026-08-09 00:08:00,041] INFO Creating topic turbofan.prediction.results with configuration {} and initial partition assignment HashMap(0 -> ArrayBuffer(1)) (kafka.zk.AdminZkClient)
turbofan-kafka  | [2026-08-09 00:08:00,058] INFO [Controller id=1] New topics: [Set(turbofan.prediction.results)], deleted topics: [HashSet()], new partition replica assignment [Set(TopicIdReplicaAssignment(turbofan.prediction.results,Some(WvQyObZBQsGqOQiPbbXWTA),Map(turbofan.prediction.results-0 -> ReplicaAssignment(replicas=1, addingReplicas=, removingReplicas=))))] (kafka.controller.KafkaController)
turbofan-kafka  | [2026-08-09 00:08:00,059] INFO [Controller id=1] New partition creation callback for turbofan.prediction.results-0 (kafka.controller.KafkaController)
turbofan-kafka  | [2026-08-09 00:08:00,060] INFO [Controller id=1 epoch=2] Changed partition turbofan.prediction.results-0 state from NonExistentPartition to NewPartition with assigned replicas 1 (state.change.logger)
turbofan-kafka  | [2026-08-09 00:08:00,060] INFO [Controller id=1 epoch=2] Sending UpdateMetadata request to brokers HashSet() for 0 partitions (state.change.logger)
turbofan-kafka  | [2026-08-09 00:08:00,061] TRACE [Controller id=1 epoch=2] Changed state of replica 1 for partition turbofan.prediction.results-0 from NonExistentReplica to NewReplica (state.change.logger)
turbofan-kafka  | [2026-08-09 00:08:00,062] INFO [Controller id=1 epoch=2] Sending UpdateMetadata request to brokers HashSet() for 0 partitions (state.change.logger)
turbofan-kafka  | [2026-08-09 00:08:00,076] INFO [Controller id=1 epoch=2] Changed partition turbofan.prediction.results-0 from NewPartition to OnlinePartition with state LeaderAndIsr(leader=1, leaderEpoch=0, isrWithBrokerEpoch=List(BrokerState(brokerId=1, brokerEpoch=-1)), leaderRecoveryState=RECOVERED, partitionEpoch=0) (state.change.logger)
turbofan-kafka  | [2026-08-09 00:08:00,077] TRACE [Controller id=1 epoch=2] Sending become-leader LeaderAndIsr request LeaderAndIsrPartitionState(topicName='turbofan.prediction.results', partitionIndex=0, controllerEpoch=2, leader=1, leaderEpoch=0, isr=[1], partitionEpoch=0, replicas=[1], addingReplicas=[], removingReplicas=[], isNew=true, leaderRecoveryState=0) to broker 1 for partition turbofan.prediction.results-0 (state.change.logger)
turbofan-kafka  | [2026-08-09 00:08:00,078] INFO [Controller id=1 epoch=2] Sending LeaderAndIsr request to broker 1 with 1 become-leader and 0 become-follower partitions (state.change.logger)
turbofan-kafka  | [2026-08-09 00:08:00,079] INFO [Controller id=1 epoch=2] Sending UpdateMetadata request to brokers HashSet(1) for 1 partitions (state.change.logger)
turbofan-kafka  | [2026-08-09 00:08:00,079] TRACE [Controller id=1 epoch=2] Changed state of replica 1 for partition turbofan.prediction.results-0 from NewReplica to OnlineReplica (state.change.logger)
turbofan-kafka  | [2026-08-09 00:08:00,079] INFO [Controller id=1 epoch=2] Sending UpdateMetadata request to brokers HashSet() for 0 partitions (state.change.logger)
turbofan-kafka  | [2026-08-09 00:08:00,082] INFO [Broker id=1] Handling LeaderAndIsr request correlationId 1 from controller 1 for 1 partitions (state.change.logger)
turbofan-kafka  | [2026-08-09 00:08:00,082] TRACE [Broker id=1] Received LeaderAndIsr request LeaderAndIsrPartitionState(topicName='turbofan.prediction.results', partitionIndex=0, controllerEpoch=2, leader=1, leaderEpoch=0, isr=[1], partitionEpoch=0, replicas=[1], addingReplicas=[], removingReplicas=[], isNew=true, leaderRecoveryState=0) correlation id 1 from controller 1 epoch 2 (state.change.logger)
turbofan-kafka  | [2026-08-09 00:08:00,091] TRACE [Broker id=1] Handling LeaderAndIsr request correlationId 1 from controller 1 epoch 2 starting the become-leader transition for partition turbofan.prediction.results-0 (state.change.logger)
turbofan-kafka  | [2026-08-09 00:08:00,092] INFO [ReplicaFetcherManager on broker 1] Removed fetcher for partitions Set(turbofan.prediction.results-0) (kafka.server.ReplicaFetcherManager)
turbofan-kafka  | [2026-08-09 00:08:00,092] INFO [Broker id=1] Stopped fetchers as part of LeaderAndIsr request correlationId 1 from controller 1 epoch 2 as part of the become-leader transition for 1 partitions (state.change.logger)
turbofan-kafka  | [2026-08-09 00:08:00,123] INFO [LogLoader partition=turbofan.prediction.results-0, dir=/var/lib/kafka/data] Loading producer state till offset 0 with message format version 2 (kafka.log.UnifiedLog$)
turbofan-kafka  | [2026-08-09 00:08:00,130] INFO Created log for partition turbofan.prediction.results-0 in /var/lib/kafka/data/turbofan.prediction.results-0 with properties {} (kafka.log.LogManager)
turbofan-kafka  | [2026-08-09 00:08:00,131] INFO [Partition turbofan.prediction.results-0 broker=1] No checkpointed highwatermark is found for partition turbofan.prediction.results-0 (kafka.cluster.Partition)
turbofan-kafka  | [2026-08-09 00:08:00,131] INFO [Partition turbofan.prediction.results-0 broker=1] Log loaded for partition turbofan.prediction.results-0 with initial high watermark 0 (kafka.cluster.Partition)
turbofan-kafka  | [2026-08-09 00:08:00,132] INFO [Broker id=1] Leader turbofan.prediction.results-0 with topic id Some(WvQyObZBQsGqOQiPbbXWTA) starts at leader epoch 0 from offset 0 with partition epoch 0, high watermark 0, ISR [1], adding replicas [] and removing replicas [] . Previous leader epoch was -1. (state.change.logger)
turbofan-kafka  | [2026-08-09 00:08:00,138] TRACE [Broker id=1] Completed LeaderAndIsr request correlationId 1 from controller 1 epoch 2 for the become-leader transition for partition turbofan.prediction.results-0 (state.change.logger)
turbofan-kafka  | [2026-08-09 00:08:00,140] INFO [Broker id=1] Finished LeaderAndIsr request in 59ms correlationId 1 from controller 1 for 1 partitions (state.change.logger)
turbofan-kafka  | [2026-08-09 00:08:00,142] TRACE [Controller id=1 epoch=2] Received response LeaderAndIsrResponseData(errorCode=0, partitionErrors=[], topics=[LeaderAndIsrTopicError(topicId=WvQyObZBQsGqOQiPbbXWTA, partitionErrors=[LeaderAndIsrPartitionError(topicName='', partitionIndex=0, errorCode=0)])]) for request LEADER_AND_ISR with correlation id 1 sent to broker kafka:9092 (id: 1 rack: null) (state.change.logger)
turbofan-kafka  | [2026-08-09 00:08:00,144] TRACE [Broker id=1] Cached leader info UpdateMetadataPartitionState(topicName='turbofan.prediction.results', partitionIndex=0, controllerEpoch=2, leader=1, leaderEpoch=0, isr=[1], zkVersion=0, replicas=[1], offlineReplicas=[]) for partition turbofan.prediction.results-0 in response to UpdateMetadata request sent by controller 1 epoch 2 with correlation id 2 (state.change.logger)
turbofan-kafka  | [2026-08-09 00:08:00,144] INFO [Broker id=1] Add 1 partitions and deleted 0 partitions from metadata cache in response to UpdateMetadata request sent by controller 1 epoch 2 with correlation id 2 (state.change.logger)
turbofan-kafka  | [2026-08-09 00:08:00,145] TRACE [Controller id=1 epoch=2] Received response UpdateMetadataResponseData(errorCode=0) for request UPDATE_METADATA with correlation id 2 sent to broker kafka:9092 (id: 1 rack: null) (state.change.logger)
turbofan-kafka  | [2026-08-09 00:08:00,224] DEBUG [Controller id=1] There is no producerId block yet (Zk path version 0), creating the first block (kafka.controller.KafkaController)
turbofan-kafka  | [2026-08-09 00:08:00,225] INFO [Controller id=1] Acquired new producerId block ProducerIdsBlock(assignedBrokerId=1, firstProducerId=0, size=1000) by writing to Zk with path version 1 (kafka.controller.KafkaController)
turbofan-kafka  | [2026-08-09 00:08:00,321] INFO Creating topic turbofan.raw.telemetry with configuration {} and initial partition assignment HashMap(0 -> ArrayBuffer(1)) (kafka.zk.AdminZkClient)
turbofan-kafka  | [2026-08-09 00:08:00,326] INFO [Controller id=1] New topics: [Set(turbofan.raw.telemetry)], deleted topics: [HashSet()], new partition replica assignment [Set(TopicIdReplicaAssignment(turbofan.raw.telemetry,Some(bmRSULnUTwicuHpKmBVSWg),Map(turbofan.raw.telemetry-0 -> ReplicaAssignment(replicas=1, addingReplicas=, removingReplicas=))))] (kafka.controller.KafkaController)
turbofan-kafka  | [2026-08-09 00:08:00,326] INFO [Controller id=1] New partition creation callback for turbofan.raw.telemetry-0 (kafka.controller.KafkaController)
turbofan-kafka  | [2026-08-09 00:08:00,326] INFO [Controller id=1 epoch=2] Changed partition turbofan.raw.telemetry-0 state from NonExistentPartition to NewPartition with assigned replicas 1 (state.change.logger)
turbofan-kafka  | [2026-08-09 00:08:00,326] INFO [Controller id=1 epoch=2] Sending UpdateMetadata request to brokers HashSet() for 0 partitions (state.change.logger)
turbofan-kafka  | [2026-08-09 00:08:00,326] TRACE [Controller id=1 epoch=2] Changed state of replica 1 for partition turbofan.raw.telemetry-0 from NonExistentReplica to NewReplica (state.change.logger)
turbofan-kafka  | [2026-08-09 00:08:00,326] INFO [Controller id=1 epoch=2] Sending UpdateMetadata request to brokers HashSet() for 0 partitions (state.change.logger)
turbofan-kafka  | [2026-08-09 00:08:00,329] INFO [Controller id=1 epoch=2] Changed partition turbofan.raw.telemetry-0 from NewPartition to OnlinePartition with state LeaderAndIsr(leader=1, leaderEpoch=0, isrWithBrokerEpoch=List(BrokerState(brokerId=1, brokerEpoch=-1)), leaderRecoveryState=RECOVERED, partitionEpoch=0) (state.change.logger)
turbofan-kafka  | [2026-08-09 00:08:00,329] TRACE [Controller id=1 epoch=2] Sending become-leader LeaderAndIsr request LeaderAndIsrPartitionState(topicName='turbofan.raw.telemetry', partitionIndex=0, controllerEpoch=2, leader=1, leaderEpoch=0, isr=[1], partitionEpoch=0, replicas=[1], addingReplicas=[], removingReplicas=[], isNew=true, leaderRecoveryState=0) to broker 1 for partition turbofan.raw.telemetry-0 (state.change.logger)
turbofan-kafka  | [2026-08-09 00:08:00,329] INFO [Controller id=1 epoch=2] Sending LeaderAndIsr request to broker 1 with 1 become-leader and 0 become-follower partitions (state.change.logger)
turbofan-kafka  | [2026-08-09 00:08:00,329] INFO [Controller id=1 epoch=2] Sending UpdateMetadata request to brokers HashSet(1) for 1 partitions (state.change.logger)
turbofan-kafka  | [2026-08-09 00:08:00,330] TRACE [Controller id=1 epoch=2] Changed state of replica 1 for partition turbofan.raw.telemetry-0 from NewReplica to OnlineReplica (state.change.logger)
turbofan-kafka  | [2026-08-09 00:08:00,330] INFO [Controller id=1 epoch=2] Sending UpdateMetadata request to brokers HashSet() for 0 partitions (state.change.logger)
turbofan-kafka  | [2026-08-09 00:08:00,330] INFO [Broker id=1] Handling LeaderAndIsr request correlationId 3 from controller 1 for 1 partitions (state.change.logger)
turbofan-kafka  | [2026-08-09 00:08:00,330] TRACE [Broker id=1] Received LeaderAndIsr request LeaderAndIsrPartitionState(topicName='turbofan.raw.telemetry', partitionIndex=0, controllerEpoch=2, leader=1, leaderEpoch=0, isr=[1], partitionEpoch=0, replicas=[1], addingReplicas=[], removingReplicas=[], isNew=true, leaderRecoveryState=0) correlation id 3 from controller 1 epoch 2 (state.change.logger)
turbofan-kafka  | [2026-08-09 00:08:00,330] TRACE [Broker id=1] Handling LeaderAndIsr request correlationId 3 from controller 1 epoch 2 starting the become-leader transition for partition turbofan.raw.telemetry-0 (state.change.logger)
turbofan-kafka  | [2026-08-09 00:08:00,331] INFO [ReplicaFetcherManager on broker 1] Removed fetcher for partitions Set(turbofan.raw.telemetry-0) (kafka.server.ReplicaFetcherManager)
turbofan-kafka  | [2026-08-09 00:08:00,331] INFO [Broker id=1] Stopped fetchers as part of LeaderAndIsr request correlationId 3 from controller 1 epoch 2 as part of the become-leader transition for 1 partitions (state.change.logger)
turbofan-kafka  | [2026-08-09 00:08:00,333] INFO [LogLoader partition=turbofan.raw.telemetry-0, dir=/var/lib/kafka/data] Loading producer state till offset 0 with message format version 2 (kafka.log.UnifiedLog$)
turbofan-kafka  | [2026-08-09 00:08:00,333] INFO Created log for partition turbofan.raw.telemetry-0 in /var/lib/kafka/data/turbofan.raw.telemetry-0 with properties {} (kafka.log.LogManager)
turbofan-kafka  | [2026-08-09 00:08:00,333] INFO [Partition turbofan.raw.telemetry-0 broker=1] No checkpointed highwatermark is found for partition turbofan.raw.telemetry-0 (kafka.cluster.Partition)
turbofan-kafka  | [2026-08-09 00:08:00,333] INFO [Partition turbofan.raw.telemetry-0 broker=1] Log loaded for partition turbofan.raw.telemetry-0 with initial high watermark 0 (kafka.cluster.Partition)
turbofan-kafka  | [2026-08-09 00:08:00,333] INFO [Broker id=1] Leader turbofan.raw.telemetry-0 with topic id Some(bmRSULnUTwicuHpKmBVSWg) starts at leader epoch 0 from offset 0 with partition epoch 0, high watermark 0, ISR [1], adding replicas [] and removing replicas [] . Previous leader epoch was -1. (state.change.logger)
turbofan-kafka  | [2026-08-09 00:08:00,335] TRACE [Broker id=1] Completed LeaderAndIsr request correlationId 3 from controller 1 epoch 2 for the become-leader transition for partition turbofan.raw.telemetry-0 (state.change.logger)
turbofan-kafka  | [2026-08-09 00:08:00,335] INFO [Broker id=1] Finished LeaderAndIsr request in 5ms correlationId 3 from controller 1 for 1 partitions (state.change.logger)
turbofan-kafka  | [2026-08-09 00:08:00,335] TRACE [Controller id=1 epoch=2] Received response LeaderAndIsrResponseData(errorCode=0, partitionErrors=[], topics=[LeaderAndIsrTopicError(topicId=bmRSULnUTwicuHpKmBVSWg, partitionErrors=[LeaderAndIsrPartitionError(topicName='', partitionIndex=0, errorCode=0)])]) for request LEADER_AND_ISR with correlation id 3 sent to broker kafka:9092 (id: 1 rack: null) (state.change.logger)
turbofan-kafka  | [2026-08-09 00:08:00,336] TRACE [Broker id=1] Cached leader info UpdateMetadataPartitionState(topicName='turbofan.raw.telemetry', partitionIndex=0, controllerEpoch=2, leader=1, leaderEpoch=0, isr=[1], zkVersion=0, replicas=[1], offlineReplicas=[]) for partition turbofan.raw.telemetry-0 in response to UpdateMetadata request sent by controller 1 epoch 2 with correlation id 4 (state.change.logger)
turbofan-kafka  | [2026-08-09 00:08:00,336] INFO [Broker id=1] Add 1 partitions and deleted 0 partitions from metadata cache in response to UpdateMetadata request sent by controller 1 epoch 2 with correlation id 4 (state.change.logger)
turbofan-kafka  | [2026-08-09 00:08:00,336] TRACE [Controller id=1 epoch=2] Received response UpdateMetadataResponseData(errorCode=0) for request UPDATE_METADATA with correlation id 4 sent to broker kafka:9092 (id: 1 rack: null) (state.change.logger)
turbofan-kafka  | [2026-08-09 00:08:18,071] INFO [Controller id=1] Processing automatic preferred replica leader election (kafka.controller.KafkaController)
turbofan-kafka  | [2026-08-09 00:08:18,072] TRACE [Controller id=1] Checking need to trigger auto leader balancing (kafka.controller.KafkaController)
turbofan-kafka  | [2026-08-09 00:08:18,073] DEBUG [Controller id=1] Topics not in preferred replica for broker 1 Map() (kafka.controller.KafkaController)
turbofan-kafka  | [2026-08-09 00:08:18,074] TRACE [Controller id=1] Leader imbalance ratio for broker 1 is 0.0 (kafka.controller.KafkaController)
turbofan-kafka  | [2026-08-09 00:13:18,076] INFO [Controller id=1] Processing automatic preferred replica leader election (kafka.controller.KafkaController)
turbofan-kafka  | [2026-08-09 00:13:18,077] TRACE [Controller id=1] Checking need to trigger auto leader balancing (kafka.controller.KafkaController)
turbofan-kafka  | [2026-08-09 00:13:18,077] DEBUG [Controller id=1] Topics not in preferred replica for broker 1 Map() (kafka.controller.KafkaController)
turbofan-kafka  | [2026-08-09 00:13:18,078] TRACE [Controller id=1] Leader imbalance ratio for broker 1 is 0.0 (kafka.controller.KafkaController)
turbofan-kafka  | [2026-08-09 00:18:00,315] INFO [BrokerToControllerChannelManager id=1 name=forwarding] Node 1 disconnected. (org.apache.kafka.clients.NetworkClient)
turbofan-kafka  | [2026-08-09 00:18:18,078] INFO [Controller id=1] Processing automatic preferred replica leader election (kafka.controller.KafkaController)
turbofan-kafka  | [2026-08-09 00:18:18,079] TRACE [Controller id=1] Checking need to trigger auto leader balancing (kafka.controller.KafkaController)
turbofan-kafka  | [2026-08-09 00:18:18,079] DEBUG [Controller id=1] Topics not in preferred replica for broker 1 Map() (kafka.controller.KafkaController)
turbofan-kafka  | [2026-08-09 00:18:18,079] TRACE [Controller id=1] Leader imbalance ratio for broker 1 is 0.0 (kafka.controller.KafkaController)
turbofan-kafka  | [2026-08-09 00:23:18,071] INFO [Controller id=1] Processing automatic preferred replica leader election (kafka.controller.KafkaController)
turbofan-kafka  | [2026-08-09 00:23:18,072] TRACE [Controller id=1] Checking need to trigger auto leader balancing (kafka.controller.KafkaController)
turbofan-kafka  | [2026-08-09 00:23:18,072] DEBUG [Controller id=1] Topics not in preferred replica for broker 1 Map() (kafka.controller.KafkaController)
turbofan-kafka  | [2026-08-09 00:23:18,072] TRACE [Controller id=1] Leader imbalance ratio for broker 1 is 0.0 (kafka.controller.KafkaController)
turbofan-kafka  | [2026-08-09 00:28:18,074] INFO [Controller id=1] Processing automatic preferred replica leader election (kafka.controller.KafkaController)
turbofan-kafka  | [2026-08-09 00:28:18,075] TRACE [Controller id=1] Checking need to trigger auto leader balancing (kafka.controller.KafkaController)
turbofan-kafka  | [2026-08-09 00:28:18,076] DEBUG [Controller id=1] Topics not in preferred replica for broker 1 Map() (kafka.controller.KafkaController)
turbofan-kafka  | [2026-08-09 00:28:18,077] TRACE [Controller id=1] Leader imbalance ratio for broker 1 is 0.0 (kafka.controller.KafkaController)
turbofan-kafka  | [2026-08-09 00:33:18,079] INFO [Controller id=1] Processing automatic preferred replica leader election (kafka.controller.KafkaController)
turbofan-kafka  | [2026-08-09 00:33:18,080] TRACE [Controller id=1] Checking need to trigger auto leader balancing (kafka.controller.KafkaController)
turbofan-kafka  | [2026-08-09 00:33:18,081] DEBUG [Controller id=1] Topics not in preferred replica for broker 1 Map() (kafka.controller.KafkaController)
turbofan-kafka  | [2026-08-09 00:33:18,082] TRACE [Controller id=1] Leader imbalance ratio for broker 1 is 0.0 (kafka.controller.KafkaController)
turbofan-kafka  | [2026-08-09 00:38:18,029] INFO [Controller id=1] Processing automatic preferred replica leader election (kafka.controller.KafkaController)
turbofan-kafka  | [2026-08-09 00:38:18,030] TRACE [Controller id=1] Checking need to trigger auto leader balancing (kafka.controller.KafkaController)
turbofan-kafka  | [2026-08-09 00:38:18,030] DEBUG [Controller id=1] Topics not in preferred replica for broker 1 Map() (kafka.controller.KafkaController)
turbofan-kafka  | [2026-08-09 00:38:18,030] TRACE [Controller id=1] Leader imbalance ratio for broker 1 is 0.0 (kafka.controller.KafkaController)
turbofan-kafka  | [2026-08-09 00:43:18,026] INFO [Controller id=1] Processing automatic preferred replica leader election (kafka.controller.KafkaController)
turbofan-kafka  | [2026-08-09 00:43:18,026] TRACE [Controller id=1] Checking need to trigger auto leader balancing (kafka.controller.KafkaController)
turbofan-kafka  | [2026-08-09 00:43:18,026] DEBUG [Controller id=1] Topics not in preferred replica for broker 1 Map() (kafka.controller.KafkaController)
turbofan-kafka  | [2026-08-09 00:43:18,026] TRACE [Controller id=1] Leader imbalance ratio for broker 1 is 0.0 (kafka.controller.KafkaController)
turbofan-kafka  | [2026-08-09 00:44:01,211] INFO Terminating process due to signal SIGTERM (org.apache.kafka.common.utils.LoggingSignalHandler)
turbofan-kafka  | [2026-08-09 00:44:01,213] INFO [KafkaServer id=1] shutting down (kafka.server.KafkaServer)
turbofan-kafka  | [2026-08-09 00:44:01,215] INFO [KafkaServer id=1] Starting controlled shutdown (kafka.server.KafkaServer)
turbofan-kafka  | [2026-08-09 00:44:01,221] INFO [Controller id=1] Shutting down broker 1 (kafka.controller.KafkaController)
turbofan-kafka  | [2026-08-09 00:44:01,221] DEBUG [Controller id=1] All shutting down brokers: 1 (kafka.controller.KafkaController)
turbofan-kafka  | [2026-08-09 00:44:01,221] DEBUG [Controller id=1] Live brokers:  (kafka.controller.KafkaController)
turbofan-kafka  | [2026-08-09 00:44:01,223] INFO [Controller id=1 epoch=2] Sending UpdateMetadata request to brokers HashSet() for 0 partitions (state.change.logger)
turbofan-kafka  | [2026-08-09 00:44:01,223] TRACE [Controller id=1] All leaders = turbofan.raw.telemetry-0 -> (Leader:1,ISR:1,LeaderRecoveryState:RECOVERED,LeaderEpoch:0,ZkVersion:0,ControllerEpoch:2),turbofan.prediction.results-0 -> (Leader:1,ISR:1,LeaderRecoveryState:RECOVERED,LeaderEpoch:0,ZkVersion:0,ControllerEpoch:2) (kafka.controller.KafkaController)
turbofan-kafka  | [2026-08-09 00:44:01,225] INFO [KafkaServer id=1] Controlled shutdown request returned successfully after 5ms (kafka.server.KafkaServer)
turbofan-kafka  | [2026-08-09 00:44:01,228] INFO [/config/changes-event-process-thread]: Shutting down (kafka.common.ZkNodeChangeNotificationListener$ChangeEventProcessThread)
turbofan-kafka  | [2026-08-09 00:44:01,228] INFO [/config/changes-event-process-thread]: Stopped (kafka.common.ZkNodeChangeNotificationListener$ChangeEventProcessThread)
turbofan-kafka  | [2026-08-09 00:44:01,228] INFO [/config/changes-event-process-thread]: Shutdown completed (kafka.common.ZkNodeChangeNotificationListener$ChangeEventProcessThread)
turbofan-kafka  | [2026-08-09 00:44:01,229] INFO [SocketServer listenerType=ZK_BROKER, nodeId=1] Stopping socket server request processors (kafka.network.SocketServer)
turbofan-kafka  | [2026-08-09 00:44:01,241] INFO [SocketServer listenerType=ZK_BROKER, nodeId=1] Stopped socket server request processors (kafka.network.SocketServer)
turbofan-kafka  | [2026-08-09 00:44:01,242] INFO [data-plane Kafka Request Handler on Broker 1], shutting down (kafka.server.KafkaRequestHandlerPool)
turbofan-kafka  | [2026-08-09 00:44:01,244] INFO [data-plane Kafka Request Handler on Broker 1], shut down completely (kafka.server.KafkaRequestHandlerPool)
turbofan-kafka  | [2026-08-09 00:44:01,248] INFO [ExpirationReaper-1-AlterAcls]: Shutting down (kafka.server.DelayedOperationPurgatory$ExpiredOperationReaper)
turbofan-kafka  | [2026-08-09 00:44:01,250] INFO [ExpirationReaper-1-AlterAcls]: Stopped (kafka.server.DelayedOperationPurgatory$ExpiredOperationReaper)
turbofan-kafka  | [2026-08-09 00:44:01,250] INFO [ExpirationReaper-1-AlterAcls]: Shutdown completed (kafka.server.DelayedOperationPurgatory$ExpiredOperationReaper)
turbofan-kafka  | [2026-08-09 00:44:01,250] INFO [KafkaApi-1] Shutdown complete. (kafka.server.KafkaApis)
turbofan-kafka  | [2026-08-09 00:44:01,251] INFO [ExpirationReaper-1-topic]: Shutting down (kafka.server.DelayedOperationPurgatory$ExpiredOperationReaper)
turbofan-kafka  | [2026-08-09 00:44:01,251] INFO [ExpirationReaper-1-topic]: Stopped (kafka.server.DelayedOperationPurgatory$ExpiredOperationReaper)
turbofan-kafka  | [2026-08-09 00:44:01,251] INFO [ExpirationReaper-1-topic]: Shutdown completed (kafka.server.DelayedOperationPurgatory$ExpiredOperationReaper)
turbofan-kafka  | [2026-08-09 00:44:01,252] INFO [TransactionCoordinator id=1] Shutting down. (kafka.coordinator.transaction.TransactionCoordinator)
turbofan-kafka  | [2026-08-09 00:44:01,252] INFO [Transaction State Manager 1]: Shutdown complete (kafka.coordinator.transaction.TransactionStateManager)
turbofan-kafka  | [2026-08-09 00:44:01,252] INFO [TxnMarkerSenderThread-1]: Shutting down (kafka.coordinator.transaction.TransactionMarkerChannelManager)
turbofan-kafka  | [2026-08-09 00:44:01,253] INFO [TxnMarkerSenderThread-1]: Stopped (kafka.coordinator.transaction.TransactionMarkerChannelManager)
turbofan-kafka  | [2026-08-09 00:44:01,253] INFO [TxnMarkerSenderThread-1]: Shutdown completed (kafka.coordinator.transaction.TransactionMarkerChannelManager)
turbofan-kafka  | [2026-08-09 00:44:01,254] INFO [TransactionCoordinator id=1] Shutdown complete. (kafka.coordinator.transaction.TransactionCoordinator)
turbofan-kafka  | [2026-08-09 00:44:01,254] INFO [GroupCoordinator 1]: Shutting down. (kafka.coordinator.group.GroupCoordinator)
turbofan-kafka  | [2026-08-09 00:44:01,255] INFO [ExpirationReaper-1-Heartbeat]: Shutting down (kafka.server.DelayedOperationPurgatory$ExpiredOperationReaper)
turbofan-kafka  | [2026-08-09 00:44:01,255] INFO [ExpirationReaper-1-Heartbeat]: Stopped (kafka.server.DelayedOperationPurgatory$ExpiredOperationReaper)
turbofan-kafka  | [2026-08-09 00:44:01,255] INFO [ExpirationReaper-1-Heartbeat]: Shutdown completed (kafka.server.DelayedOperationPurgatory$ExpiredOperationReaper)
turbofan-kafka  | [2026-08-09 00:44:01,256] INFO [ExpirationReaper-1-Rebalance]: Shutting down (kafka.server.DelayedOperationPurgatory$ExpiredOperationReaper)
turbofan-kafka  | [2026-08-09 00:44:01,256] INFO [ExpirationReaper-1-Rebalance]: Shutdown completed (kafka.server.DelayedOperationPurgatory$ExpiredOperationReaper)
turbofan-kafka  | [2026-08-09 00:44:01,257] INFO [ExpirationReaper-1-Rebalance]: Stopped (kafka.server.DelayedOperationPurgatory$ExpiredOperationReaper)
turbofan-kafka  | [2026-08-09 00:44:01,257] INFO [GroupCoordinator 1]: Shutdown complete. (kafka.coordinator.group.GroupCoordinator)
turbofan-kafka  | [2026-08-09 00:44:01,257] INFO [ReplicaManager broker=1] Shutting down (kafka.server.ReplicaManager)
turbofan-kafka  | [2026-08-09 00:44:01,258] INFO [LogDirFailureHandler]: Shutting down (kafka.server.ReplicaManager$LogDirFailureHandler)
turbofan-kafka  | [2026-08-09 00:44:01,258] INFO [LogDirFailureHandler]: Stopped (kafka.server.ReplicaManager$LogDirFailureHandler)
turbofan-kafka  | [2026-08-09 00:44:01,258] INFO [LogDirFailureHandler]: Shutdown completed (kafka.server.ReplicaManager$LogDirFailureHandler)
turbofan-kafka  | [2026-08-09 00:44:01,259] INFO [ReplicaFetcherManager on broker 1] shutting down (kafka.server.ReplicaFetcherManager)
turbofan-kafka  | [2026-08-09 00:44:01,260] INFO [ReplicaFetcherManager on broker 1] shutdown completed (kafka.server.ReplicaFetcherManager)
turbofan-kafka  | [2026-08-09 00:44:01,260] INFO [ReplicaAlterLogDirsManager on broker 1] shutting down (kafka.server.ReplicaAlterLogDirsManager)
turbofan-kafka  | [2026-08-09 00:44:01,260] INFO [ReplicaAlterLogDirsManager on broker 1] shutdown completed (kafka.server.ReplicaAlterLogDirsManager)
turbofan-kafka  | [2026-08-09 00:44:01,260] INFO [ExpirationReaper-1-Fetch]: Shutting down (kafka.server.DelayedOperationPurgatory$ExpiredOperationReaper)
turbofan-kafka  | [2026-08-09 00:44:01,260] INFO [ExpirationReaper-1-Fetch]: Stopped (kafka.server.DelayedOperationPurgatory$ExpiredOperationReaper)
turbofan-kafka  | [2026-08-09 00:44:01,260] INFO [ExpirationReaper-1-Fetch]: Shutdown completed (kafka.server.DelayedOperationPurgatory$ExpiredOperationReaper)
turbofan-kafka  | [2026-08-09 00:44:01,261] INFO [ExpirationReaper-1-Produce]: Shutting down (kafka.server.DelayedOperationPurgatory$ExpiredOperationReaper)
turbofan-kafka  | [2026-08-09 00:44:01,261] INFO [ExpirationReaper-1-Produce]: Stopped (kafka.server.DelayedOperationPurgatory$ExpiredOperationReaper)
turbofan-kafka  | [2026-08-09 00:44:01,261] INFO [ExpirationReaper-1-Produce]: Shutdown completed (kafka.server.DelayedOperationPurgatory$ExpiredOperationReaper)
turbofan-kafka  | [2026-08-09 00:44:01,262] INFO [ExpirationReaper-1-DeleteRecords]: Shutting down (kafka.server.DelayedOperationPurgatory$ExpiredOperationReaper)
turbofan-kafka  | [2026-08-09 00:44:01,262] INFO [ExpirationReaper-1-DeleteRecords]: Stopped (kafka.server.DelayedOperationPurgatory$ExpiredOperationReaper)
turbofan-kafka  | [2026-08-09 00:44:01,262] INFO [ExpirationReaper-1-DeleteRecords]: Shutdown completed (kafka.server.DelayedOperationPurgatory$ExpiredOperationReaper)
turbofan-kafka  | [2026-08-09 00:44:01,262] INFO [ExpirationReaper-1-ElectLeader]: Shutting down (kafka.server.DelayedOperationPurgatory$ExpiredOperationReaper)
turbofan-kafka  | [2026-08-09 00:44:01,263] INFO [ExpirationReaper-1-ElectLeader]: Stopped (kafka.server.DelayedOperationPurgatory$ExpiredOperationReaper)
turbofan-kafka  | [2026-08-09 00:44:01,263] INFO [ExpirationReaper-1-ElectLeader]: Shutdown completed (kafka.server.DelayedOperationPurgatory$ExpiredOperationReaper)
turbofan-kafka  | [2026-08-09 00:44:01,265] INFO [ReplicaManager broker=1] Shut down completely (kafka.server.ReplicaManager)
turbofan-kafka  | [2026-08-09 00:44:01,266] INFO [zk-broker-1-to-controller-alter-partition-channel-manager]: Shutting down (kafka.server.BrokerToControllerRequestThread)
turbofan-kafka  | [2026-08-09 00:44:01,266] INFO [zk-broker-1-to-controller-alter-partition-channel-manager]: Stopped (kafka.server.BrokerToControllerRequestThread)
turbofan-kafka  | [2026-08-09 00:44:01,266] INFO [zk-broker-1-to-controller-alter-partition-channel-manager]: Shutdown completed (kafka.server.BrokerToControllerRequestThread)
turbofan-kafka  | [2026-08-09 00:44:01,267] INFO Broker to controller channel manager for alter-partition shutdown (kafka.server.BrokerToControllerChannelManagerImpl)
turbofan-kafka  | [2026-08-09 00:44:01,268] INFO [zk-broker-1-to-controller-forwarding-channel-manager]: Shutting down (kafka.server.BrokerToControllerRequestThread)
turbofan-kafka  | [2026-08-09 00:44:01,268] INFO [zk-broker-1-to-controller-forwarding-channel-manager]: Stopped (kafka.server.BrokerToControllerRequestThread)
turbofan-kafka  | [2026-08-09 00:44:01,268] INFO [zk-broker-1-to-controller-forwarding-channel-manager]: Shutdown completed (kafka.server.BrokerToControllerRequestThread)
turbofan-kafka  | [2026-08-09 00:44:01,268] INFO Broker to controller channel manager for forwarding shutdown (kafka.server.BrokerToControllerChannelManagerImpl)
turbofan-kafka  | [2026-08-09 00:44:01,268] INFO Shutting down. (kafka.log.LogManager)
turbofan-kafka  | [2026-08-09 00:44:01,269] INFO Shutting down the log cleaner. (kafka.log.LogCleaner)
turbofan-kafka  | [2026-08-09 00:44:01,269] INFO [kafka-log-cleaner-thread-0]: Shutting down (kafka.log.LogCleaner$CleanerThread)
turbofan-kafka  | [2026-08-09 00:44:01,269] INFO [kafka-log-cleaner-thread-0]: Shutdown completed (kafka.log.LogCleaner$CleanerThread)
turbofan-kafka  | [2026-08-09 00:44:01,269] INFO [kafka-log-cleaner-thread-0]: Stopped (kafka.log.LogCleaner$CleanerThread)
turbofan-kafka  | [2026-08-09 00:44:01,275] INFO [ProducerStateManager partition=turbofan.raw.telemetry-0]Wrote producer snapshot at offset 12061 with 2 producer ids in 1 ms. (org.apache.kafka.storage.internals.log.ProducerStateManager)
turbofan-kafka  | [2026-08-09 00:44:01,280] INFO [ProducerStateManager partition=turbofan.prediction.results-0]Wrote producer snapshot at offset 23615 with 2 producer ids in 2 ms. (org.apache.kafka.storage.internals.log.ProducerStateManager)
turbofan-kafka  | [2026-08-09 00:44:01,285] INFO Shutdown complete. (kafka.log.LogManager)
turbofan-kafka  | [2026-08-09 00:44:01,285] INFO [ControllerEventThread controllerId=1] Shutting down (kafka.controller.ControllerEventManager$ControllerEventThread)
turbofan-kafka  | [2026-08-09 00:44:01,286] INFO [ControllerEventThread controllerId=1] Shutdown completed (kafka.controller.ControllerEventManager$ControllerEventThread)
turbofan-kafka  | [2026-08-09 00:44:01,285] INFO [ControllerEventThread controllerId=1] Stopped (kafka.controller.ControllerEventManager$ControllerEventThread)
turbofan-kafka  | [2026-08-09 00:44:01,286] DEBUG [Controller id=1] Resigning (kafka.controller.KafkaController)
turbofan-kafka  | [2026-08-09 00:44:01,286] DEBUG [Controller id=1] Unregister BrokerModifications handler for Set(1) (kafka.controller.KafkaController)
turbofan-kafka  | [2026-08-09 00:44:01,287] INFO [PartitionStateMachine controllerId=1] Stopped partition state machine (kafka.controller.ZkPartitionStateMachine)
turbofan-kafka  | [2026-08-09 00:44:01,287] INFO [ReplicaStateMachine controllerId=1] Stopped replica state machine (kafka.controller.ZkReplicaStateMachine)
turbofan-kafka  | [2026-08-09 00:44:01,287] INFO [RequestSendThread controllerId=1] Shutting down (kafka.controller.RequestSendThread)
turbofan-kafka  | [2026-08-09 00:44:01,287] INFO [RequestSendThread controllerId=1] Stopped (kafka.controller.RequestSendThread)
turbofan-kafka  | [2026-08-09 00:44:01,288] INFO [RequestSendThread controllerId=1] Shutdown completed (kafka.controller.RequestSendThread)
turbofan-kafka  | [2026-08-09 00:44:01,289] INFO [Controller id=1] Resigned (kafka.controller.KafkaController)
turbofan-kafka  | [2026-08-09 00:44:01,289] INFO [feature-zk-node-event-process-thread]: Shutting down (kafka.server.FinalizedFeatureChangeListener$ChangeNotificationProcessorThread)
turbofan-kafka  | [2026-08-09 00:44:01,289] INFO [feature-zk-node-event-process-thread]: Shutdown completed (kafka.server.FinalizedFeatureChangeListener$ChangeNotificationProcessorThread)
turbofan-kafka  | [2026-08-09 00:44:01,289] INFO [feature-zk-node-event-process-thread]: Stopped (kafka.server.FinalizedFeatureChangeListener$ChangeNotificationProcessorThread)
turbofan-kafka  | [2026-08-09 00:44:01,290] INFO [ZooKeeperClient Kafka server] Closing. (kafka.zookeeper.ZooKeeperClient)
turbofan-kafka  | [2026-08-09 00:44:01,396] INFO Session: 0x10000000fe4000b closed (org.apache.zookeeper.ZooKeeper)
turbofan-kafka  | [2026-08-09 00:44:01,396] INFO EventThread shut down for session: 0x10000000fe4000b (org.apache.zookeeper.ClientCnxn)
turbofan-kafka  | [2026-08-09 00:44:01,397] INFO [ZooKeeperClient Kafka server] Closed. (kafka.zookeeper.ZooKeeperClient)
turbofan-kafka  | [2026-08-09 00:44:01,398] INFO [ThrottledChannelReaper-Fetch]: Shutting down (kafka.server.ClientQuotaManager$ThrottledChannelReaper)
turbofan-kafka  | [2026-08-09 00:44:01,401] INFO [ThrottledChannelReaper-Fetch]: Stopped (kafka.server.ClientQuotaManager$ThrottledChannelReaper)
turbofan-kafka  | [2026-08-09 00:44:01,401] INFO [ThrottledChannelReaper-Fetch]: Shutdown completed (kafka.server.ClientQuotaManager$ThrottledChannelReaper)
turbofan-kafka  | [2026-08-09 00:44:01,401] INFO [ThrottledChannelReaper-Produce]: Shutting down (kafka.server.ClientQuotaManager$ThrottledChannelReaper)
turbofan-kafka  | [2026-08-09 00:44:01,401] INFO [ThrottledChannelReaper-Produce]: Stopped (kafka.server.ClientQuotaManager$ThrottledChannelReaper)
turbofan-kafka  | [2026-08-09 00:44:01,401] INFO [ThrottledChannelReaper-Produce]: Shutdown completed (kafka.server.ClientQuotaManager$ThrottledChannelReaper)
turbofan-kafka  | [2026-08-09 00:44:01,401] INFO [ThrottledChannelReaper-Request]: Shutting down (kafka.server.ClientQuotaManager$ThrottledChannelReaper)
turbofan-kafka  | [2026-08-09 00:44:01,401] INFO [ThrottledChannelReaper-Request]: Stopped (kafka.server.ClientQuotaManager$ThrottledChannelReaper)
turbofan-kafka  | [2026-08-09 00:44:01,401] INFO [ThrottledChannelReaper-Request]: Shutdown completed (kafka.server.ClientQuotaManager$ThrottledChannelReaper)
turbofan-kafka  | [2026-08-09 00:44:01,402] INFO [ThrottledChannelReaper-ControllerMutation]: Shutting down (kafka.server.ClientQuotaManager$ThrottledChannelReaper)
turbofan-kafka  | [2026-08-09 00:44:01,402] INFO [ThrottledChannelReaper-ControllerMutation]: Stopped (kafka.server.ClientQuotaManager$ThrottledChannelReaper)
turbofan-kafka  | [2026-08-09 00:44:01,402] INFO [ThrottledChannelReaper-ControllerMutation]: Shutdown completed (kafka.server.ClientQuotaManager$ThrottledChannelReaper)
turbofan-kafka  | [2026-08-09 00:44:01,402] INFO [SocketServer listenerType=ZK_BROKER, nodeId=1] Shutting down socket server (kafka.network.SocketServer)
turbofan-kafka  | [2026-08-09 00:44:01,414] INFO [SocketServer listenerType=ZK_BROKER, nodeId=1] Shutdown completed (kafka.network.SocketServer)
turbofan-kafka  | [2026-08-09 00:44:01,414] INFO Metrics scheduler closed (org.apache.kafka.common.metrics.Metrics)
turbofan-kafka  | [2026-08-09 00:44:01,414] INFO Closing reporter org.apache.kafka.common.metrics.JmxReporter (org.apache.kafka.common.metrics.Metrics)
turbofan-kafka  | [2026-08-09 00:44:01,415] INFO Metrics reporters closed (org.apache.kafka.common.metrics.Metrics)
turbofan-kafka  | [2026-08-09 00:44:01,418] INFO Broker and topic stats closed (kafka.server.BrokerTopicStats)
turbofan-kafka  | [2026-08-09 00:44:01,419] INFO App info kafka.server for 1 unregistered (org.apache.kafka.common.utils.AppInfoParser)
turbofan-kafka  | [2026-08-09 00:44:01,419] INFO [KafkaServer id=1] shut down completed (kafka.server.KafkaServer)
[Kturbofan-kafka exited with code 143
