engine_id,cycle,setting_1,setting_2,setting_3,sensor_1,sensor_2,sensor_3,sensor_4,sensor_5,sensor_6,sensor_7,sensor_8,sensor_9,sensor_10,sensor_11,sensor_12,sensor_13,sensor_14,sensor_15,sensor_16,sensor_17,sensor_18,sensor_19,sensor_20,sensor_21,max_cycle,RUL,health_stage,health_percent,anomaly_label
1,1,-0.0007,-0.0004,100.0,518.67,641.82,1589.7,1400.6,14.62,21.61,554.36,2388.06,9046.19,1.3,47.47,521.66,2388.02,8138.62,8.4195,0.03,392,2388,100.0,39.06,23.419,192,191,Healthy,99.48,0
1,2,0.0019,-0.0003,100.0,518.67,642.15,1591.82,1403.14,14.62,21.61,553.75,2388.04,9044.07,1.3,47.49,522.28,2388.07,8131.49,8.4318,0.03,392,2388,100.0,39.0,23.4236,192,190,Healthy,98.96,0
1,3,-0.0043,0.0003,100.0,518.67,642.35,1587.99,1404.2,14.62,21.61,554.26,2388.08,9052.94,1.3,47.27,522.42,2388.03,8133.23,8.4178,0.03,390,2388,100.0,38.95,23.3442,192,189,Healthy,98.44,0
1,4,0.0007,0.0,100.0,518.67,642.35,1582.79,1401.87,14.62,21.61,554.45,2388.11,9049.48,1.3,47.13,522.86,2388.08,8133.83,8.3682,0.03,392,2388,100.0,38.88,23.3739,192,188,Healthy,97.92,0
1,5,-0.0019,-0.0002,100.0,518.67,642.37,1582.85,1406.22,14.62,21.61,554.0,2388.06,9055.15,1.3,47.28,522.19,2388.04,8133.8,8.4294,0.03,393,2388,100.0,38.9,23.4044,192,187,Healthy,97.4,0
1,6,-0.0043,-0.0001,100.0,518.67,642.1,1584.47,1398.37,14.62,21.61,554.67,2388.02,9049.68,1.3,47.16,521.68,2388.03,8132.85,8.4108,0.03,391,2388,100.0,38.98,23.3669,192,186,Healthy,96.88,0
1,7,0.001,0.0001,100.0,518.67,642.48,1592.32,1397.77,14.62,21.61,554.34,2388.02,9059.13,1.3,47.36,522.32,2388.03,8132.32,8.3974,0.03,392,2388,100.0,39.1,23.3774,192,185,Healthy,96.35,0
1,8,-0.0034,0.0003,100.0,518.67,642.56,1582.96,1400.97,14.62,21.61,553.85,2388.0,9040.8,1.3,47.24,522.47,2388.03,8131.07,8.4076,0.03,391,2388,100.0,38.97,23.3106,192,184,Healthy,95.83,0
1,9,0.0008,0.0001,100.0,518.67,642.12,1590.98,1394.8,14.62,21.61,553.69,2388.05,9046.46,1.3,47.29,521.79,2388.05,8125.69,8.3728,0.03,392,2388,100.0,39.05,23.4066,192,183,Healthy,95.31,0
1,10,-0.0033,0.0001,100.0,518.67,641.71,1591.24,1400.46,14.62,21.61,553.59,2388.05,9051.7,1.3,47.03,521.79,2388.06,8129.38,8.4286,0.03,393,2388,100.0,38.95,23.4694,192,182,Healthy,94.79,0
1,11,0.0018,-0.0003,100.0,518.67,642.28,1581.75,1400.64,14.62,21.61,554.54,2388.05,9049.61,1.3,47.15,521.4,2388.01,8140.58,8.434,0.03,392,2388,100.0,38.94,23.4787,192,181,Healthy,94.27,0
1,12,0.0016,0.0002,100.0,518.67,642.06,1583.41,1400.15,14.62,21.61,554.52,2388.09,9049.37,1.3,47.18,521.8,2388.02,8134.25,8.3938,0.03,391,2388,100.0,39.06,23.366,192,180,Healthy,93.75,0
1,13,-0.0019,0.0004,100.0,518.67,643.07,1582.19,1400.83,14.62,21.61,553.44,2388.12,9046.82,1.3,47.38,521.85,2388.08,8128.1,8.4152,0.03,393,2388,100.0,38.93,23.2757,192,179,Healthy,93.23,0
1,14,0.0009,-0.0,100.0,518.67,642.35,1592.95,1399.16,14.62,21.61,554.48,2388.09,9047.37,1.3,47.44,521.67,2388.0,8134.43,8.3964,0.03,393,2388,100.0,39.18,23.3826,192,178,Healthy,92.71,0
1,15,-0.0018,-0.0003,100.0,518.67,642.43,1583.82,1402.13,14.62,21.61,553.64,2388.11,9052.22,1.3,47.3,522.5,2388.08,8127.56,8.4199,0.03,391,2388,100.0,38.99,23.35,192,177,Healthy,92.19,0
1,16,0.0006,0.0005,100.0,518.67,642.13,1587.98,1404.5,14.62,21.61,553.94,2388.05,9049.34,1.3,47.24,521.49,2388.07,8136.11,8.3936,0.03,392,2388,100.0,38.97,23.455,192,176,Healthy,91.67,0
1,17,0.0002,0.0002,100.0,518.67,642.58,1584.96,1399.95,14.62,21.61,553.8,2388.06,9054.92,1.3,47.12,521.89,2388.04,8137.27,8.4542,0.03,392,2388,100.0,38.81,23.3319,192,175,Healthy,91.15,0
1,18,-0.0031,-0.0001,100.0,518.67,642.62,1591.04,1396.12,14.62,21.61,554.2,2388.05,9049.55,1.3,47.21,521.76,2388.07,8132.73,8.4028,0.03,392,2388,100.0,38.89,23.3987,192,174,Healthy,90.62,0
1,19,0.0032,-0.0003,100.0,518.67,641.79,1587.56,1400.35,14.62,21.61,554.18,2388.04,9053.99,1.3,47.4,521.89,2388.03,8129.13,8.4321,0.03,391,2388,100.0,38.8,23.3464,192,173,Healthy,90.1,0
1,20,-0.0037,0.0001,100.0,518.67,643.04,1581.11,1405.23,14.62,21.61,554.81,2388.05,9045.9,1.3,47.22,522.07,2388.02,8129.71,8.421,0.03,392,2388,100.0,39.03,23.422,192,172,Healthy,89.58,0
1,21,-0.0012,0.0001,100.0,518.67,642.37,1586.07,1398.13,14.62,21.61,554.08,2388.11,9048.15,1.3,47.15,522.42,2388.08,8134.02,8.4049,0.03,392,2388,100.0,39.09,23.3101,192,171,Healthy,89.06,0
1,22,0.0002,0.0,100.0,518.67,642.77,1592.93,1400.57,14.62,21.61,553.63,2388.04,9061.21,1.3,47.24,522.0,2388.03,8130.41,8.4034,0.03,392,2388,100.0,38.92,23.3792,192,170,Healthy,88.54,0
1,23,0.0034,-0.0003,100.0,518.67,642.14,1588.19,1394.75,14.62,21.61,553.98,2388.05,9046.28,1.3,47.25,521.52,2388.05,8127.9,8.424,0.03,392,2388,100.0,38.94,23.4562,192,169,Healthy,88.02,0
1,24,-0.001,0.0003,100.0,518.67,642.38,1590.83,1398.81,14.62,21.61,553.49,2388.12,9043.76,1.3,47.44,522.13,2388.03,8133.88,8.3891,0.03,392,2388,100.0,39.0,23.3696,192,168,Healthy,87.5,0
1,25,0.0023,-0.0004,100.0,518.67,642.77,1594.1,1399.39,14.62,21.61,554.0,2388.02,9054.16,1.3,47.36,522.56,2388.02,8136.61,8.3917,0.03,393,2388,100.0,38.95,23.4288,192,167,Healthy,86.98,0
1,26,0.0,0.0002,100.0,518.67,642.16,1589.08,1396.07,14.62,21.61,554.11,2388.07,9047.11,1.3,47.26,522.28,2388.06,8131.15,8.426,0.03,394,2388,100.0,38.86,23.4149,192,166,Healthy,86.46,0
1,27,-0.0012,-0.0004,100.0,518.67,642.44,1590.47,1401.84,14.62,21.61,554.07,2388.02,9047.96,1.3,47.37,522.0,2388.13,8134.6,8.4046,0.03,393,2388,100.0,38.99,23.4472,192,165,Healthy,85.94,0
1,28,-0.0024,0.0005,100.0,518.67,642.35,1582.84,1399.13,14.62,21.61,554.68,2388.12,9049.84,1.3,47.41,522.57,2388.08,8127.3,8.4323,0.03,390,2388,100.0,39.01,23.2841,192,164,Healthy,85.42,0
1,29,0.0012,-0.0001,100.0,518.67,641.91,1584.83,1400.99,14.62,21.61,554.25,2388.05,9050.47,1.3,47.24,522.41,2388.06,8133.06,8.4189,0.03,393,2388,100.0,38.93,23.3597,192,163,Healthy,84.9,0
1,30,-0.0022,0.0,100.0,518.67,642.2,1593.52,1396.08,14.62,21.61,554.37,2388.07,9045.62,1.3,47.4,522.19,2388.0,8137.86,8.4065,0.03,390,2388,100.0,39.05,23.411,192,162,Healthy,84.38,0
1,31,0.0014,0.0005,100.0,518.67,642.02,1584.18,1396.9,14.62,21.61,554.13,2388.08,9058.78,1.3,47.41,521.95,2388.06,8125.28,8.4104,0.03,392,2388,100.0,38.94,23.3353,192,161,Healthy,83.85,0
1,32,0.0005,-0.0003,100.0,518.67,642.33,1591.38,1400.36,14.62,21.61,554.96,2388.04,9050.97,1.3,47.25,521.92,2388.07,8129.7,8.4148,0.03,392,2388,100.0,39.02,23.4999,192,160,Healthy,83.33,0
1,33,-0.0042,-0.0004,100.0,518.67,642.71,1588.4,1402.43,14.62,21.61,554.61,2388.04,9047.13,1.3,47.28,521.91,2388.08,8134.42,8.3753,0.03,392,2388,100.0,38.83,23.3506,192,159,Healthy,82.81,0
1,34,0.0015,-0.0001,100.0,518.67,642.54,1581.47,1400.48,14.62,21.61,554.3,2388.03,9046.46,1.3,47.47,521.7,2388.09,8126.61,8.4349,0.03,392,2388,100.0,38.81,23.3092,192,158,Healthy,82.29,0
1,35,0.0003,0.0002,100.0,518.67,642.44,1590.0,1403.0,14.62,21.61,554.3,2388.04,9045.76,1.3,47.31,521.75,2388.01,8140.17,8.443,0.03,391,2388,100.0,39.13,23.4164,192,157,Healthy,81.77,0
1,36,-0.0004,-0.0002,100.0,518.67,642.54,1581.72,1405.54,14.62,21.61,554.53,2388.01,9044.56,1.3,47.25,522.32,2388.04,8132.48,8.4246,0.03,392,2388,100.0,38.86,23.4308,192,156,Healthy,81.25,0
1,37,-0.0004,-0.0,100.0,518.67,641.99,1579.11,1398.9,14.62,21.61,554.63,2388.07,9055.44,1.3,47.29,522.29,2388.04,8131.95,8.4142,0.03,392,2388,100.0,38.99,23.4352,192,155,Healthy,80.73,0
1,38,-0.0018,-0.0002,100.0,518.67,641.93,1589.6,1399.5,14.62,21.61,554.7,2388.08,9055.27,1.3,47.27,522.42,2388.08,8136.61,8.4158,0.03,392,2388,100.0,39.06,23.4768,192,154,Healthy,80.21,0
1,39,-0.003,-0.0001,100.0,518.67,642.01,1583.21,1400.69,14.62,21.61,553.97,2388.02,9051.76,1.3,47.12,522.23,2388.05,8131.81,8.414,0.03,392,2388,100.0,38.7,23.3699,192,153,Healthy,79.69,0
1,40,-0.0,-0.0004,100.0,518.67,642.24,1582.08,1401.77,14.62,21.61,554.57,2388.06,9052.98,1.3,47.33,521.84,2388.01,8131.03,8.3784,0.03,392,2388,100.0,38.84,23.3769,192,152,Healthy,79.17,0
1,41,0.0033,0.0004,100.0,518.67,642.4,1591.31,1403.21,14.62,21.61,553.72,2388.06,9048.99,1.3,47.09,522.07,2388.03,8138.08,8.437,0.03,392,2388,100.0,39.13,23.4444,192,151,Healthy,78.65,0
1,42,0.0005,-0.0004,100.0,518.67,642.12,1584.66,1401.38,14.62,21.61,553.94,2388.08,9057.06,1.3,47.49,522.23,2388.05,8130.88,8.4137,0.03,392,2388,100.0,39.0,23.375,192,150,Healthy,78.12,0
1,43,-0.0027,0.0005,100.0,518.67,642.24,1591.52,1406.05,14.62,21.61,553.68,2388.03,9057.88,1.3,47.32,522.74,2388.09,8127.22,8.4068,0.03,392,2388,100.0,38.99,23.3148,192,149,Healthy,77.6,0
1,44,-0.0001,0.0002,100.0,518.67,641.93,1586.94,1401.2,14.62,21.61,554.15,2388.04,9046.87,1.3,47.45,522.3,2388.0,8131.45,8.4201,0.03,392,2388,100.0,39.06,23.4753,192,148,Healthy,77.08,0
1,45,-0.0013,-0.0,100.0,518.67,642.53,1582.42,1399.16,14.62,21.61,553.83,2388.08,9060.32,1.3,47.45,521.73,2388.05,8128.31,8.4099,0.03,393,2388,100.0,38.79,23.3943,192,147,Healthy,76.56,0
1,46,0.0003,0.0001,100.0,518.67,642.43,1588.29,1401.27,14.62,21.61,553.76,2388.06,9060.38,1.3,47.2,522.02,2388.08,8128.71,8.3977,0.03,393,2388,100.0,38.93,23.3745,192,146,Healthy,76.04,0
1,47,0.0,0.0005,100.0,518.67,642.21,1580.32,1402.89,14.62,21.61,554.38,2388.06,9052.04,1.3,47.22,521.84,2388.05,8126.21,8.3973,0.03,392,2388,100.0,38.99,23.4873,192,145,Healthy,75.52,0
1,48,0.0019,0.0001,100.0,518.67,641.89,1588.51,1399.16,14.62,21.61,554.02,2388.08,9045.26,1.3,47.4,521.91,2388.06,8129.99,8.4376,0.03,392,2388,100.0,38.94,23.365,192,144,Healthy,75.0,0
1,49,-0.0014,0.0005,100.0,518.67,642.23,1584.35,1397.76,14.62,21.61,554.23,2388.07,9050.64,1.3,47.22,521.37,2388.04,8135.48,8.4151,0.03,392,2388,100.0,39.06,23.4498,192,143,Healthy,74.48,0
1,50,-0.0032,-0.0001,100.0,518.67,642.77,1588.49,1403.62,14.62,21.61,553.92,2388.06,9048.6,1.3,47.47,522.33,2388.09,8127.3,8.4116,0.03,392,2388,100.0,38.85,23.4106,192,142,Healthy,73.96,0
2,1,-0.0018,0.0006,100.0,518.67,641.89,1583.84,1391.28,14.62,21.6,554.53,2388.01,9054.72,1.3,46.93,522.33,2388.06,8137.72,8.3905,0.03,391,2388,100.0,38.94,23.4585,287,286,Healthy,99.65,0
2,2,0.0043,-0.0003,100.0,518.67,641.82,1587.05,1393.13,14.62,21.61,554.77,2387.98,9051.31,1.3,47.24,522.7,2387.98,8131.09,8.4167,0.03,392,2388,100.0,39.06,23.4085,287,285,Healthy,99.3,0
2,3,0.0018,0.0003,100.0,518.67,641.55,1588.32,1398.96,14.62,21.6,555.14,2388.04,9054.24,1.3,47.22,522.58,2387.99,8140.58,8.3802,0.03,391,2388,100.0,39.11,23.425,287,284,Healthy,98.95,0
2,4,0.0035,-0.0004,100.0,518.67,641.68,1584.15,1396.08,14.62,21.61,554.25,2387.98,9058.01,1.3,47.1,522.49,2387.93,8140.44,8.4018,0.03,391,2388,100.0,39.13,23.5027,287,283,Healthy,98.61,0
2,5,0.0005,0.0004,100.0,518.67,641.73,1579.03,1402.52,14.62,21.6,555.12,2388.03,9058.15,1.3,47.25,522.27,2387.94,8136.67,8.3867,0.03,390,2388,100.0,39.18,23.4234,287,282,Healthy,98.26,0
2,6,-0.001,0.0004,100.0,518.67,641.3,1577.5,1396.76,14.62,21.61,554.98,2388.04,9054.07,1.3,47.05,522.8,2387.99,8133.65,8.38,0.03,392,2388,100.0,39.15,23.427,287,281,Healthy,97.91,0
2,7,0.0001,-0.0002,100.0,518.67,642.03,1587.49,1400.65,14.62,21.61,554.84,2388.05,9052.67,1.3,47.1,522.14,2388.04,8136.33,8.3941,0.03,391,2388,100.0,39.1,23.4718,287,280,Healthy,97.56,0
2,8,0.0015,-0.0004,100.0,518.67,642.55,1590.41,1395.39,14.62,21.61,554.65,2388.01,9055.82,1.3,47.2,522.77,2387.96,8137.92,8.3861,0.03,391,2388,100.0,39.11,23.4381,287,279,Healthy,97.21,0
2,9,0.0017,-0.0004,100.0,518.67,641.98,1581.99,1395.01,14.62,21.6,554.69,2388.02,9051.67,1.3,47.14,522.4,2387.98,8145.29,8.3868,0.03,390,2388,100.0,39.06,23.4875,287,278,Healthy,96.86,0
2,10,-0.0045,0.0002,100.0,518.67,641.99,1586.37,1394.86,14.62,21.6,554.63,2387.99,9058.88,1.3,47.21,521.99,2387.97,8138.64,8.3982,0.03,391,2388,100.0,39.2,23.6005,287,277,Healthy,96.52,0
2,11,0.0006,0.0004,100.0,518.67,642.26,1589.21,1401.29,14.62,21.61,554.7,2388.01,9053.21,1.3,47.21,522.2,2388.03,8135.85,8.4188,0.03,392,2388,100.0,39.23,23.3888,287,276,Healthy,96.17,0
2,12,0.0002,0.0006,100.0,518.67,641.64,1579.99,1401.9,14.62,21.61,554.57,2387.98,9047.89,1.3,47.13,521.94,2387.97,8136.49,8.3925,0.03,392,2388,100.0,39.12,23.4201,287,275,Healthy,95.82,0
2,13,0.0007,0.0005,100.0,518.67,641.78,1586.77,1401.53,14.62,21.61,554.69,2387.94,9053.63,1.3,47.03,522.33,2387.99,8140.61,8.3742,0.03,391,2388,100.0,38.88,23.4317,287,274,Healthy,95.47,0
2,14,-0.0024,-0.0004,100.0,518.67,641.66,1584.04,1395.46,14.62,21.61,554.47,2388.01,9047.3,1.3,47.12,523.07,2387.98,8140.09,8.3887,0.03,391,2388,100.0,38.93,23.4074,287,273,Healthy,95.12,0
2,15,-0.0012,-0.0003,100.0,518.67,642.21,1579.84,1402.11,14.62,21.61,554.17,2388.02,9049.82,1.3,47.17,521.96,2388.02,8137.72,8.3704,0.03,393,2388,100.0,38.94,23.4311,287,272,Healthy,94.77,0
2,16,-0.001,0.0003,100.0,518.67,641.81,1581.99,1393.46,14.62,21.61,554.53,2387.99,9051.79,1.3,47.24,522.49,2387.95,8133.45,8.3805,0.03,392,2388,100.0,39.01,23.4462,287,271,Healthy,94.43,0
2,17,0.0003,-0.0001,100.0,518.67,642.43,1583.58,1390.27,14.62,21.61,553.62,2388.04,9052.05,1.3,47.13,522.71,2388.08,8134.78,8.3714,0.03,391,2388,100.0,39.04,23.5245,287,270,Healthy,94.08,0
2,18,0.0014,0.0001,100.0,518.67,641.95,1588.43,1400.25,14.62,21.61,554.83,2388.0,9051.35,1.3,47.22,522.92,2388.0,8133.2,8.4053,0.03,391,2388,100.0,39.0,23.4203,287,269,Healthy,93.73,0
2,19,0.0025,0.0001,100.0,518.67,641.75,1576.84,1401.77,14.62,21.61,555.25,2388.02,9055.07,1.3,47.14,522.38,2387.98,8137.51,8.4035,0.03,392,2388,100.0,39.1,23.4102,287,268,Healthy,93.38,0
2,20,0.0042,-0.0004,100.0,518.67,642.34,1582.94,1394.38,14.62,21.61,554.64,2388.0,9050.27,1.3,47.14,522.54,2387.94,8139.83,8.3698,0.03,391,2388,100.0,39.02,23.3821,287,267,Healthy,93.03,0
2,21,-0.0023,0.0001,100.0,518.67,642.05,1579.51,1392.28,14.62,21.61,554.72,2388.03,9055.29,1.3,47.04,522.58,2388.01,8136.57,8.3954,0.03,391,2388,100.0,39.24,23.5014,287,266,Healthy,92.68,0
2,22,0.0024,0.0006,100.0,518.67,642.16,1580.18,1397.67,14.62,21.61,554.35,2387.96,9053.31,1.3,47.17,521.73,2388.04,8140.79,8.3792,0.03,391,2388,100.0,38.98,23.4241,287,265,Healthy,92.33,0
2,23,-0.0013,0.0003,100.0,518.67,642.37,1580.89,1387.5,14.62,21.61,554.69,2387.96,9051.43,1.3,47.21,522.26,2388.07,8131.57,8.3937,0.03,393,2388,100.0,39.1,23.2867,287,264,Healthy,91.99,0
2,24,-0.0019,-0.0,100.0,518.67,641.99,1580.97,1398.67,14.62,21.61,553.5,2387.98,9052.35,1.3,47.15,522.25,2387.97,8136.16,8.3866,0.03,391,2388,100.0,39.18,23.3981,287,263,Healthy,91.64,0
2,25,0.0063,0.0001,100.0,518.67,641.81,1585.38,1396.62,14.62,21.61,554.14,2388.0,9055.28,1.3,47.19,522.31,2388.03,8136.97,8.3959,0.03,391,2388,100.0,38.99,23.4883,287,262,Healthy,91.29,0
2,26,-0.0011,0.0003,100.0,518.67,641.87,1575.38,1392.3,14.62,21.61,554.03,2387.98,9050.81,1.3,47.12,522.8,2388.0,8137.27,8.3472,0.03,391,2388,100.0,38.96,23.4691,287,261,Healthy,90.94,0
2,27,0.0006,0.0005,100.0,518.67,642.12,1585.44,1402.31,14.62,21.61,555.16,2388.03,9058.01,1.3,47.03,522.11,2388.06,8137.73,8.4077,0.03,392,2388,100.0,38.96,23.4275,287,260,Healthy,90.59,0
2,28,0.0037,0.0005,100.0,518.67,642.04,1581.6,1397.45,14.62,21.61,554.77,2387.99,9053.78,1.3,46.99,522.68,2387.93,8136.55,8.3734,0.03,390,2388,100.0,38.95,23.4395,287,259,Healthy,90.24,0
2,29,-0.0032,-0.0003,100.0,518.67,642.08,1583.78,1398.08,14.62,21.61,554.75,2388.0,9055.84,1.3,47.11,522.26,2388.02,8140.77,8.37,0.03,390,2388,100.0,38.97,23.4249,287,258,Healthy,89.9,0
2,30,0.0012,0.0,100.0,518.67,641.78,1590.32,1395.07,14.62,21.61,554.62,2387.98,9050.8,1.3,47.2,522.43,2388.0,8136.63,8.419,0.03,391,2388,100.0,39.1,23.3985,287,257,Healthy,89.55,0
2,31,-0.0009,0.0005,100.0,518.67,641.97,1579.86,1390.94,14.62,21.61,554.8,2388.0,9049.93,1.3,47.05,522.17,2388.04,8131.62,8.4393,0.03,391,2388,100.0,39.17,23.4154,287,256,Healthy,89.2,0
2,32,0.0013,-0.0001,100.0,518.67,641.58,1584.52,1391.11,14.62,21.61,554.56,2387.98,9045.87,1.3,47.12,522.54,2387.98,8138.76,8.3783,0.03,390,2388,100.0,38.97,23.4006,287,255,Healthy,88.85,0
2,33,-0.0032,0.0004,100.0,518.67,641.79,1585.17,1396.15,14.62,21.61,553.62,2388.01,9051.18,1.3,47.09,522.26,2387.99,8133.62,8.4102,0.03,392,2388,100.0,39.01,23.4434,287,254,Healthy,88.5,0
2,34,0.0042,0.0003,100.0,518.67,642.12,1584.08,1394.24,14.62,21.61,555.09,2388.0,9059.29,1.3,47.22,522.64,2387.96,8139.8,8.4188,0.03,390,2388,100.0,38.87,23.4571,287,253,Healthy,88.15,0
2,35,0.002,0.0002,100.0,518.67,641.37,1575.73,1392.55,14.62,21.61,554.73,2388.02,9057.34,1.3,47.25,522.0,2388.0,8142.08,8.4164,0.03,394,2388,100.0,39.06,23.5283,287,252,Healthy,87.8,0
2,36,0.0013,0.0004,100.0,518.67,641.27,1581.56,1397.13,14.62,21.61,554.59,2388.02,9055.79,1.3,47.21,522.32,2388.0,8142.06,8.3709,0.03,391,2388,100.0,39.12,23.3881,287,251,Healthy,87.46,0
2,37,0.005,0.0005,100.0,518.67,642.1,1585.63,1396.29,14.62,21.61,555.01,2388.04,9058.16,1.3,47.16,522.69,2388.02,8136.08,8.3609,0.03,391,2388,100.0,39.08,23.4047,287,250,Healthy,87.11,0
2,38,0.0013,0.0005,100.0,518.67,642.22,1585.15,1397.75,14.62,21.61,554.21,2388.0,9055.35,1.3,47.22,522.13,2388.05,8134.91,8.4069,0.03,390,2388,100.0,39.09,23.4191,287,249,Healthy,86.76,0
2,39,-0.0018,0.0005,100.0,518.67,642.0,1585.69,1391.49,14.62,21.61,554.05,2388.0,9061.16,1.3,47.2,522.79,2388.05,8138.78,8.3755,0.03,391,2388,100.0,39.02,23.4489,287,248,Healthy,86.41,0
2,40,0.0005,0.0005,100.0,518.67,642.02,1582.69,1398.38,14.62,21.61,554.07,2388.03,9046.96,1.3,47.22,522.3,2388.01,8137.16,8.401,0.03,391,2388,100.0,38.84,23.4402,287,247,Healthy,86.06,0
2,41,0.0015,0.0006,100.0,518.67,642.41,1578.97,1398.74,14.62,21.61,554.34,2388.04,9053.6,1.3,47.26,522.22,2388.01,8140.84,8.3856,0.03,392,2388,100.0,38.94,23.3071,287,246,Healthy,85.71,0
2,42,0.0016,0.0005,100.0,518.67,642.27,1579.21,1392.13,14.62,21.61,553.98,2387.97,9046.36,1.3,47.14,522.87,2388.0,8135.3,8.3449,0.03,392,2388,100.0,39.08,23.4631,287,245,Healthy,85.37,0
2,43,0.0027,0.0,100.0,518.67,642.02,1580.59,1391.6,14.62,21.61,554.14,2388.04,9053.65,1.3,47.08,522.9,2388.02,8135.14,8.4144,0.03,392,2388,100.0,38.92,23.4966,287,244,Healthy,85.02,0
2,44,0.0003,0.0003,100.0,518.67,642.01,1584.33,1398.69,14.62,21.61,554.16,2388.04,9057.05,1.3,47.22,522.77,2388.06,8137.23,8.4087,0.03,392,2388,100.0,39.03,23.4546,287,243,Healthy,84.67,0
2,45,-0.0014,-0.0002,100.0,518.67,642.05,1586.41,1397.6,14.62,21.61,554.2,2388.05,9060.38,1.3,47.17,522.27,2388.0,8141.93,8.3847,0.03,390,2388,100.0,38.99,23.4284,287,242,Healthy,84.32,0
2,46,0.0002,-0.0003,100.0,518.67,642.15,1575.45,1392.6,14.62,21.61,554.54,2388.0,9053.33,1.3,47.19,522.08,2388.05,8140.52,8.3994,0.03,390,2388,100.0,38.93,23.5041,287,241,Healthy,83.97,0
2,47,0.0021,0.0003,100.0,518.67,642.4,1583.85,1396.46,14.62,21.61,554.96,2388.04,9046.52,1.3,47.03,522.73,2388.0,8136.97,8.3756,0.03,391,2388,100.0,38.89,23.3447,287,240,Healthy,83.62,0
2,48,0.0006,-0.0001,100.0,518.67,642.09,1586.71,1397.95,14.62,21.61,554.67,2387.99,9057.73,1.3,47.18,522.41,2387.98,8134.97,8.3821,0.03,392,2388,100.0,39.23,23.4336,287,239,Healthy,83.28,0
2,49,-0.0006,0.0005,100.0,518.67,642.85,1583.86,1396.5,14.62,21.61,554.04,2388.04,9049.11,1.3,47.18,522.83,2387.99,8135.93,8.4024,0.03,390,2388,100.0,39.17,23.4871,287,238,Healthy,82.93,0
2,50,-0.0002,-0.0004,100.0,518.67,642.02,1577.86,1399.78,14.62,21.61,554.73,2388.0,9051.65,1.3,47.16,522.16,2388.05,8138.46,8.4042,0.03,391,2388,100.0,39.1,23.353,287,237,Healthy,82.58,0
3,1,0.0008,0.0005,100.0,518.67,642.04,1584.2,1398.13,14.62,21.61,553.96,2388.06,9056.95,1.3,47.14,522.24,2388.0,8138.4,8.4207,0.03,391,2388,100.0,38.96,23.3205,179,178,Healthy,99.44,0
3,2,-0.001,0.0,100.0,518.67,642.66,1587.04,1398.62,14.62,21.61,554.76,2388.05,9059.67,1.3,47.35,522.03,2388.01,8137.38,8.3949,0.03,390,2388,100.0,39.07,23.4369,179,177,Healthy,98.88,0
3,3,0.0013,-0.0002,100.0,518.67,642.07,1580.75,1401.1,14.62,21.61,554.51,2388.03,9050.43,1.3,46.94,522.16,2388.01,8137.2,8.382,0.03,393,2388,100.0,39.03,23.3162,179,176,Healthy,98.32,0
3,4,0.0008,-0.0002,100.0,518.67,642.5,1580.12,1395.76,14.62,21.61,554.48,2388.07,9060.43,1.3,47.44,522.31,2388.07,8139.35,8.394,0.03,391,2388,100.0,38.94,23.4901,179,175,Healthy,97.77,0
3,5,0.002,0.0004,100.0,518.67,641.97,1581.48,1394.05,14.62,21.61,554.14,2388.01,9054.36,1.3,47.16,522.0,2388.03,8135.99,8.4233,0.03,391,2388,100.0,38.9,23.419,179,174,Healthy,97.21,0
3,6,-0.001,-0.0003,100.0,518.67,642.65,1581.26,1397.98,14.62,21.61,554.86,2388.08,9048.62,1.3,47.12,522.58,2388.08,8137.99,8.4126,0.03,392,2388,100.0,39.04,23.4656,179,173,Healthy,96.65,0
3,7,-0.0018,-0.0003,100.0,518.67,642.62,1583.68,1405.76,14.62,21.61,554.29,2388.06,9051.91,1.3,47.26,522.08,2388.01,8141.85,8.4369,0.03,393,2388,100.0,39.03,23.4051,179,172,Healthy,96.09,0
3,8,0.0017,-0.0005,100.0,518.67,642.23,1581.6,1401.86,14.62,21.61,554.11,2388.0,9059.59,1.3,47.13,521.87,2388.06,8141.47,8.4197,0.03,392,2388,100.0,38.85,23.3564,179,171,Healthy,95.53,0
3,9,0.0,0.0003,100.0,518.67,642.6,1581.04,1398.3,14.62,21.61,554.61,2387.99,9060.04,1.3,47.16,522.47,2388.09,8136.84,8.4151,0.03,392,2388,100.0,39.02,23.3873,179,170,Healthy,94.97,0
3,10,-0.0009,0.0003,100.0,518.67,642.72,1582.2,1400.07,14.62,21.61,554.28,2388.0,9053.42,1.3,47.22,522.4,2388.05,8130.42,8.4063,0.03,392,2388,100.0,38.96,23.3129,179,169,Healthy,94.41,0
3,11,-0.0009,0.0002,100.0,518.67,641.94,1591.43,1400.59,14.62,21.61,554.88,2388.03,9051.86,1.3,47.4,522.02,2388.01,8138.08,8.4237,0.03,391,2388,100.0,38.8,23.4161,179,168,Healthy,93.85,0
3,12,-0.0029,0.0003,100.0,518.67,642.61,1583.92,1404.93,14.62,21.61,553.45,2388.06,9049.23,1.3,47.17,522.07,2388.02,8141.09,8.3779,0.03,393,2388,100.0,38.9,23.3028,179,167,Healthy,93.3,0
3,13,0.0002,0.0003,100.0,518.67,642.63,1583.25,1403.52,14.62,21.61,555.25,2388.03,9057.09,1.3,47.25,522.26,2388.06,8138.75,8.3743,0.03,390,2388,100.0,39.16,23.3372,179,166,Healthy,92.74,0
3,14,0.0,0.0004,100.0,518.67,642.16,1591.03,1396.35,14.62,21.61,554.31,2388.02,9056.59,1.3,47.27,521.69,2387.99,8141.57,8.4339,0.03,391,2388,100.0,38.9,23.3506,179,165,Healthy,92.18,0
3,15,-0.0015,0.0001,100.0,518.67,641.83,1585.29,1398.77,14.62,21.61,554.36,2388.05,9058.29,1.3,47.15,522.0,2388.06,8138.07,8.4311,0.03,390,2388,100.0,39.02,23.2825,179,164,Healthy,91.62,0
3,16,-0.0064,-0.0002,100.0,518.67,642.65,1589.05,1392.15,14.62,21.61,554.17,2388.05,9051.12,1.3,47.26,522.25,2387.97,8137.26,8.4147,0.03,391,2388,100.0,38.94,23.4078,179,163,Healthy,91.06,0
3,17,-0.0018,-0.0001,100.0,518.67,642.78,1588.94,1395.76,14.62,21.61,553.74,2388.0,9051.79,1.3,47.35,522.37,2387.99,8140.24,8.4018,0.03,393,2388,100.0,39.13,23.4031,179,162,Healthy,90.5,0
3,18,-0.0013,-0.0005,100.0,518.67,642.26,1584.36,1402.3,14.62,21.61,554.52,2388.0,9055.82,1.3,47.38,521.8,2388.05,8141.53,8.4244,0.03,390,2388,100.0,39.0,23.3709,179,161,Healthy,89.94,0
3,19,0.0029,-0.0004,100.0,518.67,642.05,1580.67,1402.82,14.62,21.61,553.99,2388.03,9051.22,1.3,47.23,522.18,2387.99,8144.32,8.413,0.03,391,2388,100.0,39.12,23.4505,179,160,Healthy,89.39,0
3,20,-0.002,-0.0002,100.0,518.67,642.25,1580.73,1394.57,14.62,21.61,554.54,2388.06,9047.08,1.3,47.1,522.29,2388.03,8135.13,8.398,0.03,391,2388,100.0,38.93,23.3357,179,159,Healthy,88.83,0
3,21,-0.0006,0.0004,100.0,518.67,642.18,1586.78,1398.83,14.62,21.61,554.32,2388.02,9052.89,1.3,47.27,522.67,2387.98,8138.16,8.4302,0.03,392,2388,100.0,39.13,23.3923,179,158,Healthy,88.27,0
3,22,-0.0052,-0.0001,100.0,518.67,642.34,1589.55,1405.28,14.62,21.61,554.71,2388.06,9060.66,1.3,47.3,522.53,2388.02,8141.91,8.432,0.03,392,2388,100.0,39.09,23.4213,179,157,Healthy,87.71,0
3,23,-0.0004,-0.0002,100.0,518.67,642.07,1585.2,1395.59,14.62,21.61,554.04,2387.99,9058.17,1.3,47.12,522.22,2388.05,8133.61,8.3839,0.03,392,2388,100.0,38.94,23.3791,179,156,Healthy,87.15,0
3,24,-0.0038,-0.0002,100.0,518.67,642.24,1585.08,1395.73,14.62,21.61,554.65,2388.05,9047.82,1.3,47.26,521.66,2388.05,8140.94,8.3768,0.03,391,2388,100.0,38.81,23.3903,179,155,Healthy,86.59,0
3,25,-0.0005,-0.0004,100.0,518.67,642.24,1579.4,1390.93,14.62,21.61,554.21,2388.05,9055.08,1.3,47.17,522.15,2387.98,8134.79,8.3845,0.03,391,2388,100.0,38.9,23.4004,179,154,Healthy,86.03,0
3,26,-0.0023,-0.0005,100.0,518.67,641.61,1586.92,1401.63,14.62,21.61,553.9,2388.04,9047.81,1.3,47.28,521.93,2388.05,8140.65,8.4062,0.03,391,2388,100.0,39.01,23.2767,179,153,Healthy,85.47,0
3,27,0.001,0.0002,100.0,518.67,642.36,1581.83,1400.85,14.62,21.61,554.67,2388.03,9058.62,1.3,47.17,521.69,2388.04,8138.31,8.4095,0.03,392,2388,100.0,38.97,23.3769,179,152,Healthy,84.92,0
3,28,0.0001,-0.0,100.0,518.67,641.48,1590.59,1400.68,14.62,21.61,553.51,2388.04,9054.91,1.3,47.22,522.27,2388.03,8131.13,8.3998,0.03,392,2388,100.0,38.91,23.4092,179,151,Healthy,84.36,0
3,29,0.0038,0.0004,100.0,518.67,642.01,1584.71,1396.05,14.62,21.61,554.94,2388.03,9056.29,1.3,47.24,522.15,2387.99,8135.88,8.4387,0.03,392,2388,100.0,39.15,23.3378,179,150,Healthy,83.8,0
3,30,0.0012,0.0004,100.0,518.67,642.21,1584.95,1398.1,14.62,21.61,554.05,2388.01,9051.75,1.3,47.23,522.35,2388.04,8140.32,8.3927,0.03,392,2388,100.0,39.01,23.3824,179,149,Healthy,83.24,0
3,31,0.0039,0.0001,100.0,518.67,642.33,1588.68,1393.95,14.62,21.61,553.06,2388.04,9056.38,1.3,47.33,521.92,2388.05,8143.37,8.393,0.03,391,2388,100.0,38.98,23.3272,179,148,Healthy,82.68,0
3,32,0.0018,0.0002,100.0,518.67,642.55,1583.7,1400.58,14.62,21.61,554.32,2388.04,9052.73,1.3,47.3,522.11,2388.08,8135.67,8.392,0.03,393,2388,100.0,39.1,23.3545,179,147,Healthy,82.12,0
3,33,0.0004,0.0002,100.0,518.67,641.82,1583.55,1403.93,14.62,21.61,554.27,2388.0,9055.13,1.3,47.31,522.1,2387.96,8134.74,8.4086,0.03,392,2388,100.0,38.98,23.4537,179,146,Healthy,81.56,0
3,34,-0.0014,0.0005,100.0,518.67,642.83,1584.17,1397.47,14.62,21.61,554.42,2388.01,9058.0,1.3,47.2,522.34,2388.05,8142.72,8.4035,0.03,393,2388,100.0,39.0,23.3728,179,145,Healthy,81.01,0
3,35,-0.0013,0.0001,100.0,518.67,642.08,1584.57,1396.92,14.62,21.61,554.1,2388.04,9058.14,1.3,47.26,522.19,2388.0,8136.27,8.3924,0.03,391,2388,100.0,39.03,23.343,179,144,Healthy,80.45,0
3,36,-0.0018,0.0001,100.0,518.67,642.06,1580.96,1399.12,14.62,21.61,554.11,2388.05,9059.15,1.3,47.33,522.77,2388.05,8144.61,8.3794,0.03,393,2388,100.0,38.84,23.3414,179,143,Healthy,79.89,0
3,37,0.0058,0.0001,100.0,518.67,641.68,1582.96,1396.65,14.62,21.61,555.28,2388.02,9055.79,1.3,47.17,522.14,2388.05,8140.71,8.4142,0.03,394,2388,100.0,38.78,23.2711,179,142,Healthy,79.33,0
3,38,0.0006,0.0001,100.0,518.67,641.72,1577.99,1401.83,14.62,21.61,554.11,2388.09,9062.07,1.3,47.44,521.81,2388.05,8134.72,8.4094,0.03,393,2388,100.0,38.98,23.3501,179,141,Healthy,78.77,0
3,39,0.0011,0.0004,100.0,518.67,641.94,1580.42,1400.8,14.62,21.61,554.18,2388.05,9056.99,1.3,47.1,522.0,2388.08,8139.81,8.3738,0.03,392,2388,100.0,38.79,23.3514,179,140,Healthy,78.21,0
3,40,-0.0038,0.0001,100.0,518.67,641.97,1579.38,1403.24,14.62,21.61,553.75,2388.03,9056.52,1.3,47.09,521.84,2388.05,8131.57,8.3987,0.03,392,2388,100.0,39.09,23.4079,179,139,Healthy,77.65,0
3,41,0.0009,-0.0002,100.0,518.67,642.79,1586.38,1394.92,14.62,21.61,554.68,2388.02,9060.55,1.3,47.32,522.69,2388.07,8143.58,8.3682,0.03,392,2388,100.0,38.99,23.3774,179,138,Healthy,77.09,0
3,42,0.0027,-0.0003,100.0,518.67,642.61,1586.25,1404.49,14.62,21.6,554.31,2387.97,9058.97,1.3,47.31,522.02,2388.01,8140.13,8.3828,0.03,390,2388,100.0,39.11,23.4412,179,137,Healthy,76.54,0
3,43,0.0044,-0.0003,100.0,518.67,642.58,1587.9,1401.51,14.62,21.61,554.18,2388.0,9061.97,1.3,47.35,521.7,2388.06,8138.47,8.4397,0.03,392,2388,100.0,39.03,23.3024,179,136,Healthy,75.98,0
3,44,-0.0022,-0.0005,100.0,518.67,642.21,1586.83,1395.48,14.62,21.61,554.45,2388.0,9060.44,1.3,47.17,522.47,2388.03,8144.65,8.4259,0.03,391,2388,100.0,39.14,23.448,179,135,Healthy,75.42,0
3,45,-0.0025,-0.0005,100.0,518.67,642.15,1582.99,1398.33,14.62,21.61,554.43,2388.04,9055.97,1.3,47.06,522.17,2388.06,8138.89,8.4342,0.03,392,2388,100.0,39.23,23.4284,179,134,Healthy,74.86,0
3,46,0.0015,0.0004,100.0,518.67,642.42,1590.25,1401.55,14.62,21.61,554.0,2388.05,9067.35,1.3,47.38,521.88,2388.03,8141.07,8.4024,0.03,392,2388,100.0,38.81,23.3352,179,133,Healthy,74.3,0
3,47,-0.0013,-0.0004,100.0,518.67,642.26,1587.55,1395.3,14.62,21.61,554.82,2388.04,9055.04,1.3,47.29,522.2,2388.02,8139.29,8.4134,0.03,393,2388,100.0,39.01,23.4428,179,132,Healthy,73.74,0
3,48,0.0002,0.0001,100.0,518.67,642.01,1587.21,1392.94,14.62,21.61,554.41,2388.05,9054.47,1.3,47.32,521.88,2387.95,8138.95,8.4199,0.03,392,2388,100.0,38.92,23.406,179,131,Healthy,73.18,0
3,49,-0.0002,-0.0,100.0,518.67,642.16,1583.53,1396.11,14.62,21.61,554.28,2388.03,9051.92,1.3,47.33,522.28,2388.05,8138.36,8.3716,0.03,392,2388,100.0,39.0,23.3813,179,130,Healthy,72.63,0
3,50,0.0012,-0.0004,100.0,518.67,642.51,1586.16,1402.64,14.62,21.61,553.87,2388.03,9056.79,1.3,47.27,522.07,2388.03,8140.55,8.4054,0.03,391,2388,100.0,39.02,23.4013,179,129,Healthy,72.07,0
4,1,0.0025,0.0005,100.0,518.67,642.6,1585.4,1402.85,14.62,21.61,553.97,2388.06,9051.1,1.3,47.29,521.94,2388.07,8131.5,8.42,0.03,393,2388,100.0,39.04,23.3814,189,188,Healthy,99.47,0
4,2,0.0002,-0.0004,100.0,518.67,642.45,1583.54,1410.36,14.62,21.61,554.62,2388.06,9048.41,1.3,47.35,521.7,2388.04,8129.53,8.3999,0.03,391,2388,100.0,39.02,23.4437,189,187,Healthy,98.94,0
4,3,-0.0025,-0.0,100.0,518.67,642.16,1586.59,1398.65,14.62,21.61,553.52,2388.08,9052.57,1.3,47.4,521.35,2388.09,8131.24,8.415,0.03,391,2388,100.0,38.96,23.3314,189,186,Healthy,98.41,0
4,4,0.0024,-0.0003,100.0,518.67,642.73,1583.96,1400.32,14.62,21.61,553.58,2388.08,9047.7,1.3,47.39,522.0,2388.01,8132.9,8.4309,0.03,392,2388,100.0,38.87,23.4338,189,185,Healthy,97.88,0
4,5,0.0012,-0.0002,100.0,518.67,642.11,1590.62,1399.42,14.62,21.61,552.91,2388.1,9046.98,1.3,47.26,521.35,2388.11,8126.94,8.4164,0.03,393,2388,100.0,38.91,23.2896,189,184,Healthy,97.35,0
4,6,0.0023,0.0005,100.0,518.67,642.46,1588.76,1407.78,14.62,21.61,553.12,2388.04,9048.78,1.3,47.18,521.9,2388.09,8136.69,8.4313,0.03,392,2388,100.0,38.94,23.3491,189,183,Healthy,96.83,0
4,7,-0.002,0.0002,100.0,518.67,642.26,1586.91,1404.44,14.62,21.61,554.42,2388.06,9053.53,1.3,47.45,521.96,2388.08,8130.68,8.4372,0.03,393,2388,100.0,38.87,23.4134,189,182,Healthy,96.3,0
4,8,0.0014,-0.0004,100.0,518.67,641.97,1584.18,1406.22,14.62,21.61,553.93,2388.05,9048.79,1.3,47.24,521.77,2388.06,8134.3,8.4169,0.03,393,2388,100.0,38.91,23.4044,189,181,Healthy,95.77,0
4,9,0.0059,0.0005,100.0,518.67,642.59,1584.78,1403.51,14.62,21.61,553.78,2388.06,9051.3,1.3,47.43,522.23,2388.0,8132.18,8.388,0.03,393,2388,100.0,38.88,23.3179,189,180,Healthy,95.24,0
4,10,0.0006,-0.0003,100.0,518.67,642.78,1586.0,1400.12,14.62,21.61,553.54,2388.06,9050.49,1.3,47.5,521.54,2388.09,8131.5,8.4233,0.03,392,2388,100.0,38.94,23.3154,189,179,Healthy,94.71,0
4,11,0.0034,0.0003,100.0,518.67,642.21,1588.75,1395.79,14.62,21.61,553.58,2388.07,9049.29,1.3,47.31,522.35,2388.06,8130.08,8.4134,0.03,394,2388,100.0,39.21,23.4153,189,178,Healthy,94.18,0
4,12,0.0014,-0.0001,100.0,518.67,642.63,1584.33,1403.67,14.62,21.61,554.39,2388.09,9053.08,1.3,47.35,521.77,2388.05,8129.83,8.4208,0.03,394,2388,100.0,38.93,23.2962,189,177,Healthy,93.65,0
4,13,-0.0018,0.0005,100.0,518.67,642.24,1587.74,1395.23,14.62,21.61,553.5,2388.06,9053.94,1.3,47.29,521.78,2388.06,8127.22,8.433,0.03,392,2388,100.0,38.87,23.3162,189,176,Healthy,93.12,0
4,14,-0.0019,0.0005,100.0,518.67,642.62,1583.38,1407.62,14.62,21.61,553.65,2388.05,9045.65,1.3,47.49,521.91,2388.07,8134.1,8.4236,0.03,393,2388,100.0,38.92,23.4073,189,175,Healthy,92.59,0
4,15,-0.0021,-0.0001,100.0,518.67,642.47,1592.08,1401.13,14.62,21.61,554.7,2388.03,9050.65,1.3,47.35,521.98,2388.05,8132.16,8.4369,0.03,392,2388,100.0,38.91,23.3439,189,174,Healthy,92.06,0
4,16,0.0014,-0.0001,100.0,518.67,642.17,1585.39,1409.84,14.62,21.61,554.72,2388.09,9049.49,1.3,47.3,521.66,2388.08,8125.32,8.4203,0.03,393,2388,100.0,39.04,23.313,189,173,Healthy,91.53,0
4,17,0.0014,0.0004,100.0,518.67,642.06,1587.82,1406.43,14.62,21.61,553.57,2388.1,9050.63,1.3,47.39,522.35,2388.06,8129.65,8.4309,0.03,392,2388,100.0,38.95,23.2397,189,172,Healthy,91.01,0
4,18,0.0002,-0.0002,100.0,518.67,642.36,1589.62,1403.75,14.62,21.61,554.23,2388.08,9047.81,1.3,47.52,521.96,2388.09,8132.26,8.4229,0.03,393,2388,100.0,39.01,23.2961,189,171,Healthy,90.48,0
4,19,-0.0029,0.0005,100.0,518.67,643.02,1589.9,1406.34,14.62,21.61,553.62,2388.02,9051.51,1.3,47.28,521.95,2388.08,8138.08,8.4111,0.03,392,2388,100.0,39.1,23.2799,189,170,Healthy,89.95,0
4,20,0.0022,-0.0003,100.0,518.67,642.53,1589.76,1401.19,14.62,21.61,553.97,2388.05,9047.8,1.3,47.26,521.62,2388.08,8128.24,8.3897,0.03,392,2388,100.0,38.91,23.3725,189,169,Healthy,89.42,0
4,21,-0.0029,-0.0001,100.0,518.67,642.49,1593.11,1398.49,14.62,21.61,554.01,2388.05,9056.58,1.3,47.33,521.5,2388.07,8139.62,8.4263,0.03,393,2388,100.0,38.97,23.2878,189,168,Healthy,88.89,0
4,22,0.0025,-0.0003,100.0,518.67,642.68,1594.65,1405.05,14.62,21.61,554.28,2388.09,9047.38,1.3,47.7,521.78,2388.05,8131.9,8.3904,0.03,391,2388,100.0,39.17,23.2002,189,167,Healthy,88.36,0
4,23,0.0022,0.0,100.0,518.67,642.41,1592.74,1401.8,14.62,21.61,554.49,2388.14,9049.85,1.3,47.44,521.97,2388.03,8134.54,8.4255,0.03,395,2388,100.0,39.12,23.3787,189,166,Healthy,87.83,0
4,24,0.0022,-0.0002,100.0,518.67,642.51,1589.01,1400.24,14.62,21.61,553.74,2388.08,9056.76,1.3,47.46,522.11,2388.09,8127.73,8.4394,0.03,390,2388,100.0,38.69,23.2943,189,165,Healthy,87.3,0
4,25,0.0011,-0.0004,100.0,518.67,642.05,1592.65,1399.14,14.62,21.61,554.33,2388.04,9052.67,1.3,47.52,521.87,2388.13,8129.9,8.3954,0.03,391,2388,100.0,38.81,23.3862,189,164,Healthy,86.77,0
4,26,0.0031,0.0001,100.0,518.67,642.35,1589.28,1399.54,14.62,21.61,553.62,2388.07,9049.02,1.3,47.21,521.71,2388.08,8138.85,8.4235,0.03,393,2388,100.0,38.95,23.338,189,163,Healthy,86.24,0
4,27,0.0022,0.0001,100.0,518.67,642.08,1582.09,1402.27,14.62,21.61,553.71,2388.05,9056.66,1.3,47.37,522.37,2388.1,8135.0,8.4328,0.03,392,2388,100.0,38.85,23.3876,189,162,Healthy,85.71,0
4,28,-0.0002,0.0001,100.0,518.67,642.59,1583.69,1400.85,14.62,21.61,553.79,2388.09,9049.03,1.3,47.61,521.72,2388.11,8131.59,8.4004,0.03,390,2388,100.0,38.84,23.2796,189,161,Healthy,85.19,0
4,29,-0.0002,0.0,100.0,518.67,642.34,1585.53,1401.61,14.62,21.61,554.14,2388.07,9049.24,1.3,47.42,521.56,2388.08,8131.82,8.418,0.03,393,2388,100.0,38.91,23.3161,189,160,Healthy,84.66,0
4,30,-0.0011,-0.0002,100.0,518.67,642.7,1584.4,1403.21,14.62,21.61,554.09,2388.1,9055.69,1.3,47.57,521.68,2388.08,8131.94,8.4294,0.03,391,2388,100.0,38.79,23.357,189,159,Healthy,84.13,0
4,31,-0.001,0.0001,100.0,518.67,642.42,1580.87,1400.49,14.62,21.61,554.05,2388.05,9051.85,1.3,47.4,521.84,2388.12,8129.66,8.4268,0.03,392,2388,100.0,38.96,23.3364,189,158,Healthy,83.6,0
4,32,-0.0012,0.0004,100.0,518.67,642.1,1589.33,1406.42,14.62,21.61,553.8,2388.08,9047.22,1.3,47.3,521.76,2388.1,8133.15,8.4672,0.03,392,2388,100.0,38.85,23.4112,189,157,Healthy,83.07,0
4,33,-0.0002,-0.0004,100.0,518.67,642.79,1590.98,1405.72,14.62,21.61,554.62,2388.11,9052.54,1.3,47.34,521.7,2388.02,8136.37,8.4295,0.03,393,2388,100.0,38.86,23.349,189,156,Healthy,82.54,0
4,34,0.0006,-0.0002,100.0,518.67,642.29,1587.97,1396.73,14.62,21.61,553.61,2388.06,9051.75,1.3,47.5,521.65,2388.06,8130.49,8.4369,0.03,392,2388,100.0,38.88,23.2764,189,155,Healthy,82.01,0
4,35,0.0003,-0.0002,100.0,518.67,642.42,1587.89,1398.89,14.62,21.61,553.72,2388.05,9054.05,1.3,47.38,521.49,2388.09,8135.26,8.4134,0.03,393,2388,100.0,38.94,23.3307,189,154,Healthy,81.48,0
4,36,-0.0004,0.0,100.0,518.67,642.08,1589.48,1406.77,14.62,21.61,552.71,2388.13,9050.82,1.3,47.32,522.12,2388.08,8132.53,8.4194,0.03,393,2388,100.0,38.87,23.3539,189,153,Healthy,80.95,0
4,37,0.0011,0.0001,100.0,518.67,642.62,1582.75,1411.83,14.62,21.61,553.92,2388.06,9050.21,1.3,47.28,521.23,2388.07,8133.01,8.4065,0.03,391,2388,100.0,38.85,23.4505,189,152,Healthy,80.42,0
4,38,-0.0015,-0.0004,100.0,518.67,642.69,1591.19,1400.63,14.62,21.61,553.4,2388.08,9051.77,1.3,47.36,521.87,2388.05,8131.17,8.4118,0.03,393,2388,100.0,39.07,23.4142,189,151,Healthy,79.89,0
4,39,-0.0002,-0.0003,100.0,518.67,642.14,1581.05,1406.06,14.62,21.61,553.06,2388.08,9057.41,1.3,47.56,521.81,2388.09,8133.67,8.4111,0.03,393,2388,100.0,38.76,23.3571,189,150,Healthy,79.37,0
4,40,0.0026,0.0003,100.0,518.67,642.77,1596.22,1407.38,14.62,21.61,553.77,2388.04,9053.55,1.3,47.38,522.2,2388.09,8134.81,8.3846,0.03,391,2388,100.0,38.79,23.3047,189,149,Healthy,78.84,0
4,41,0.0029,-0.0001,100.0,518.67,642.44,1588.31,1403.4,14.62,21.61,553.44,2388.02,9057.66,1.3,47.27,521.95,2388.05,8132.78,8.3683,0.03,393,2388,100.0,39.11,23.3804,189,148,Healthy,78.31,0
4,42,-0.0003,-0.0003,100.0,518.67,642.62,1587.0,1401.08,14.62,21.61,553.94,2388.05,9046.9,1.3,47.42,521.83,2388.06,8137.1,8.4684,0.03,390,2388,100.0,39.04,23.5074,189,147,Healthy,77.78,0
4,43,-0.0029,-0.0002,100.0,518.67,642.12,1589.99,1407.47,14.62,21.61,553.71,2388.09,9056.77,1.3,47.47,521.67,2388.09,8132.67,8.4196,0.03,393,2388,100.0,38.89,23.4416,189,146,Healthy,77.25,0
4,44,-0.0003,0.0005,100.0,518.67,641.81,1585.87,1403.08,14.62,21.61,553.47,2388.13,9054.81,1.3,47.29,522.07,2388.1,8131.23,8.4386,0.03,391,2388,100.0,39.03,23.4158,189,145,Healthy,76.72,0
4,45,-0.0023,0.0001,100.0,518.67,642.58,1587.46,1403.12,14.62,21.61,553.89,2388.08,9050.89,1.3,47.3,521.96,2388.08,8133.1,8.4115,0.03,392,2388,100.0,38.98,23.3737,189,144,Healthy,76.19,0
4,46,-0.0007,-0.0003,100.0,518.67,642.99,1584.18,1415.57,14.62,21.6,553.59,2388.03,9052.66,1.3,47.54,521.66,2388.06,8135.14,8.4334,0.03,393,2388,100.0,38.7,23.3137,189,143,Healthy,75.66,0
4,47,-0.0035,-0.0003,100.0,518.67,642.15,1591.57,1409.99,14.62,21.61,553.8,2388.02,9057.44,1.3,47.51,521.69,2388.08,8132.89,8.4093,0.03,393,2388,100.0,38.74,23.2122,189,142,Healthy,75.13,0
4,48,0.0028,-0.0004,100.0,518.67,642.33,1586.8,1405.17,14.62,21.61,554.54,2388.08,9056.15,1.3,47.46,522.02,2388.08,8131.02,8.3869,0.03,392,2388,100.0,38.97,23.3181,189,141,Healthy,74.6,0
4,49,-0.0006,-0.0002,100.0,518.67,642.82,1590.52,1408.42,14.62,21.61,553.87,2388.09,9050.03,1.3,47.52,521.75,2388.11,8130.35,8.3928,0.03,392,2388,100.0,38.98,23.3336,189,140,Healthy,74.07,0
4,50,0.004,-0.0002,100.0,518.67,642.05,1586.99,1403.54,14.62,21.61,552.53,2388.12,9058.09,1.3,47.35,521.85,2388.1,8137.83,8.4348,0.03,391,2388,100.0,38.93,23.2186,189,139,Healthy,73.54,0
5,1,0.0031,0.0002,100.0,518.67,641.77,1583.59,1395.26,14.62,21.61,554.39,2387.98,9066.49,1.3,47.19,522.34,2388.0,8152.22,8.4102,0.03,393,2388,100.0,38.98,23.4468,269,268,Healthy,99.63,0
5,2,0.0002,0.0003,100.0,518.67,642.42,1589.69,1394.88,14.62,21.61,555.57,2388.01,9063.03,1.3,47.09,522.6,2387.99,8153.04,8.4053,0.03,392,2388,100.0,39.12,23.4075,269,267,Healthy,99.26,0
5,3,0.0002,-0.0005,100.0,518.67,642.07,1582.45,1396.29,14.62,21.61,554.49,2388.01,9068.21,1.3,47.11,522.85,2388.02,8148.42,8.399,0.03,393,2388,100.0,39.18,23.3298,269,266,Healthy,98.88,0
5,4,0.0017,-0.0004,100.0,518.67,642.08,1586.84,1397.94,14.62,21.61,555.16,2387.96,9070.56,1.3,47.29,522.11,2387.99,8148.81,8.3876,0.03,390,2388,100.0,39.22,23.4306,269,265,Healthy,98.51,0
5,5,-0.0007,0.0001,100.0,518.67,642.03,1581.45,1394.28,14.62,21.61,554.59,2387.98,9069.25,1.3,47.09,522.6,2387.95,8147.69,8.4129,0.03,390,2388,100.0,39.17,23.3331,269,264,Healthy,98.14,0
5,6,0.0018,0.0002,100.0,518.67,642.32,1586.1,1390.56,14.62,21.61,554.53,2388.03,9062.14,1.3,47.16,522.87,2388.02,8148.03,8.4204,0.03,393,2388,100.0,39.0,23.3878,269,263,Healthy,97.77,0
5,7,0.0019,0.0001,100.0,518.67,642.78,1585.21,1399.1,14.62,21.6,554.85,2387.92,9069.18,1.3,47.14,522.52,2388.0,8151.1,8.3913,0.03,393,2388,100.0,39.2,23.382,269,262,Healthy,97.4,0
5,8,-0.0016,-0.0002,100.0,518.67,642.49,1585.88,1393.41,14.62,21.61,554.33,2387.98,9073.13,1.3,47.03,522.41,2387.98,8145.43,8.4054,0.03,391,2388,100.0,39.11,23.4495,269,261,Healthy,97.03,0
5,9,0.0029,0.0002,100.0,518.67,641.69,1581.46,1394.2,14.62,21.61,554.67,2388.0,9062.62,1.3,47.34,522.58,2388.03,8148.79,8.3796,0.03,392,2388,100.0,39.12,23.3762,269,260,Healthy,96.65,0
5,10,0.0001,0.0003,100.0,518.67,642.18,1583.92,1390.3,14.62,21.6,554.84,2388.02,9071.57,1.3,47.32,522.67,2388.01,8146.61,8.4089,0.03,390,2388,100.0,39.06,23.4213,269,259,Healthy,96.28,0
5,11,-0.0026,-0.0003,100.0,518.67,641.9,1585.25,1393.09,14.62,21.61,554.2,2387.96,9064.45,1.3,47.3,522.0,2388.01,8146.73,8.4091,0.03,391,2388,100.0,39.12,23.4847,269,258,Healthy,95.91,0
5,12,-0.0009,-0.0001,100.0,518.67,641.97,1583.89,1394.07,14.62,21.6,554.27,2388.02,9070.86,1.3,47.12,522.96,2388.01,8147.24,8.4233,0.03,391,2388,100.0,38.87,23.3806,269,257,Healthy,95.54,0
5,13,-0.0051,-0.0005,100.0,518.67,641.9,1579.55,1402.31,14.62,21.61,554.75,2388.03,9056.42,1.3,47.11,522.42,2387.94,8149.69,8.386,0.03,392,2388,100.0,38.96,23.4476,269,256,Healthy,95.17,0
5,14,-0.0,0.0004,100.0,518.67,641.93,1578.03,1396.28,14.62,21.61,554.52,2387.97,9062.88,1.3,47.26,522.19,2388.03,8153.4,8.4214,0.03,393,2388,100.0,39.07,23.3733,269,255,Healthy,94.8,0
5,15,0.0011,-0.0001,100.0,518.67,641.88,1589.42,1394.11,14.62,21.61,554.45,2388.07,9066.3,1.3,47.09,522.74,2388.03,8144.15,8.4073,0.03,391,2388,100.0,38.96,23.4795,269,254,Healthy,94.42,0
5,16,-0.0037,0.0004,100.0,518.67,641.56,1578.43,1390.29,14.62,21.61,555.11,2388.0,9065.46,1.3,47.08,522.24,2388.02,8144.59,8.4266,0.03,391,2388,100.0,39.12,23.4884,269,253,Healthy,94.05,0
5,17,-0.0008,-0.0001,100.0,518.67,642.0,1581.87,1400.59,14.62,21.61,554.31,2387.98,9066.79,1.3,47.11,522.89,2388.02,8153.44,8.4072,0.03,391,2388,100.0,39.04,23.4556,269,252,Healthy,93.68,0
5,18,-0.0027,0.0001,100.0,518.67,642.05,1584.71,1391.09,14.62,21.61,554.25,2388.07,9066.52,1.3,46.98,522.64,2387.97,8143.8,8.4151,0.03,392,2388,100.0,39.02,23.461,269,251,Healthy,93.31,0
5,19,-0.0009,-0.0002,100.0,518.67,642.36,1588.06,1397.43,14.62,21.61,554.38,2387.95,9071.5,1.3,46.98,522.65,2387.99,8151.75,8.3674,0.03,392,2388,100.0,38.97,23.3752,269,250,Healthy,92.94,0
5,20,0.0019,0.0002,100.0,518.67,642.27,1582.85,1393.07,14.62,21.61,554.69,2387.98,9060.46,1.3,47.13,522.0,2387.99,8147.39,8.3831,0.03,391,2388,100.0,38.86,23.3702,269,249,Healthy,92.57,0
5,21,-0.0017,-0.0003,100.0,518.67,642.05,1581.71,1397.41,14.62,21.6,554.37,2387.99,9061.69,1.3,47.23,522.4,2388.01,8150.0,8.4071,0.03,391,2388,100.0,38.94,23.3812,269,248,Healthy,92.19,0
5,22,0.0014,-0.0002,100.0,518.67,642.38,1581.33,1399.59,14.62,21.61,554.31,2387.99,9071.71,1.3,47.16,522.75,2388.01,8148.04,8.3886,0.03,392,2388,100.0,39.05,23.4457,269,247,Healthy,91.82,0
5,23,0.0052,-0.0001,100.0,518.67,641.57,1582.59,1399.12,14.62,21.6,554.48,2387.97,9067.58,1.3,47.18,522.7,2388.03,8155.34,8.3548,0.03,391,2388,100.0,39.05,23.3328,269,246,Healthy,91.45,0
5,24,0.0002,0.0002,100.0,518.67,642.13,1592.43,1400.89,14.62,21.61,554.1,2388.01,9066.39,1.3,47.25,522.21,2387.96,8156.04,8.4095,0.03,391,2388,100.0,39.14,23.4933,269,245,Healthy,91.08,0
5,25,0.0026,-0.0005,100.0,518.67,642.05,1582.82,1397.33,14.62,21.61,554.78,2387.98,9067.26,1.3,47.19,522.81,2387.97,8144.37,8.4151,0.03,392,2388,100.0,39.19,23.4193,269,244,Healthy,90.71,0
5,26,0.0012,0.0,100.0,518.67,641.61,1578.77,1398.19,14.62,21.61,554.93,2388.03,9065.14,1.3,47.17,522.41,2387.99,8146.04,8.3536,0.03,393,2388,100.0,39.05,23.5227,269,243,Healthy,90.33,0
5,27,-0.0001,-0.0002,100.0,518.67,642.22,1582.69,1394.22,14.62,21.6,554.27,2388.01,9070.7,1.3,47.01,522.5,2387.98,8153.92,8.4066,0.03,390,2388,100.0,38.97,23.3803,269,242,Healthy,89.96,0
5,28,-0.0015,-0.0005,100.0,518.67,641.97,1575.77,1402.43,14.62,21.61,554.6,2388.05,9069.66,1.3,47.3,522.4,2387.95,8148.49,8.3934,0.03,392,2388,100.0,39.04,23.3974,269,241,Healthy,89.59,0
5,29,0.0037,-0.0005,100.0,518.67,642.48,1576.5,1392.82,14.62,21.61,554.63,2387.97,9068.63,1.3,46.97,522.78,2387.99,8147.67,8.3735,0.03,390,2388,100.0,39.01,23.41,269,240,Healthy,89.22,0
5,30,0.0007,-0.0004,100.0,518.67,642.66,1574.8,1397.69,14.62,21.6,555.05,2387.96,9059.85,1.3,47.24,522.87,2388.02,8150.15,8.4038,0.03,392,2388,100.0,38.81,23.4437,269,239,Healthy,88.85,0
5,31,-0.0014,-0.0003,100.0,518.67,642.06,1585.84,1402.33,14.62,21.61,554.3,2387.97,9064.3,1.3,47.08,522.24,2387.99,8146.32,8.3824,0.03,391,2388,100.0,39.12,23.5503,269,238,Healthy,88.48,0
5,32,0.0043,-0.0001,100.0,518.67,642.41,1582.76,1397.12,14.62,21.61,554.32,2387.98,9059.42,1.3,47.39,522.4,2387.94,8146.33,8.3851,0.03,390,2388,100.0,39.01,23.4547,269,237,Healthy,88.1,0
5,33,0.0017,-0.0002,100.0,518.67,641.76,1591.02,1402.42,14.62,21.61,554.4,2388.03,9074.12,1.3,47.13,522.07,2387.98,8149.73,8.3967,0.03,392,2388,100.0,39.0,23.433,269,236,Healthy,87.73,0
5,34,0.0017,-0.0,100.0,518.67,641.68,1581.62,1392.22,14.62,21.6,554.29,2387.96,9070.3,1.3,47.21,522.15,2388.03,8151.21,8.395,0.03,392,2388,100.0,38.93,23.3981,269,235,Healthy,87.36,0
5,35,0.0039,0.0001,100.0,518.67,642.16,1580.02,1395.31,14.62,21.61,553.66,2387.98,9070.45,1.3,47.14,522.45,2388.02,8143.52,8.4074,0.03,391,2388,100.0,39.18,23.4449,269,234,Healthy,86.99,0
5,36,-0.0032,0.0001,100.0,518.67,641.3,1586.91,1394.4,14.62,21.61,554.14,2387.98,9067.67,1.3,47.09,521.96,2387.96,8150.11,8.4091,0.03,391,2388,100.0,38.97,23.4607,269,233,Healthy,86.62,0
5,37,-0.0011,0.0001,100.0,518.67,642.04,1585.52,1394.71,14.62,21.61,554.97,2387.96,9068.05,1.3,47.06,522.39,2388.06,8154.54,8.397,0.03,392,2388,100.0,39.0,23.4577,269,232,Healthy,86.25,0
5,38,0.002,-0.0002,100.0,518.67,642.38,1584.21,1396.82,14.62,21.61,554.48,2388.02,9068.83,1.3,47.22,522.25,2387.99,8148.21,8.3893,0.03,392,2388,100.0,39.09,23.458,269,231,Healthy,85.87,0
5,39,-0.0,-0.0002,100.0,518.67,641.82,1578.77,1396.39,14.62,21.61,555.04,2388.0,9066.55,1.3,47.2,522.43,2387.98,8148.35,8.4239,0.03,391,2388,100.0,39.03,23.5068,269,230,Healthy,85.5,0
5,40,0.0001,-0.0002,100.0,518.67,642.76,1583.56,1402.27,14.62,21.61,554.38,2387.97,9066.78,1.3,47.25,522.25,2387.97,8151.02,8.4272,0.03,390,2388,100.0,38.97,23.3585,269,229,Healthy,85.13,0
5,41,0.0011,-0.0001,100.0,518.67,642.82,1585.13,1399.13,14.62,21.6,554.75,2388.0,9073.97,1.3,47.22,522.21,2388.0,8149.98,8.398,0.03,392,2388,100.0,38.93,23.4126,269,228,Healthy,84.76,0
5,42,0.0001,-0.0002,100.0,518.67,641.92,1589.59,1394.97,14.62,21.61,554.13,2387.96,9070.52,1.3,47.37,522.62,2387.97,8154.04,8.3654,0.03,392,2388,100.0,38.87,23.4851,269,227,Healthy,84.39,0
5,43,-0.0015,-0.0004,100.0,518.67,641.78,1587.27,1394.26,14.62,21.61,554.64,2387.97,9071.84,1.3,47.01,522.37,2388.0,8155.95,8.3975,0.03,392,2388,100.0,39.06,23.442,269,226,Healthy,84.01,0
5,44,-0.0011,-0.0001,100.0,518.67,641.77,1583.83,1395.7,14.62,21.61,555.48,2387.99,9067.4,1.3,47.32,522.68,2387.99,8148.03,8.4219,0.03,391,2388,100.0,39.06,23.3576,269,225,Healthy,83.64,0
5,45,0.0028,0.0004,100.0,518.67,642.32,1584.3,1399.71,14.62,21.61,554.7,2387.97,9064.28,1.3,47.0,522.54,2387.97,8146.26,8.3735,0.03,393,2388,100.0,39.2,23.3398,269,224,Healthy,83.27,0
5,46,-0.0023,-0.0003,100.0,518.67,642.24,1586.87,1400.55,14.62,21.61,554.49,2388.02,9065.41,1.3,47.27,521.62,2387.94,8147.77,8.4055,0.03,392,2388,100.0,38.89,23.3304,269,223,Healthy,82.9,0
5,47,0.0002,-0.0002,100.0,518.67,641.95,1579.17,1397.44,14.62,21.6,554.74,2388.0,9068.21,1.3,47.05,522.57,2388.0,8147.3,8.4182,0.03,391,2388,100.0,39.06,23.4378,269,222,Healthy,82.53,0
5,48,0.0037,0.0,100.0,518.67,641.38,1576.29,1395.62,14.62,21.61,554.93,2387.98,9072.03,1.3,47.24,522.65,2388.04,8146.91,8.3869,0.03,392,2388,100.0,38.89,23.4698,269,221,Healthy,82.16,0
5,49,0.0004,-0.0004,100.0,518.67,642.11,1583.18,1394.48,14.62,21.61,554.64,2388.03,9069.21,1.3,47.07,522.5,2387.94,8153.73,8.398,0.03,392,2388,100.0,38.99,23.311,269,220,Healthy,81.78,0
5,50,-0.0011,-0.0001,100.0,518.67,642.2,1586.48,1403.06,14.62,21.61,554.98,2387.97,9067.24,1.3,47.37,522.56,2388.03,8148.17,8.4228,0.03,390,2388,100.0,39.13,23.3994,269,219,Healthy,81.41,0
6,1,-0.0019,0.0003,100.0,518.67,642.73,1584.4,1412.34,14.62,21.61,552.99,2388.12,9037.26,1.3,47.56,521.69,2388.12,8116.86,8.4286,0.03,394,2388,100.0,38.94,23.3086,188,187,Healthy,99.47,0
6,2,0.0021,-0.0004,100.0,518.67,642.07,1590.38,1401.1,14.62,21.61,553.02,2388.09,9045.95,1.3,47.65,521.03,2388.07,8126.01,8.4343,0.03,393,2388,100.0,38.89,23.2645,188,186,Healthy,98.94,0
6,3,-0.0031,0.0001,100.0,518.67,642.57,1588.18,1405.86,14.62,21.61,552.76,2388.13,9044.75,1.3,47.49,521.68,2388.11,8125.49,8.4072,0.03,392,2388,100.0,38.79,23.2163,188,185,Healthy,98.4,0
6,4,0.0006,0.0,100.0,518.67,641.97,1589.4,1401.21,14.62,21.61,553.1,2388.1,9036.97,1.3,47.38,521.84,2388.14,8117.06,8.4012,0.03,394,2388,100.0,38.83,23.3215,188,184,Healthy,97.87,0
6,5,0.0029,-0.0005,100.0,518.67,642.62,1595.13,1409.67,14.62,21.61,553.27,2388.15,9040.85,1.3,47.49,521.37,2388.18,8124.1,8.4583,0.03,394,2388,100.0,38.87,23.324,188,183,Healthy,97.34,0
6,6,0.0038,0.0002,100.0,518.67,642.33,1589.59,1408.46,14.62,21.61,553.91,2388.15,9039.36,1.3,47.49,521.29,2388.15,8121.04,8.4994,0.03,393,2388,100.0,38.88,23.2869,188,182,Healthy,96.81,0
6,7,-0.0003,0.0005,100.0,518.67,642.44,1586.65,1403.63,14.62,21.61,553.28,2388.11,9049.25,1.3,47.49,521.38,2388.08,8121.85,8.4163,0.03,395,2388,100.0,38.85,23.2894,188,181,Healthy,96.28,0
6,8,0.0004,-0.0003,100.0,518.67,642.33,1586.78,1404.99,14.62,21.61,553.89,2388.16,9041.47,1.3,47.69,521.71,2388.17,8123.6,8.4739,0.03,393,2388,100.0,38.93,23.287,188,180,Healthy,95.74,0
6,9,0.0012,-0.0004,100.0,518.67,643.36,1585.15,1407.48,14.62,21.61,553.54,2388.15,9040.9,1.3,47.6,522.21,2388.1,8126.08,8.4614,0.03,393,2388,100.0,38.73,23.3138,188,179,Healthy,95.21,0
6,10,0.0,-0.0003,100.0,518.67,642.81,1587.89,1414.99,14.62,21.61,553.28,2388.15,9034.79,1.3,47.45,521.08,2388.14,8122.22,8.4129,0.03,391,2388,100.0,38.75,23.2454,188,178,Healthy,94.68,0
6,11,0.0039,-0.0005,100.0,518.67,642.5,1586.81,1401.78,14.62,21.61,552.84,2388.19,9046.12,1.3,47.67,521.55,2388.15,8123.31,8.4694,0.03,394,2388,100.0,38.98,23.3941,188,177,Healthy,94.15,0
6,12,-0.0033,-0.0,100.0,518.67,642.28,1594.5,1404.65,14.62,21.61,552.36,2388.13,9040.82,1.3,47.4,521.25,2388.07,8122.73,8.4313,0.03,394,2388,100.0,38.86,23.3945,188,176,Healthy,93.62,0
6,13,0.002,0.0002,100.0,518.67,642.37,1589.99,1409.91,14.62,21.61,553.67,2388.12,9044.29,1.3,47.6,520.78,2388.11,8122.02,8.4537,0.03,394,2388,100.0,38.93,23.3845,188,175,Healthy,93.09,0
6,14,-0.0035,0.0003,100.0,518.67,642.91,1592.99,1406.48,14.62,21.61,553.98,2388.15,9039.81,1.3,47.61,521.79,2388.15,8123.95,8.4495,0.03,393,2388,100.0,38.84,23.3262,188,174,Healthy,92.55,0
6,15,-0.001,-0.0004,100.0,518.67,642.55,1584.5,1410.62,14.62,21.61,553.84,2388.11,9037.5,1.3,47.59,521.53,2388.15,8117.53,8.4468,0.03,394,2388,100.0,38.64,23.3293,188,173,Healthy,92.02,0
6,16,0.0003,0.0002,100.0,518.67,643.02,1589.35,1411.03,14.62,21.61,553.15,2388.1,9045.23,1.3,47.68,521.48,2388.1,8124.29,8.4485,0.03,394,2388,100.0,38.88,23.3919,188,172,Healthy,91.49,0
6,17,0.0015,-0.0005,100.0,518.67,643.11,1588.67,1411.59,14.62,21.61,552.85,2388.08,9042.32,1.3,47.49,521.35,2388.12,8122.36,8.445,0.03,392,2388,100.0,38.87,23.2692,188,171,Healthy,90.96,0
6,18,0.003,0.0005,100.0,518.67,642.68,1587.04,1410.2,14.62,21.61,552.43,2388.1,9036.7,1.3,47.7,521.41,2388.17,8118.77,8.4504,0.03,392,2388,100.0,38.9,23.4346,188,170,Healthy,90.43,0
6,19,0.0031,-0.0,100.0,518.67,642.19,1588.21,1408.93,14.62,21.61,552.77,2388.13,9048.39,1.3,47.59,522.16,2388.08,8126.26,8.4358,0.03,394,2388,100.0,38.87,23.2571,188,169,Healthy,89.89,0
6,20,0.0002,-0.0004,100.0,518.67,642.63,1590.31,1405.84,14.62,21.61,553.16,2388.12,9045.94,1.3,47.47,521.32,2388.1,8122.53,8.4163,0.03,393,2388,100.0,38.76,23.2654,188,168,Healthy,89.36,0
6,21,0.0014,0.0005,100.0,518.67,642.41,1587.62,1411.2,14.62,21.61,553.52,2388.08,9037.73,1.3,47.51,521.03,2388.12,8120.2,8.4108,0.03,393,2388,100.0,38.94,23.2284,188,167,Healthy,88.83,0
6,22,0.0001,0.0004,100.0,518.67,642.75,1586.8,1412.36,14.62,21.61,553.78,2388.14,9038.39,1.3,47.53,521.78,2388.16,8124.21,8.4461,0.03,393,2388,100.0,38.71,23.2824,188,166,Healthy,88.3,0
6,23,-0.0035,0.0,100.0,518.67,642.65,1592.61,1405.78,14.62,21.61,552.93,2388.19,9039.07,1.3,47.49,521.47,2388.15,8122.56,8.4343,0.03,395,2388,100.0,38.71,23.2665,188,165,Healthy,87.77,0
6,24,0.0013,-0.0002,100.0,518.67,642.64,1587.84,1408.88,14.62,21.61,552.66,2388.1,9042.18,1.3,47.54,521.47,2388.14,8119.7,8.4512,0.03,394,2388,100.0,38.77,23.2691,188,164,Healthy,87.23,0
6,25,-0.0025,-0.0005,100.0,518.67,642.6,1588.2,1404.17,14.62,21.61,553.01,2388.12,9041.67,1.3,47.37,521.51,2388.16,8119.54,8.4449,0.03,393,2388,100.0,38.81,23.2809,188,163,Healthy,86.7,0
6,26,0.0023,0.0003,100.0,518.67,643.19,1591.45,1409.38,14.62,21.61,553.53,2388.13,9045.49,1.3,47.59,521.75,2388.14,8121.5,8.4876,0.03,392,2388,100.0,38.76,23.3463,188,162,Healthy,86.17,0
6,27,-0.002,0.0002,100.0,518.67,642.91,1587.33,1408.41,14.62,21.61,553.68,2388.13,9043.31,1.3,47.56,521.33,2388.14,8126.84,8.4485,0.03,392,2388,100.0,38.83,23.4141,188,161,Healthy,85.64,0
6,28,0.0024,0.0003,100.0,518.67,642.68,1590.93,1407.17,14.62,21.61,553.42,2388.13,9040.91,1.3,47.58,521.25,2388.13,8122.7,8.4252,0.03,394,2388,100.0,38.83,23.27,188,160,Healthy,85.11,0
6,29,0.0036,-0.0003,100.0,518.67,642.02,1587.92,1411.63,14.62,21.61,552.83,2388.18,9045.71,1.3,47.36,521.17,2388.1,8120.58,8.414,0.03,393,2388,100.0,38.88,23.1688,188,159,Healthy,84.57,0
6,30,-0.0012,-0.0001,100.0,518.67,642.1,1583.0,1409.32,14.62,21.61,553.29,2388.1,9040.37,1.3,47.46,521.46,2388.15,8115.3,8.4518,0.03,393,2388,100.0,38.97,23.388,188,158,Healthy,84.04,0
6,31,-0.0013,-0.0002,100.0,518.67,642.36,1591.59,1402.06,14.62,21.61,553.17,2388.11,9044.26,1.3,47.48,521.13,2388.11,8123.97,8.4004,0.03,393,2388,100.0,38.79,23.3245,188,157,Healthy,83.51,0
6,32,-0.0002,-0.0005,100.0,518.67,643.03,1588.4,1407.94,14.62,21.61,553.34,2388.13,9039.21,1.3,47.53,521.57,2388.15,8125.27,8.4248,0.03,394,2388,100.0,38.75,23.4517,188,156,Healthy,82.98,0
6,33,0.0027,-0.0003,100.0,518.67,642.59,1590.24,1400.61,14.62,21.61,553.47,2388.14,9037.23,1.3,47.51,521.73,2388.19,8122.74,8.4597,0.03,393,2388,100.0,38.66,23.3406,188,155,Healthy,82.45,0
6,34,-0.001,0.0005,100.0,518.67,642.41,1593.18,1412.46,14.62,21.61,553.22,2388.14,9039.33,1.3,47.53,520.92,2388.11,8121.72,8.3972,0.03,395,2388,100.0,38.97,23.2439,188,154,Healthy,81.91,0
6,35,-0.0021,0.0002,100.0,518.67,642.81,1581.62,1406.36,14.62,21.61,553.45,2388.15,9037.87,1.3,47.44,521.76,2388.19,8122.51,8.4314,0.03,393,2388,100.0,38.98,23.2475,188,153,Healthy,81.38,0
6,36,-0.0032,0.0003,100.0,518.67,642.88,1587.89,1410.89,14.62,21.61,553.71,2388.14,9038.05,1.3,47.55,520.89,2388.17,8119.95,8.4222,0.03,394,2388,100.0,38.82,23.2876,188,152,Healthy,80.85,0
6,37,-0.001,0.0002,100.0,518.67,642.47,1591.16,1409.57,14.62,21.61,553.08,2388.13,9048.27,1.3,47.57,521.27,2388.14,8116.95,8.4108,0.03,394,2388,100.0,38.9,23.3248,188,151,Healthy,80.32,0
6,38,0.0013,-0.0001,100.0,518.67,642.47,1586.16,1407.91,14.62,21.61,553.28,2388.1,9051.18,1.3,47.55,521.36,2388.12,8120.98,8.439,0.03,394,2388,100.0,38.76,23.3234,188,150,Healthy,79.79,0
6,39,-0.0035,-0.0003,100.0,518.67,642.68,1588.69,1410.96,14.62,21.61,553.47,2388.13,9044.21,1.3,47.5,521.12,2388.15,8122.82,8.4124,0.03,392,2388,100.0,39.1,23.2799,188,149,Healthy,79.26,0
6,40,0.0016,-0.0,100.0,518.67,642.67,1584.77,1414.82,14.62,21.61,553.58,2388.11,9040.44,1.3,47.4,521.46,2388.14,8121.14,8.4366,0.03,394,2388,100.0,38.78,23.3596,188,148,Healthy,78.72,0
6,41,0.0032,0.0001,100.0,518.67,643.18,1586.37,1409.15,14.62,21.61,552.81,2388.18,9046.52,1.3,47.43,520.88,2388.22,8122.0,8.4154,0.03,392,2388,100.0,38.76,23.2997,188,147,Healthy,78.19,0
6,42,-0.001,0.0003,100.0,518.67,641.82,1583.49,1409.75,14.62,21.61,553.23,2388.1,9039.62,1.3,47.51,521.5,2388.13,8118.08,8.4311,0.03,394,2388,100.0,38.8,23.24,188,146,Healthy,77.66,0
6,43,0.004,0.0004,100.0,518.67,642.98,1587.55,1403.0,14.62,21.61,552.65,2388.16,9039.51,1.3,47.55,520.8,2388.07,8119.96,8.4261,0.03,393,2388,100.0,38.85,23.3042,188,145,Healthy,77.13,0
6,44,0.0022,0.0005,100.0,518.67,642.42,1594.67,1406.01,14.62,21.61,553.21,2388.15,9043.7,1.3,47.62,521.45,2388.15,8123.94,8.4426,0.03,392,2388,100.0,38.65,23.3354,188,144,Healthy,76.6,0
6,45,-0.0008,0.0,100.0,518.67,642.41,1588.48,1409.32,14.62,21.61,553.61,2388.15,9046.21,1.3,47.54,520.93,2388.18,8123.77,8.4607,0.03,393,2388,100.0,38.79,23.2485,188,143,Healthy,76.06,0
6,46,-0.0001,0.0004,100.0,518.67,642.94,1587.34,1403.16,14.62,21.61,553.37,2388.12,9042.49,1.3,47.5,521.49,2388.15,8121.11,8.5029,0.03,394,2388,100.0,39.06,23.2163,188,142,Healthy,75.53,0
6,47,-0.0002,-0.0,100.0,518.67,642.06,1587.53,1405.63,14.62,21.61,552.47,2388.16,9041.69,1.3,47.54,521.19,2388.12,8119.87,8.4127,0.03,393,2388,100.0,38.89,23.3982,188,141,Healthy,75.0,0
6,48,0.0027,0.0004,100.0,518.67,642.64,1586.67,1405.29,14.62,21.61,552.99,2388.11,9043.89,1.3,47.54,521.21,2388.13,8124.11,8.4406,0.03,392,2388,100.0,38.87,23.3222,188,140,Healthy,74.47,0
6,49,-0.0005,0.0002,100.0,518.67,642.85,1592.36,1412.66,14.62,21.61,553.58,2388.1,9031.97,1.3,47.7,521.57,2388.18,8122.04,8.4796,0.03,394,2388,100.0,38.66,23.3686,188,139,Healthy,73.94,0
6,50,-0.0027,0.0001,100.0,518.67,642.55,1591.46,1401.18,14.62,21.61,553.22,2388.15,9046.78,1.3,47.62,521.01,2388.12,8123.57,8.4519,0.03,394,2388,100.0,38.82,23.2389,188,138,Healthy,73.4,0
7,1,-0.0005,0.0004,100.0,518.67,642.38,1589.49,1395.48,14.62,21.61,554.76,2387.97,9071.27,1.3,47.24,522.19,2387.99,8141.69,8.4081,0.03,390,2388,100.0,38.97,23.4073,259,258,Healthy,99.61,0
7,2,0.0008,-0.0003,100.0,518.67,642.57,1583.11,1395.97,14.62,21.61,553.97,2388.0,9078.21,1.3,47.0,522.3,2388.02,8148.24,8.4216,0.03,391,2388,100.0,38.85,23.5043,259,257,Healthy,99.23,0
7,3,-0.0014,-0.0002,100.0,518.67,642.25,1589.44,1397.74,14.62,21.61,554.95,2387.95,9063.37,1.3,47.18,522.36,2387.98,8148.83,8.4258,0.03,392,2388,100.0,39.07,23.4113,259,256,Healthy,98.84,0
7,4,-0.002,0.0001,100.0,518.67,642.31,1585.59,1397.85,14.62,21.61,553.3,2388.06,9068.16,1.3,47.07,522.09,2388.06,8150.3,8.4175,0.03,392,2388,100.0,39.12,23.4616,259,255,Healthy,98.46,0
7,5,0.0016,0.0,100.0,518.67,642.25,1587.23,1402.54,14.62,21.61,554.64,2388.04,9066.99,1.3,47.31,522.0,2388.01,8149.4,8.4099,0.03,391,2388,100.0,38.94,23.4781,259,254,Healthy,98.07,0
7,6,0.0011,-0.0005,100.0,518.67,642.49,1586.12,1403.1,14.62,21.61,553.89,2388.07,9067.91,1.3,47.29,521.89,2388.0,8151.48,8.406,0.03,392,2388,100.0,39.07,23.394,259,253,Healthy,97.68,0
7,7,-0.0038,0.0002,100.0,518.67,642.45,1588.36,1391.19,14.62,21.61,554.66,2387.98,9069.13,1.3,47.21,522.54,2388.0,8153.91,8.3984,0.03,392,2388,100.0,38.91,23.349,259,252,Healthy,97.3,0
7,8,-0.0007,-0.0005,100.0,518.67,642.41,1586.97,1401.42,14.62,21.61,554.05,2388.01,9064.8,1.3,47.19,522.26,2388.08,8146.34,8.402,0.03,392,2388,100.0,38.95,23.381,259,251,Healthy,96.91,0
7,9,-0.0026,0.0,100.0,518.67,642.22,1582.13,1401.77,14.62,21.61,554.31,2387.97,9069.41,1.3,47.23,521.78,2388.04,8153.01,8.3848,0.03,392,2388,100.0,38.93,23.4429,259,250,Healthy,96.53,0
7,10,0.0019,-0.0002,100.0,518.67,642.29,1588.96,1393.25,14.62,21.61,554.14,2387.96,9065.28,1.3,47.14,522.09,2388.02,8151.36,8.4222,0.03,392,2388,100.0,38.96,23.3398,259,249,Healthy,96.14,0
7,11,0.0026,-0.0002,100.0,518.67,642.74,1585.25,1393.96,14.62,21.61,554.11,2388.01,9074.91,1.3,47.39,522.12,2387.98,8144.89,8.3948,0.03,392,2388,100.0,39.14,23.3074,259,248,Healthy,95.75,0
7,12,-0.0036,-0.0004,100.0,518.67,642.08,1590.55,1397.36,14.62,21.61,554.21,2387.99,9071.72,1.3,47.28,522.13,2387.99,8149.4,8.3766,0.03,393,2388,100.0,38.92,23.3777,259,247,Healthy,95.37,0
7,13,-0.0011,0.0001,100.0,518.67,642.47,1584.88,1392.15,14.62,21.61,554.61,2387.95,9065.52,1.3,47.17,522.55,2388.01,8144.81,8.4199,0.03,391,2388,100.0,39.01,23.4383,259,246,Healthy,94.98,0
7,14,0.0009,0.0001,100.0,518.67,641.76,1579.88,1390.48,14.62,21.61,554.47,2388.05,9067.42,1.3,47.18,521.98,2388.01,8148.8,8.4196,0.03,391,2388,100.0,39.02,23.4888,259,245,Healthy,94.59,0
7,15,-0.005,0.0004,100.0,518.67,642.29,1582.42,1398.41,14.62,21.61,554.02,2388.08,9068.28,1.3,47.24,521.89,2388.0,8146.48,8.3901,0.03,393,2388,100.0,39.07,23.3772,259,244,Healthy,94.21,0
7,16,0.0024,0.0003,100.0,518.67,642.3,1588.69,1405.02,14.62,21.61,554.14,2387.97,9073.41,1.3,47.04,522.54,2388.02,8153.29,8.4122,0.03,391,2388,100.0,39.08,23.3613,259,243,Healthy,93.82,0
7,17,-0.0019,0.0001,100.0,518.67,642.08,1588.75,1397.63,14.62,21.61,554.94,2387.94,9071.39,1.3,47.34,522.02,2387.99,8151.04,8.419,0.03,390,2388,100.0,38.93,23.404,259,242,Healthy,93.44,0
7,18,-0.0036,0.0002,100.0,518.67,642.47,1583.49,1394.65,14.62,21.61,553.92,2387.98,9073.12,1.3,47.21,522.31,2388.04,8149.43,8.388,0.03,392,2388,100.0,38.87,23.4165,259,241,Healthy,93.05,0
7,19,-0.001,-0.0,100.0,518.67,642.01,1586.11,1397.51,14.62,21.61,554.2,2388.0,9065.77,1.3,47.16,522.26,2388.0,8153.83,8.4216,0.03,392,2388,100.0,39.02,23.4083,259,240,Healthy,92.66,0
7,20,-0.0028,0.0004,100.0,518.67,641.99,1585.03,1395.92,14.62,21.61,554.26,2388.02,9068.68,1.3,47.22,522.61,2388.02,8149.54,8.4111,0.03,392,2388,100.0,38.87,23.3776,259,239,Healthy,92.28,0
7,21,0.0001,-0.0002,100.0,518.67,641.77,1589.77,1404.33,14.62,21.61,554.69,2388.03,9071.68,1.3,47.23,521.78,2387.97,8148.23,8.3926,0.03,393,2388,100.0,38.79,23.3863,259,238,Healthy,91.89,0
7,22,0.0011,0.0004,100.0,518.67,641.44,1578.03,1394.58,14.62,21.61,554.63,2388.0,9071.1,1.3,47.25,522.02,2388.0,8145.29,8.3609,0.03,393,2388,100.0,39.01,23.2512,259,237,Healthy,91.51,0
7,23,-0.0057,-0.0001,100.0,518.67,641.76,1586.41,1398.09,14.62,21.61,554.38,2388.01,9067.09,1.3,47.21,522.48,2388.01,8146.64,8.4143,0.03,391,2388,100.0,39.06,23.3937,259,236,Healthy,91.12,0
7,24,0.0057,0.0002,100.0,518.67,642.44,1583.32,1398.75,14.62,21.61,553.84,2387.99,9066.23,1.3,47.3,522.65,2388.02,8151.81,8.4022,0.03,391,2388,100.0,39.03,23.4204,259,235,Healthy,90.73,0
7,25,-0.0009,-0.0004,100.0,518.67,641.79,1578.13,1397.07,14.62,21.61,554.2,2388.07,9072.66,1.3,47.26,522.27,2387.97,8149.05,8.4361,0.03,392,2388,100.0,39.05,23.3838,259,234,Healthy,90.35,0
7,26,0.0009,-0.0001,100.0,518.67,641.87,1585.88,1401.19,14.62,21.6,554.88,2388.0,9071.55,1.3,47.12,522.7,2388.01,8146.94,8.3712,0.03,393,2388,100.0,39.01,23.3981,259,233,Healthy,89.96,0
7,27,0.0005,-0.0001,100.0,518.67,642.68,1585.5,1397.39,14.62,21.61,553.65,2388.05,9069.54,1.3,47.27,522.38,2387.95,8156.32,8.4167,0.03,391,2388,100.0,38.85,23.4148,259,232,Healthy,89.58,0
7,28,-0.0006,0.0004,100.0,518.67,642.68,1586.11,1405.38,14.62,21.61,553.65,2388.02,9071.83,1.3,47.21,521.65,2388.02,8148.06,8.4114,0.03,392,2388,100.0,39.07,23.376,259,231,Healthy,89.19,0
7,29,-0.0012,-0.0001,100.0,518.67,641.9,1589.95,1396.71,14.62,21.61,555.01,2388.01,9073.64,1.3,47.13,522.52,2388.01,8151.06,8.3806,0.03,393,2388,100.0,39.08,23.4833,259,230,Healthy,88.8,0
7,30,-0.0016,-0.0004,100.0,518.67,642.18,1585.13,1396.49,14.62,21.6,554.78,2388.03,9069.39,1.3,47.19,522.06,2387.98,8147.52,8.4228,0.03,391,2388,100.0,39.01,23.4269,259,229,Healthy,88.42,0
7,31,-0.0004,0.0001,100.0,518.67,641.99,1589.16,1402.76,14.62,21.61,554.51,2387.98,9071.21,1.3,47.14,522.51,2388.01,8147.99,8.4266,0.03,393,2388,100.0,38.97,23.3568,259,228,Healthy,88.03,0
7,32,0.0018,-0.0005,100.0,518.67,642.15,1589.46,1397.4,14.62,21.61,554.74,2387.97,9075.17,1.3,47.18,522.37,2388.01,8144.37,8.3815,0.03,393,2388,100.0,38.84,23.359,259,227,Healthy,87.64,0
7,33,0.0026,-0.0003,100.0,518.67,642.19,1585.17,1399.12,14.62,21.61,554.47,2387.98,9065.57,1.3,47.28,522.75,2388.01,8149.86,8.387,0.03,392,2388,100.0,38.97,23.2902,259,226,Healthy,87.26,0
7,34,-0.0024,-0.0002,100.0,518.67,642.09,1583.36,1402.93,14.62,21.61,554.36,2388.02,9054.44,1.3,47.19,521.87,2388.02,8153.09,8.4168,0.03,392,2388,100.0,39.21,23.4113,259,225,Healthy,86.87,0
7,35,-0.0055,0.0003,100.0,518.67,642.67,1591.02,1409.12,14.62,21.61,554.6,2387.99,9065.34,1.3,47.3,522.72,2387.96,8152.36,8.4014,0.03,392,2388,100.0,39.14,23.3942,259,224,Healthy,86.49,0
7,36,0.0012,-0.0004,100.0,518.67,642.54,1581.96,1393.49,14.62,21.61,554.98,2387.96,9066.31,1.3,47.32,522.31,2388.06,8146.1,8.4154,0.03,394,2388,100.0,38.9,23.4273,259,223,Healthy,86.1,0
7,37,-0.004,-0.0001,100.0,518.67,642.4,1584.97,1400.55,14.62,21.61,554.36,2387.95,9062.36,1.3,47.12,522.42,2387.99,8147.06,8.4042,0.03,394,2388,100.0,39.12,23.4181,259,222,Healthy,85.71,0
7,38,0.004,-0.0004,100.0,518.67,642.41,1590.3,1393.57,14.62,21.61,554.52,2388.0,9068.9,1.3,47.13,522.53,2388.03,8148.72,8.4168,0.03,391,2388,100.0,38.99,23.4189,259,221,Healthy,85.33,0
7,39,0.0065,-0.0,100.0,518.67,642.39,1582.33,1403.52,14.62,21.61,554.04,2387.96,9076.57,1.3,47.35,522.05,2388.01,8150.14,8.4314,0.03,392,2388,100.0,39.15,23.3436,259,220,Healthy,84.94,0
7,40,0.0007,-0.0002,100.0,518.67,642.14,1587.0,1393.32,14.62,21.61,554.96,2387.99,9063.64,1.3,47.32,522.63,2387.95,8153.55,8.3988,0.03,390,2388,100.0,39.11,23.4054,259,219,Healthy,84.56,0
7,41,-0.0014,-0.0002,100.0,518.67,642.39,1590.4,1406.12,14.62,21.61,554.64,2387.99,9063.5,1.3,47.08,522.49,2388.05,8145.41,8.401,0.03,392,2388,100.0,39.06,23.3194,259,218,Healthy,84.17,0
7,42,0.0018,-0.0002,100.0,518.67,642.7,1580.26,1398.14,14.62,21.61,554.05,2387.98,9078.32,1.3,47.21,522.68,2388.01,8151.03,8.4047,0.03,393,2388,100.0,39.05,23.3355,259,217,Healthy,83.78,0
7,43,0.0009,0.0004,100.0,518.67,642.32,1582.93,1397.5,14.62,21.61,555.01,2388.01,9066.91,1.3,47.2,521.93,2388.0,8149.53,8.4454,0.03,391,2388,100.0,39.21,23.3467,259,216,Healthy,83.4,0
7,44,0.002,0.0001,100.0,518.67,642.64,1587.5,1398.15,14.62,21.61,554.95,2388.0,9073.91,1.3,47.31,522.52,2387.98,8148.41,8.4042,0.03,392,2388,100.0,38.87,23.4205,259,215,Healthy,83.01,0
7,45,0.0019,0.0001,100.0,518.67,642.25,1587.23,1399.97,14.62,21.61,554.07,2388.0,9071.53,1.3,47.17,522.39,2387.99,8151.49,8.3894,0.03,392,2388,100.0,39.13,23.4295,259,214,Healthy,82.63,0
7,46,-0.0037,0.0003,100.0,518.67,642.37,1586.17,1405.02,14.62,21.61,554.9,2387.98,9067.1,1.3,47.42,522.22,2387.97,8148.61,8.3882,0.03,392,2388,100.0,39.02,23.4833,259,213,Healthy,82.24,0
7,47,-0.0019,0.0003,100.0,518.67,641.94,1587.72,1401.47,14.62,21.61,553.74,2387.99,9058.35,1.3,47.2,522.02,2387.98,8148.97,8.407,0.03,391,2388,100.0,38.98,23.2798,259,212,Healthy,81.85,0
7,48,0.0003,0.0,100.0,518.67,641.94,1585.35,1398.81,14.62,21.61,554.05,2387.99,9066.88,1.3,47.11,522.33,2388.05,8146.56,8.4164,0.03,391,2388,100.0,38.93,23.3583,259,211,Healthy,81.47,0
7,49,0.003,-0.0004,100.0,518.67,642.43,1586.42,1396.88,14.62,21.61,554.21,2387.98,9063.5,1.3,47.33,522.03,2387.99,8146.5,8.4129,0.03,391,2388,100.0,38.93,23.4089,259,210,Healthy,81.08,0
7,50,-0.0008,0.0004,100.0,518.67,642.41,1590.47,1400.31,14.62,21.61,553.68,2388.04,9073.14,1.3,47.22,522.43,2387.98,8150.6,8.4159,0.03,393,2388,100.0,38.86,23.5133,259,209,Healthy,80.69,0
8,1,-0.0026,-0.0003,100.0,518.67,643.18,1585.17,1409.75,14.62,21.61,552.31,2388.12,9048.66,1.3,47.3,521.23,2388.13,8123.47,8.4808,0.03,393,2388,100.0,38.9,23.3468,150,149,Healthy,99.33,0
8,2,-0.0012,-0.0003,100.0,518.67,642.92,1585.97,1410.81,14.62,21.61,552.74,2388.11,9040.66,1.3,47.62,521.82,2388.13,8120.18,8.4209,0.03,392,2388,100.0,38.9,23.2926,150,148,Healthy,98.67,0
8,3,0.0001,0.0002,100.0,518.67,642.74,1591.11,1403.29,14.62,21.61,552.79,2388.11,9045.01,1.3,47.51,521.52,2388.12,8122.29,8.4497,0.03,393,2388,100.0,38.88,23.1812,150,147,Healthy,98.0,0
8,4,-0.0021,0.0005,100.0,518.67,642.76,1592.22,1406.11,14.62,21.61,552.13,2388.14,9049.45,1.3,47.68,521.25,2388.12,8123.8,8.4405,0.03,393,2388,100.0,38.86,23.2371,150,146,Healthy,97.33,0
8,5,-0.0044,0.0003,100.0,518.67,643.13,1596.11,1409.34,14.62,21.61,553.61,2388.13,9043.0,1.3,47.53,521.5,2388.15,8118.15,8.4029,0.03,392,2388,100.0,38.88,23.2975,150,145,Healthy,96.67,0
8,6,0.0028,-0.0005,100.0,518.67,642.55,1596.3,1418.06,14.62,21.61,552.32,2388.13,9045.24,1.3,47.55,521.07,2388.14,8126.65,8.4505,0.03,394,2388,100.0,38.86,23.2799,150,144,Healthy,96.0,0
8,7,-0.0024,0.0004,100.0,518.67,642.86,1586.88,1404.52,14.62,21.61,553.54,2388.11,9042.79,1.3,47.28,521.14,2388.13,8121.9,8.4438,0.03,392,2388,100.0,38.71,23.3545,150,143,Healthy,95.33,0
8,8,-0.0017,-0.0001,100.0,518.67,642.75,1589.06,1407.11,14.62,21.61,552.97,2388.17,9040.27,1.3,47.38,521.9,2388.21,8120.31,8.4281,0.03,394,2388,100.0,38.71,23.2232,150,142,Healthy,94.67,0
8,9,-0.0004,0.0002,100.0,518.67,643.01,1594.26,1413.87,14.62,21.61,552.61,2388.1,9037.14,1.3,47.53,521.17,2388.15,8115.49,8.4758,0.03,392,2388,100.0,38.94,23.2721,150,141,Healthy,94.0,0
8,10,-0.005,-0.0001,100.0,518.67,642.57,1583.85,1406.7,14.62,21.61,553.56,2388.12,9040.35,1.3,47.59,521.1,2388.14,8128.5,8.4599,0.03,395,2388,100.0,38.76,23.2683,150,140,Healthy,93.33,0
8,11,0.0018,0.0004,100.0,518.67,642.3,1589.55,1419.87,14.62,21.61,554.04,2388.2,9040.86,1.3,47.69,521.0,2388.14,8125.93,8.4549,0.03,392,2388,100.0,38.81,23.2842,150,139,Healthy,92.67,0
8,12,0.0013,-0.0004,100.0,518.67,643.02,1587.92,1406.39,14.62,21.61,553.47,2388.1,9042.47,1.3,47.65,521.18,2388.11,8121.97,8.4522,0.03,394,2388,100.0,39.04,23.2671,150,138,Healthy,92.0,0
8,13,-0.0024,0.0004,100.0,518.67,642.46,1588.36,1407.31,14.62,21.61,553.57,2388.1,9042.18,1.3,47.35,521.36,2388.1,8118.26,8.4268,0.03,395,2388,100.0,38.67,23.357,150,137,Healthy,91.33,0
8,14,0.0001,-0.0004,100.0,518.67,642.44,1588.9,1413.77,14.62,21.61,553.13,2388.14,9048.68,1.3,47.53,521.1,2388.15,8126.84,8.4481,0.03,394,2388,100.0,38.82,23.3671,150,136,Healthy,90.67,0
8,15,-0.0028,-0.0003,100.0,518.67,642.61,1596.78,1411.97,14.62,21.61,553.06,2388.15,9043.81,1.3,47.62,521.48,2388.16,8126.2,8.4934,0.03,390,2388,100.0,38.6,23.3259,150,135,Healthy,90.0,0
8,16,-0.004,0.0004,100.0,518.67,641.82,1592.93,1410.4,14.62,21.61,553.15,2388.06,9039.37,1.3,47.57,522.08,2388.17,8120.23,8.4631,0.03,392,2388,100.0,38.78,23.2899,150,134,Healthy,89.33,0
8,17,-0.0019,-0.0003,100.0,518.67,642.61,1592.06,1403.1,14.62,21.61,553.48,2388.16,9038.3,1.3,47.62,521.25,2388.12,8127.19,8.4208,0.03,392,2388,100.0,38.82,23.2522,150,133,Healthy,88.67,0
8,18,-0.0001,-0.0001,100.0,518.67,642.2,1593.38,1409.63,14.62,21.61,552.95,2388.17,9042.87,1.3,47.71,521.19,2388.1,8115.54,8.4579,0.03,393,2388,100.0,38.98,23.2242,150,132,Healthy,88.0,0
8,19,-0.0048,-0.0004,100.0,518.67,642.32,1590.23,1406.79,14.62,21.61,553.75,2388.1,9037.76,1.3,47.61,521.0,2388.07,8123.53,8.4433,0.03,392,2388,100.0,38.88,23.2057,150,131,Healthy,87.33,0
8,20,-0.0003,0.0,100.0,518.67,643.33,1590.41,1405.38,14.62,21.61,553.09,2388.13,9045.77,1.3,47.41,521.75,2388.11,8120.73,8.4265,0.03,395,2388,100.0,38.89,23.2556,150,130,Healthy,86.67,0
8,21,-0.0035,-0.0003,100.0,518.67,642.74,1586.57,1400.16,14.62,21.61,553.73,2388.17,9041.03,1.3,47.51,520.86,2388.14,8124.54,8.4506,0.03,392,2388,100.0,38.84,23.3172,150,129,Healthy,86.0,0
8,22,0.0045,-0.0001,100.0,518.67,642.68,1589.24,1412.59,14.62,21.61,553.2,2388.17,9050.28,1.3,47.6,521.51,2388.11,8125.91,8.4327,0.03,394,2388,100.0,38.91,23.2675,150,128,Healthy,85.33,0
8,23,0.0002,0.0002,100.0,518.67,643.08,1585.98,1415.98,14.62,21.61,553.14,2388.18,9035.26,1.3,47.54,521.28,2388.08,8120.95,8.4517,0.03,392,2388,100.0,38.87,23.1853,150,127,Healthy,84.67,0
8,24,0.0022,-0.0004,100.0,518.67,642.92,1584.01,1406.58,14.62,21.61,552.85,2388.14,9048.23,1.3,47.53,521.63,2388.11,8124.29,8.4348,0.03,391,2388,100.0,38.9,23.3129,150,126,Healthy,84.0,0
8,25,0.0006,-0.0003,100.0,518.67,642.85,1585.05,1410.56,14.62,21.61,553.29,2388.13,9043.13,1.3,47.73,521.75,2388.09,8125.6,8.4432,0.03,393,2388,100.0,38.78,23.2746,150,125,Healthy,83.33,0
8,26,0.0015,0.0002,100.0,518.67,642.23,1589.95,1405.69,14.62,21.61,553.07,2388.07,9045.98,1.3,47.38,521.88,2388.16,8122.28,8.4056,0.03,394,2388,100.0,38.88,23.2902,150,124,Healthy,82.67,0
8,27,-0.002,0.0004,100.0,518.67,642.83,1590.91,1413.37,14.62,21.61,553.4,2388.17,9043.12,1.3,47.57,520.65,2388.2,8117.73,8.4211,0.03,393,2388,100.0,38.69,23.2324,150,123,Healthy,82.0,0
8,28,-0.0004,0.0001,100.0,518.67,642.14,1584.76,1411.85,14.62,21.61,553.68,2388.1,9045.72,1.3,47.43,520.94,2388.1,8127.55,8.4334,0.03,393,2388,100.0,38.79,23.2601,150,122,Healthy,81.33,0
8,29,-0.0006,-0.0004,100.0,518.67,642.89,1592.03,1407.7,14.62,21.61,553.01,2388.16,9044.98,1.3,47.57,521.34,2388.15,8126.46,8.4479,0.03,392,2388,100.0,38.92,23.3099,150,121,Healthy,80.67,0
8,30,0.0004,0.0003,100.0,518.67,643.08,1588.55,1400.07,14.62,21.61,552.45,2388.08,9044.89,1.3,47.59,521.26,2388.14,8121.13,8.4222,0.03,393,2388,100.0,38.81,23.3215,150,120,Early_Wear,80.0,0
8,31,0.0003,0.0,100.0,518.67,642.63,1584.36,1410.45,14.62,21.61,553.64,2388.09,9044.91,1.3,47.59,521.59,2388.12,8120.89,8.4893,0.03,393,2388,100.0,38.8,23.3203,150,119,Early_Wear,79.33,0
8,32,0.0001,0.0002,100.0,518.67,642.87,1594.16,1413.85,14.62,21.61,552.92,2388.13,9049.25,1.3,47.42,521.58,2388.17,8125.78,8.4686,0.03,394,2388,100.0,38.73,23.2709,150,118,Early_Wear,78.67,0
8,33,-0.0025,-0.0001,100.0,518.67,642.11,1588.7,1416.52,14.62,21.61,552.9,2388.14,9044.51,1.3,47.59,521.03,2388.14,8124.0,8.4675,0.03,394,2388,100.0,38.92,23.3081,150,117,Early_Wear,78.0,0
8,34,-0.003,0.0001,100.0,518.67,642.38,1594.25,1406.27,14.62,21.61,552.76,2388.14,9036.91,1.3,47.67,520.91,2388.14,8123.04,8.4364,0.03,395,2388,100.0,38.85,23.2625,150,116,Early_Wear,77.33,0
8,35,-0.0035,-0.0001,100.0,518.67,642.79,1591.81,1411.73,14.62,21.61,553.56,2388.11,9036.35,1.3,47.64,521.09,2388.1,8123.98,8.471,0.03,393,2388,100.0,38.67,23.2182,150,115,Early_Wear,76.67,0
8,36,-0.0018,0.0001,100.0,518.67,643.05,1588.74,1414.51,14.62,21.61,553.27,2388.08,9044.03,1.3,47.5,521.37,2388.11,8123.2,8.4597,0.03,393,2388,100.0,38.71,23.2801,150,114,Early_Wear,76.0,0
8,37,0.0016,-0.0005,100.0,518.67,642.86,1593.86,1409.9,14.62,21.61,553.36,2388.14,9034.65,1.3,47.65,521.28,2388.11,8124.45,8.4143,0.03,394,2388,100.0,38.83,23.2904,150,113,Early_Wear,75.33,0
8,38,-0.0004,0.0002,100.0,518.67,642.91,1592.65,1403.91,14.62,21.61,552.94,2388.11,9049.72,1.3,47.29,521.18,2388.15,8128.73,8.4479,0.03,393,2388,100.0,38.85,23.2445,150,112,Early_Wear,74.67,0
8,39,-0.0008,0.0004,100.0,518.67,642.67,1594.9,1409.08,14.62,21.61,553.02,2388.16,9045.83,1.3,47.55,522.13,2388.13,8123.46,8.4429,0.03,394,2388,100.0,38.82,23.2915,150,111,Early_Wear,74.0,0
8,40,0.0012,0.0004,100.0,518.67,642.33,1587.05,1409.73,14.62,21.61,553.2,2388.14,9050.57,1.3,47.59,521.64,2388.16,8124.43,8.414,0.03,394,2388,100.0,38.91,23.2884,150,110,Early_Wear,73.33,0
8,41,-0.0021,0.0005,100.0,518.67,643.64,1586.4,1415.03,14.62,21.61,552.39,2388.15,9040.69,1.3,47.58,521.33,2388.17,8124.75,8.4514,0.03,392,2388,100.0,38.82,23.2971,150,109,Early_Wear,72.67,0
8,42,0.0007,-0.0001,100.0,518.67,642.45,1596.61,1413.96,14.62,21.61,553.39,2388.15,9042.79,1.3,47.57,521.01,2388.11,8125.15,8.4001,0.03,393,2388,100.0,38.82,23.2418,150,108,Early_Wear,72.0,0
8,43,0.0043,-0.0,100.0,518.67,642.12,1589.67,1404.92,14.62,21.61,553.1,2388.1,9045.67,1.3,47.53,520.99,2388.13,8129.09,8.4519,0.03,393,2388,100.0,38.8,23.2719,150,107,Early_Wear,71.33,0
8,44,0.001,-0.0,100.0,518.67,642.83,1594.48,1412.23,14.62,21.61,553.81,2388.13,9043.58,1.3,47.47,521.38,2388.17,8123.59,8.4808,0.03,393,2388,100.0,38.81,23.2559,150,106,Early_Wear,70.67,0
8,45,0.0022,0.0005,100.0,518.67,642.7,1594.39,1406.87,14.62,21.61,553.18,2388.1,9050.41,1.3,47.38,520.97,2388.07,8126.59,8.3967,0.03,391,2388,100.0,38.81,23.2896,150,105,Early_Wear,70.0,0
8,46,-0.001,-0.0004,100.0,518.67,642.66,1582.06,1407.98,14.62,21.61,553.09,2388.11,9036.96,1.3,47.58,521.52,2388.2,8121.42,8.4308,0.03,393,2388,100.0,38.76,23.274,150,104,Early_Wear,69.33,0
8,47,-0.0017,0.0,100.0,518.67,643.19,1597.18,1409.66,14.62,21.61,552.66,2388.14,9044.83,1.3,47.49,521.09,2388.14,8121.72,8.4617,0.03,395,2388,100.0,38.83,23.2846,150,103,Early_Wear,68.67,0
8,48,-0.0011,-0.0003,100.0,518.67,643.16,1592.35,1410.66,14.62,21.61,553.5,2388.15,9044.91,1.3,47.62,521.2,2388.07,8121.14,8.4126,0.03,393,2388,100.0,38.66,23.3099,150,102,Early_Wear,68.0,0
8,49,0.0022,0.0002,100.0,518.67,642.47,1597.28,1408.45,14.62,21.61,553.69,2388.16,9038.38,1.3,47.81,521.69,2388.11,8131.45,8.4282,0.03,394,2388,100.0,38.78,23.2095,150,101,Early_Wear,67.33,0
8,50,0.0009,-0.0,100.0,518.67,642.46,1596.48,1418.47,14.62,21.61,553.05,2388.17,9046.6,1.3,47.58,520.84,2388.2,8129.67,8.4453,0.03,393,2388,100.0,38.71,23.2612,150,100,Early_Wear,66.67,0
9,1,0.0005,0.0004,100.0,518.67,642.18,1582.99,1396.22,14.62,21.61,554.35,2387.96,9065.59,1.3,47.09,522.34,2387.95,8149.16,8.402,0.03,391,2388,100.0,39.04,23.5349,201,200,Healthy,99.5,0
9,2,0.0001,0.0001,100.0,518.67,641.91,1580.17,1394.7,14.62,21.61,554.85,2387.94,9063.39,1.3,47.12,523.03,2387.98,8148.23,8.4331,0.03,392,2388,100.0,38.97,23.4335,201,199,Healthy,99.0,0
9,3,-0.0009,-0.0003,100.0,518.67,642.5,1587.57,1396.79,14.62,21.61,554.75,2388.03,9057.58,1.3,47.12,522.63,2388.05,8140.94,8.4028,0.03,391,2388,100.0,39.09,23.4296,201,198,Healthy,98.51,0
9,4,-0.0022,0.0001,100.0,518.67,642.04,1584.66,1406.4,14.62,21.61,555.19,2388.0,9061.97,1.3,47.04,522.85,2388.01,8145.41,8.3741,0.03,392,2388,100.0,38.96,23.5159,201,197,Healthy,98.01,0
9,5,-0.0018,-0.0003,100.0,518.67,642.06,1580.0,1400.12,14.62,21.61,554.84,2387.95,9062.05,1.3,47.15,522.51,2387.98,8145.92,8.3664,0.03,390,2388,100.0,39.08,23.45,201,196,Healthy,97.51,0
9,6,0.0009,-0.0005,100.0,518.67,641.84,1589.51,1401.32,14.62,21.61,554.42,2388.01,9062.76,1.3,47.07,522.54,2388.04,8147.93,8.3554,0.03,393,2388,100.0,38.79,23.4186,201,195,Healthy,97.01,0
9,7,-0.0021,-0.0004,100.0,518.67,641.66,1584.33,1400.27,14.62,21.61,553.55,2388.04,9063.1,1.3,47.28,522.57,2388.01,8148.53,8.3917,0.03,392,2388,100.0,39.07,23.4575,201,194,Healthy,96.52,0
9,8,0.0018,0.0,100.0,518.67,641.46,1581.9,1392.49,14.62,21.61,555.66,2388.02,9064.64,1.3,47.37,522.21,2387.94,8145.97,8.4011,0.03,390,2388,100.0,39.27,23.4105,201,193,Healthy,96.02,0
9,9,0.0003,-0.0004,100.0,518.67,641.99,1580.58,1394.58,14.62,21.6,554.88,2388.04,9070.86,1.3,47.2,522.35,2388.04,8148.65,8.3858,0.03,391,2388,100.0,39.03,23.5122,201,192,Healthy,95.52,0
9,10,0.0009,-0.0002,100.0,518.67,641.77,1580.84,1391.62,14.62,21.61,554.37,2388.02,9068.09,1.3,47.21,522.48,2388.03,8142.56,8.4069,0.03,391,2388,100.0,38.9,23.4672,201,191,Healthy,95.02,0
9,11,-0.0012,-0.0004,100.0,518.67,642.33,1581.8,1400.58,14.62,21.61,553.61,2388.0,9067.61,1.3,47.16,522.75,2387.99,8144.65,8.3929,0.03,391,2388,100.0,39.08,23.4228,201,190,Healthy,94.53,0
9,12,-0.0001,-0.0001,100.0,518.67,641.63,1584.2,1402.16,14.62,21.61,554.36,2387.98,9066.29,1.3,47.0,522.56,2388.04,8150.53,8.4091,0.03,392,2388,100.0,38.99,23.4246,201,189,Healthy,94.03,0
9,13,0.003,-0.0003,100.0,518.67,641.97,1589.32,1399.58,14.62,21.61,553.84,2387.99,9062.77,1.3,47.11,522.67,2388.01,8150.97,8.3998,0.03,392,2388,100.0,38.87,23.516,201,188,Healthy,93.53,0
9,14,-0.0022,0.0003,100.0,518.67,642.44,1584.43,1398.28,14.62,21.61,554.68,2387.98,9064.45,1.3,47.26,522.4,2387.97,8141.72,8.4069,0.03,392,2388,100.0,39.01,23.445,201,187,Healthy,93.03,0
9,15,-0.0048,-0.0001,100.0,518.67,641.89,1587.29,1394.71,14.62,21.61,555.01,2388.01,9069.84,1.3,47.11,522.55,2387.94,8145.79,8.376,0.03,392,2388,100.0,39.12,23.4519,201,186,Healthy,92.54,0
9,16,0.0001,0.0005,100.0,518.67,642.18,1587.42,1400.74,14.62,21.61,554.3,2388.04,9066.31,1.3,47.16,523.12,2387.97,8145.13,8.3869,0.03,390,2388,100.0,38.95,23.393,201,185,Healthy,92.04,0
9,17,-0.0043,0.0,100.0,518.67,641.63,1587.14,1395.4,14.62,21.61,554.68,2387.96,9062.97,1.3,47.15,522.69,2387.97,8143.8,8.3998,0.03,392,2388,100.0,39.06,23.3596,201,184,Healthy,91.54,0
9,18,-0.0013,-0.0001,100.0,518.67,641.7,1592.2,1396.41,14.62,21.61,553.78,2388.03,9063.77,1.3,47.06,522.48,2388.0,8144.65,8.4065,0.03,391,2388,100.0,39.04,23.3688,201,183,Healthy,91.04,0
9,19,0.0012,-0.0001,100.0,518.67,641.73,1579.41,1398.7,14.62,21.61,554.76,2388.02,9065.94,1.3,47.2,522.09,2387.96,8146.81,8.4425,0.03,391,2388,100.0,38.95,23.3515,201,182,Healthy,90.55,0
9,20,-0.0023,0.0003,100.0,518.67,642.11,1577.05,1389.2,14.62,21.61,555.07,2387.98,9063.07,1.3,47.31,522.41,2387.96,8145.7,8.4309,0.03,392,2388,100.0,39.09,23.3684,201,181,Healthy,90.05,0
9,21,-0.0016,-0.0004,100.0,518.67,642.03,1579.94,1394.42,14.62,21.61,554.75,2388.08,9065.62,1.3,47.29,522.86,2387.95,8150.07,8.3922,0.03,392,2388,100.0,39.06,23.4057,201,180,Healthy,89.55,0
9,22,-0.0001,-0.0005,100.0,518.67,642.25,1579.87,1399.51,14.62,21.61,554.39,2387.95,9067.21,1.3,47.12,522.11,2388.0,8146.36,8.404,0.03,391,2388,100.0,38.97,23.4904,201,179,Healthy,89.05,0
9,23,0.0015,0.0004,100.0,518.67,641.41,1585.55,1402.96,14.62,21.61,554.57,2388.0,9064.76,1.3,47.24,522.27,2387.98,8147.03,8.3777,0.03,390,2388,100.0,38.89,23.3659,201,178,Healthy,88.56,0
9,24,0.0035,0.0003,100.0,518.67,642.04,1585.23,1394.39,14.62,21.61,553.95,2388.0,9051.59,1.3,47.17,522.36,2388.03,8143.34,8.3681,0.03,389,2388,100.0,39.03,23.3478,201,177,Healthy,88.06,0
9,25,0.0003,0.0001,100.0,518.67,642.2,1585.38,1397.22,14.62,21.61,554.44,2387.96,9067.31,1.3,47.14,522.29,2388.0,8145.8,8.3869,0.03,390,2388,100.0,39.03,23.4795,201,176,Healthy,87.56,0
9,26,0.0021,0.0002,100.0,518.67,642.72,1584.85,1396.74,14.62,21.61,555.45,2388.0,9068.74,1.3,47.15,522.82,2388.07,8150.14,8.3875,0.03,392,2388,100.0,38.94,23.4496,201,175,Healthy,87.06,0
9,27,0.0022,0.0004,100.0,518.67,642.55,1593.03,1395.38,14.62,21.61,554.34,2387.97,9073.71,1.3,47.08,522.77,2387.95,8144.51,8.3595,0.03,392,2388,100.0,39.03,23.4669,201,174,Healthy,86.57,0
9,28,0.001,-0.0001,100.0,518.67,641.88,1582.39,1396.46,14.62,21.61,555.12,2387.95,9064.43,1.3,47.35,522.24,2388.02,8152.92,8.3847,0.03,390,2388,100.0,39.19,23.494,201,173,Healthy,86.07,0
9,29,-0.0009,-0.0005,100.0,518.67,642.17,1578.06,1398.25,14.62,21.61,554.2,2387.99,9067.72,1.3,47.06,522.32,2387.98,8143.39,8.3925,0.03,392,2388,100.0,39.02,23.4314,201,172,Healthy,85.57,0
9,30,0.0022,0.0004,100.0,518.67,641.96,1584.82,1396.4,14.62,21.61,554.62,2387.97,9069.3,1.3,47.17,522.49,2388.01,8150.5,8.4135,0.03,391,2388,100.0,39.08,23.4083,201,171,Healthy,85.07,0
9,31,-0.0001,0.0001,100.0,518.67,642.33,1589.31,1393.67,14.62,21.61,554.49,2387.99,9067.82,1.3,47.08,522.58,2388.01,8143.69,8.4265,0.03,391,2388,100.0,39.13,23.4235,201,170,Healthy,84.58,0
9,32,-0.0018,0.0,100.0,518.67,641.89,1588.4,1390.48,14.62,21.61,554.32,2388.05,9064.15,1.3,47.44,522.74,2387.98,8145.99,8.3919,0.03,391,2388,100.0,38.96,23.4849,201,169,Healthy,84.08,0
9,33,0.0019,0.0004,100.0,518.67,642.02,1585.92,1395.64,14.62,21.6,554.07,2387.98,9067.78,1.3,47.19,522.74,2387.97,8145.74,8.3858,0.03,392,2388,100.0,38.84,23.3714,201,168,Healthy,83.58,0
9,34,-0.0024,0.0004,100.0,518.67,642.09,1588.32,1405.48,14.62,21.61,553.88,2387.98,9053.45,1.3,47.1,522.59,2387.98,8148.6,8.4059,0.03,391,2388,100.0,39.03,23.4291,201,167,Healthy,83.08,0
9,35,0.0016,-0.0001,100.0,518.67,642.02,1589.52,1400.73,14.62,21.61,554.69,2387.98,9066.53,1.3,47.02,522.59,2388.0,8148.51,8.4298,0.03,391,2388,100.0,39.09,23.4587,201,166,Healthy,82.59,0
9,36,-0.0022,-0.0,100.0,518.67,641.85,1582.88,1396.31,14.62,21.61,553.95,2387.98,9068.19,1.3,47.12,522.53,2387.96,8149.0,8.4095,0.03,390,2388,100.0,38.94,23.4388,201,165,Healthy,82.09,0
9,37,-0.0009,-0.0003,100.0,518.67,642.35,1579.77,1397.08,14.62,21.61,553.84,2388.0,9069.05,1.3,47.26,522.19,2388.01,8147.94,8.392,0.03,391,2388,100.0,38.88,23.3842,201,164,Healthy,81.59,0
9,38,-0.0012,0.0002,100.0,518.67,641.74,1590.18,1393.55,14.62,21.61,555.04,2387.96,9061.91,1.3,47.03,521.87,2387.97,8150.74,8.3881,0.03,392,2388,100.0,38.84,23.4311,201,163,Healthy,81.09,0
9,39,0.0009,0.0003,100.0,518.67,642.51,1588.38,1400.47,14.62,21.61,554.35,2387.99,9061.31,1.3,47.2,522.19,2387.96,8155.12,8.3689,0.03,391,2388,100.0,39.09,23.425,201,162,Healthy,80.6,0
9,40,-0.0049,0.0004,100.0,518.67,642.38,1592.26,1393.79,14.62,21.61,554.12,2388.0,9065.3,1.3,47.05,522.1,2387.94,8143.52,8.3714,0.03,391,2388,100.0,39.07,23.4292,201,161,Healthy,80.1,0
9,41,0.0009,-0.0002,100.0,518.67,642.23,1582.98,1392.08,14.62,21.61,554.44,2388.0,9060.49,1.3,47.13,522.4,2388.01,8149.01,8.4108,0.03,392,2388,100.0,39.1,23.3787,201,160,Healthy,79.6,0
9,42,0.0029,0.0003,100.0,518.67,642.19,1582.46,1397.76,14.62,21.61,554.15,2388.03,9065.46,1.3,47.45,521.99,2387.98,8149.6,8.4152,0.03,392,2388,100.0,39.14,23.3315,201,159,Healthy,79.1,0
9,43,-0.0013,-0.0,100.0,518.67,642.21,1583.62,1395.74,14.62,21.6,554.44,2388.0,9062.97,1.3,47.16,522.39,2388.01,8147.63,8.4003,0.03,392,2388,100.0,39.04,23.4445,201,158,Healthy,78.61,0
9,44,0.0008,-0.0005,100.0,518.67,642.03,1576.57,1397.21,14.62,21.61,554.0,2387.97,9065.45,1.3,47.19,522.58,2387.96,8148.19,8.4301,0.03,391,2388,100.0,38.92,23.4561,201,157,Healthy,78.11,0
9,45,-0.0017,0.0002,100.0,518.67,641.91,1578.31,1395.2,14.62,21.61,554.05,2388.01,9064.45,1.3,47.09,522.02,2387.93,8147.52,8.3795,0.03,392,2388,100.0,38.99,23.4097,201,156,Healthy,77.61,0
9,46,0.0003,0.0002,100.0,518.67,642.02,1576.37,1403.72,14.62,21.61,554.78,2387.96,9062.07,1.3,47.24,523.04,2388.03,8143.48,8.4083,0.03,392,2388,100.0,38.85,23.4921,201,155,Healthy,77.11,0
9,47,-0.001,0.0001,100.0,518.67,642.14,1583.6,1401.14,14.62,21.61,554.72,2387.97,9064.76,1.3,47.17,522.58,2388.02,8148.0,8.3744,0.03,390,2388,100.0,38.99,23.4631,201,154,Healthy,76.62,0
9,48,0.0009,0.0001,100.0,518.67,642.36,1586.08,1394.15,14.62,21.61,554.9,2388.01,9070.4,1.3,46.88,523.07,2388.0,8147.3,8.3843,0.03,391,2388,100.0,38.92,23.4633,201,153,Healthy,76.12,0
9,49,0.0016,0.0004,100.0,518.67,642.42,1580.82,1393.84,14.62,21.61,554.33,2388.05,9058.33,1.3,47.23,522.77,2388.0,8145.27,8.3966,0.03,393,2388,100.0,38.98,23.4048,201,152,Healthy,75.62,0
9,50,0.0029,0.0,100.0,518.67,641.95,1585.84,1396.96,14.62,21.61,554.37,2388.02,9066.64,1.3,47.31,523.02,2388.01,8148.66,8.421,0.03,393,2388,100.0,38.99,23.2776,201,151,Healthy,75.12,0
10,1,-0.0014,0.0004,100.0,518.67,641.92,1587.93,1392.2,14.62,21.61,554.37,2388.0,9051.46,1.3,47.05,522.54,2388.01,8137.61,8.4039,0.03,391,2388,100.0,39.04,23.5309,222,221,Healthy,99.55,0
10,2,0.0009,0.0005,100.0,518.67,642.22,1586.81,1392.03,14.62,21.61,554.76,2388.06,9057.03,1.3,47.2,523.04,2388.04,8142.57,8.3868,0.03,390,2388,100.0,39.05,23.3106,222,220,Healthy,99.1,0
10,3,0.0009,-0.0,100.0,518.67,642.16,1581.06,1395.51,14.62,21.61,554.42,2388.01,9047.45,1.3,47.19,522.22,2387.97,8136.85,8.4422,0.03,392,2388,100.0,39.01,23.5053,222,219,Healthy,98.65,0
10,4,0.001,0.0004,100.0,518.67,642.14,1590.17,1388.15,14.62,21.61,554.19,2387.99,9057.43,1.3,47.11,522.51,2388.03,8136.62,8.3928,0.03,391,2388,100.0,38.83,23.3314,222,218,Healthy,98.2,0
10,5,-0.002,-0.0003,100.0,518.67,642.13,1581.09,1396.37,14.62,21.6,554.26,2387.96,9046.16,1.3,47.2,522.29,2388.01,8138.95,8.3879,0.03,392,2388,100.0,39.06,23.4651,222,217,Healthy,97.75,0
10,6,0.0032,0.0004,100.0,518.67,641.99,1585.13,1394.91,14.62,21.61,554.48,2388.02,9054.59,1.3,47.03,522.36,2388.02,8142.12,8.383,0.03,390,2388,100.0,39.08,23.3655,222,216,Healthy,97.3,0
10,7,-0.0017,0.0002,100.0,518.67,642.44,1582.96,1394.26,14.62,21.61,555.06,2388.01,9051.7,1.3,47.22,522.87,2388.03,8139.16,8.3977,0.03,391,2388,100.0,38.99,23.4053,222,215,Healthy,96.85,0
10,8,0.0011,-0.0003,100.0,518.67,641.61,1584.53,1392.39,14.62,21.61,554.28,2388.03,9055.99,1.3,47.24,522.29,2388.0,8136.8,8.3813,0.03,391,2388,100.0,39.18,23.4135,222,214,Healthy,96.4,0
10,9,0.0019,0.0003,100.0,518.67,641.78,1580.52,1401.27,14.62,21.61,554.27,2388.03,9055.41,1.3,47.04,522.29,2387.97,8136.08,8.3836,0.03,392,2388,100.0,38.98,23.4868,222,213,Healthy,95.95,0
10,10,-0.0025,-0.0001,100.0,518.67,642.02,1581.9,1398.55,14.62,21.61,555.23,2388.0,9052.61,1.3,47.12,522.25,2388.0,8138.6,8.3644,0.03,392,2388,100.0,38.93,23.3787,222,212,Healthy,95.5,0
10,11,0.0002,0.0005,100.0,518.67,642.48,1585.62,1400.69,14.62,21.61,553.8,2388.02,9047.32,1.3,47.16,522.62,2387.97,8135.34,8.3862,0.03,391,2388,100.0,38.86,23.4401,222,211,Healthy,95.05,0
10,12,0.0017,0.0001,100.0,518.67,642.2,1591.59,1396.26,14.62,21.61,554.67,2388.0,9049.4,1.3,46.99,522.68,2387.99,8137.7,8.3809,0.03,392,2388,100.0,39.03,23.4179,222,210,Healthy,94.59,0
10,13,0.0022,0.0,100.0,518.67,641.98,1578.1,1395.18,14.62,21.6,554.77,2387.99,9048.49,1.3,47.18,522.03,2387.99,8135.65,8.3773,0.03,391,2388,100.0,38.89,23.3528,222,209,Healthy,94.14,0
10,14,0.0013,0.0005,100.0,518.67,642.03,1583.94,1400.37,14.62,21.61,553.95,2388.06,9043.1,1.3,47.09,522.28,2388.02,8138.34,8.3997,0.03,393,2388,100.0,39.12,23.3564,222,208,Healthy,93.69,0
10,15,-0.0074,0.0001,100.0,518.67,642.3,1586.21,1393.99,14.62,21.61,554.72,2388.02,9050.98,1.3,47.18,522.69,2388.02,8138.43,8.4346,0.03,393,2388,100.0,39.0,23.4487,222,207,Healthy,93.24,0
10,16,0.0027,-0.0003,100.0,518.67,641.87,1589.94,1397.33,14.62,21.6,554.65,2388.01,9052.18,1.3,47.06,522.35,2388.02,8138.18,8.3577,0.03,392,2388,100.0,39.0,23.4001,222,206,Healthy,92.79,0
10,17,-0.0014,0.0003,100.0,518.67,641.79,1585.44,1400.99,14.62,21.61,554.62,2387.99,9053.78,1.3,47.03,522.61,2388.03,8141.13,8.4136,0.03,392,2388,100.0,39.05,23.403,222,205,Healthy,92.34,0
10,18,-0.002,0.0001,100.0,518.67,641.87,1580.13,1395.47,14.62,21.61,554.67,2388.03,9053.77,1.3,47.32,522.07,2388.0,8140.58,8.3947,0.03,392,2388,100.0,39.12,23.3682,222,204,Healthy,91.89,0
10,19,0.001,0.0002,100.0,518.67,642.29,1589.25,1396.14,14.62,21.6,554.48,2387.99,9058.24,1.3,47.11,522.27,2388.01,8139.5,8.3858,0.03,391,2388,100.0,39.14,23.4496,222,203,Healthy,91.44,0
10,20,0.0009,0.0002,100.0,518.67,641.88,1583.88,1397.1,14.62,21.61,554.12,2387.98,9047.22,1.3,47.23,522.42,2388.05,8138.14,8.3966,0.03,392,2388,100.0,39.04,23.4002,222,202,Healthy,90.99,0
10,21,0.0047,-0.0004,100.0,518.67,642.14,1580.79,1399.2,14.62,21.61,554.68,2388.01,9050.5,1.3,47.17,522.0,2388.0,8138.72,8.4168,0.03,391,2388,100.0,38.88,23.4053,222,201,Healthy,90.54,0
10,22,0.001,-0.0001,100.0,518.67,642.28,1588.92,1397.3,14.62,21.61,554.96,2387.99,9048.1,1.3,47.14,522.04,2388.01,8137.55,8.3823,0.03,393,2388,100.0,39.07,23.5493,222,200,Healthy,90.09,0
10,23,-0.0035,0.0003,100.0,518.67,642.36,1589.48,1395.85,14.62,21.61,554.58,2388.0,9047.9,1.3,47.18,522.35,2387.98,8137.34,8.4085,0.03,392,2388,100.0,38.87,23.4251,222,199,Healthy,89.64,0
10,24,-0.0047,-0.0004,100.0,518.67,642.0,1583.85,1393.75,14.62,21.61,554.92,2388.06,9062.47,1.3,47.33,522.84,2387.99,8140.26,8.3758,0.03,391,2388,100.0,39.11,23.4183,222,198,Healthy,89.19,0
10,25,-0.0036,0.0003,100.0,518.67,642.76,1581.08,1406.96,14.62,21.61,555.22,2388.01,9060.43,1.3,47.13,522.04,2387.96,8137.99,8.4141,0.03,391,2388,100.0,39.05,23.4275,222,197,Healthy,88.74,0
10,26,0.0008,0.0002,100.0,518.67,642.48,1590.13,1392.6,14.62,21.6,555.23,2388.06,9065.05,1.3,47.12,522.41,2388.03,8138.93,8.4004,0.03,392,2388,100.0,39.05,23.4433,222,196,Healthy,88.29,0
10,27,0.0013,0.0004,100.0,518.67,642.17,1582.59,1396.89,14.62,21.61,553.83,2388.05,9057.19,1.3,47.19,522.54,2387.99,8131.25,8.4325,0.03,392,2388,100.0,38.84,23.3362,222,195,Healthy,87.84,0
10,28,0.0007,0.0001,100.0,518.67,641.74,1585.77,1392.56,14.62,21.61,555.02,2387.98,9062.96,1.3,47.13,522.41,2387.99,8133.56,8.3943,0.03,391,2388,100.0,39.43,23.4076,222,194,Healthy,87.39,0
10,29,-0.0002,0.0003,100.0,518.67,641.47,1583.06,1396.87,14.62,21.61,555.42,2388.03,9056.01,1.3,47.01,521.41,2388.03,8143.37,8.3982,0.03,391,2388,100.0,39.19,23.4753,222,193,Healthy,86.94,0
10,30,0.0052,-0.0002,100.0,518.67,641.9,1587.36,1402.48,14.62,21.61,554.46,2388.02,9050.98,1.3,47.31,522.49,2388.0,8137.85,8.3667,0.03,390,2388,100.0,38.96,23.4173,222,192,Healthy,86.49,0
10,31,0.0024,0.0003,100.0,518.67,642.2,1586.25,1398.36,14.62,21.61,554.78,2388.0,9060.45,1.3,47.07,522.6,2387.98,8141.18,8.4126,0.03,391,2388,100.0,38.94,23.53,222,191,Healthy,86.04,0
10,32,-0.0016,-0.0002,100.0,518.67,641.84,1586.55,1392.5,14.62,21.61,554.77,2388.04,9052.01,1.3,47.09,522.38,2388.04,8136.92,8.3925,0.03,391,2388,100.0,38.87,23.3929,222,190,Healthy,85.59,0
10,33,0.0013,0.0001,100.0,518.67,642.55,1582.9,1396.54,14.62,21.61,554.63,2387.97,9057.24,1.3,47.16,522.44,2388.06,8141.19,8.3916,0.03,392,2388,100.0,39.13,23.4095,222,189,Healthy,85.14,0
10,34,0.0028,0.0002,100.0,518.67,642.52,1582.14,1397.64,14.62,21.61,554.21,2388.02,9049.47,1.3,47.3,522.3,2388.06,8137.06,8.4214,0.03,390,2388,100.0,39.0,23.5233,222,188,Healthy,84.68,0
10,35,-0.0017,0.0001,100.0,518.67,642.0,1585.28,1399.6,14.62,21.6,554.18,2388.0,9050.98,1.3,47.01,522.79,2388.03,8140.4,8.404,0.03,392,2388,100.0,38.89,23.4587,222,187,Healthy,84.23,0
10,36,-0.0021,0.0001,100.0,518.67,641.46,1580.69,1396.29,14.62,21.61,554.43,2388.01,9055.77,1.3,47.12,521.94,2388.01,8139.7,8.3686,0.03,392,2388,100.0,38.99,23.4019,222,186,Healthy,83.78,0
10,37,0.0026,0.0002,100.0,518.67,641.97,1575.6,1398.36,14.62,21.61,554.34,2388.0,9050.57,1.3,47.19,522.0,2387.99,8138.71,8.3769,0.03,392,2388,100.0,39.08,23.4904,222,185,Healthy,83.33,0
10,38,-0.0003,0.0004,100.0,518.67,642.2,1589.84,1397.83,14.62,21.61,555.12,2388.01,9054.18,1.3,47.29,522.7,2388.02,8141.1,8.4265,0.03,390,2388,100.0,39.13,23.3119,222,184,Healthy,82.88,0
10,39,-0.0019,-0.0002,100.0,518.67,642.78,1586.67,1390.9,14.62,21.61,554.76,2388.04,9051.09,1.3,47.09,522.74,2388.01,8131.66,8.434,0.03,390,2388,100.0,39.11,23.4868,222,183,Healthy,82.43,0
10,40,-0.0009,-0.0002,100.0,518.67,642.12,1583.04,1393.76,14.62,21.61,554.21,2388.07,9057.71,1.3,47.15,522.46,2388.02,8134.34,8.4005,0.03,391,2388,100.0,39.24,23.4566,222,182,Healthy,81.98,0
10,41,-0.0044,0.0003,100.0,518.67,641.64,1589.84,1393.32,14.62,21.61,554.62,2387.99,9060.44,1.3,47.2,522.13,2388.04,8137.48,8.3954,0.03,392,2388,100.0,39.02,23.4643,222,181,Healthy,81.53,0
10,42,0.0001,0.0002,100.0,518.67,641.48,1579.48,1398.05,14.62,21.61,554.76,2388.04,9053.26,1.3,47.11,522.59,2387.99,8138.49,8.4149,0.03,392,2388,100.0,39.09,23.4383,222,180,Healthy,81.08,0
10,43,0.002,-0.0,100.0,518.67,642.67,1571.04,1401.83,14.62,21.6,554.0,2388.06,9058.96,1.3,47.1,522.41,2388.0,8140.62,8.3808,0.03,390,2388,100.0,39.08,23.4559,222,179,Healthy,80.63,0
10,44,-0.0003,0.0003,100.0,518.67,642.14,1580.44,1399.42,14.62,21.61,554.22,2388.01,9048.6,1.3,47.16,522.19,2388.02,8129.38,8.4043,0.03,391,2388,100.0,39.08,23.4762,222,178,Healthy,80.18,0
10,45,-0.0002,0.0005,100.0,518.67,642.03,1580.26,1398.18,14.62,21.61,554.73,2388.01,9051.45,1.3,47.21,522.61,2388.06,8136.47,8.4005,0.03,391,2388,100.0,38.87,23.5226,222,177,Healthy,79.73,0
10,46,-0.0035,-0.0002,100.0,518.67,642.03,1587.64,1398.27,14.62,21.61,555.18,2387.99,9058.83,1.3,47.15,522.55,2388.0,8138.17,8.4128,0.03,393,2388,100.0,38.9,23.4497,222,176,Healthy,79.28,0
10,47,0.0018,-0.0004,100.0,518.67,642.08,1577.61,1393.94,14.62,21.61,554.03,2388.06,9056.99,1.3,47.08,522.52,2388.0,8144.46,8.3769,0.03,390,2388,100.0,38.87,23.4684,222,175,Healthy,78.83,0
10,48,0.0016,-0.0003,100.0,518.67,641.97,1583.8,1402.0,14.62,21.61,554.64,2387.98,9056.79,1.3,47.05,522.61,2387.99,8137.98,8.3727,0.03,391,2388,100.0,39.04,23.3365,222,174,Healthy,78.38,0
10,49,0.0035,0.0,100.0,518.67,642.24,1580.77,1398.39,14.62,21.6,554.84,2387.97,9054.18,1.3,47.22,522.46,2387.98,8134.84,8.4097,0.03,392,2388,100.0,38.99,23.4203,222,173,Healthy,77.93,0
10,50,0.001,0.0005,100.0,518.67,641.87,1585.37,1400.5,14.62,21.61,554.45,2388.0,9053.16,1.3,46.96,521.95,2388.04,8140.56,8.4012,0.03,392,2388,100.0,39.08,23.284,222,172,Healthy,77.48,0
11,1,0.0005,-0.0003,100.0,518.67,642.2,1585.65,1395.39,14.62,21.61,554.78,2388.05,9051.83,1.3,47.13,522.29,2387.97,8135.27,8.3935,0.03,392,2388,100.0,39.03,23.4919,240,239,Healthy,99.58,0
11,2,0.0001,-0.0005,100.0,518.67,641.81,1585.63,1389.78,14.62,21.6,554.63,2388.01,9058.18,1.3,47.18,522.33,2388.04,8138.28,8.3643,0.03,391,2388,100.0,39.12,23.4647,240,238,Healthy,99.17,0
11,3,-0.0014,-0.0005,100.0,518.67,642.05,1587.83,1392.21,14.62,21.61,554.48,2388.01,9046.18,1.3,47.46,522.31,2388.03,8137.34,8.3758,0.03,392,2388,100.0,39.16,23.3271,240,237,Healthy,98.75,0
11,4,-0.0002,0.0002,100.0,518.67,642.19,1577.4,1394.48,14.62,21.6,554.07,2388.05,9054.67,1.3,47.26,521.69,2388.03,8133.88,8.3784,0.03,391,2388,100.0,39.06,23.4017,240,236,Healthy,98.33,0
11,5,-0.0008,0.0002,100.0,518.67,642.32,1578.17,1398.36,14.62,21.61,554.73,2388.02,9055.87,1.3,47.15,522.56,2388.0,8135.92,8.4056,0.03,391,2388,100.0,38.98,23.3377,240,235,Healthy,97.92,0
11,6,0.0016,0.0002,100.0,518.67,641.88,1587.32,1398.81,14.62,21.61,554.49,2387.98,9056.33,1.3,47.11,522.6,2388.07,8140.17,8.396,0.03,392,2388,100.0,38.99,23.4387,240,234,Healthy,97.5,0
11,7,0.0007,-0.0001,100.0,518.67,642.43,1586.23,1400.55,14.62,21.61,553.98,2388.03,9050.13,1.3,47.12,522.38,2388.04,8139.4,8.3946,0.03,391,2388,100.0,38.97,23.4719,240,233,Healthy,97.08,0
11,8,-0.0015,-0.0003,100.0,518.67,642.21,1586.81,1400.84,14.62,21.61,554.46,2388.04,9051.0,1.3,47.02,522.67,2388.05,8140.49,8.4047,0.03,391,2388,100.0,39.18,23.422,240,232,Healthy,96.67,0
11,9,0.0004,-0.0004,100.0,518.67,641.85,1587.66,1400.39,14.62,21.6,554.83,2388.01,9053.69,1.3,47.29,522.49,2388.03,8139.79,8.3542,0.03,392,2388,100.0,38.93,23.4871,240,231,Healthy,96.25,0
11,10,0.0016,-0.0003,100.0,518.67,641.71,1580.18,1399.96,14.62,21.61,554.29,2388.06,9054.77,1.3,47.21,521.98,2387.94,8135.35,8.3836,0.03,390,2388,100.0,38.93,23.3689,240,230,Healthy,95.83,0
11,11,-0.002,0.0004,100.0,518.67,642.69,1589.05,1403.4,14.62,21.61,553.97,2388.06,9053.65,1.3,47.17,522.38,2387.98,8135.99,8.4111,0.03,391,2388,100.0,38.92,23.4216,240,229,Healthy,95.42,0
11,12,0.0001,0.0003,100.0,518.67,642.24,1581.53,1398.4,14.62,21.61,554.93,2388.0,9051.17,1.3,47.14,521.77,2388.0,8141.64,8.4222,0.03,391,2388,100.0,39.11,23.4267,240,228,Healthy,95.0,0
11,13,-0.0001,-0.0001,100.0,518.67,642.53,1582.63,1400.43,14.62,21.6,554.63,2387.98,9051.66,1.3,47.27,522.1,2388.04,8139.41,8.3639,0.03,392,2388,100.0,39.15,23.4336,240,227,Healthy,94.58,0
11,14,0.0001,0.0001,100.0,518.67,642.27,1589.27,1391.25,14.62,21.6,554.02,2388.01,9052.24,1.3,47.22,522.44,2387.99,8134.63,8.3427,0.03,394,2388,100.0,39.0,23.3445,240,226,Healthy,94.17,0
11,15,-0.0003,-0.0001,100.0,518.67,642.61,1582.4,1406.64,14.62,21.61,554.31,2388.07,9049.2,1.3,47.28,522.36,2387.98,8131.09,8.3758,0.03,392,2388,100.0,39.05,23.2728,240,225,Healthy,93.75,0
11,16,0.003,-0.0,100.0,518.67,642.51,1591.74,1400.99,14.62,21.61,554.38,2388.04,9054.0,1.3,47.23,521.95,2388.02,8138.06,8.4237,0.03,391,2388,100.0,39.01,23.4991,240,224,Healthy,93.33,0
11,17,-0.0003,-0.0003,100.0,518.67,641.61,1586.2,1397.7,14.62,21.61,554.39,2388.02,9062.16,1.3,47.26,522.45,2388.02,8133.82,8.4331,0.03,390,2388,100.0,38.89,23.3643,240,223,Healthy,92.92,0
11,18,0.0012,-0.0005,100.0,518.67,641.92,1587.52,1394.4,14.62,21.61,554.03,2388.03,9051.61,1.3,47.28,522.14,2388.0,8135.83,8.392,0.03,392,2388,100.0,38.98,23.4803,240,222,Healthy,92.5,0
11,19,0.0019,0.0001,100.0,518.67,642.79,1582.29,1395.37,14.62,21.61,554.79,2387.96,9053.31,1.3,47.17,522.76,2388.02,8140.49,8.3984,0.03,392,2388,100.0,39.03,23.4238,240,221,Healthy,92.08,0
11,20,-0.0023,0.0002,100.0,518.67,642.35,1593.36,1398.75,14.62,21.6,554.19,2388.03,9051.23,1.3,47.21,522.13,2388.0,8138.25,8.3675,0.03,393,2388,100.0,39.03,23.3962,240,220,Healthy,91.67,0
11,21,-0.0005,0.0002,100.0,518.67,642.44,1583.42,1391.13,14.62,21.61,554.51,2388.06,9049.83,1.3,47.21,522.54,2388.01,8136.2,8.3857,0.03,392,2388,100.0,39.01,23.4342,240,219,Healthy,91.25,0
11,22,0.0011,0.0001,100.0,518.67,642.08,1581.85,1402.4,14.62,21.61,553.57,2388.05,9051.46,1.3,47.28,522.71,2388.07,8141.33,8.3772,0.03,391,2388,100.0,38.99,23.4564,240,218,Healthy,90.83,0
11,23,0.0021,-0.0003,100.0,518.67,642.25,1580.18,1399.86,14.62,21.61,554.03,2388.03,9063.79,1.3,47.24,522.05,2387.96,8140.89,8.4163,0.03,392,2388,100.0,38.7,23.3861,240,217,Healthy,90.42,0
11,24,0.0005,0.0002,100.0,518.67,642.15,1583.63,1400.31,14.62,21.61,554.11,2388.02,9057.68,1.3,47.15,522.1,2388.01,8142.7,8.4124,0.03,392,2388,100.0,39.02,23.4246,240,216,Healthy,90.0,0
11,25,0.0014,-0.0004,100.0,518.67,641.73,1580.23,1403.54,14.62,21.61,555.36,2388.05,9055.87,1.3,47.3,522.64,2387.99,8137.69,8.391,0.03,394,2388,100.0,38.73,23.272,240,215,Healthy,89.58,0
11,26,-0.0026,0.0003,100.0,518.67,642.09,1579.34,1396.14,14.62,21.61,554.32,2388.06,9061.19,1.3,47.29,522.42,2388.01,8137.96,8.3937,0.03,391,2388,100.0,38.84,23.2838,240,214,Healthy,89.17,0
11,27,0.0023,-0.0003,100.0,518.67,642.13,1588.96,1400.06,14.62,21.61,554.01,2388.01,9050.54,1.3,47.3,522.09,2388.05,8137.91,8.4127,0.03,393,2388,100.0,38.79,23.4566,240,213,Healthy,88.75,0
11,28,0.0015,-0.0002,100.0,518.67,642.22,1576.29,1402.92,14.62,21.61,555.28,2388.05,9045.34,1.3,47.34,522.32,2387.98,8137.94,8.4136,0.03,390,2388,100.0,38.94,23.4501,240,212,Healthy,88.33,0
11,29,0.0009,-0.0001,100.0,518.67,642.1,1582.76,1397.34,14.62,21.61,555.31,2388.04,9055.78,1.3,47.24,522.47,2387.98,8140.71,8.3926,0.03,392,2388,100.0,38.85,23.4664,240,211,Healthy,87.92,0
11,30,0.0004,-0.0003,100.0,518.67,642.01,1582.15,1400.58,14.62,21.61,553.93,2388.0,9045.93,1.3,47.33,522.85,2388.03,8132.18,8.4034,0.03,390,2388,100.0,38.89,23.5179,240,210,Healthy,87.5,0
11,31,0.0013,0.0004,100.0,518.67,642.22,1591.95,1390.69,14.62,21.61,553.69,2388.03,9050.34,1.3,47.22,522.2,2387.95,8144.5,8.4041,0.03,393,2388,100.0,39.09,23.4137,240,209,Healthy,87.08,0
11,32,-0.0001,-0.0004,100.0,518.67,641.69,1580.75,1401.48,14.62,21.61,554.41,2387.97,9061.06,1.3,47.34,522.05,2388.06,8136.73,8.4134,0.03,393,2388,100.0,38.96,23.3978,240,208,Healthy,86.67,0
11,33,-0.0032,0.0003,100.0,518.67,641.98,1584.74,1394.85,14.62,21.61,554.38,2387.99,9050.64,1.3,47.21,522.54,2388.05,8140.03,8.4162,0.03,390,2388,100.0,38.89,23.4365,240,207,Healthy,86.25,0
11,34,0.0004,-0.0001,100.0,518.67,642.91,1588.67,1396.78,14.62,21.61,554.29,2388.03,9052.25,1.3,47.2,522.66,2388.01,8139.82,8.3959,0.03,391,2388,100.0,38.97,23.4385,240,206,Healthy,85.83,0
11,35,-0.0003,-0.0005,100.0,518.67,642.19,1587.71,1402.56,14.62,21.6,554.35,2388.0,9049.16,1.3,47.15,522.64,2387.96,8133.98,8.4455,0.03,392,2388,100.0,39.14,23.44,240,205,Healthy,85.42,0
11,36,0.0001,-0.0005,100.0,518.67,641.99,1586.4,1397.55,14.62,21.61,553.86,2388.02,9055.09,1.3,47.24,521.79,2388.02,8136.82,8.388,0.03,392,2388,100.0,38.96,23.3295,240,204,Healthy,85.0,0
11,37,-0.0006,0.0001,100.0,518.67,642.18,1582.02,1392.64,14.62,21.61,554.52,2388.06,9052.78,1.3,47.16,522.52,2388.07,8136.0,8.4105,0.03,392,2388,100.0,38.96,23.3884,240,203,Healthy,84.58,0
11,38,-0.0019,0.0004,100.0,518.67,642.18,1584.35,1395.71,14.62,21.61,553.9,2387.96,9056.28,1.3,47.11,522.54,2388.04,8134.16,8.3874,0.03,393,2388,100.0,39.0,23.4518,240,202,Healthy,84.17,0
11,39,0.0024,-0.0,100.0,518.67,642.73,1581.9,1398.09,14.62,21.6,554.9,2388.04,9044.26,1.3,47.18,522.18,2388.07,8140.96,8.4254,0.03,392,2388,100.0,39.21,23.4269,240,201,Healthy,83.75,0
11,40,0.0022,-0.0001,100.0,518.67,642.26,1584.31,1400.42,14.62,21.61,554.78,2388.03,9050.94,1.3,47.39,522.45,2388.05,8137.52,8.4039,0.03,391,2388,100.0,38.85,23.4185,240,200,Healthy,83.33,0
11,41,0.0012,0.0002,100.0,518.67,641.62,1584.46,1397.41,14.62,21.61,554.26,2388.03,9055.59,1.3,47.28,522.26,2388.01,8138.82,8.3796,0.03,392,2388,100.0,39.01,23.4146,240,199,Healthy,82.92,0
11,42,0.0026,0.0001,100.0,518.67,641.41,1588.62,1400.52,14.62,21.61,553.96,2388.06,9058.15,1.3,47.24,521.81,2388.03,8140.79,8.4085,0.03,392,2388,100.0,38.96,23.3637,240,198,Healthy,82.5,0
11,43,-0.0003,-0.0005,100.0,518.67,642.38,1582.06,1399.23,14.62,21.6,553.95,2388.03,9049.98,1.3,47.18,522.15,2388.05,8134.42,8.3586,0.03,392,2388,100.0,39.02,23.4501,240,197,Healthy,82.08,0
11,44,-0.0037,-0.0,100.0,518.67,642.22,1581.61,1405.46,14.62,21.61,554.34,2388.02,9056.38,1.3,47.17,522.52,2388.03,8132.99,8.4236,0.03,391,2388,100.0,39.09,23.4477,240,196,Healthy,81.67,0
11,45,0.0011,0.0002,100.0,518.67,642.13,1576.17,1391.03,14.62,21.61,554.41,2388.08,9050.58,1.3,47.1,522.29,2388.01,8135.34,8.395,0.03,392,2388,100.0,39.18,23.4272,240,195,Healthy,81.25,0
11,46,0.0011,-0.0003,100.0,518.67,641.7,1581.5,1398.47,14.62,21.61,554.16,2387.96,9061.71,1.3,47.17,522.26,2387.98,8137.83,8.4173,0.03,392,2388,100.0,39.04,23.5197,240,194,Healthy,80.83,0
11,47,-0.0018,-0.0003,100.0,518.67,642.39,1587.17,1397.92,14.62,21.61,554.21,2388.04,9055.24,1.3,47.19,522.34,2388.03,8135.6,8.4126,0.03,393,2388,100.0,38.95,23.3655,240,193,Healthy,80.42,0
11,48,-0.0031,0.0,100.0,518.67,642.43,1589.74,1400.98,14.62,21.61,554.35,2388.01,9056.68,1.3,47.32,521.97,2388.01,8138.82,8.3858,0.03,393,2388,100.0,39.12,23.426,240,192,Healthy,80.0,0
11,49,-0.0016,-0.0002,100.0,518.67,641.96,1575.0,1399.38,14.62,21.61,554.37,2388.02,9055.62,1.3,47.27,522.86,2388.05,8135.44,8.4135,0.03,393,2388,100.0,38.98,23.477,240,191,Healthy,79.58,0
11,50,0.0022,-0.0004,100.0,518.67,642.27,1571.84,1403.6,14.62,21.61,553.75,2388.04,9060.87,1.3,47.2,521.92,2388.04,8143.91,8.4526,0.03,390,2388,100.0,39.09,23.4715,240,190,Healthy,79.17,0
12,1,0.0017,0.0003,100.0,518.67,642.39,1586.1,1402.11,14.62,21.61,554.1,2388.06,9052.13,1.3,47.54,520.94,2388.09,8130.76,8.4214,0.03,394,2388,100.0,38.78,23.2348,170,169,Healthy,99.41,0
12,2,-0.0004,0.0004,100.0,518.67,642.43,1592.56,1406.54,14.62,21.61,553.17,2388.11,9042.55,1.3,47.5,521.81,2388.12,8125.37,8.4005,0.03,393,2388,100.0,38.95,23.3202,170,168,Healthy,98.82,0
12,3,-0.0005,-0.0,100.0,518.67,642.35,1587.14,1403.33,14.62,21.61,553.6,2388.1,9033.93,1.3,47.44,521.48,2388.11,8128.94,8.4089,0.03,393,2388,100.0,38.79,23.2922,170,167,Healthy,98.24,0
12,4,-0.002,0.0004,100.0,518.67,642.5,1594.4,1409.25,14.62,21.61,552.67,2388.11,9046.28,1.3,47.54,521.43,2388.18,8124.09,8.438,0.03,392,2388,100.0,38.84,23.4524,170,166,Healthy,97.65,0
12,5,0.0064,-0.0002,100.0,518.67,642.81,1584.77,1410.35,14.62,21.61,553.07,2388.06,9045.8,1.3,47.68,521.47,2388.11,8126.65,8.4478,0.03,393,2388,100.0,39.04,23.3366,170,165,Healthy,97.06,0
12,6,0.0018,-0.0002,100.0,518.67,642.64,1586.47,1409.04,14.62,21.61,553.98,2388.09,9051.29,1.3,47.56,521.61,2388.09,8132.42,8.43,0.03,393,2388,100.0,38.86,23.2776,170,164,Healthy,96.47,0
12,7,0.0005,-0.0003,100.0,518.67,642.54,1585.61,1411.32,14.62,21.61,553.46,2388.09,9048.64,1.3,47.62,521.57,2388.1,8129.4,8.4406,0.03,392,2388,100.0,38.8,23.1772,170,163,Healthy,95.88,0
12,8,-0.003,0.0002,100.0,518.67,642.37,1590.47,1410.7,14.62,21.61,553.08,2388.12,9049.68,1.3,47.42,521.67,2388.12,8131.46,8.4247,0.03,391,2388,100.0,38.76,23.3676,170,162,Healthy,95.29,0
12,9,0.001,-0.0001,100.0,518.67,641.95,1585.75,1399.4,14.62,21.61,553.66,2388.06,9048.35,1.3,47.34,521.28,2388.14,8124.76,8.4223,0.03,393,2388,100.0,38.81,23.3485,170,161,Healthy,94.71,0
12,10,-0.0007,-0.0003,100.0,518.67,642.37,1592.2,1402.29,14.62,21.61,553.36,2388.12,9048.97,1.3,47.6,521.14,2388.07,8127.45,8.4531,0.03,392,2388,100.0,38.8,23.2907,170,160,Healthy,94.12,0
12,11,-0.001,0.0003,100.0,518.67,642.47,1592.71,1412.44,14.62,21.61,554.14,2388.16,9051.27,1.3,47.69,520.8,2388.07,8125.32,8.4125,0.03,394,2388,100.0,38.82,23.4365,170,159,Healthy,93.53,0
12,12,-0.0026,-0.0001,100.0,518.67,643.0,1581.29,1407.38,14.62,21.61,553.55,2388.18,9045.24,1.3,47.57,521.06,2388.15,8128.57,8.4162,0.03,394,2388,100.0,38.87,23.3298,170,158,Healthy,92.94,0
12,13,-0.0018,0.0003,100.0,518.67,643.31,1592.33,1405.14,14.62,21.61,553.8,2388.12,9046.7,1.3,47.49,521.54,2388.12,8125.86,8.4265,0.03,393,2388,100.0,38.86,23.2345,170,157,Healthy,92.35,0
12,14,-0.0014,-0.0004,100.0,518.67,642.94,1589.91,1408.12,14.62,21.61,553.06,2388.09,9048.72,1.3,47.35,521.11,2388.11,8129.95,8.4531,0.03,393,2388,100.0,38.82,23.3559,170,156,Healthy,91.76,0
12,15,0.0013,-0.0001,100.0,518.67,642.22,1592.95,1404.86,14.62,21.61,554.61,2388.18,9050.76,1.3,47.59,521.63,2388.1,8126.32,8.4178,0.03,393,2388,100.0,38.99,23.1797,170,155,Healthy,91.18,0
12,16,-0.0021,0.0002,100.0,518.67,642.41,1585.13,1403.71,14.62,21.61,553.97,2388.07,9046.65,1.3,47.58,521.41,2388.15,8130.86,8.4331,0.03,394,2388,100.0,38.67,23.3922,170,154,Healthy,90.59,0
12,17,-0.0008,-0.0004,100.0,518.67,642.62,1590.64,1409.69,14.62,21.61,553.95,2388.11,9045.23,1.3,47.49,521.49,2388.13,8125.47,8.4058,0.03,393,2388,100.0,38.94,23.3341,170,153,Healthy,90.0,0
12,18,-0.0049,-0.0002,100.0,518.67,642.27,1588.16,1412.6,14.62,21.61,553.81,2388.13,9044.59,1.3,47.52,521.2,2388.13,8128.62,8.4239,0.03,391,2388,100.0,38.78,23.327,170,152,Healthy,89.41,0
12,19,0.0007,0.0005,100.0,518.67,642.68,1596.79,1408.97,14.62,21.61,553.24,2388.1,9046.96,1.3,47.55,521.24,2388.14,8128.48,8.4224,0.03,393,2388,100.0,38.9,23.2769,170,151,Healthy,88.82,0
12,20,0.0002,-0.0001,100.0,518.67,642.89,1586.86,1407.65,14.62,21.61,553.67,2388.13,9046.24,1.3,47.43,521.67,2388.08,8131.33,8.4372,0.03,394,2388,100.0,39.04,23.2657,170,150,Healthy,88.24,0
12,21,0.0016,-0.0004,100.0,518.67,642.86,1594.72,1404.49,14.62,21.61,553.76,2388.13,9049.54,1.3,47.55,521.72,2388.07,8132.32,8.4298,0.03,392,2388,100.0,38.96,23.3372,170,149,Healthy,87.65,0
12,22,0.0006,-0.0003,100.0,518.67,642.81,1588.36,1409.01,14.62,21.61,554.01,2388.17,9038.25,1.3,47.54,521.84,2388.09,8123.59,8.4275,0.03,391,2388,100.0,38.87,23.253,170,148,Healthy,87.06,0
12,23,0.0012,-0.0003,100.0,518.67,642.64,1593.21,1403.92,14.62,21.61,553.35,2388.08,9045.89,1.3,47.17,521.56,2388.05,8122.02,8.4223,0.03,392,2388,100.0,39.04,23.2086,170,147,Healthy,86.47,0
12,24,0.0016,0.0003,100.0,518.67,642.74,1588.51,1407.22,14.62,21.61,553.65,2388.09,9054.16,1.3,47.48,521.38,2388.1,8126.25,8.4551,0.03,391,2388,100.0,38.84,23.3228,170,146,Healthy,85.88,0
12,25,-0.0017,0.0005,100.0,518.67,642.37,1589.24,1409.74,14.62,21.61,553.19,2388.14,9047.34,1.3,47.31,521.55,2388.12,8125.17,8.4276,0.03,392,2388,100.0,38.74,23.2553,170,145,Healthy,85.29,0
12,26,0.0001,0.0002,100.0,518.67,642.76,1581.49,1410.57,14.62,21.61,553.19,2388.13,9051.64,1.3,47.59,521.54,2388.13,8122.4,8.4273,0.03,394,2388,100.0,38.84,23.3767,170,144,Healthy,84.71,0
12,27,0.0004,0.0005,100.0,518.67,642.41,1582.28,1410.61,14.62,21.61,553.87,2388.12,9047.26,1.3,47.51,521.32,2388.1,8129.15,8.449,0.03,393,2388,100.0,39.02,23.3578,170,143,Healthy,84.12,0
12,28,-0.0007,0.0005,100.0,518.67,642.12,1590.92,1409.23,14.62,21.61,554.27,2388.1,9056.44,1.3,47.58,521.61,2388.1,8124.24,8.4467,0.03,393,2388,100.0,38.96,23.283,170,142,Healthy,83.53,0
12,29,0.0034,-0.0,100.0,518.67,642.79,1583.54,1409.43,14.62,21.61,553.21,2388.11,9047.45,1.3,47.6,521.29,2388.13,8125.26,8.4204,0.03,393,2388,100.0,38.63,23.2957,170,141,Healthy,82.94,0
12,30,-0.0016,-0.0003,100.0,518.67,642.86,1594.49,1400.58,14.62,21.61,553.52,2388.15,9048.31,1.3,47.4,521.62,2388.12,8133.57,8.4577,0.03,393,2388,100.0,38.9,23.2759,170,140,Healthy,82.35,0
12,31,-0.0004,-0.0001,100.0,518.67,642.62,1585.54,1404.71,14.62,21.61,553.64,2388.09,9043.46,1.3,47.59,521.44,2388.14,8125.29,8.4193,0.03,392,2388,100.0,38.72,23.2314,170,139,Healthy,81.76,0
12,32,0.0015,-0.0001,100.0,518.67,642.79,1596.75,1408.2,14.62,21.61,552.8,2388.06,9048.38,1.3,47.52,521.3,2388.1,8125.44,8.4478,0.03,393,2388,100.0,38.7,23.1458,170,138,Healthy,81.18,0
12,33,-0.0009,-0.0,100.0,518.67,642.41,1589.35,1406.3,14.62,21.61,553.1,2388.06,9044.7,1.3,47.51,521.33,2388.08,8123.56,8.4577,0.03,393,2388,100.0,38.94,23.3029,170,137,Healthy,80.59,0
12,34,0.0015,-0.0004,100.0,518.67,642.57,1591.88,1409.24,14.62,21.61,553.1,2388.1,9036.32,1.3,47.64,521.64,2388.14,8124.01,8.4652,0.03,394,2388,100.0,38.6,23.3334,170,136,Healthy,80.0,0
12,35,0.0021,0.0,100.0,518.67,642.79,1588.11,1407.2,14.62,21.61,553.78,2388.14,9048.56,1.3,47.46,521.68,2388.17,8131.01,8.4219,0.03,392,2388,100.0,38.79,23.2092,170,135,Healthy,79.41,0
12,36,0.003,-0.0004,100.0,518.67,642.91,1592.47,1400.78,14.62,21.61,553.33,2388.15,9045.66,1.3,47.49,521.59,2388.16,8131.97,8.4437,0.03,392,2388,100.0,38.8,23.1813,170,134,Healthy,78.82,0
12,37,0.0013,0.0003,100.0,518.67,642.41,1592.1,1410.24,14.62,21.61,553.22,2388.09,9042.92,1.3,47.62,521.66,2388.11,8123.24,8.461,0.03,393,2388,100.0,38.78,23.2468,170,133,Healthy,78.24,0
12,38,-0.0001,0.0005,100.0,518.67,642.73,1595.43,1405.1,14.62,21.61,553.41,2388.09,9048.6,1.3,47.45,521.18,2388.06,8126.77,8.4427,0.03,394,2388,100.0,38.91,23.3641,170,132,Healthy,77.65,0
12,39,-0.0002,0.0001,100.0,518.67,642.3,1590.38,1412.85,14.62,21.61,552.59,2388.1,9044.67,1.3,47.39,521.82,2388.13,8126.49,8.4596,0.03,393,2388,100.0,38.8,23.3236,170,131,Healthy,77.06,0
12,40,-0.0014,-0.0001,100.0,518.67,642.16,1587.52,1411.14,14.62,21.61,553.14,2388.15,9043.68,1.3,47.63,521.37,2388.18,8127.63,8.4713,0.03,394,2388,100.0,38.89,23.3179,170,130,Healthy,76.47,0
12,41,-0.0016,0.0004,100.0,518.67,642.17,1588.32,1412.07,14.62,21.61,553.12,2388.09,9044.54,1.3,47.52,521.75,2388.14,8124.92,8.4289,0.03,393,2388,100.0,38.82,23.2325,170,129,Healthy,75.88,0
12,42,-0.0042,0.0005,100.0,518.67,642.97,1594.0,1407.56,14.62,21.61,553.09,2388.09,9044.59,1.3,47.33,521.09,2388.1,8126.9,8.4573,0.03,394,2388,100.0,38.92,23.2672,170,128,Healthy,75.29,0
12,43,-0.0009,-0.0001,100.0,518.67,642.35,1590.12,1412.04,14.62,21.61,553.17,2388.12,9042.53,1.3,47.5,521.67,2388.16,8130.51,8.4322,0.03,393,2388,100.0,38.81,23.2876,170,127,Healthy,74.71,0
12,44,-0.0031,-0.0,100.0,518.67,642.5,1591.36,1405.39,14.62,21.61,552.98,2388.09,9042.02,1.3,47.36,521.47,2388.08,8130.19,8.4792,0.03,392,2388,100.0,38.98,23.2084,170,126,Healthy,74.12,0
12,45,-0.0018,0.0001,100.0,518.67,642.76,1598.73,1409.85,14.62,21.61,553.38,2388.13,9052.92,1.3,47.64,521.07,2388.13,8124.06,8.4452,0.03,395,2388,100.0,38.84,23.2244,170,125,Healthy,73.53,0
12,46,-0.0003,-0.0003,100.0,518.67,642.39,1595.76,1407.58,14.62,21.61,553.34,2388.14,9047.42,1.3,47.52,521.51,2388.14,8129.9,8.4562,0.03,392,2388,100.0,38.96,23.2746,170,124,Healthy,72.94,0
12,47,0.001,-0.0004,100.0,518.67,642.27,1588.92,1406.25,14.62,21.61,553.29,2388.12,9046.58,1.3,47.4,521.62,2388.11,8127.5,8.4674,0.03,392,2388,100.0,38.7,23.2926,170,123,Healthy,72.35,0
12,48,0.0001,-0.0,100.0,518.67,642.47,1588.91,1412.42,14.62,21.61,553.53,2388.13,9041.32,1.3,47.59,522.13,2388.13,8120.26,8.4539,0.03,393,2388,100.0,38.79,23.3173,170,122,Healthy,71.76,0
12,49,0.0013,0.0003,100.0,518.67,642.84,1587.07,1400.39,14.62,21.61,553.4,2388.14,9044.57,1.3,47.51,521.8,2388.16,8125.06,8.453,0.03,394,2388,100.0,38.78,23.3632,170,121,Healthy,71.18,0
12,50,0.0009,0.0004,100.0,518.67,642.19,1591.98,1409.02,14.62,21.61,554.09,2388.15,9045.83,1.3,47.45,521.52,2388.14,8121.78,8.4323,0.03,391,2388,100.0,39.0,23.3382,170,120,Early_Wear,70.59,0
13,1,-0.001,-0.0002,100.0,518.67,641.94,1594.32,1405.5,14.62,21.61,554.14,2388.07,9051.55,1.3,47.46,520.87,2388.11,8131.99,8.4393,0.03,392,2388,100.0,38.76,23.3793,163,162,Healthy,99.39,0
13,2,0.0039,-0.0,100.0,518.67,642.61,1592.31,1406.78,14.62,21.61,553.08,2388.11,9053.39,1.3,47.5,521.45,2388.08,8135.24,8.4325,0.03,393,2388,100.0,38.97,23.2731,163,161,Healthy,98.77,0
13,3,-0.0034,-0.0001,100.0,518.67,642.23,1589.66,1410.36,14.62,21.61,553.29,2388.1,9061.71,1.3,47.43,521.66,2388.1,8137.34,8.4642,0.03,393,2388,100.0,38.67,23.2775,163,160,Healthy,98.16,0
13,4,-0.0013,0.0002,100.0,518.67,642.67,1593.12,1408.66,14.62,21.61,553.71,2388.12,9047.99,1.3,47.65,521.44,2388.16,8133.29,8.4115,0.03,391,2388,100.0,38.8,23.3566,163,159,Healthy,97.55,0
13,5,-0.0018,0.0004,100.0,518.67,642.77,1589.93,1408.31,14.62,21.61,553.21,2388.08,9057.89,1.3,47.56,521.32,2388.14,8133.3,8.3731,0.03,393,2388,100.0,39.08,23.4748,163,158,Healthy,96.93,0
13,6,0.001,-0.0002,100.0,518.67,642.83,1589.25,1406.72,14.62,21.61,553.29,2388.15,9053.61,1.3,47.58,521.7,2388.1,8134.54,8.4222,0.03,392,2388,100.0,38.88,23.2899,163,157,Healthy,96.32,0
13,7,-0.0011,0.0003,100.0,518.67,642.69,1591.14,1402.15,14.62,21.61,553.16,2388.09,9057.27,1.3,47.42,521.31,2388.06,8140.95,8.43,0.03,392,2388,100.0,38.92,23.285,163,156,Healthy,95.71,0
13,8,-0.0031,0.0005,100.0,518.67,642.41,1590.39,1399.39,14.62,21.61,552.75,2388.12,9053.8,1.3,47.58,521.46,2388.12,8132.12,8.4281,0.03,393,2388,100.0,38.94,23.4308,163,155,Healthy,95.09,0
13,9,0.0028,0.0004,100.0,518.67,642.76,1589.31,1416.61,14.62,21.61,553.56,2388.1,9053.53,1.3,47.54,521.28,2388.1,8136.5,8.4141,0.03,393,2388,100.0,38.61,23.2479,163,154,Healthy,94.48,0
13,10,-0.0027,-0.0004,100.0,518.67,642.31,1594.02,1410.1,14.62,21.61,552.65,2388.08,9055.86,1.3,47.45,521.86,2388.14,8131.43,8.4321,0.03,391,2388,100.0,38.75,23.272,163,153,Healthy,93.87,0
13,11,-0.0014,0.0003,100.0,518.67,642.81,1590.74,1403.72,14.62,21.61,553.43,2388.08,9057.06,1.3,47.57,522.2,2388.1,8132.71,8.4001,0.03,394,2388,100.0,38.86,23.3338,163,152,Healthy,93.25,0
13,12,-0.0027,-0.0001,100.0,518.67,641.91,1585.92,1407.15,14.62,21.61,553.28,2388.07,9057.66,1.3,47.55,521.58,2388.09,8140.59,8.4438,0.03,394,2388,100.0,38.77,23.3329,163,151,Healthy,92.64,0
13,13,-0.001,-0.0,100.0,518.67,643.25,1599.99,1409.62,14.62,21.61,553.27,2388.13,9055.24,1.3,47.43,521.66,2388.1,8135.84,8.4336,0.03,394,2388,100.0,38.83,23.2979,163,150,Healthy,92.02,0
13,14,-0.0002,0.0004,100.0,518.67,642.22,1591.18,1409.34,14.62,21.61,553.57,2388.08,9059.89,1.3,47.5,520.85,2388.07,8139.03,8.4295,0.03,392,2388,100.0,38.9,23.2906,163,149,Healthy,91.41,0
13,15,0.0004,-0.0003,100.0,518.67,642.79,1594.09,1406.2,14.62,21.61,552.9,2388.12,9055.37,1.3,47.68,522.15,2388.06,8131.19,8.3932,0.03,391,2388,100.0,38.91,23.3631,163,148,Healthy,90.8,0
13,16,0.0028,-0.0004,100.0,518.67,642.59,1595.91,1409.0,14.62,21.61,553.08,2388.07,9052.1,1.3,47.42,521.74,2388.05,8136.84,8.4156,0.03,394,2388,100.0,38.97,23.3014,163,147,Healthy,90.18,0
13,17,0.0029,-0.0001,100.0,518.67,643.01,1593.27,1404.03,14.62,21.61,553.22,2388.09,9050.42,1.3,47.37,521.73,2388.1,8135.74,8.4232,0.03,393,2388,100.0,38.86,23.3667,163,146,Healthy,89.57,0
13,18,-0.0016,0.0005,100.0,518.67,642.08,1589.14,1405.87,14.62,21.61,553.54,2388.1,9054.2,1.3,47.4,521.54,2388.14,8129.93,8.4075,0.03,392,2388,100.0,38.77,23.3347,163,145,Healthy,88.96,0
13,19,-0.0024,-0.0002,100.0,518.67,642.47,1584.56,1408.11,14.62,21.61,553.13,2388.09,9061.64,1.3,47.48,521.39,2388.06,8131.57,8.4485,0.03,394,2388,100.0,38.82,23.3526,163,144,Healthy,88.34,0
13,20,-0.0007,0.0001,100.0,518.67,642.77,1595.46,1407.4,14.62,21.61,553.28,2388.06,9054.38,1.3,47.51,522.05,2388.11,8133.96,8.4264,0.03,392,2388,100.0,38.57,23.2427,163,143,Healthy,87.73,0
13,21,0.0007,0.0003,100.0,518.67,642.25,1581.62,1407.08,14.62,21.61,553.16,2388.06,9054.83,1.3,47.62,521.26,2388.08,8131.2,8.4389,0.03,393,2388,100.0,38.83,23.4299,163,142,Healthy,87.12,0
13,22,-0.0015,0.0001,100.0,518.67,643.02,1586.2,1407.41,14.62,21.61,553.48,2388.1,9056.62,1.3,47.46,521.56,2388.08,8138.31,8.428,0.03,392,2388,100.0,38.84,23.2634,163,141,Healthy,86.5,0
13,23,-0.0014,-0.0004,100.0,518.67,642.6,1586.29,1405.63,14.62,21.61,553.12,2388.12,9056.01,1.3,47.57,522.07,2388.14,8131.79,8.4311,0.03,392,2388,100.0,38.98,23.3116,163,140,Healthy,85.89,0
13,24,-0.0002,0.0005,100.0,518.67,642.95,1587.31,1406.29,14.62,21.61,553.75,2388.14,9051.44,1.3,47.64,521.89,2388.05,8134.74,8.4215,0.03,393,2388,100.0,38.85,23.2426,163,139,Healthy,85.28,0
13,25,0.0025,0.0003,100.0,518.67,642.1,1594.3,1407.62,14.62,21.61,553.55,2388.1,9062.26,1.3,47.51,522.5,2388.14,8131.96,8.4366,0.03,393,2388,100.0,38.86,23.3473,163,138,Healthy,84.66,0
13,26,-0.001,0.0003,100.0,518.67,642.19,1586.42,1402.94,14.62,21.61,553.7,2388.1,9063.15,1.3,47.58,521.49,2388.11,8133.23,8.4346,0.03,391,2388,100.0,38.83,23.3003,163,137,Healthy,84.05,0
13,27,0.0006,-0.0001,100.0,518.67,643.01,1590.15,1407.03,14.62,21.61,553.15,2388.07,9056.15,1.3,47.47,521.32,2388.08,8140.32,8.4475,0.03,393,2388,100.0,38.71,23.4061,163,136,Healthy,83.44,0
13,28,0.0012,-0.0003,100.0,518.67,642.56,1590.55,1406.48,14.62,21.61,553.34,2388.07,9059.63,1.3,47.6,521.73,2388.07,8139.62,8.4191,0.03,393,2388,100.0,38.84,23.2284,163,135,Healthy,82.82,0
13,29,-0.0003,0.0002,100.0,518.67,642.89,1588.97,1408.82,14.62,21.61,553.25,2388.09,9047.99,1.3,47.48,521.67,2388.08,8135.18,8.4534,0.03,394,2388,100.0,38.85,23.2946,163,134,Healthy,82.21,0
13,30,-0.0032,0.0001,100.0,518.67,642.7,1588.36,1409.6,14.62,21.61,554.31,2388.16,9057.73,1.3,47.36,521.31,2388.11,8138.11,8.4743,0.03,393,2388,100.0,38.87,23.3169,163,133,Healthy,81.6,0
13,31,-0.0015,0.0002,100.0,518.67,642.3,1590.98,1404.89,14.62,21.61,553.89,2388.05,9058.44,1.3,47.44,521.85,2388.11,8137.52,8.4644,0.03,393,2388,100.0,38.82,23.2797,163,132,Healthy,80.98,0
13,32,-0.001,0.0002,100.0,518.67,642.75,1589.12,1405.37,14.62,21.61,553.72,2388.09,9053.01,1.3,47.44,521.54,2388.08,8136.49,8.4316,0.03,393,2388,100.0,38.93,23.2791,163,131,Healthy,80.37,0
13,33,-0.0,0.0002,100.0,518.67,642.48,1588.69,1406.37,14.62,21.61,552.64,2388.1,9057.65,1.3,47.49,521.57,2388.11,8139.33,8.4294,0.03,394,2388,100.0,38.82,23.349,163,130,Healthy,79.75,0
13,34,-0.0007,0.0003,100.0,518.67,642.35,1590.06,1409.85,14.62,21.61,553.9,2388.09,9061.24,1.3,47.5,521.78,2388.1,8132.94,8.4597,0.03,393,2388,100.0,38.92,23.3717,163,129,Healthy,79.14,0
13,35,-0.0013,-0.0004,100.0,518.67,642.61,1589.91,1401.64,14.62,21.61,553.08,2388.09,9051.13,1.3,47.38,521.19,2388.08,8135.18,8.4422,0.03,393,2388,100.0,38.84,23.3348,163,128,Healthy,78.53,0
13,36,-0.0034,-0.0,100.0,518.67,642.58,1586.23,1403.92,14.62,21.61,553.5,2388.1,9047.89,1.3,47.58,521.44,2388.15,8131.74,8.4509,0.03,393,2388,100.0,38.92,23.383,163,127,Healthy,77.91,0
13,37,-0.0041,0.0002,100.0,518.67,642.68,1582.58,1412.44,14.62,21.61,553.58,2388.06,9050.5,1.3,47.48,521.86,2388.07,8132.14,8.4326,0.03,392,2388,100.0,38.74,23.1862,163,126,Healthy,77.3,0
13,38,0.0001,0.0004,100.0,518.67,642.69,1593.33,1406.92,14.62,21.61,553.62,2388.13,9049.92,1.3,47.7,521.55,2388.09,8135.67,8.4576,0.03,393,2388,100.0,39.07,23.2141,163,125,Healthy,76.69,0
13,39,-0.0005,-0.0003,100.0,518.67,642.63,1581.24,1403.8,14.62,21.61,553.23,2388.03,9053.6,1.3,47.5,521.63,2388.05,8140.86,8.4236,0.03,392,2388,100.0,38.94,23.343,163,124,Healthy,76.07,0
13,40,0.0013,0.0004,100.0,518.67,641.99,1585.55,1411.86,14.62,21.61,553.69,2388.13,9062.62,1.3,47.41,521.68,2388.12,8134.21,8.4448,0.03,393,2388,100.0,38.55,23.3491,163,123,Healthy,75.46,0
13,41,-0.0007,0.0002,100.0,518.67,642.23,1588.43,1403.07,14.62,21.61,553.26,2388.1,9057.22,1.3,47.58,521.82,2388.1,8137.55,8.4804,0.03,393,2388,100.0,38.92,23.3163,163,122,Healthy,74.85,0
13,42,0.0023,-0.0004,100.0,518.67,642.86,1588.03,1407.81,14.62,21.61,553.52,2388.11,9061.57,1.3,47.52,521.91,2388.09,8135.86,8.4216,0.03,393,2388,100.0,38.8,23.2903,163,121,Healthy,74.23,0
13,43,-0.0017,-0.0,100.0,518.67,642.66,1590.78,1407.9,14.62,21.61,553.64,2388.1,9056.2,1.3,47.39,521.26,2388.1,8137.72,8.4378,0.03,394,2388,100.0,38.81,23.3655,163,120,Early_Wear,73.62,0
13,44,0.0024,0.0001,100.0,518.67,642.45,1590.56,1412.61,14.62,21.61,553.88,2388.07,9055.21,1.3,47.59,521.3,2388.04,8136.66,8.4059,0.03,394,2388,100.0,38.94,23.3218,163,119,Early_Wear,73.01,0
13,45,0.0016,0.0001,100.0,518.67,642.77,1588.23,1410.44,14.62,21.61,553.99,2388.1,9057.0,1.3,47.51,521.42,2388.12,8136.03,8.4185,0.03,391,2388,100.0,38.7,23.3342,163,118,Early_Wear,72.39,0
13,46,0.0041,-0.0004,100.0,518.67,642.86,1584.07,1409.85,14.62,21.61,553.12,2388.09,9045.6,1.3,47.58,521.3,2388.07,8136.97,8.418,0.03,393,2388,100.0,38.9,23.305,163,117,Early_Wear,71.78,0
13,47,-0.0019,0.0004,100.0,518.67,642.14,1594.3,1402.37,14.62,21.61,553.34,2388.07,9057.28,1.3,47.35,521.81,2388.11,8139.45,8.4108,0.03,394,2388,100.0,38.74,23.3972,163,116,Early_Wear,71.17,0
13,48,-0.0026,-0.0,100.0,518.67,642.85,1594.55,1406.57,14.62,21.61,553.8,2388.09,9063.15,1.3,47.57,521.28,2388.13,8131.54,8.4592,0.03,393,2388,100.0,38.96,23.3012,163,115,Early_Wear,70.55,0
13,49,-0.0027,-0.0004,100.0,518.67,642.91,1584.16,1409.84,14.62,21.61,553.06,2388.1,9062.76,1.3,47.65,521.3,2388.14,8139.96,8.4155,0.03,395,2388,100.0,38.65,23.2812,163,114,Early_Wear,69.94,0
13,50,-0.0013,0.0,100.0,518.67,642.89,1592.76,1409.34,14.62,21.61,553.74,2388.11,9053.83,1.3,47.61,521.04,2388.09,8134.3,8.436,0.03,394,2388,100.0,38.67,23.2642,163,113,Early_Wear,69.33,0
14,1,0.0031,0.0005,100.0,518.67,642.88,1587.54,1403.23,14.62,21.61,552.82,2388.09,9058.57,1.3,47.46,521.6,2388.09,8137.36,8.4549,0.03,392,2388,100.0,38.8,23.2687,180,179,Healthy,99.44,0
14,2,-0.0013,-0.0,100.0,518.67,642.88,1590.81,1411.67,14.62,21.61,553.85,2388.11,9055.07,1.3,47.43,521.44,2388.07,8141.56,8.4449,0.03,393,2388,100.0,38.91,23.3892,180,178,Healthy,98.89,0
14,3,0.0012,0.0001,100.0,518.67,642.57,1589.04,1407.39,14.62,21.61,553.5,2388.1,9062.75,1.3,47.61,521.85,2388.04,8140.02,8.4161,0.03,393,2388,100.0,38.9,23.1882,180,177,Healthy,98.33,0
14,4,-0.0004,0.0002,100.0,518.67,643.18,1593.24,1408.2,14.62,21.61,553.41,2388.1,9056.91,1.3,47.54,521.17,2388.12,8138.78,8.4396,0.03,393,2388,100.0,38.87,23.2598,180,176,Healthy,97.78,0
14,5,-0.0001,-0.0001,100.0,518.67,642.38,1590.53,1407.83,14.62,21.61,553.57,2388.12,9057.83,1.3,47.54,521.05,2388.09,8142.3,8.4802,0.03,393,2388,100.0,39.06,23.3189,180,175,Healthy,97.22,0
14,6,-0.0016,0.0003,100.0,518.67,642.42,1588.53,1406.54,14.62,21.61,553.79,2388.14,9059.66,1.3,47.27,521.66,2388.09,8147.72,8.4172,0.03,394,2388,100.0,38.91,23.3354,180,174,Healthy,96.67,0
14,7,0.0021,0.0004,100.0,518.67,642.47,1591.83,1404.6,14.62,21.61,553.38,2388.12,9058.61,1.3,47.37,521.67,2388.1,8142.97,8.4311,0.03,394,2388,100.0,38.88,23.429,180,173,Healthy,96.11,0
14,8,-0.0022,-0.0001,100.0,518.67,642.26,1595.78,1403.33,14.62,21.61,553.65,2388.14,9055.67,1.3,47.47,521.33,2388.13,8139.21,8.4473,0.03,394,2388,100.0,38.83,23.3932,180,172,Healthy,95.56,0
14,9,-0.0003,0.0005,100.0,518.67,642.62,1586.54,1408.97,14.62,21.61,553.88,2388.07,9061.36,1.3,47.26,521.33,2388.07,8142.2,8.438,0.03,393,2388,100.0,38.63,23.2255,180,171,Healthy,95.0,0
14,10,-0.0,-0.0003,100.0,518.67,642.64,1586.29,1413.81,14.62,21.61,554.64,2388.1,9061.74,1.3,47.17,521.87,2388.12,8138.49,8.4202,0.03,394,2388,100.0,38.94,23.3552,180,170,Healthy,94.44,0
14,11,0.0008,-0.0005,100.0,518.67,642.64,1592.1,1402.62,14.62,21.61,553.63,2388.05,9064.29,1.3,47.44,521.72,2388.13,8140.28,8.4274,0.03,394,2388,100.0,38.82,23.2255,180,169,Healthy,93.89,0
14,12,0.0038,0.0004,100.0,518.67,642.3,1592.85,1407.39,14.62,21.61,552.55,2388.13,9057.69,1.3,47.49,521.84,2388.07,8137.4,8.4021,0.03,395,2388,100.0,38.93,23.1847,180,168,Healthy,93.33,0
14,13,0.003,-0.0004,100.0,518.67,642.75,1589.15,1409.72,14.62,21.61,553.58,2388.16,9059.01,1.3,47.8,521.63,2388.09,8141.51,8.4407,0.03,394,2388,100.0,38.78,23.3103,180,167,Healthy,92.78,0
14,14,0.0025,-0.0005,100.0,518.67,642.4,1589.03,1406.46,14.62,21.61,553.2,2388.08,9058.77,1.3,47.43,521.59,2388.06,8140.28,8.4318,0.03,392,2388,100.0,38.82,23.2624,180,166,Healthy,92.22,0
14,15,0.0008,0.0,100.0,518.67,642.84,1586.6,1407.27,14.62,21.61,553.38,2388.05,9059.64,1.3,47.63,521.63,2388.16,8134.56,8.4218,0.03,394,2388,100.0,38.95,23.3988,180,165,Healthy,91.67,0
14,16,0.0021,-0.0003,100.0,518.67,642.43,1584.07,1405.92,14.62,21.61,553.53,2388.12,9052.41,1.3,47.54,521.72,2388.07,8138.77,8.4326,0.03,395,2388,100.0,38.94,23.3217,180,164,Healthy,91.11,0
14,17,-0.0022,-0.0005,100.0,518.67,642.56,1593.7,1396.55,14.62,21.61,552.92,2388.11,9050.59,1.3,47.56,521.26,2388.1,8140.49,8.4495,0.03,394,2388,100.0,38.92,23.2859,180,163,Healthy,90.56,0
14,18,-0.0021,0.0002,100.0,518.67,642.66,1587.51,1406.41,14.62,21.61,554.08,2388.1,9048.91,1.3,47.47,521.56,2388.08,8139.42,8.4212,0.03,392,2388,100.0,38.77,23.3168,180,162,Healthy,90.0,0
14,19,0.0025,-0.0,100.0,518.67,642.54,1591.13,1406.7,14.62,21.61,553.96,2388.11,9060.99,1.3,47.62,521.3,2388.07,8140.25,8.4424,0.03,391,2388,100.0,38.93,23.2043,180,161,Healthy,89.44,0
14,20,0.0001,-0.0002,100.0,518.67,642.65,1589.79,1407.12,14.62,21.61,553.24,2388.1,9060.2,1.3,47.45,521.44,2388.07,8133.81,8.394,0.03,393,2388,100.0,38.97,23.2942,180,160,Healthy,88.89,0
14,21,-0.0014,-0.0003,100.0,518.67,642.31,1585.18,1417.39,14.62,21.61,554.54,2388.12,9055.23,1.3,47.55,521.97,2388.12,8132.92,8.4251,0.03,393,2388,100.0,39.01,23.419,180,159,Healthy,88.33,0
14,22,0.0001,-0.0005,100.0,518.67,642.03,1589.16,1405.64,14.62,21.61,553.06,2388.11,9062.86,1.3,47.42,521.12,2388.12,8137.94,8.4183,0.03,394,2388,100.0,38.71,23.3975,180,158,Healthy,87.78,0
14,23,-0.0002,0.0001,100.0,518.67,642.93,1595.08,1409.33,14.62,21.61,553.12,2388.1,9063.13,1.3,47.63,521.58,2388.08,8138.47,8.46,0.03,392,2388,100.0,38.77,23.2435,180,157,Healthy,87.22,0
14,24,-0.0018,0.0003,100.0,518.67,642.63,1589.49,1412.8,14.62,21.61,553.67,2388.08,9064.67,1.3,47.5,521.67,2388.09,8138.32,8.4272,0.03,394,2388,100.0,38.92,23.2356,180,156,Healthy,86.67,0
14,25,-0.0006,-0.0001,100.0,518.67,642.26,1588.91,1409.97,14.62,21.61,553.4,2388.06,9059.0,1.3,47.44,520.82,2388.06,8135.34,8.4329,0.03,394,2388,100.0,38.84,23.3075,180,155,Healthy,86.11,0
14,26,0.0011,0.0004,100.0,518.67,642.74,1590.78,1407.04,14.62,21.61,554.08,2388.08,9056.2,1.3,47.47,521.76,2388.14,8138.29,8.4652,0.03,392,2388,100.0,38.83,23.2542,180,154,Healthy,85.56,0
14,27,0.0003,0.0002,100.0,518.67,642.61,1583.36,1406.8,14.62,21.61,553.47,2388.11,9061.27,1.3,47.5,521.39,2388.16,8141.91,8.4409,0.03,392,2388,100.0,38.87,23.3583,180,153,Healthy,85.0,0
14,28,0.0,-0.0001,100.0,518.67,643.21,1591.82,1409.04,14.62,21.61,554.03,2388.12,9057.41,1.3,47.44,521.86,2388.11,8146.12,8.4266,0.03,391,2388,100.0,38.71,23.3203,180,152,Healthy,84.44,0
14,29,0.002,-0.0002,100.0,518.67,642.92,1583.32,1406.08,14.62,21.61,553.4,2388.09,9058.04,1.3,47.42,521.19,2388.17,8137.37,8.4098,0.03,394,2388,100.0,38.98,23.4181,180,151,Healthy,83.89,0
14,30,0.0013,-0.0002,100.0,518.67,643.11,1589.3,1413.34,14.62,21.61,553.3,2388.09,9057.51,1.3,47.51,522.05,2388.09,8140.85,8.3914,0.03,393,2388,100.0,38.82,23.274,180,150,Healthy,83.33,0
14,31,0.0011,-0.0003,100.0,518.67,642.83,1593.13,1391.4,14.62,21.61,553.38,2388.1,9061.02,1.3,47.58,521.67,2388.11,8141.75,8.4401,0.03,392,2388,100.0,39.09,23.3422,180,149,Healthy,82.78,0
14,32,0.0043,-0.0003,100.0,518.67,642.35,1589.81,1409.75,14.62,21.61,552.85,2388.11,9062.39,1.3,47.55,521.89,2388.13,8139.32,8.4473,0.03,392,2388,100.0,38.79,23.4354,180,148,Healthy,82.22,0
14,33,-0.0003,0.0001,100.0,518.67,642.49,1585.59,1413.07,14.62,21.61,554.05,2388.1,9059.82,1.3,47.39,521.73,2388.13,8141.55,8.4325,0.03,395,2388,100.0,38.81,23.2476,180,147,Healthy,81.67,0
14,34,-0.0017,0.0002,100.0,518.67,642.62,1592.83,1407.9,14.62,21.61,553.71,2388.06,9061.47,1.3,47.59,521.7,2388.07,8137.26,8.4299,0.03,394,2388,100.0,38.87,23.3331,180,146,Healthy,81.11,0
14,35,0.0015,-0.0002,100.0,518.67,642.9,1599.38,1408.93,14.62,21.61,553.72,2388.13,9061.49,1.3,47.45,521.37,2388.05,8135.89,8.4524,0.03,395,2388,100.0,38.82,23.3082,180,145,Healthy,80.56,0
14,36,-0.0,0.0003,100.0,518.67,642.84,1592.8,1403.36,14.62,21.61,553.39,2388.08,9055.06,1.3,47.63,522.09,2388.12,8142.16,8.4708,0.03,393,2388,100.0,38.92,23.3096,180,144,Healthy,80.0,0
14,37,0.0042,-0.0003,100.0,518.67,642.66,1588.87,1403.89,14.62,21.61,553.96,2388.05,9059.4,1.3,47.46,521.42,2388.09,8137.29,8.4503,0.03,394,2388,100.0,38.7,23.2441,180,143,Healthy,79.44,0
14,38,-0.003,0.0001,100.0,518.67,642.61,1588.61,1408.78,14.62,21.61,553.41,2388.11,9048.76,1.3,47.69,521.56,2388.07,8143.57,8.4549,0.03,392,2388,100.0,38.55,23.4042,180,142,Healthy,78.89,0
14,39,-0.0013,0.0,100.0,518.67,642.82,1590.87,1414.24,14.62,21.61,553.11,2388.05,9062.06,1.3,47.42,521.69,2388.02,8144.25,8.4383,0.03,393,2388,100.0,38.75,23.2768,180,141,Healthy,78.33,0
14,40,0.0027,-0.0001,100.0,518.67,642.8,1588.46,1406.36,14.62,21.61,552.83,2388.12,9058.72,1.3,47.42,521.53,2388.1,8139.24,8.4502,0.03,394,2388,100.0,38.89,23.2606,180,140,Healthy,77.78,0
14,41,0.0012,0.0004,100.0,518.67,642.73,1587.33,1407.09,14.62,21.61,553.72,2388.12,9061.33,1.3,47.68,521.87,2388.15,8136.29,8.4475,0.03,393,2388,100.0,38.59,23.2079,180,139,Healthy,77.22,0
14,42,0.0016,0.0002,100.0,518.67,642.46,1593.53,1403.68,14.62,21.61,553.85,2388.06,9052.39,1.3,47.62,521.36,2388.13,8134.76,8.4695,0.03,394,2388,100.0,38.77,23.3076,180,138,Healthy,76.67,0
14,43,-0.0007,-0.0003,100.0,518.67,642.68,1587.17,1405.54,14.62,21.61,553.36,2388.09,9055.04,1.3,47.69,521.55,2388.14,8139.23,8.4323,0.03,392,2388,100.0,38.58,23.2188,180,137,Healthy,76.11,0
14,44,-0.002,0.0003,100.0,518.67,642.94,1589.81,1406.23,14.62,21.61,553.71,2388.1,9063.14,1.3,47.49,521.25,2388.11,8138.57,8.4431,0.03,392,2388,100.0,38.89,23.2996,180,136,Healthy,75.56,0
14,45,0.001,0.0004,100.0,518.67,643.14,1587.64,1405.8,14.62,21.61,553.88,2388.09,9056.59,1.3,47.53,521.06,2388.14,8143.86,8.458,0.03,393,2388,100.0,38.95,23.2552,180,135,Healthy,75.0,0
14,46,-0.0027,-0.0002,100.0,518.67,642.91,1589.98,1402.73,14.62,21.61,553.76,2388.12,9056.86,1.3,47.4,521.27,2388.09,8145.62,8.446,0.03,392,2388,100.0,38.96,23.4121,180,134,Healthy,74.44,0
14,47,-0.0006,-0.0001,100.0,518.67,642.36,1587.09,1407.12,14.62,21.61,552.85,2388.14,9063.61,1.3,47.41,521.16,2388.11,8144.15,8.4292,0.03,392,2388,100.0,38.96,23.23,180,133,Healthy,73.89,0
14,48,0.0025,-0.0003,100.0,518.67,643.12,1589.57,1407.11,14.62,21.61,553.79,2388.11,9052.97,1.3,47.56,521.49,2388.1,8137.87,8.4455,0.03,393,2388,100.0,38.65,23.2029,180,132,Healthy,73.33,0
14,49,0.0017,0.0,100.0,518.67,642.84,1590.48,1411.61,14.62,21.61,552.88,2388.11,9068.98,1.3,47.62,521.42,2388.13,8145.41,8.4538,0.03,392,2388,100.0,38.84,23.2645,180,131,Healthy,72.78,0
14,50,-0.003,0.0003,100.0,518.67,642.69,1583.55,1403.85,14.62,21.61,553.57,2388.1,9062.23,1.3,47.45,521.28,2388.11,8140.91,8.411,0.03,394,2388,100.0,38.82,23.3887,180,130,Healthy,72.22,0
15,1,-0.0018,-0.0004,100.0,518.67,642.0,1576.75,1394.77,14.62,21.61,554.97,2388.02,9055.94,1.3,46.98,522.88,2388.0,8142.23,8.4102,0.03,391,2388,100.0,38.87,23.3903,207,206,Healthy,99.52,0
15,2,0.0004,0.0004,100.0,518.67,642.14,1588.84,1394.27,14.62,21.61,554.18,2387.98,9066.05,1.3,47.08,522.82,2388.05,8142.66,8.4101,0.03,392,2388,100.0,39.12,23.4014,207,205,Healthy,99.03,0
15,3,-0.002,-0.0001,100.0,518.67,642.05,1581.96,1395.53,14.62,21.61,554.55,2388.01,9053.7,1.3,47.18,522.62,2387.99,8140.42,8.3922,0.03,391,2388,100.0,38.89,23.4291,207,204,Healthy,98.55,0
15,4,-0.0015,-0.0001,100.0,518.67,641.97,1587.35,1393.24,14.62,21.61,554.75,2387.96,9053.73,1.3,46.92,522.67,2388.0,8140.5,8.4142,0.03,392,2388,100.0,39.12,23.4905,207,203,Healthy,98.07,0
15,5,0.0014,-0.0003,100.0,518.67,642.33,1584.7,1392.44,14.62,21.6,554.72,2388.07,9056.97,1.3,47.34,523.02,2388.0,8142.05,8.3915,0.03,390,2388,100.0,39.09,23.4482,207,202,Healthy,97.58,0
15,6,-0.0006,-0.0003,100.0,518.67,641.81,1586.84,1395.7,14.62,21.61,554.47,2387.97,9061.09,1.3,47.15,522.62,2387.98,8141.56,8.3864,0.03,391,2388,100.0,39.14,23.5058,207,201,Healthy,97.1,0
15,7,0.0027,-0.0005,100.0,518.67,642.41,1582.35,1393.78,14.62,21.61,553.71,2388.02,9060.13,1.3,47.3,522.29,2387.94,8144.41,8.3942,0.03,392,2388,100.0,39.26,23.4558,207,200,Healthy,96.62,0
15,8,0.0003,-0.0,100.0,518.67,642.41,1582.04,1395.75,14.62,21.61,554.93,2387.97,9058.95,1.3,47.35,522.26,2387.97,8144.91,8.3968,0.03,391,2388,100.0,38.96,23.3113,207,199,Healthy,96.14,0
15,9,0.0022,-0.0005,100.0,518.67,642.0,1580.24,1397.41,14.62,21.6,554.99,2388.09,9055.75,1.3,47.01,522.14,2387.99,8136.59,8.3748,0.03,392,2388,100.0,39.16,23.486,207,198,Healthy,95.65,0
15,10,-0.0006,-0.0002,100.0,518.67,642.26,1584.19,1396.7,14.62,21.61,554.77,2387.94,9061.57,1.3,47.11,522.44,2388.03,8144.92,8.4223,0.03,391,2388,100.0,38.9,23.371,207,197,Healthy,95.17,0
15,11,-0.0023,-0.0002,100.0,518.67,641.9,1585.36,1390.35,14.62,21.61,554.74,2388.0,9055.34,1.3,47.11,522.54,2388.01,8141.67,8.3967,0.03,390,2388,100.0,39.19,23.4066,207,196,Healthy,94.69,0
15,12,-0.0016,-0.0005,100.0,518.67,642.11,1582.54,1402.78,14.62,21.6,555.21,2388.01,9049.29,1.3,47.1,522.38,2387.95,8139.11,8.3678,0.03,392,2388,100.0,39.1,23.3218,207,195,Healthy,94.2,0
15,13,0.0015,-0.0003,100.0,518.67,642.21,1581.36,1395.44,14.62,21.6,555.21,2388.03,9056.72,1.3,47.23,522.53,2388.01,8142.24,8.4029,0.03,392,2388,100.0,39.01,23.4324,207,194,Healthy,93.72,0
15,14,0.0015,-0.0002,100.0,518.67,641.66,1581.98,1400.45,14.62,21.61,554.01,2387.96,9058.73,1.3,47.22,522.08,2388.04,8140.28,8.3826,0.03,391,2388,100.0,39.03,23.5056,207,193,Healthy,93.24,0
15,15,-0.002,-0.0001,100.0,518.67,642.01,1585.44,1401.33,14.62,21.61,554.81,2387.98,9057.64,1.3,47.06,522.39,2387.99,8135.05,8.3603,0.03,392,2388,100.0,38.86,23.3726,207,192,Healthy,92.75,0
15,16,0.0011,0.0004,100.0,518.67,641.71,1579.91,1406.45,14.62,21.61,554.47,2387.95,9056.07,1.3,47.16,522.54,2388.04,8137.87,8.3792,0.03,391,2388,100.0,39.01,23.5067,207,191,Healthy,92.27,0
15,17,0.0009,0.0001,100.0,518.67,641.81,1581.88,1392.92,14.62,21.61,555.16,2387.97,9057.4,1.3,47.12,522.21,2388.03,8144.71,8.3948,0.03,390,2388,100.0,39.01,23.4125,207,190,Healthy,91.79,0
15,18,-0.0042,0.0005,100.0,518.67,641.86,1579.26,1390.03,14.62,21.61,554.27,2387.98,9060.55,1.3,47.14,522.77,2387.98,8137.89,8.3908,0.03,392,2388,100.0,39.11,23.4096,207,189,Healthy,91.3,0
15,19,-0.0029,0.0,100.0,518.67,642.2,1590.89,1391.23,14.62,21.61,555.09,2387.96,9054.19,1.3,47.2,521.77,2387.98,8139.13,8.3592,0.03,392,2388,100.0,38.94,23.4053,207,188,Healthy,90.82,0
15,20,-0.0027,0.0003,100.0,518.67,641.73,1583.08,1392.71,14.62,21.61,554.48,2388.0,9063.05,1.3,47.17,522.94,2388.02,8143.76,8.4075,0.03,391,2388,100.0,39.02,23.4697,207,187,Healthy,90.34,0
15,21,0.0002,0.0003,100.0,518.67,642.51,1576.58,1395.29,14.62,21.6,554.48,2387.98,9056.38,1.3,47.14,522.62,2388.01,8144.26,8.3991,0.03,392,2388,100.0,39.0,23.4136,207,186,Healthy,89.86,0
15,22,-0.0012,0.0001,100.0,518.67,641.84,1578.51,1396.75,14.62,21.61,554.36,2388.0,9063.28,1.3,47.2,522.28,2388.0,8139.67,8.4158,0.03,391,2388,100.0,39.0,23.3403,207,185,Healthy,89.37,0
15,23,-0.0007,0.0004,100.0,518.67,641.96,1577.75,1395.0,14.62,21.61,554.54,2388.03,9058.67,1.3,47.19,522.05,2388.01,8143.08,8.3967,0.03,392,2388,100.0,39.0,23.4621,207,184,Healthy,88.89,0
15,24,0.0016,0.0002,100.0,518.67,642.45,1589.29,1397.04,14.62,21.6,555.26,2387.97,9045.91,1.3,47.11,522.87,2388.0,8142.61,8.3978,0.03,392,2388,100.0,39.03,23.4335,207,183,Healthy,88.41,0
15,25,-0.0006,-0.0002,100.0,518.67,642.4,1587.75,1398.65,14.62,21.61,555.19,2388.03,9056.4,1.3,47.17,522.68,2388.04,8138.16,8.4046,0.03,391,2388,100.0,39.13,23.4505,207,182,Healthy,87.92,0
15,26,0.0015,-0.0,100.0,518.67,642.17,1582.05,1397.76,14.62,21.61,554.7,2388.01,9058.25,1.3,46.99,522.62,2387.99,8142.24,8.3955,0.03,392,2388,100.0,39.12,23.3932,207,181,Healthy,87.44,0
15,27,-0.0011,-0.0001,100.0,518.67,642.07,1588.41,1406.57,14.62,21.61,554.82,2388.07,9052.26,1.3,47.19,522.23,2388.01,8139.01,8.417,0.03,390,2388,100.0,38.99,23.3395,207,180,Healthy,86.96,0
15,28,-0.0028,0.0,100.0,518.67,641.91,1589.8,1392.82,14.62,21.61,555.27,2388.02,9059.8,1.3,47.13,523.05,2387.99,8141.19,8.3697,0.03,391,2388,100.0,39.11,23.4034,207,179,Healthy,86.47,0
15,29,0.0052,0.0003,100.0,518.67,641.79,1582.38,1389.69,14.62,21.61,554.7,2387.98,9054.31,1.3,47.29,522.58,2387.99,8142.6,8.3781,0.03,392,2388,100.0,38.86,23.3724,207,178,Healthy,85.99,0
15,30,-0.0004,-0.0003,100.0,518.67,642.24,1574.15,1396.49,14.62,21.61,555.14,2388.0,9054.65,1.3,47.06,523.06,2388.03,8143.79,8.3799,0.03,392,2388,100.0,39.27,23.3407,207,177,Healthy,85.51,0
15,31,0.0004,-0.0004,100.0,518.67,641.99,1580.38,1402.78,14.62,21.61,554.33,2388.02,9061.92,1.3,47.37,522.74,2388.04,8139.69,8.406,0.03,392,2388,100.0,39.03,23.4515,207,176,Healthy,85.02,0
15,32,0.0006,0.0,100.0,518.67,642.14,1584.56,1396.39,14.62,21.61,553.74,2388.01,9059.11,1.3,47.29,522.27,2388.03,8142.29,8.3852,0.03,391,2388,100.0,39.0,23.4328,207,175,Healthy,84.54,0
15,33,-0.0003,-0.0,100.0,518.67,642.11,1584.96,1397.69,14.62,21.61,553.97,2388.03,9063.17,1.3,47.16,522.4,2388.04,8143.83,8.3959,0.03,393,2388,100.0,39.09,23.4391,207,174,Healthy,84.06,0
15,34,0.0013,-0.0002,100.0,518.67,641.85,1590.39,1392.99,14.62,21.6,554.58,2388.01,9065.45,1.3,47.25,522.48,2387.98,8143.72,8.3996,0.03,392,2388,100.0,38.94,23.3261,207,173,Healthy,83.57,0
15,35,-0.0011,0.0001,100.0,518.67,642.41,1583.28,1402.65,14.62,21.61,554.62,2388.0,9061.89,1.3,47.11,522.24,2388.02,8142.36,8.3939,0.03,392,2388,100.0,39.09,23.4322,207,172,Healthy,83.09,0
15,36,0.0039,-0.0001,100.0,518.67,642.56,1591.33,1396.09,14.62,21.61,554.41,2388.0,9047.42,1.3,47.05,522.92,2387.98,8141.95,8.3603,0.03,391,2388,100.0,38.97,23.454,207,171,Healthy,82.61,0
15,37,0.0018,0.0,100.0,518.67,641.95,1589.69,1394.87,14.62,21.61,555.23,2388.06,9057.95,1.3,47.27,522.26,2388.05,8145.38,8.3612,0.03,392,2388,100.0,38.92,23.4714,207,170,Healthy,82.13,0
15,38,0.0055,-0.0,100.0,518.67,641.98,1580.82,1397.0,14.62,21.61,555.54,2387.96,9062.02,1.3,47.09,522.98,2388.03,8145.89,8.3884,0.03,392,2388,100.0,39.22,23.4945,207,169,Healthy,81.64,0
15,39,0.0006,0.0003,100.0,518.67,642.01,1587.69,1393.64,14.62,21.61,554.4,2388.02,9060.02,1.3,47.16,522.43,2387.96,8139.23,8.4369,0.03,391,2388,100.0,38.98,23.3673,207,168,Healthy,81.16,0
15,40,0.0004,-0.0002,100.0,518.67,642.5,1584.58,1398.07,14.62,21.61,554.13,2387.97,9058.56,1.3,47.13,522.12,2387.98,8143.52,8.4109,0.03,391,2388,100.0,39.07,23.369,207,167,Healthy,80.68,0
15,41,-0.0017,0.0002,100.0,518.67,641.96,1583.84,1393.26,14.62,21.61,554.32,2387.99,9056.63,1.3,47.23,522.11,2387.96,8138.11,8.4012,0.03,392,2388,100.0,39.0,23.4862,207,166,Healthy,80.19,0
15,42,0.0022,-0.0002,100.0,518.67,642.57,1584.18,1393.0,14.62,21.61,554.81,2388.0,9058.1,1.3,47.01,522.99,2388.01,8137.45,8.3769,0.03,391,2388,100.0,38.98,23.3555,207,165,Healthy,79.71,0
15,43,-0.0041,-0.0001,100.0,518.67,642.51,1585.4,1395.43,14.62,21.61,554.85,2388.08,9056.86,1.3,47.23,522.39,2387.96,8148.38,8.4141,0.03,392,2388,100.0,39.1,23.445,207,164,Healthy,79.23,0
15,44,-0.003,0.0003,100.0,518.67,642.18,1581.48,1393.57,14.62,21.61,555.01,2387.99,9055.16,1.3,47.04,521.99,2388.04,8139.83,8.4089,0.03,392,2388,100.0,39.08,23.4563,207,163,Healthy,78.74,0
15,45,-0.0002,0.0,100.0,518.67,642.26,1580.47,1395.59,14.62,21.61,554.99,2388.01,9057.82,1.3,47.03,521.96,2387.99,8141.59,8.4198,0.03,391,2388,100.0,38.95,23.3652,207,162,Healthy,78.26,0
15,46,0.0002,0.0002,100.0,518.67,642.15,1580.58,1407.34,14.62,21.61,554.3,2388.01,9051.12,1.3,47.0,521.84,2388.01,8138.59,8.4182,0.03,391,2388,100.0,39.16,23.4855,207,161,Healthy,77.78,0
15,47,-0.0007,0.0004,100.0,518.67,641.74,1593.18,1396.56,14.62,21.61,553.37,2388.01,9059.45,1.3,47.48,522.16,2388.01,8140.59,8.3926,0.03,390,2388,100.0,39.06,23.3375,207,160,Healthy,77.29,0
15,48,0.0013,-0.0003,100.0,518.67,642.23,1581.61,1395.42,14.62,21.6,554.36,2387.98,9054.29,1.3,47.17,522.12,2387.99,8143.5,8.4052,0.03,391,2388,100.0,39.09,23.4105,207,159,Healthy,76.81,0
15,49,0.0007,-0.0005,100.0,518.67,641.74,1584.85,1395.15,14.62,21.61,555.46,2388.0,9062.59,1.3,47.34,521.98,2388.02,8140.04,8.4285,0.03,392,2388,100.0,38.87,23.4577,207,158,Healthy,76.33,0
15,50,-0.0021,-0.0002,100.0,518.67,642.26,1583.47,1403.78,14.62,21.61,554.72,2388.0,9059.06,1.3,47.22,522.39,2388.02,8141.22,8.3897,0.03,393,2388,100.0,39.07,23.4351,207,157,Healthy,75.85,0
16,1,0.0004,0.0002,100.0,518.67,642.9,1583.42,1411.32,14.62,21.61,552.96,2388.11,9056.38,1.3,47.41,520.82,2388.11,8136.24,8.4573,0.03,392,2388,100.0,38.84,23.2792,209,208,Healthy,99.52,0
16,2,0.0006,0.0003,100.0,518.67,642.43,1593.21,1399.44,14.62,21.61,553.49,2388.15,9054.6,1.3,47.56,521.27,2388.11,8134.39,8.4102,0.03,393,2388,100.0,38.96,23.3185,209,207,Healthy,99.04,0
16,3,-0.0001,0.0,100.0,518.67,642.57,1592.17,1411.88,14.62,21.61,552.92,2388.14,9054.7,1.3,47.57,521.3,2388.11,8139.92,8.4546,0.03,393,2388,100.0,38.58,23.3094,209,206,Healthy,98.56,0
16,4,0.0015,-0.0004,100.0,518.67,642.83,1583.86,1407.9,14.62,21.61,552.41,2388.13,9061.41,1.3,47.65,521.05,2388.15,8136.32,8.4751,0.03,392,2388,100.0,38.74,23.2993,209,205,Healthy,98.09,0
16,5,0.0024,-0.0003,100.0,518.67,642.83,1590.75,1415.65,14.62,21.61,553.0,2388.11,9049.91,1.3,47.3,520.94,2388.14,8142.64,8.468,0.03,394,2388,100.0,38.69,23.3035,209,204,Healthy,97.61,0
16,6,-0.0029,0.0001,100.0,518.67,642.9,1594.93,1401.3,14.62,21.61,554.22,2388.08,9059.7,1.3,47.68,521.37,2388.03,8140.32,8.4711,0.03,393,2388,100.0,38.93,23.3299,209,203,Healthy,97.13,0
16,7,0.0004,-0.0003,100.0,518.67,643.6,1595.16,1416.51,14.62,21.61,552.5,2388.07,9048.75,1.3,47.58,521.25,2388.04,8139.3,8.3989,0.03,392,2388,100.0,38.85,23.269,209,202,Healthy,96.65,0
16,8,0.0044,-0.0002,100.0,518.67,642.68,1593.88,1403.58,14.62,21.61,552.25,2388.1,9053.26,1.3,47.59,521.75,2388.1,8133.84,8.4507,0.03,393,2388,100.0,38.77,23.1964,209,201,Healthy,96.17,0
16,9,-0.0007,0.0004,100.0,518.67,642.6,1595.17,1407.39,14.62,21.61,553.39,2388.13,9052.06,1.3,47.73,521.47,2388.08,8137.09,8.4436,0.03,392,2388,100.0,38.93,23.3741,209,200,Healthy,95.69,0
16,10,0.0001,0.0003,100.0,518.67,643.01,1585.19,1407.4,14.62,21.61,552.65,2388.14,9053.19,1.3,47.65,521.45,2388.07,8142.31,8.4403,0.03,394,2388,100.0,38.95,23.3457,209,199,Healthy,95.22,0
16,11,0.004,-0.0,100.0,518.67,642.96,1597.12,1412.89,14.62,21.61,553.38,2388.11,9053.03,1.3,47.48,521.39,2388.14,8139.37,8.457,0.03,394,2388,100.0,38.86,23.235,209,198,Healthy,94.74,0
16,12,0.0005,0.0003,100.0,518.67,642.84,1596.1,1412.87,14.62,21.61,553.18,2388.15,9057.77,1.3,47.64,521.0,2388.1,8136.66,8.4553,0.03,393,2388,100.0,38.8,23.3143,209,197,Healthy,94.26,0
16,13,-0.0027,-0.0003,100.0,518.67,642.3,1580.59,1415.69,14.62,21.61,553.06,2388.09,9056.35,1.3,47.58,521.7,2388.09,8135.52,8.4589,0.03,394,2388,100.0,38.95,23.2962,209,196,Healthy,93.78,0
16,14,-0.0021,0.0004,100.0,518.67,642.56,1593.9,1412.3,14.62,21.61,552.49,2388.19,9063.48,1.3,47.59,521.43,2388.12,8136.57,8.4581,0.03,394,2388,100.0,38.82,23.2913,209,195,Healthy,93.3,0
16,15,-0.0007,0.0004,100.0,518.67,642.81,1583.74,1407.76,14.62,21.61,552.7,2388.15,9050.72,1.3,47.4,521.23,2388.11,8142.78,8.4731,0.03,393,2388,100.0,38.82,23.3314,209,194,Healthy,92.82,0
16,16,0.0024,-0.0003,100.0,518.67,642.92,1597.45,1408.44,14.62,21.61,552.94,2388.09,9058.68,1.3,47.48,521.19,2388.09,8141.48,8.439,0.03,393,2388,100.0,38.92,23.3045,209,193,Healthy,92.34,0
16,17,0.0025,-0.0003,100.0,518.67,642.3,1592.55,1413.17,14.62,21.61,552.88,2388.07,9053.55,1.3,47.68,521.64,2388.06,8137.54,8.5058,0.03,394,2388,100.0,38.97,23.2584,209,192,Healthy,91.87,0
16,18,-0.0007,0.0004,100.0,518.67,642.74,1588.24,1415.16,14.62,21.61,553.3,2388.15,9056.49,1.3,47.62,521.17,2388.08,8139.8,8.4163,0.03,393,2388,100.0,38.68,23.2525,209,191,Healthy,91.39,0
16,19,0.0,0.0002,100.0,518.67,643.25,1589.64,1406.94,14.62,21.61,552.23,2388.1,9059.19,1.3,47.72,521.37,2388.12,8136.95,8.4503,0.03,393,2388,100.0,38.82,23.2175,209,190,Healthy,90.91,0
16,20,-0.0015,0.0002,100.0,518.67,642.82,1586.98,1409.82,14.62,21.61,553.22,2388.16,9057.93,1.3,47.64,521.25,2388.14,8134.17,8.4321,0.03,393,2388,100.0,38.77,23.2288,209,189,Healthy,90.43,0
16,21,-0.0026,-0.0005,100.0,518.67,643.06,1590.99,1407.12,14.62,21.61,553.11,2388.13,9053.02,1.3,47.57,521.17,2388.12,8134.25,8.4729,0.03,394,2388,100.0,38.77,23.2845,209,188,Healthy,89.95,0
16,22,-0.0019,-0.0003,100.0,518.67,642.3,1593.29,1403.39,14.62,21.61,553.51,2388.15,9063.97,1.3,47.77,521.33,2388.15,8131.98,8.4692,0.03,393,2388,100.0,38.75,23.2237,209,187,Healthy,89.47,0
16,23,0.0005,-0.0004,100.0,518.67,642.5,1593.21,1406.08,14.62,21.61,552.83,2388.14,9059.4,1.3,47.61,521.73,2388.14,8133.8,8.446,0.03,392,2388,100.0,38.94,23.3972,209,186,Healthy,89.0,0
16,24,-0.0006,0.0001,100.0,518.67,643.0,1589.47,1406.95,14.62,21.61,553.2,2388.14,9055.99,1.3,47.59,521.06,2388.06,8134.46,8.4398,0.03,392,2388,100.0,38.96,23.2359,209,185,Healthy,88.52,0
16,25,-0.0006,-0.0002,100.0,518.67,642.86,1585.77,1404.33,14.62,21.61,553.88,2388.13,9058.03,1.3,47.49,521.5,2388.08,8141.89,8.4417,0.03,393,2388,100.0,38.9,23.2828,209,184,Healthy,88.04,0
16,26,0.0,-0.0002,100.0,518.67,642.59,1588.57,1406.58,14.62,21.61,552.3,2388.13,9060.53,1.3,47.7,521.03,2388.13,8141.21,8.4755,0.03,394,2388,100.0,38.89,23.2548,209,183,Healthy,87.56,0
16,27,0.002,0.0003,100.0,518.67,642.36,1588.9,1412.82,14.62,21.61,553.85,2388.15,9059.48,1.3,47.75,521.57,2388.13,8138.94,8.4393,0.03,394,2388,100.0,38.87,23.1782,209,182,Healthy,87.08,0
16,28,0.005,0.0005,100.0,518.67,642.9,1594.26,1404.36,14.62,21.61,553.51,2388.09,9062.02,1.3,47.68,520.82,2388.13,8143.19,8.4846,0.03,395,2388,100.0,38.82,23.2941,209,181,Healthy,86.6,0
16,29,0.0021,-0.0001,100.0,518.67,642.83,1593.36,1409.8,14.62,21.61,552.79,2388.1,9057.95,1.3,47.58,521.33,2388.17,8136.49,8.453,0.03,394,2388,100.0,38.86,23.2945,209,180,Healthy,86.12,0
16,30,-0.0019,-0.0004,100.0,518.67,642.57,1587.58,1406.71,14.62,21.61,552.76,2388.08,9054.98,1.3,47.47,521.13,2388.1,8136.25,8.4607,0.03,393,2388,100.0,38.61,23.4158,209,179,Healthy,85.65,0
16,31,-0.0016,-0.0003,100.0,518.67,642.79,1593.29,1414.7,14.62,21.61,553.23,2388.14,9066.42,1.3,47.61,521.67,2388.12,8140.06,8.4621,0.03,392,2388,100.0,38.7,23.3235,209,178,Healthy,85.17,0
16,32,-0.0007,0.0003,100.0,518.67,643.11,1594.51,1413.42,14.62,21.61,553.43,2388.09,9056.62,1.3,47.5,521.08,2388.11,8135.55,8.449,0.03,393,2388,100.0,38.84,23.2429,209,177,Healthy,84.69,0
16,33,-0.0017,0.0003,100.0,518.67,643.07,1592.58,1406.42,14.62,21.61,553.21,2388.13,9049.33,1.3,47.53,521.53,2388.14,8131.95,8.4564,0.03,392,2388,100.0,38.72,23.3263,209,176,Healthy,84.21,0
16,34,-0.001,0.0003,100.0,518.67,642.77,1581.93,1409.91,14.62,21.61,552.9,2388.08,9050.52,1.3,47.46,520.83,2388.13,8130.45,8.4642,0.03,393,2388,100.0,38.83,23.2277,209,175,Healthy,83.73,0
16,35,0.0013,0.0005,100.0,518.67,642.68,1589.19,1412.25,14.62,21.61,553.02,2388.13,9059.36,1.3,47.7,521.54,2388.09,8136.5,8.4688,0.03,393,2388,100.0,38.84,23.1409,209,174,Healthy,83.25,0
16,36,-0.0016,0.0003,100.0,518.67,642.58,1586.21,1401.84,14.62,21.61,553.18,2388.13,9063.89,1.3,47.62,521.88,2388.12,8137.33,8.445,0.03,394,2388,100.0,38.86,23.3335,209,173,Healthy,82.78,0
16,37,-0.0006,-0.0001,100.0,518.67,642.43,1588.54,1407.45,14.62,21.61,552.95,2388.12,9058.36,1.3,47.39,521.35,2388.11,8138.22,8.4644,0.03,393,2388,100.0,38.82,23.2639,209,172,Healthy,82.3,0
16,38,-0.0021,0.0005,100.0,518.67,642.33,1590.72,1410.52,14.62,21.61,553.39,2388.15,9053.72,1.3,47.53,521.3,2388.11,8136.27,8.4214,0.03,394,2388,100.0,38.96,23.2394,209,171,Healthy,81.82,0
16,39,0.0027,0.0005,100.0,518.67,642.7,1593.41,1412.23,14.62,21.61,553.12,2388.1,9056.38,1.3,47.56,521.29,2388.13,8138.86,8.4446,0.03,392,2388,100.0,38.73,23.194,209,170,Healthy,81.34,0
16,40,0.0025,0.0002,100.0,518.67,642.7,1593.39,1411.15,14.62,21.61,553.16,2388.11,9065.01,1.3,47.77,521.0,2388.13,8134.8,8.4425,0.03,394,2388,100.0,38.77,23.1897,209,169,Healthy,80.86,0
16,41,-0.0012,-0.0004,100.0,518.67,642.46,1595.11,1415.71,14.62,21.61,552.83,2388.11,9061.42,1.3,47.61,520.8,2388.17,8133.3,8.4615,0.03,393,2388,100.0,38.78,23.3384,209,168,Healthy,80.38,0
16,42,-0.0017,0.0001,100.0,518.67,642.88,1593.16,1408.39,14.62,21.61,553.84,2388.15,9060.87,1.3,47.71,521.48,2388.12,8134.99,8.4789,0.03,395,2388,100.0,38.95,23.2211,209,167,Healthy,79.9,0
16,43,-0.0001,0.0003,100.0,518.67,642.4,1589.08,1421.17,14.62,21.61,552.74,2388.17,9063.53,1.3,47.59,520.99,2388.1,8137.75,8.4489,0.03,394,2388,100.0,38.61,23.2488,209,166,Healthy,79.43,0
16,44,-0.0002,0.0003,100.0,518.67,642.38,1593.16,1409.48,14.62,21.61,553.47,2388.08,9056.7,1.3,47.71,521.43,2388.14,8142.23,8.4648,0.03,393,2388,100.0,38.78,23.3499,209,165,Healthy,78.95,0
16,45,0.0005,0.0003,100.0,518.67,642.7,1585.66,1409.55,14.62,21.61,553.34,2388.12,9056.01,1.3,47.52,521.62,2388.14,8137.4,8.5035,0.03,392,2388,100.0,38.85,23.3491,209,164,Healthy,78.47,0
16,46,0.0029,-0.0004,100.0,518.67,643.02,1588.24,1420.29,14.62,21.61,552.87,2388.11,9058.02,1.3,47.51,521.65,2388.16,8138.27,8.4147,0.03,394,2388,100.0,38.75,23.2987,209,163,Healthy,77.99,0
16,47,0.0011,-0.0003,100.0,518.67,642.62,1598.58,1411.15,14.62,21.61,552.68,2388.12,9063.96,1.3,47.68,521.12,2388.15,8135.66,8.4197,0.03,394,2388,100.0,38.71,23.2019,209,162,Healthy,77.51,0
16,48,0.0006,-0.0003,100.0,518.67,642.81,1585.74,1412.69,14.62,21.61,553.58,2388.12,9063.81,1.3,47.58,520.84,2388.13,8137.1,8.4429,0.03,392,2388,100.0,38.66,23.1808,209,161,Healthy,77.03,0
16,49,0.0016,-0.0005,100.0,518.67,643.45,1595.47,1408.92,14.62,21.61,553.42,2388.13,9064.13,1.3,47.68,521.33,2388.16,8137.04,8.4647,0.03,394,2388,100.0,38.79,23.3091,209,160,Healthy,76.56,0
16,50,-0.0016,0.0001,100.0,518.67,643.28,1589.08,1413.15,14.62,21.61,553.95,2388.14,9065.99,1.3,47.72,521.03,2388.1,8140.28,8.4537,0.03,394,2388,100.0,38.69,23.2716,209,159,Healthy,76.08,0
17,1,-0.0032,0.0005,100.0,518.67,641.45,1587.52,1401.29,14.62,21.61,555.25,2388.03,9067.87,1.3,47.25,522.19,2387.98,8146.09,8.3859,0.03,392,2388,100.0,39.21,23.5279,276,275,Healthy,99.64,0
17,2,0.0008,0.0005,100.0,518.67,642.13,1589.83,1399.55,14.62,21.61,554.3,2388.06,9062.08,1.3,47.34,522.07,2387.95,8139.76,8.4125,0.03,389,2388,100.0,39.17,23.4691,276,274,Healthy,99.28,0
17,3,-0.0011,0.0005,100.0,518.67,642.1,1587.43,1400.98,14.62,21.61,555.27,2388.02,9061.96,1.3,47.15,522.68,2387.99,8143.07,8.4146,0.03,391,2388,100.0,39.17,23.3437,276,273,Healthy,98.91,0
17,4,0.0042,-0.0002,100.0,518.67,642.07,1586.55,1394.42,14.62,21.61,554.35,2388.06,9059.34,1.3,47.33,522.65,2387.98,8146.69,8.4033,0.03,393,2388,100.0,38.93,23.4337,276,272,Healthy,98.55,0
17,5,0.0008,-0.0004,100.0,518.67,642.09,1582.86,1400.71,14.62,21.61,554.88,2388.01,9056.77,1.3,47.15,522.39,2387.99,8147.13,8.3931,0.03,391,2388,100.0,39.1,23.4077,276,271,Healthy,98.19,0
17,6,-0.0025,0.0003,100.0,518.67,642.57,1585.26,1400.36,14.62,21.61,554.52,2388.01,9062.26,1.3,47.32,522.24,2388.0,8144.88,8.4113,0.03,392,2388,100.0,39.01,23.5295,276,270,Healthy,97.83,0
17,7,-0.0006,-0.0002,100.0,518.67,641.54,1585.86,1398.68,14.62,21.61,554.36,2387.98,9061.04,1.3,47.2,522.31,2388.02,8144.45,8.3787,0.03,392,2388,100.0,39.04,23.4017,276,269,Healthy,97.46,0
17,8,-0.0027,-0.0001,100.0,518.67,642.27,1587.62,1399.79,14.62,21.6,554.76,2387.98,9061.46,1.3,47.17,522.69,2387.97,8138.59,8.3459,0.03,393,2388,100.0,38.99,23.4415,276,268,Healthy,97.1,0
17,9,-0.0007,0.0003,100.0,518.67,642.07,1579.05,1393.24,14.62,21.61,554.37,2388.0,9057.4,1.3,47.22,522.29,2388.03,8141.69,8.3996,0.03,392,2388,100.0,39.26,23.37,276,267,Healthy,96.74,0
17,10,0.0023,0.0002,100.0,518.67,642.33,1583.05,1391.98,14.62,21.61,554.43,2388.03,9062.11,1.3,47.16,522.55,2388.0,8142.95,8.3449,0.03,392,2388,100.0,39.14,23.4097,276,266,Healthy,96.38,0
17,11,0.0021,0.0005,100.0,518.67,642.3,1577.49,1397.93,14.62,21.61,554.62,2387.98,9061.3,1.3,47.19,521.87,2387.99,8144.82,8.4145,0.03,393,2388,100.0,39.05,23.3646,276,265,Healthy,96.01,0
17,12,-0.002,0.0001,100.0,518.67,641.65,1584.84,1390.53,14.62,21.61,554.5,2387.97,9059.06,1.3,47.11,522.49,2388.01,8141.59,8.3869,0.03,392,2388,100.0,38.93,23.4954,276,264,Healthy,95.65,0
17,13,-0.0031,-0.0003,100.0,518.67,641.73,1581.36,1398.84,14.62,21.6,554.66,2388.03,9066.59,1.3,47.29,522.24,2388.01,8146.05,8.4083,0.03,392,2388,100.0,39.05,23.4894,276,263,Healthy,95.29,0
17,14,0.0041,0.0003,100.0,518.67,641.53,1585.51,1402.96,14.62,21.61,554.17,2387.98,9066.8,1.3,47.11,522.44,2388.01,8142.55,8.3637,0.03,390,2388,100.0,39.11,23.374,276,262,Healthy,94.93,0
17,15,0.0021,-0.0,100.0,518.67,641.78,1590.12,1399.15,14.62,21.61,554.94,2388.03,9072.89,1.3,47.09,522.05,2388.0,8146.62,8.4564,0.03,391,2388,100.0,39.07,23.3585,276,261,Healthy,94.57,0
17,16,0.0023,0.0001,100.0,518.67,641.79,1582.26,1394.02,14.62,21.6,554.85,2388.05,9061.55,1.3,47.26,522.39,2388.01,8141.6,8.3484,0.03,391,2388,100.0,39.08,23.4428,276,260,Healthy,94.2,0
17,17,-0.0016,-0.0,100.0,518.67,642.2,1583.35,1402.41,14.62,21.61,554.5,2388.06,9060.22,1.3,47.28,522.07,2388.02,8144.86,8.3929,0.03,392,2388,100.0,39.06,23.4013,276,259,Healthy,93.84,0
17,18,-0.0007,0.0001,100.0,518.67,641.9,1585.5,1398.16,14.62,21.61,554.11,2387.99,9065.72,1.3,47.23,521.91,2388.03,8145.45,8.3788,0.03,391,2388,100.0,38.78,23.4303,276,258,Healthy,93.48,0
17,19,-0.0018,0.0005,100.0,518.67,642.13,1584.27,1402.27,14.62,21.61,554.59,2388.03,9059.94,1.3,47.12,522.52,2387.98,8142.56,8.4341,0.03,392,2388,100.0,39.12,23.4579,276,257,Healthy,93.12,0
17,20,-0.0004,0.0004,100.0,518.67,641.99,1578.99,1395.63,14.62,21.6,554.71,2388.02,9061.52,1.3,46.95,522.17,2387.98,8137.4,8.4021,0.03,392,2388,100.0,38.91,23.409,276,256,Healthy,92.75,0
17,21,0.0001,-0.0002,100.0,518.67,641.87,1591.0,1394.39,14.62,21.6,554.72,2388.02,9057.56,1.3,47.24,522.37,2388.02,8146.51,8.4147,0.03,392,2388,100.0,39.04,23.3543,276,255,Healthy,92.39,0
17,22,-0.0019,-0.0,100.0,518.67,642.21,1585.58,1402.13,14.62,21.61,554.33,2387.99,9061.54,1.3,47.22,522.43,2388.0,8140.98,8.3976,0.03,391,2388,100.0,39.01,23.4084,276,254,Healthy,92.03,0
17,23,-0.0006,-0.0003,100.0,518.67,642.58,1579.93,1395.52,14.62,21.61,556.06,2388.04,9055.6,1.3,47.13,522.87,2387.99,8147.02,8.4123,0.03,393,2388,100.0,38.82,23.353,276,253,Healthy,91.67,0
17,24,-0.0009,0.0005,100.0,518.67,642.0,1589.65,1398.13,14.62,21.61,554.61,2388.04,9060.89,1.3,47.38,522.97,2388.01,8142.39,8.3818,0.03,391,2388,100.0,39.14,23.4901,276,252,Healthy,91.3,0
17,25,0.0004,0.0002,100.0,518.67,641.91,1585.22,1399.79,14.62,21.61,553.94,2388.05,9067.57,1.3,47.19,522.47,2387.98,8142.33,8.4109,0.03,392,2388,100.0,39.06,23.4079,276,251,Healthy,90.94,0
17,26,0.002,-0.0004,100.0,518.67,642.09,1583.42,1394.01,14.62,21.61,554.21,2388.01,9062.82,1.3,47.23,522.29,2388.01,8145.81,8.4051,0.03,393,2388,100.0,39.01,23.4725,276,250,Healthy,90.58,0
17,27,-0.0006,-0.0003,100.0,518.67,642.36,1588.08,1394.29,14.62,21.61,554.71,2388.06,9063.15,1.3,47.3,521.94,2388.01,8144.78,8.4162,0.03,392,2388,100.0,39.22,23.2903,276,249,Healthy,90.22,0
17,28,0.0003,0.0004,100.0,518.67,642.43,1582.26,1395.77,14.62,21.61,554.16,2387.97,9059.35,1.3,47.21,522.14,2388.03,8140.2,8.445,0.03,394,2388,100.0,39.04,23.3871,276,248,Healthy,89.86,0
17,29,-0.0001,0.0001,100.0,518.67,642.29,1586.41,1394.51,14.62,21.61,554.37,2388.03,9062.22,1.3,47.06,522.64,2387.97,8141.59,8.3909,0.03,394,2388,100.0,38.9,23.3908,276,247,Healthy,89.49,0
17,30,-0.001,0.0002,100.0,518.67,642.05,1583.19,1393.77,14.62,21.61,555.01,2388.03,9063.92,1.3,47.17,522.47,2388.01,8151.22,8.4176,0.03,393,2388,100.0,38.87,23.4329,276,246,Healthy,89.13,0
17,31,0.0,0.0003,100.0,518.67,642.21,1577.4,1400.16,14.62,21.61,554.3,2388.02,9053.12,1.3,47.28,522.21,2388.0,8141.78,8.3891,0.03,391,2388,100.0,38.94,23.3951,276,245,Healthy,88.77,0
17,32,-0.0013,-0.0002,100.0,518.67,641.92,1582.34,1398.55,14.62,21.61,553.96,2388.0,9065.17,1.3,47.02,522.26,2388.05,8147.93,8.4186,0.03,391,2388,100.0,38.9,23.3134,276,244,Healthy,88.41,0
17,33,-0.004,-0.0001,100.0,518.67,641.87,1586.14,1402.83,14.62,21.61,554.47,2387.96,9070.09,1.3,47.23,521.88,2388.03,8139.61,8.3967,0.03,391,2388,100.0,38.98,23.3996,276,243,Healthy,88.04,0
17,34,0.0017,-0.0004,100.0,518.67,642.07,1587.67,1396.34,14.62,21.61,554.32,2388.06,9062.43,1.3,47.31,522.48,2388.04,8142.71,8.4157,0.03,391,2388,100.0,39.04,23.5428,276,242,Healthy,87.68,0
17,35,-0.0014,0.0005,100.0,518.67,642.34,1587.09,1395.86,14.62,21.61,553.96,2388.0,9063.3,1.3,47.2,521.98,2388.04,8145.8,8.4168,0.03,393,2388,100.0,39.04,23.3925,276,241,Healthy,87.32,0
17,36,0.0008,-0.0,100.0,518.67,642.18,1581.6,1401.3,14.62,21.61,555.02,2388.0,9067.56,1.3,47.28,522.12,2387.99,8146.18,8.3927,0.03,392,2388,100.0,39.01,23.3091,276,240,Healthy,86.96,0
17,37,-0.0012,0.0005,100.0,518.67,642.26,1580.95,1397.82,14.62,21.61,554.18,2388.01,9066.29,1.3,47.34,522.64,2388.01,8138.22,8.4527,0.03,393,2388,100.0,38.94,23.4543,276,239,Healthy,86.59,0
17,38,-0.0014,0.0002,100.0,518.67,642.24,1586.55,1400.44,14.62,21.61,554.68,2387.98,9062.84,1.3,47.3,521.75,2388.01,8143.11,8.4046,0.03,395,2388,100.0,39.01,23.396,276,238,Healthy,86.23,0
17,39,-0.0047,0.0004,100.0,518.67,642.44,1584.93,1397.22,14.62,21.61,554.56,2387.99,9066.65,1.3,47.39,522.13,2388.02,8137.89,8.3662,0.03,392,2388,100.0,38.88,23.4533,276,237,Healthy,85.87,0
17,40,-0.0012,0.0004,100.0,518.67,642.05,1586.67,1396.39,14.62,21.61,554.69,2387.99,9057.13,1.3,47.19,522.32,2388.02,8142.68,8.3823,0.03,393,2388,100.0,38.94,23.3871,276,236,Healthy,85.51,0
17,41,-0.0007,0.0002,100.0,518.67,642.18,1587.24,1397.63,14.62,21.6,554.75,2388.02,9062.42,1.3,47.16,522.25,2387.99,8149.09,8.4122,0.03,392,2388,100.0,39.02,23.3853,276,235,Healthy,85.14,0
17,42,0.0038,-0.0003,100.0,518.67,642.74,1579.57,1397.41,14.62,21.61,554.42,2387.99,9069.21,1.3,47.42,522.83,2388.02,8144.92,8.3976,0.03,393,2388,100.0,38.93,23.3936,276,234,Healthy,84.78,0
17,43,0.0013,-0.0004,100.0,518.67,642.28,1589.9,1390.87,14.62,21.61,554.45,2387.97,9057.86,1.3,47.02,522.4,2387.95,8143.91,8.3984,0.03,392,2388,100.0,38.96,23.3629,276,233,Healthy,84.42,0
17,44,0.0042,0.0005,100.0,518.67,641.83,1583.24,1397.69,14.62,21.61,554.6,2388.03,9065.48,1.3,47.2,522.11,2387.97,8140.44,8.3944,0.03,392,2388,100.0,39.04,23.4538,276,232,Healthy,84.06,0
17,45,-0.0051,0.0003,100.0,518.67,642.45,1593.52,1403.54,14.62,21.61,554.37,2388.02,9063.17,1.3,47.19,522.31,2388.01,8145.66,8.4038,0.03,392,2388,100.0,39.06,23.457,276,231,Healthy,83.7,0
17,46,0.0019,-0.0002,100.0,518.67,642.06,1585.63,1391.13,14.62,21.61,554.81,2388.02,9066.15,1.3,47.1,522.65,2388.01,8147.65,8.3913,0.03,392,2388,100.0,39.01,23.3782,276,230,Healthy,83.33,0
17,47,0.0016,-0.0002,100.0,518.67,642.46,1585.86,1403.53,14.62,21.61,554.41,2388.05,9062.86,1.3,47.17,522.37,2387.97,8148.7,8.3923,0.03,393,2388,100.0,38.84,23.4642,276,229,Healthy,82.97,0
17,48,0.0005,0.0004,100.0,518.67,642.36,1584.05,1396.55,14.62,21.61,555.2,2388.0,9063.65,1.3,47.31,521.91,2388.04,8144.55,8.389,0.03,390,2388,100.0,39.02,23.4141,276,228,Healthy,82.61,0
17,49,-0.0018,0.0002,100.0,518.67,641.74,1584.73,1396.28,14.62,21.61,554.07,2388.06,9056.86,1.3,47.35,522.41,2387.97,8145.79,8.41,0.03,391,2388,100.0,38.97,23.3393,276,227,Healthy,82.25,0
17,50,-0.0002,-0.0002,100.0,518.67,642.03,1582.81,1399.94,14.62,21.61,554.02,2388.01,9062.32,1.3,47.19,522.68,2388.09,8143.79,8.3908,0.03,393,2388,100.0,38.91,23.4165,276,226,Healthy,81.88,0
18,1,-0.0016,0.0005,100.0,518.67,642.49,1582.95,1401.6,14.62,21.61,554.59,2387.95,9061.3,1.3,47.19,521.41,2387.99,8142.8,8.3861,0.03,393,2388,100.0,39.06,23.4234,195,194,Healthy,99.49,0
18,2,-0.0006,0.0004,100.0,518.67,642.21,1589.39,1397.98,14.62,21.61,554.17,2388.01,9060.63,1.3,47.29,522.5,2388.01,8137.05,8.3788,0.03,391,2388,100.0,39.04,23.5772,195,193,Healthy,98.97,0
18,3,0.0029,0.0002,100.0,518.67,642.4,1590.51,1399.79,14.62,21.61,554.8,2388.04,9068.03,1.3,47.3,521.75,2388.02,8142.88,8.4153,0.03,390,2388,100.0,39.06,23.445,195,192,Healthy,98.46,0
18,4,0.0071,-0.0,100.0,518.67,642.28,1577.34,1393.92,14.62,21.61,553.56,2388.04,9051.6,1.3,47.29,521.63,2388.0,8139.74,8.3789,0.03,391,2388,100.0,39.18,23.352,195,191,Healthy,97.95,0
18,5,0.0003,-0.0001,100.0,518.67,641.48,1585.59,1398.89,14.62,21.61,554.49,2388.03,9055.62,1.3,47.22,522.25,2388.04,8145.87,8.3908,0.03,392,2388,100.0,38.8,23.3086,195,190,Healthy,97.44,0
18,6,0.0011,-0.0002,100.0,518.67,641.86,1579.69,1403.8,14.62,21.61,554.48,2388.03,9055.43,1.3,47.31,522.63,2388.01,8145.33,8.4012,0.03,393,2388,100.0,38.97,23.3929,195,189,Healthy,96.92,0
18,7,-0.0001,0.0005,100.0,518.67,641.58,1584.09,1389.32,14.62,21.61,554.23,2388.01,9053.68,1.3,47.14,522.27,2388.05,8151.27,8.4312,0.03,392,2388,100.0,38.82,23.5667,195,188,Healthy,96.41,0
18,8,0.0017,-0.0004,100.0,518.67,642.2,1580.01,1396.59,14.62,21.6,554.63,2388.03,9060.91,1.3,47.26,522.65,2388.01,8139.75,8.3996,0.03,392,2388,100.0,38.96,23.4563,195,187,Healthy,95.9,0
18,9,0.0044,0.0005,100.0,518.67,641.96,1588.77,1401.73,14.62,21.61,554.35,2388.01,9060.59,1.3,47.19,522.31,2388.01,8138.58,8.4192,0.03,392,2388,100.0,38.98,23.4342,195,186,Healthy,95.38,0
18,10,-0.0034,0.0002,100.0,518.67,642.23,1584.24,1399.28,14.62,21.61,554.08,2388.01,9062.26,1.3,47.29,521.92,2387.96,8136.89,8.3727,0.03,391,2388,100.0,38.73,23.426,195,185,Healthy,94.87,0
18,11,-0.0001,-0.0001,100.0,518.67,642.42,1579.74,1401.23,14.62,21.61,554.04,2388.06,9053.06,1.3,47.37,522.23,2387.98,8146.92,8.415,0.03,392,2388,100.0,39.05,23.3028,195,184,Healthy,94.36,0
18,12,0.0005,-0.0003,100.0,518.67,642.28,1583.42,1397.06,14.62,21.61,553.72,2388.03,9063.68,1.3,47.21,522.25,2387.95,8145.6,8.3509,0.03,393,2388,100.0,39.0,23.4172,195,183,Healthy,93.85,0
18,13,-0.0025,0.0004,100.0,518.67,642.49,1590.54,1399.01,14.62,21.61,554.54,2387.95,9060.16,1.3,47.15,522.16,2388.01,8142.49,8.3868,0.03,391,2388,100.0,38.93,23.3905,195,182,Healthy,93.33,0
18,14,0.0003,-0.0001,100.0,518.67,641.74,1582.73,1395.77,14.62,21.61,554.42,2388.03,9056.56,1.3,47.24,522.19,2388.03,8141.01,8.4477,0.03,392,2388,100.0,39.18,23.4389,195,181,Healthy,92.82,0
18,15,-0.0021,-0.0004,100.0,518.67,642.25,1579.36,1393.54,14.62,21.61,554.83,2387.96,9058.21,1.3,47.18,521.83,2388.02,8148.24,8.3826,0.03,392,2388,100.0,39.08,23.4616,195,180,Healthy,92.31,0
18,16,0.0003,0.0002,100.0,518.67,641.9,1581.77,1402.19,14.62,21.61,554.45,2388.02,9061.22,1.3,47.38,522.01,2388.04,8138.28,8.4036,0.03,392,2388,100.0,39.04,23.3818,195,179,Healthy,91.79,0
18,17,-0.0034,-0.0002,100.0,518.67,641.87,1578.41,1405.99,14.62,21.61,554.0,2387.98,9064.13,1.3,47.3,522.51,2388.0,8142.71,8.3841,0.03,391,2388,100.0,39.12,23.4297,195,178,Healthy,91.28,0
18,18,-0.0005,0.0005,100.0,518.67,642.14,1583.75,1397.2,14.62,21.61,554.01,2387.96,9063.58,1.3,47.26,522.31,2387.99,8144.62,8.3987,0.03,392,2388,100.0,38.77,23.3747,195,177,Healthy,90.77,0
18,19,0.0003,-0.0004,100.0,518.67,641.89,1579.43,1394.13,14.62,21.61,555.27,2388.0,9060.08,1.3,47.3,522.19,2388.02,8139.11,8.4198,0.03,392,2388,100.0,39.18,23.3372,195,176,Healthy,90.26,0
18,20,0.0027,-0.0001,100.0,518.67,642.12,1587.86,1400.58,14.62,21.61,554.46,2388.07,9062.96,1.3,47.2,521.79,2388.01,8137.33,8.4425,0.03,392,2388,100.0,38.99,23.2882,195,175,Healthy,89.74,0
18,21,0.0024,-0.0002,100.0,518.67,642.08,1580.09,1400.02,14.62,21.61,554.87,2387.98,9061.76,1.3,47.17,522.17,2388.06,8143.89,8.3911,0.03,392,2388,100.0,39.14,23.437,195,174,Healthy,89.23,0
18,22,0.0022,0.0004,100.0,518.67,641.98,1586.02,1398.5,14.62,21.61,554.14,2387.98,9054.75,1.3,47.25,522.53,2388.03,8137.53,8.3932,0.03,392,2388,100.0,39.23,23.3562,195,173,Healthy,88.72,0
18,23,0.0022,-0.0,100.0,518.67,642.73,1583.22,1405.06,14.62,21.61,554.78,2388.01,9062.06,1.3,47.2,522.26,2388.01,8151.99,8.4113,0.03,394,2388,100.0,38.96,23.4336,195,172,Healthy,88.21,0
18,24,0.0013,0.0005,100.0,518.67,642.08,1580.53,1397.51,14.62,21.61,554.78,2388.04,9058.98,1.3,47.28,522.47,2388.07,8144.71,8.3805,0.03,392,2388,100.0,39.0,23.4425,195,171,Healthy,87.69,0
18,25,0.0,0.0003,100.0,518.67,642.23,1589.57,1398.44,14.62,21.61,554.62,2388.05,9054.33,1.3,47.16,522.5,2388.03,8145.67,8.3688,0.03,392,2388,100.0,39.14,23.3008,195,170,Healthy,87.18,0
18,26,0.0015,0.0002,100.0,518.67,642.57,1585.89,1394.98,14.62,21.61,555.0,2387.99,9054.42,1.3,47.23,522.54,2388.05,8140.78,8.3995,0.03,392,2388,100.0,39.07,23.4793,195,169,Healthy,86.67,0
18,27,0.0036,-0.0004,100.0,518.67,642.25,1594.33,1400.33,14.62,21.61,554.76,2388.07,9066.59,1.3,47.13,521.93,2388.0,8141.69,8.3913,0.03,392,2388,100.0,38.99,23.3715,195,168,Healthy,86.15,0
18,28,-0.0007,0.0003,100.0,518.67,642.16,1580.08,1399.53,14.62,21.61,554.54,2388.02,9057.5,1.3,47.21,522.04,2387.96,8144.22,8.3794,0.03,390,2388,100.0,38.83,23.4025,195,167,Healthy,85.64,0
18,29,-0.0018,-0.0003,100.0,518.67,642.41,1585.02,1394.96,14.62,21.61,554.63,2388.06,9058.31,1.3,47.16,522.43,2387.97,8140.65,8.3925,0.03,392,2388,100.0,38.87,23.3274,195,166,Healthy,85.13,0
18,30,0.0014,-0.0001,100.0,518.67,642.0,1588.57,1395.56,14.62,21.61,554.9,2388.04,9056.76,1.3,47.2,522.37,2388.01,8139.62,8.3905,0.03,392,2388,100.0,39.18,23.3546,195,165,Healthy,84.62,0
18,31,0.0004,-0.0001,100.0,518.67,642.1,1592.26,1404.1,14.62,21.61,554.16,2387.99,9052.97,1.3,47.17,522.32,2388.03,8140.64,8.4052,0.03,391,2388,100.0,39.1,23.4109,195,164,Healthy,84.1,0
18,32,0.0035,-0.0002,100.0,518.67,641.98,1580.23,1394.26,14.62,21.61,554.44,2388.04,9059.76,1.3,47.18,522.64,2388.0,8140.52,8.409,0.03,392,2388,100.0,39.0,23.4597,195,163,Healthy,83.59,0
18,33,0.0002,-0.0001,100.0,518.67,642.31,1580.6,1401.18,14.62,21.61,554.88,2388.01,9055.06,1.3,47.3,522.68,2388.03,8144.26,8.3906,0.03,391,2388,100.0,39.02,23.3475,195,162,Healthy,83.08,0
18,34,0.0001,0.0004,100.0,518.67,642.33,1583.0,1399.97,14.62,21.61,554.43,2388.0,9060.25,1.3,47.05,521.79,2388.02,8146.61,8.3703,0.03,392,2388,100.0,39.11,23.3317,195,161,Healthy,82.56,0
18,35,-0.002,0.0004,100.0,518.67,642.47,1584.89,1394.36,14.62,21.61,554.48,2387.99,9060.66,1.3,47.18,522.44,2387.98,8147.2,8.4074,0.03,391,2388,100.0,38.84,23.398,195,160,Healthy,82.05,0
18,36,0.0004,0.0005,100.0,518.67,642.06,1590.71,1399.61,14.62,21.61,553.99,2387.98,9065.7,1.3,47.23,522.56,2388.01,8140.15,8.4054,0.03,393,2388,100.0,39.09,23.2457,195,159,Healthy,81.54,0
18,37,-0.0033,0.0005,100.0,518.67,642.28,1587.03,1392.82,14.62,21.61,554.76,2388.01,9058.88,1.3,47.29,522.06,2388.03,8143.42,8.4062,0.03,392,2388,100.0,38.94,23.486,195,158,Healthy,81.03,0
18,38,-0.0006,-0.0004,100.0,518.67,642.4,1584.49,1407.5,14.62,21.6,554.47,2388.08,9055.89,1.3,47.17,522.46,2388.0,8145.2,8.3683,0.03,390,2388,100.0,39.13,23.4201,195,157,Healthy,80.51,0
18,39,0.0009,-0.0002,100.0,518.67,642.73,1586.56,1404.8,14.62,21.61,554.24,2388.03,9068.33,1.3,47.36,521.72,2388.03,8140.06,8.401,0.03,391,2388,100.0,39.13,23.4609,195,156,Healthy,80.0,0
18,40,-0.0007,0.0003,100.0,518.67,642.39,1586.54,1402.17,14.62,21.61,554.34,2388.04,9052.82,1.3,47.24,522.56,2387.98,8145.6,8.4039,0.03,392,2388,100.0,39.04,23.5294,195,155,Healthy,79.49,0
18,41,-0.0006,-0.0003,100.0,518.67,642.56,1582.41,1403.69,14.62,21.61,553.68,2388.01,9057.96,1.3,47.36,522.55,2388.06,8144.18,8.3846,0.03,392,2388,100.0,39.04,23.3992,195,154,Healthy,78.97,0
18,42,0.0033,-0.0005,100.0,518.67,642.02,1580.17,1391.59,14.62,21.61,554.32,2388.02,9061.08,1.3,47.29,522.36,2388.09,8144.16,8.3874,0.03,392,2388,100.0,39.13,23.4594,195,153,Healthy,78.46,0
18,43,-0.0016,0.0002,100.0,518.67,641.34,1584.5,1396.26,14.62,21.61,553.72,2388.03,9055.69,1.3,47.02,522.43,2388.08,8139.6,8.4054,0.03,393,2388,100.0,39.09,23.3709,195,152,Healthy,77.95,0
18,44,0.0008,0.0004,100.0,518.67,642.36,1589.34,1399.81,14.62,21.61,554.45,2388.01,9058.83,1.3,47.32,523.2,2387.99,8141.04,8.4213,0.03,394,2388,100.0,38.95,23.3803,195,151,Healthy,77.44,0
18,45,0.0017,-0.0003,100.0,518.67,642.12,1581.15,1397.54,14.62,21.61,554.12,2388.07,9060.09,1.3,47.26,522.77,2388.0,8142.67,8.4157,0.03,394,2388,100.0,38.96,23.3931,195,150,Healthy,76.92,0
18,46,0.0027,0.0001,100.0,518.67,642.28,1582.73,1404.38,14.62,21.61,554.6,2388.0,9065.97,1.3,47.38,522.16,2388.01,8138.26,8.4102,0.03,392,2388,100.0,39.03,23.4673,195,149,Healthy,76.41,0
18,47,0.0017,0.0001,100.0,518.67,642.38,1586.87,1395.33,14.62,21.61,553.6,2388.06,9059.82,1.3,47.32,522.54,2387.96,8142.39,8.4264,0.03,392,2388,100.0,39.02,23.486,195,148,Healthy,75.9,0
18,48,0.0009,0.0001,100.0,518.67,642.44,1587.51,1406.53,14.62,21.61,554.48,2388.06,9063.21,1.3,47.08,522.56,2388.0,8145.27,8.3754,0.03,393,2388,100.0,39.01,23.3508,195,147,Healthy,75.38,0
18,49,0.0023,-0.0002,100.0,518.67,642.13,1582.46,1406.51,14.62,21.61,554.26,2388.01,9052.81,1.3,47.09,522.01,2388.02,8142.02,8.42,0.03,392,2388,100.0,38.95,23.4727,195,146,Healthy,74.87,0
18,50,0.0006,0.0,100.0,518.67,642.01,1586.29,1389.54,14.62,21.61,554.24,2387.97,9062.96,1.3,47.15,522.14,2388.0,8145.02,8.3921,0.03,392,2388,100.0,39.12,23.4438,195,145,Healthy,74.36,0
19,1,0.0045,-0.0,100.0,518.67,642.55,1589.99,1411.09,14.62,21.61,553.09,2388.17,9048.73,1.3,47.64,521.86,2388.07,8122.16,8.4148,0.03,392,2388,100.0,38.76,23.2468,158,157,Healthy,99.37,0
19,2,-0.001,0.0001,100.0,518.67,642.82,1587.77,1411.04,14.62,21.61,553.05,2388.1,9040.04,1.3,47.46,521.31,2388.14,8123.07,8.4086,0.03,392,2388,100.0,38.83,23.2836,158,156,Healthy,98.73,0
19,3,-0.001,0.0004,100.0,518.67,643.37,1587.33,1407.56,14.62,21.61,553.31,2388.16,9044.78,1.3,47.46,521.74,2388.12,8121.69,8.4316,0.03,392,2388,100.0,38.69,23.2071,158,155,Healthy,98.1,0
19,4,0.0014,0.0002,100.0,518.67,642.53,1590.93,1412.13,14.62,21.61,553.19,2388.13,9044.46,1.3,47.55,521.6,2388.12,8123.21,8.4634,0.03,393,2388,100.0,38.81,23.2752,158,154,Healthy,97.47,0
19,5,-0.0005,-0.0004,100.0,518.67,642.41,1588.13,1407.64,14.62,21.61,553.3,2388.18,9041.06,1.3,47.53,521.21,2388.11,8127.37,8.457,0.03,393,2388,100.0,38.79,23.2524,158,153,Healthy,96.84,0
19,6,0.0034,0.0004,100.0,518.67,642.85,1596.95,1406.78,14.62,21.61,553.57,2388.11,9047.72,1.3,47.44,521.57,2388.15,8122.88,8.4274,0.03,394,2388,100.0,38.73,23.255,158,152,Healthy,96.2,0
19,7,-0.0011,0.0005,100.0,518.67,642.72,1587.07,1407.37,14.62,21.61,553.25,2388.15,9041.85,1.3,47.66,521.67,2388.14,8127.66,8.4279,0.03,391,2388,100.0,38.93,23.3098,158,151,Healthy,95.57,0
19,8,-0.0005,-0.0002,100.0,518.67,642.64,1590.03,1407.13,14.62,21.61,553.43,2388.11,9051.09,1.3,47.48,520.7,2388.11,8130.1,8.4393,0.03,393,2388,100.0,38.71,23.3006,158,150,Healthy,94.94,0
19,9,-0.0023,-0.0002,100.0,518.67,643.04,1591.23,1409.11,14.62,21.61,553.43,2388.16,9045.26,1.3,47.59,521.44,2388.13,8123.08,8.4269,0.03,394,2388,100.0,38.92,23.2344,158,149,Healthy,94.3,0
19,10,-0.0026,-0.0004,100.0,518.67,642.54,1588.75,1404.89,14.62,21.61,553.97,2388.05,9046.27,1.3,47.56,521.52,2388.16,8131.8,8.4081,0.03,393,2388,100.0,38.98,23.2501,158,148,Healthy,93.67,0
19,11,0.0029,-0.0005,100.0,518.67,643.13,1593.97,1410.49,14.62,21.61,552.85,2388.16,9049.79,1.3,47.57,521.81,2388.14,8128.15,8.4605,0.03,393,2388,100.0,38.71,23.3284,158,147,Healthy,93.04,0
19,12,-0.0014,0.0001,100.0,518.67,643.1,1594.98,1422.97,14.62,21.61,553.7,2388.15,9050.68,1.3,47.61,521.15,2388.12,8123.19,8.4289,0.03,394,2388,100.0,38.77,23.2868,158,146,Healthy,92.41,0
19,13,0.0009,-0.0004,100.0,518.67,642.35,1587.05,1406.18,14.62,21.61,553.82,2388.01,9047.32,1.3,47.6,521.68,2388.14,8129.49,8.4508,0.03,395,2388,100.0,38.99,23.2731,158,145,Healthy,91.77,0
19,14,0.001,-0.0005,100.0,518.67,643.21,1590.1,1403.15,14.62,21.61,553.27,2388.11,9049.95,1.3,47.58,521.33,2388.14,8123.11,8.418,0.03,394,2388,100.0,38.7,23.2526,158,144,Healthy,91.14,0
19,15,-0.0008,0.0005,100.0,518.67,642.75,1594.28,1407.62,14.62,21.61,553.73,2388.13,9043.36,1.3,47.69,521.03,2388.13,8123.24,8.4211,0.03,393,2388,100.0,38.77,23.2853,158,143,Healthy,90.51,0
19,16,-0.0022,0.0002,100.0,518.67,642.2,1593.11,1407.83,14.62,21.61,553.02,2388.15,9040.91,1.3,47.49,521.47,2388.09,8129.92,8.4313,0.03,395,2388,100.0,38.75,23.3046,158,142,Healthy,89.87,0
19,17,0.0005,0.0001,100.0,518.67,642.53,1591.36,1406.05,14.62,21.61,552.47,2388.15,9049.25,1.3,47.62,521.9,2388.12,8129.27,8.435,0.03,392,2388,100.0,38.78,23.2081,158,141,Healthy,89.24,0
19,18,0.0041,-0.0004,100.0,518.67,643.17,1588.99,1410.25,14.62,21.61,552.8,2388.14,9050.18,1.3,47.4,521.02,2388.11,8121.92,8.3976,0.03,393,2388,100.0,38.97,23.2632,158,140,Healthy,88.61,0
19,19,0.0036,0.0001,100.0,518.67,642.45,1594.35,1409.71,14.62,21.61,553.1,2388.15,9046.53,1.3,47.59,520.6,2388.13,8127.43,8.4309,0.03,395,2388,100.0,38.66,23.3521,158,139,Healthy,87.97,0
19,20,0.0009,-0.0003,100.0,518.67,642.7,1588.53,1413.7,14.62,21.61,553.2,2388.14,9045.11,1.3,47.71,521.52,2388.09,8128.17,8.4356,0.03,393,2388,100.0,38.98,23.3257,158,138,Healthy,87.34,0
19,21,0.0019,-0.0004,100.0,518.67,642.76,1592.13,1399.69,14.62,21.61,553.46,2388.12,9050.97,1.3,47.48,521.35,2388.13,8127.15,8.4498,0.03,393,2388,100.0,38.83,23.324,158,137,Healthy,86.71,0
19,22,-0.0012,0.0003,100.0,518.67,642.23,1589.77,1409.84,14.62,21.61,553.6,2388.13,9045.2,1.3,47.38,522.09,2388.07,8129.42,8.4375,0.03,394,2388,100.0,38.92,23.3018,158,136,Healthy,86.08,0
19,23,-0.0009,-0.0,100.0,518.67,642.73,1596.05,1404.17,14.62,21.61,553.1,2388.17,9052.78,1.3,47.41,521.02,2388.16,8129.11,8.471,0.03,392,2388,100.0,38.71,23.3013,158,135,Healthy,85.44,0
19,24,-0.0013,-0.0002,100.0,518.67,642.9,1592.19,1407.48,14.62,21.61,553.64,2388.13,9037.45,1.3,47.74,521.49,2388.13,8122.86,8.4323,0.03,392,2388,100.0,38.97,23.3265,158,134,Healthy,84.81,0
19,25,-0.0002,-0.0003,100.0,518.67,642.67,1584.52,1406.04,14.62,21.61,553.08,2388.14,9038.15,1.3,47.63,521.64,2388.12,8124.72,8.4403,0.03,392,2388,100.0,38.7,23.3463,158,133,Healthy,84.18,0
19,26,0.0029,-0.0004,100.0,518.67,642.37,1588.86,1411.93,14.62,21.61,553.96,2388.11,9046.5,1.3,47.44,521.48,2388.15,8123.29,8.4408,0.03,393,2388,100.0,38.86,23.2728,158,132,Healthy,83.54,0
19,27,-0.0028,-0.0001,100.0,518.67,642.95,1585.16,1406.91,14.62,21.61,553.47,2388.14,9044.31,1.3,47.49,521.18,2388.13,8137.19,8.4714,0.03,393,2388,100.0,38.76,23.3233,158,131,Healthy,82.91,0
19,28,-0.0008,-0.0004,100.0,518.67,642.07,1581.79,1412.55,14.62,21.61,553.45,2388.11,9046.86,1.3,47.37,521.71,2388.18,8129.24,8.4498,0.03,393,2388,100.0,38.86,23.3038,158,130,Healthy,82.28,0
19,29,0.001,-0.0003,100.0,518.67,641.91,1589.32,1410.98,14.62,21.61,553.37,2388.18,9043.34,1.3,47.53,521.44,2388.17,8118.97,8.4473,0.03,392,2388,100.0,38.85,23.3194,158,129,Healthy,81.65,0
19,30,0.0022,-0.0001,100.0,518.67,642.54,1588.02,1415.56,14.62,21.61,553.1,2388.15,9051.33,1.3,47.62,521.24,2388.14,8124.29,8.465,0.03,393,2388,100.0,39.02,23.2854,158,128,Healthy,81.01,0
19,31,0.0014,0.0004,100.0,518.67,642.69,1589.83,1404.5,14.62,21.61,552.4,2388.13,9048.67,1.3,47.71,521.43,2388.11,8130.1,8.4278,0.03,393,2388,100.0,38.82,23.2491,158,127,Healthy,80.38,0
19,32,0.0018,0.0001,100.0,518.67,642.85,1591.33,1411.99,14.62,21.61,553.26,2388.15,9042.8,1.3,47.73,521.18,2388.17,8124.35,8.4751,0.03,395,2388,100.0,38.74,23.2388,158,126,Healthy,79.75,0
19,33,-0.0014,-0.0004,100.0,518.67,642.96,1591.64,1407.84,14.62,21.61,553.2,2388.12,9047.34,1.3,47.79,521.13,2388.12,8134.21,8.4267,0.03,393,2388,100.0,38.8,23.2431,158,125,Healthy,79.11,0
19,34,0.0038,0.0003,100.0,518.67,642.62,1592.08,1409.47,14.62,21.61,553.24,2388.15,9039.19,1.3,47.75,521.44,2388.12,8127.39,8.4395,0.03,393,2388,100.0,38.6,23.2897,158,124,Healthy,78.48,0
19,35,0.0004,-0.0003,100.0,518.67,642.65,1589.06,1413.73,14.62,21.61,553.09,2388.13,9047.18,1.3,47.56,521.68,2388.16,8126.74,8.4146,0.03,393,2388,100.0,38.68,23.2405,158,123,Healthy,77.85,0
19,36,0.0016,0.0005,100.0,518.67,642.83,1598.57,1412.15,14.62,21.61,553.19,2388.1,9054.32,1.3,47.57,521.34,2388.13,8126.12,8.4659,0.03,392,2388,100.0,38.94,23.2373,158,122,Healthy,77.22,0
19,37,0.0007,0.0001,100.0,518.67,642.86,1586.82,1412.13,14.62,21.61,553.31,2388.11,9040.7,1.3,47.56,521.05,2388.14,8123.86,8.4576,0.03,394,2388,100.0,38.83,23.2959,158,121,Healthy,76.58,0
19,38,-0.0,0.0003,100.0,518.67,642.85,1590.06,1410.74,14.62,21.61,553.3,2388.11,9047.23,1.3,47.44,521.35,2388.16,8125.61,8.4386,0.03,393,2388,100.0,38.79,23.2437,158,120,Early_Wear,75.95,0
19,39,0.0021,0.0001,100.0,518.67,642.23,1586.95,1413.22,14.62,21.61,553.4,2388.19,9047.4,1.3,47.6,521.21,2388.12,8125.02,8.4037,0.03,394,2388,100.0,38.85,23.3472,158,119,Early_Wear,75.32,0
19,40,-0.0002,-0.0004,100.0,518.67,642.89,1593.28,1411.83,14.62,21.61,552.94,2388.14,9040.46,1.3,47.53,521.67,2388.11,8122.23,8.411,0.03,393,2388,100.0,38.82,23.2606,158,118,Early_Wear,74.68,0
19,41,0.0017,0.0004,100.0,518.67,642.98,1591.07,1410.28,14.62,21.61,553.03,2388.11,9036.85,1.3,47.55,521.21,2388.14,8127.81,8.4308,0.03,394,2388,100.0,38.93,23.3649,158,117,Early_Wear,74.05,0
19,42,-0.0,-0.0001,100.0,518.67,642.74,1591.26,1409.68,14.62,21.61,553.44,2388.11,9044.78,1.3,47.51,521.65,2388.1,8125.62,8.4375,0.03,394,2388,100.0,38.73,23.2848,158,116,Early_Wear,73.42,0
19,43,0.0017,-0.0001,100.0,518.67,642.72,1588.17,1405.46,14.62,21.61,553.31,2388.17,9041.96,1.3,47.66,521.44,2388.17,8130.82,8.4716,0.03,394,2388,100.0,38.82,23.3131,158,115,Early_Wear,72.78,0
19,44,-0.0006,0.0004,100.0,518.67,642.03,1589.56,1413.29,14.62,21.61,553.3,2388.07,9042.69,1.3,47.52,520.93,2388.11,8121.09,8.4691,0.03,393,2388,100.0,38.83,23.3636,158,114,Early_Wear,72.15,0
19,45,0.0023,-0.0004,100.0,518.67,642.4,1592.17,1414.19,14.62,21.61,553.32,2388.14,9047.32,1.3,47.57,521.93,2388.16,8131.28,8.4268,0.03,394,2388,100.0,38.74,23.1953,158,113,Early_Wear,71.52,0
19,46,0.0037,-0.0001,100.0,518.67,642.68,1587.13,1412.07,14.62,21.61,553.01,2388.18,9044.62,1.3,47.75,521.25,2388.12,8128.12,8.461,0.03,393,2388,100.0,38.9,23.3367,158,112,Early_Wear,70.89,0
19,47,0.0006,-0.0003,100.0,518.67,642.58,1592.34,1407.34,14.62,21.61,552.54,2388.13,9047.61,1.3,47.54,521.04,2388.16,8124.8,8.4621,0.03,392,2388,100.0,38.87,23.2939,158,111,Early_Wear,70.25,0
19,48,0.0002,0.0,100.0,518.67,642.73,1594.93,1418.49,14.62,21.61,553.05,2388.14,9039.34,1.3,47.56,521.45,2388.18,8124.92,8.443,0.03,392,2388,100.0,38.79,23.3338,158,110,Early_Wear,69.62,0
19,49,-0.0029,0.0004,100.0,518.67,642.76,1589.66,1407.59,14.62,21.61,552.81,2388.19,9047.18,1.3,47.72,520.89,2388.14,8124.99,8.4381,0.03,393,2388,100.0,38.88,23.3476,158,109,Early_Wear,68.99,0
19,50,-0.0007,-0.0004,100.0,518.67,642.77,1593.96,1415.17,14.62,21.61,553.3,2388.19,9047.16,1.3,47.57,521.39,2388.16,8127.71,8.4007,0.03,395,2388,100.0,38.96,23.2549,158,108,Early_Wear,68.35,0
20,1,0.0023,0.0002,100.0,518.67,643.0,1589.87,1404.3,14.62,21.61,553.44,2388.1,9063.7,1.3,47.56,521.93,2388.02,8136.61,8.4498,0.03,391,2388,100.0,38.88,23.2767,234,233,Healthy,99.57,0
20,2,0.0002,0.0,100.0,518.67,642.72,1588.75,1406.6,14.62,21.61,553.77,2388.13,9055.4,1.3,47.67,520.66,2388.06,8136.47,8.4217,0.03,393,2388,100.0,38.79,23.2626,234,232,Healthy,99.15,0
20,3,-0.001,-0.0001,100.0,518.67,642.9,1587.31,1404.3,14.62,21.61,552.91,2388.05,9055.83,1.3,47.49,521.14,2388.07,8136.89,8.4432,0.03,391,2388,100.0,38.79,23.276,234,231,Healthy,98.72,0
20,4,0.0013,-0.0,100.0,518.67,642.42,1583.0,1417.06,14.62,21.61,553.69,2388.04,9057.87,1.3,47.61,521.63,2388.09,8133.4,8.439,0.03,393,2388,100.0,38.87,23.2784,234,230,Healthy,98.29,0
20,5,-0.0009,-0.0003,100.0,518.67,642.55,1585.71,1406.9,14.62,21.61,553.06,2388.06,9054.13,1.3,47.55,521.48,2388.09,8135.61,8.4171,0.03,392,2388,100.0,38.88,23.2748,234,229,Healthy,97.86,0
20,6,0.001,-0.0003,100.0,518.67,643.16,1586.19,1403.67,14.62,21.61,552.42,2388.07,9054.09,1.3,47.48,521.62,2388.05,8130.93,8.4453,0.03,393,2388,100.0,38.82,23.3133,234,228,Healthy,97.44,0
20,7,0.0014,0.0004,100.0,518.67,642.44,1583.76,1404.13,14.62,21.61,554.4,2388.07,9058.45,1.3,47.56,521.07,2388.08,8142.14,8.4528,0.03,392,2388,100.0,38.94,23.2666,234,227,Healthy,97.01,0
20,8,-0.0017,-0.0005,100.0,518.67,642.66,1589.12,1408.09,14.62,21.61,553.43,2388.11,9051.23,1.3,47.46,521.09,2388.06,8132.59,8.4364,0.03,392,2388,100.0,38.79,23.2775,234,226,Healthy,96.58,0
20,9,0.0039,0.0004,100.0,518.67,642.39,1584.35,1403.87,14.62,21.61,553.46,2388.1,9056.89,1.3,47.61,521.43,2388.09,8135.27,8.4559,0.03,392,2388,100.0,38.88,23.3822,234,225,Healthy,96.15,0
20,10,0.0025,-0.0005,100.0,518.67,642.73,1585.04,1397.76,14.62,21.61,553.64,2388.09,9054.98,1.3,47.48,521.9,2388.12,8131.19,8.4414,0.03,392,2388,100.0,38.89,23.4045,234,224,Healthy,95.73,0
20,11,0.0019,0.0002,100.0,518.67,642.56,1586.04,1410.55,14.62,21.61,553.34,2388.08,9055.25,1.3,47.42,521.51,2388.11,8138.91,8.4197,0.03,394,2388,100.0,38.84,23.2635,234,223,Healthy,95.3,0
20,12,0.0037,0.0003,100.0,518.67,642.39,1585.47,1407.66,14.62,21.61,554.31,2388.06,9058.02,1.3,47.54,521.69,2388.1,8134.99,8.4545,0.03,393,2388,100.0,38.66,23.3024,234,222,Healthy,94.87,0
20,13,-0.0026,0.0003,100.0,518.67,642.76,1589.63,1405.47,14.62,21.61,553.92,2388.11,9050.25,1.3,47.37,521.45,2388.07,8133.4,8.4751,0.03,394,2388,100.0,38.7,23.2503,234,221,Healthy,94.44,0
20,14,0.0019,0.0002,100.0,518.67,642.31,1591.06,1411.72,14.62,21.61,552.96,2388.06,9059.48,1.3,47.6,521.67,2388.12,8136.14,8.4054,0.03,392,2388,100.0,38.93,23.3803,234,220,Healthy,94.02,0
20,15,-0.0046,-0.0005,100.0,518.67,641.83,1592.49,1406.63,14.62,21.61,553.42,2388.03,9057.06,1.3,47.61,521.28,2388.13,8137.29,8.4377,0.03,393,2388,100.0,38.94,23.3967,234,219,Healthy,93.59,0
20,16,0.0023,0.0003,100.0,518.67,642.45,1589.62,1399.9,14.62,21.61,553.36,2388.09,9058.45,1.3,47.42,522.03,2388.14,8135.58,8.4111,0.03,394,2388,100.0,38.83,23.3011,234,218,Healthy,93.16,0
20,17,-0.0009,0.0004,100.0,518.67,642.52,1588.52,1405.1,14.62,21.61,552.78,2388.16,9059.77,1.3,47.54,521.52,2388.1,8139.99,8.446,0.03,391,2388,100.0,38.78,23.231,234,217,Healthy,92.74,0
20,18,-0.0027,0.0001,100.0,518.67,642.63,1589.33,1404.53,14.62,21.61,554.07,2388.09,9050.6,1.3,47.52,520.19,2388.08,8137.14,8.4085,0.03,393,2388,100.0,38.9,23.3501,234,216,Healthy,92.31,0
20,19,0.0038,0.0005,100.0,518.67,643.1,1593.38,1403.45,14.62,21.61,553.66,2388.06,9059.7,1.3,47.37,520.99,2388.05,8142.76,8.4607,0.03,393,2388,100.0,38.89,23.2071,234,215,Healthy,91.88,0
20,20,-0.0013,-0.0001,100.0,518.67,642.78,1592.77,1406.23,14.62,21.61,553.05,2388.11,9060.11,1.3,47.35,521.31,2388.09,8134.9,8.44,0.03,392,2388,100.0,38.78,23.3233,234,214,Healthy,91.45,0
20,21,-0.0023,0.0004,100.0,518.67,642.59,1583.52,1411.61,14.62,21.61,554.02,2388.07,9052.34,1.3,47.57,521.48,2388.11,8131.8,8.4344,0.03,394,2388,100.0,38.78,23.4263,234,213,Healthy,91.03,0
20,22,-0.0027,-0.0001,100.0,518.67,642.59,1585.06,1405.34,14.62,21.61,553.23,2388.11,9063.25,1.3,47.53,521.68,2388.09,8133.22,8.4422,0.03,392,2388,100.0,38.94,23.3007,234,212,Healthy,90.6,0
20,23,-0.0001,-0.0003,100.0,518.67,643.3,1601.08,1406.85,14.62,21.61,553.68,2388.1,9056.81,1.3,47.69,521.3,2388.12,8141.68,8.4479,0.03,394,2388,100.0,38.94,23.3758,234,211,Healthy,90.17,0
20,24,-0.0007,-0.0005,100.0,518.67,642.61,1588.31,1402.29,14.62,21.61,553.14,2388.07,9059.5,1.3,47.37,521.22,2388.03,8140.57,8.4664,0.03,393,2388,100.0,38.86,23.2466,234,210,Healthy,89.74,0
20,25,0.0014,-0.0003,100.0,518.67,642.22,1582.05,1407.26,14.62,21.61,553.85,2388.11,9051.94,1.3,47.54,521.52,2388.09,8142.21,8.4509,0.03,393,2388,100.0,38.97,23.2967,234,209,Healthy,89.32,0
20,26,0.0036,-0.0003,100.0,518.67,642.48,1596.63,1410.81,14.62,21.61,553.57,2388.08,9054.64,1.3,47.43,521.34,2388.08,8138.44,8.4508,0.03,394,2388,100.0,38.71,23.3192,234,208,Healthy,88.89,0
20,27,-0.0016,0.0003,100.0,518.67,643.11,1583.9,1404.13,14.62,21.61,553.25,2388.1,9049.63,1.3,47.56,521.67,2388.15,8138.66,8.4485,0.03,393,2388,100.0,38.85,23.3431,234,207,Healthy,88.46,0
20,28,-0.0029,-0.0002,100.0,518.67,642.52,1586.56,1404.01,14.62,21.61,553.3,2388.08,9061.35,1.3,47.4,521.17,2388.05,8139.86,8.4256,0.03,391,2388,100.0,38.78,23.3833,234,206,Healthy,88.03,0
20,29,0.0031,-0.0,100.0,518.67,642.78,1587.38,1412.5,14.62,21.61,553.51,2388.06,9056.46,1.3,47.67,521.6,2388.13,8144.09,8.418,0.03,393,2388,100.0,38.85,23.3385,234,205,Healthy,87.61,0
20,30,0.0009,-0.0005,100.0,518.67,642.92,1596.94,1405.78,14.62,21.61,553.37,2388.09,9051.02,1.3,47.53,520.94,2388.11,8137.16,8.4731,0.03,393,2388,100.0,38.7,23.1653,234,204,Healthy,87.18,0
20,31,-0.0017,0.0002,100.0,518.67,642.91,1591.65,1404.61,14.62,21.61,554.19,2388.11,9050.49,1.3,47.57,521.78,2388.16,8129.1,8.4334,0.03,395,2388,100.0,38.76,23.3442,234,203,Healthy,86.75,0
20,32,-0.0006,-0.0002,100.0,518.67,642.39,1590.01,1403.95,14.62,21.61,553.61,2388.05,9057.81,1.3,47.3,521.53,2388.04,8139.98,8.4505,0.03,394,2388,100.0,38.76,23.26,234,202,Healthy,86.32,0
20,33,-0.0014,-0.0001,100.0,518.67,642.87,1590.95,1405.04,14.62,21.61,552.91,2388.09,9055.79,1.3,47.45,521.35,2388.1,8136.69,8.4725,0.03,393,2388,100.0,38.88,23.2933,234,201,Healthy,85.9,0
20,34,-0.0004,-0.0001,100.0,518.67,642.68,1594.78,1400.07,14.62,21.61,553.27,2388.07,9063.98,1.3,47.57,521.35,2388.05,8135.04,8.4479,0.03,393,2388,100.0,38.78,23.23,234,200,Healthy,85.47,0
20,35,0.0008,-0.0,100.0,518.67,642.68,1593.0,1408.04,14.62,21.61,553.62,2388.05,9060.8,1.3,47.53,520.92,2388.08,8140.74,8.4404,0.03,393,2388,100.0,38.83,23.2435,234,199,Healthy,85.04,0
20,36,0.0021,-0.0004,100.0,518.67,642.39,1590.16,1406.21,14.62,21.61,554.66,2388.12,9064.41,1.3,47.37,521.54,2388.07,8135.67,8.4676,0.03,393,2388,100.0,38.76,23.4161,234,198,Healthy,84.62,0
20,37,0.0,-0.0001,100.0,518.67,642.86,1585.03,1408.03,14.62,21.61,553.27,2388.09,9057.37,1.3,47.33,521.05,2388.1,8139.38,8.4277,0.03,395,2388,100.0,38.72,23.39,234,197,Healthy,84.19,0
20,38,-0.0034,0.0001,100.0,518.67,642.9,1593.58,1404.38,14.62,21.61,553.14,2388.08,9061.65,1.3,47.53,521.42,2388.11,8138.99,8.4333,0.03,392,2388,100.0,38.87,23.2588,234,196,Healthy,83.76,0
20,39,0.0025,-0.0003,100.0,518.67,642.76,1590.26,1404.61,14.62,21.61,554.11,2388.07,9059.52,1.3,47.38,521.62,2388.1,8137.09,8.4304,0.03,392,2388,100.0,39.04,23.3827,234,195,Healthy,83.33,0
20,40,-0.0003,-0.0003,100.0,518.67,642.85,1582.87,1409.39,14.62,21.61,553.29,2388.12,9059.76,1.3,47.63,521.86,2388.08,8139.35,8.4449,0.03,392,2388,100.0,38.75,23.3017,234,194,Healthy,82.91,0
20,41,-0.0021,0.0004,100.0,518.67,642.69,1588.76,1403.24,14.62,21.61,554.24,2388.14,9053.84,1.3,47.61,521.38,2388.1,8134.28,8.3917,0.03,394,2388,100.0,38.9,23.3647,234,193,Healthy,82.48,0
20,42,0.0026,-0.0004,100.0,518.67,642.68,1588.26,1410.67,14.62,21.61,553.31,2388.06,9054.51,1.3,47.57,521.68,2388.08,8135.62,8.435,0.03,393,2388,100.0,38.75,23.1774,234,192,Healthy,82.05,0
20,43,-0.0036,0.0003,100.0,518.67,642.25,1588.46,1402.22,14.62,21.61,553.41,2388.14,9057.93,1.3,47.46,521.04,2388.17,8135.28,8.4702,0.03,392,2388,100.0,39.09,23.3041,234,191,Healthy,81.62,0
20,44,0.0008,-0.0004,100.0,518.67,642.55,1579.43,1406.18,14.62,21.61,554.13,2388.08,9058.31,1.3,47.28,521.41,2388.08,8143.42,8.4699,0.03,394,2388,100.0,38.69,23.3076,234,190,Healthy,81.2,0
20,45,-0.0035,0.0004,100.0,518.67,642.91,1589.92,1412.98,14.62,21.61,553.39,2388.12,9058.56,1.3,47.4,521.36,2388.13,8132.16,8.442,0.03,393,2388,100.0,38.83,23.2619,234,189,Healthy,80.77,0
20,46,-0.0006,0.0002,100.0,518.67,641.94,1587.3,1406.72,14.62,21.61,552.68,2388.14,9060.33,1.3,47.54,521.65,2388.07,8137.34,8.4218,0.03,395,2388,100.0,38.93,23.2239,234,188,Healthy,80.34,0
20,47,-0.0004,0.0004,100.0,518.67,642.59,1586.41,1403.2,14.62,21.61,553.54,2388.09,9047.97,1.3,47.61,521.51,2388.13,8135.78,8.434,0.03,395,2388,100.0,38.93,23.3577,234,187,Healthy,79.91,0
20,48,0.0004,-0.0004,100.0,518.67,642.7,1587.24,1415.13,14.62,21.61,553.59,2388.07,9054.79,1.3,47.58,521.31,2388.12,8141.39,8.4339,0.03,394,2388,100.0,38.78,23.3285,234,186,Healthy,79.49,0
20,49,0.0002,0.0001,100.0,518.67,642.52,1595.78,1410.36,14.62,21.61,553.26,2388.13,9055.89,1.3,47.54,521.41,2388.07,8138.41,8.4592,0.03,393,2388,100.0,38.8,23.3159,234,185,Healthy,79.06,0
20,50,-0.0007,-0.0003,100.0,518.67,642.56,1589.15,1404.24,14.62,21.61,553.59,2388.1,9057.09,1.3,47.53,521.06,2388.07,8132.64,8.4435,0.03,393,2388,100.0,38.81,23.2622,234,184,Healthy,78.63,0
21,1,-0.0017,-0.0005,100.0,518.67,642.24,1582.88,1410.66,14.62,21.61,553.57,2388.07,9047.42,1.3,47.44,521.76,2388.06,8128.48,8.4181,0.03,395,2388,100.0,38.9,23.3554,195,194,Healthy,99.49,0
21,2,-0.0013,0.0004,100.0,518.67,642.27,1582.13,1404.54,14.62,21.61,553.22,2388.03,9043.88,1.3,47.25,521.39,2388.05,8120.15,8.3895,0.03,392,2388,100.0,38.81,23.23,195,193,Healthy,98.97,0
21,3,0.0025,-0.0003,100.0,518.67,642.47,1589.73,1408.88,14.62,21.61,553.21,2388.11,9048.33,1.3,47.43,521.26,2388.12,8124.89,8.4454,0.03,392,2388,100.0,38.69,23.3471,195,192,Healthy,98.46,0
21,4,0.0013,-0.0003,100.0,518.67,642.5,1587.18,1409.45,14.62,21.61,553.3,2388.05,9052.17,1.3,47.35,521.81,2388.08,8126.21,8.3913,0.03,393,2388,100.0,39.0,23.4179,195,191,Healthy,97.95,0
21,5,-0.0006,-0.0002,100.0,518.67,642.21,1596.51,1401.46,14.62,21.61,553.03,2388.04,9047.48,1.3,47.57,521.82,2388.1,8130.92,8.4825,0.03,393,2388,100.0,38.88,23.2637,195,190,Healthy,97.44,0
21,6,0.0061,0.0,100.0,518.67,642.37,1592.15,1401.04,14.62,21.61,553.95,2388.06,9048.37,1.3,47.46,521.7,2387.98,8130.7,8.4145,0.03,391,2388,100.0,38.95,23.4954,195,189,Healthy,96.92,0
21,7,-0.0009,0.0004,100.0,518.67,642.45,1593.79,1397.77,14.62,21.61,553.21,2388.08,9045.96,1.3,47.32,521.5,2388.1,8134.62,8.4465,0.03,392,2388,100.0,38.94,23.3536,195,188,Healthy,96.41,0
21,8,0.0016,0.0002,100.0,518.67,642.44,1585.67,1407.8,14.62,21.61,553.48,2388.16,9050.91,1.3,47.4,521.96,2388.06,8129.22,8.4318,0.03,392,2388,100.0,38.91,23.3867,195,187,Healthy,95.9,0
21,9,0.0001,-0.0004,100.0,518.67,641.91,1590.36,1402.62,14.62,21.61,553.0,2388.1,9049.76,1.3,47.38,522.04,2388.1,8127.36,8.4487,0.03,391,2388,100.0,39.03,23.2562,195,186,Healthy,95.38,0
21,10,-0.0055,-0.0002,100.0,518.67,642.25,1582.71,1404.6,14.62,21.61,552.57,2388.07,9045.19,1.3,47.34,521.46,2388.09,8128.64,8.4286,0.03,392,2388,100.0,38.81,23.2975,195,185,Healthy,94.87,0
21,11,0.0023,0.0003,100.0,518.67,642.51,1585.7,1403.51,14.62,21.61,554.37,2388.12,9042.53,1.3,47.39,522.17,2388.12,8128.12,8.4436,0.03,392,2388,100.0,38.81,23.4113,195,184,Healthy,94.36,0
21,12,0.0063,-0.0,100.0,518.67,642.02,1590.84,1398.53,14.62,21.61,553.55,2388.07,9037.63,1.3,47.52,522.01,2388.07,8132.49,8.4336,0.03,392,2388,100.0,39.01,23.3711,195,183,Healthy,93.85,0
21,13,-0.0002,0.0003,100.0,518.67,642.49,1587.28,1405.33,14.62,21.61,553.23,2388.04,9044.07,1.3,47.52,522.04,2388.13,8128.52,8.455,0.03,392,2388,100.0,38.89,23.3916,195,182,Healthy,93.33,0
21,14,0.001,-0.0003,100.0,518.67,642.76,1589.09,1408.25,14.62,21.61,553.68,2388.11,9039.23,1.3,47.43,522.27,2388.08,8126.26,8.4237,0.03,391,2388,100.0,38.93,23.379,195,181,Healthy,92.82,0
21,15,-0.0022,0.0002,100.0,518.67,642.63,1587.31,1400.25,14.62,21.61,553.46,2388.1,9046.51,1.3,47.54,521.56,2388.12,8130.06,8.4479,0.03,393,2388,100.0,38.89,23.371,195,180,Healthy,92.31,0
21,16,0.0001,-0.0004,100.0,518.67,642.53,1591.64,1403.06,14.62,21.61,553.67,2388.04,9043.0,1.3,47.5,521.48,2388.11,8124.5,8.4599,0.03,394,2388,100.0,38.96,23.3728,195,179,Healthy,91.79,0
21,17,-0.0049,-0.0005,100.0,518.67,642.42,1581.82,1402.04,14.62,21.61,554.46,2388.07,9048.32,1.3,47.51,521.34,2388.1,8127.03,8.3877,0.03,392,2388,100.0,38.79,23.3632,195,178,Healthy,91.28,0
21,18,-0.002,0.0,100.0,518.67,642.83,1588.93,1404.68,14.62,21.61,553.92,2388.13,9043.56,1.3,47.5,521.43,2388.07,8128.01,8.406,0.03,392,2388,100.0,38.92,23.357,195,177,Healthy,90.77,0
21,19,0.0004,-0.0002,100.0,518.67,641.95,1587.76,1405.51,14.62,21.61,554.13,2388.1,9041.95,1.3,47.31,521.9,2388.1,8122.4,8.4181,0.03,393,2388,100.0,38.98,23.3561,195,176,Healthy,90.26,0
21,20,-0.0015,0.0002,100.0,518.67,642.15,1585.71,1406.4,14.62,21.61,553.98,2388.15,9044.17,1.3,47.26,522.29,2388.09,8126.48,8.4522,0.03,392,2388,100.0,38.83,23.4062,195,175,Healthy,89.74,0
21,21,0.0018,0.0002,100.0,518.67,643.19,1585.38,1402.15,14.62,21.61,553.49,2388.12,9050.29,1.3,47.41,521.69,2388.07,8128.46,8.4304,0.03,393,2388,100.0,38.89,23.3401,195,174,Healthy,89.23,0
21,22,0.0021,-0.0004,100.0,518.67,642.1,1588.54,1402.64,14.62,21.61,553.92,2388.13,9040.15,1.3,47.16,521.86,2388.06,8129.3,8.4256,0.03,390,2388,100.0,38.87,23.376,195,173,Healthy,88.72,0
21,23,-0.0006,-0.0005,100.0,518.67,642.44,1592.31,1410.76,14.62,21.61,553.72,2388.09,9045.41,1.3,47.41,521.4,2388.1,8126.88,8.4147,0.03,392,2388,100.0,38.9,23.2788,195,172,Healthy,88.21,0
21,24,-0.0032,0.0003,100.0,518.67,642.27,1587.87,1409.06,14.62,21.61,553.36,2388.16,9042.55,1.3,47.4,521.74,2388.12,8129.95,8.4303,0.03,393,2388,100.0,38.69,23.3584,195,171,Healthy,87.69,0
21,25,0.0029,-0.0004,100.0,518.67,642.84,1582.84,1410.79,14.62,21.61,553.97,2388.12,9042.82,1.3,47.65,521.51,2388.09,8126.17,8.4385,0.03,393,2388,100.0,38.9,23.2132,195,170,Healthy,87.18,0
21,26,-0.0007,-0.0002,100.0,518.67,642.64,1581.12,1405.47,14.62,21.61,553.63,2388.06,9049.68,1.3,47.59,521.6,2388.12,8126.36,8.409,0.03,393,2388,100.0,38.72,23.3239,195,169,Healthy,86.67,0
21,27,-0.0006,-0.0002,100.0,518.67,642.29,1587.82,1401.12,14.62,21.61,552.92,2388.04,9049.75,1.3,47.34,522.11,2388.12,8127.71,8.4218,0.03,393,2388,100.0,38.97,23.4011,195,168,Healthy,86.15,0
21,28,0.0007,0.0004,100.0,518.67,642.45,1583.56,1408.53,14.62,21.61,553.39,2388.13,9050.08,1.3,47.32,521.97,2388.1,8125.51,8.3869,0.03,393,2388,100.0,38.96,23.3508,195,167,Healthy,85.64,0
21,29,0.0034,-0.0004,100.0,518.67,642.73,1585.45,1404.01,14.62,21.61,553.64,2388.09,9046.99,1.3,47.36,521.57,2388.06,8124.32,8.4112,0.03,392,2388,100.0,38.85,23.2393,195,166,Healthy,85.13,0
21,30,0.0024,0.0001,100.0,518.67,642.84,1586.27,1406.22,14.62,21.61,554.25,2388.11,9043.42,1.3,47.32,521.89,2388.07,8131.47,8.4284,0.03,392,2388,100.0,38.86,23.293,195,165,Healthy,84.62,0
21,31,0.0034,-0.0002,100.0,518.67,642.64,1589.99,1402.34,14.62,21.61,553.46,2388.1,9053.49,1.3,47.5,521.7,2388.12,8129.68,8.4407,0.03,393,2388,100.0,38.77,23.4134,195,164,Healthy,84.1,0
21,32,0.0005,-0.0,100.0,518.67,642.32,1589.92,1408.92,14.62,21.61,554.2,2388.12,9038.3,1.3,47.34,521.96,2388.12,8118.42,8.3924,0.03,392,2388,100.0,38.93,23.2255,195,163,Healthy,83.59,0
21,33,-0.0031,-0.0001,100.0,518.67,642.08,1581.76,1408.28,14.62,21.61,554.06,2388.09,9051.79,1.3,47.35,521.57,2388.09,8127.57,8.3731,0.03,393,2388,100.0,38.63,23.3466,195,162,Healthy,83.08,0
21,34,-0.0006,-0.0002,100.0,518.67,642.28,1597.13,1400.84,14.62,21.61,553.33,2388.08,9051.12,1.3,47.46,521.41,2388.12,8127.02,8.4478,0.03,393,2388,100.0,38.97,23.3189,195,161,Healthy,82.56,0
21,35,0.0016,0.0001,100.0,518.67,642.73,1590.73,1401.12,14.62,21.61,553.35,2388.09,9049.13,1.3,47.47,521.84,2388.13,8126.07,8.4416,0.03,393,2388,100.0,38.88,23.3107,195,160,Healthy,82.05,0
21,36,0.0008,0.0003,100.0,518.67,642.53,1582.95,1401.12,14.62,21.61,553.08,2388.07,9048.52,1.3,47.45,520.98,2388.12,8131.1,8.431,0.03,394,2388,100.0,38.96,23.2136,195,159,Healthy,81.54,0
21,37,0.0057,-0.0004,100.0,518.67,643.21,1595.24,1405.24,14.62,21.61,552.95,2388.09,9041.04,1.3,47.42,521.39,2388.04,8132.82,8.4388,0.03,393,2388,100.0,38.85,23.2727,195,158,Healthy,81.03,0
21,38,-0.001,-0.0003,100.0,518.67,642.04,1582.53,1400.66,14.62,21.61,553.46,2388.12,9043.52,1.3,47.42,522.2,2388.08,8127.45,8.4199,0.03,393,2388,100.0,38.86,23.3196,195,157,Healthy,80.51,0
21,39,0.0007,-0.0005,100.0,518.67,642.51,1586.69,1405.01,14.62,21.61,554.52,2388.1,9052.32,1.3,47.46,521.63,2388.14,8124.95,8.4379,0.03,393,2388,100.0,38.78,23.3499,195,156,Healthy,80.0,0
21,40,-0.0014,-0.0002,100.0,518.67,642.65,1586.32,1398.67,14.62,21.61,553.61,2388.08,9055.92,1.3,47.51,521.77,2388.14,8128.26,8.4254,0.03,393,2388,100.0,38.62,23.394,195,155,Healthy,79.49,0
21,41,-0.0012,0.0003,100.0,518.67,642.1,1588.23,1401.58,14.62,21.61,553.76,2388.09,9048.62,1.3,47.5,521.87,2388.05,8131.53,8.4395,0.03,392,2388,100.0,39.01,23.3604,195,154,Healthy,78.97,0
21,42,-0.0024,0.0003,100.0,518.67,642.53,1596.99,1400.72,14.62,21.61,553.4,2388.12,9045.59,1.3,47.42,521.56,2388.14,8131.82,8.4177,0.03,392,2388,100.0,38.81,23.4489,195,153,Healthy,78.46,0
21,43,-0.0005,0.0002,100.0,518.67,642.72,1584.21,1405.94,14.62,21.61,553.42,2388.09,9054.27,1.3,47.44,521.26,2388.04,8133.83,8.4136,0.03,393,2388,100.0,39.02,23.3642,195,152,Healthy,77.95,0
21,44,0.0009,-0.0004,100.0,518.67,642.46,1595.14,1412.08,14.62,21.61,554.11,2388.08,9047.38,1.3,47.35,521.55,2388.09,8127.4,8.4591,0.03,392,2388,100.0,38.84,23.3592,195,151,Healthy,77.44,0
21,45,0.0032,-0.0001,100.0,518.67,642.43,1591.92,1404.43,14.62,21.61,553.74,2388.08,9049.47,1.3,47.57,521.53,2388.09,8131.89,8.4119,0.03,393,2388,100.0,38.66,23.3137,195,150,Healthy,76.92,0
21,46,0.0029,0.0004,100.0,518.67,642.0,1590.29,1408.04,14.62,21.61,553.41,2388.07,9045.24,1.3,47.3,521.57,2388.12,8129.6,8.4398,0.03,392,2388,100.0,38.96,23.3516,195,149,Healthy,76.41,0
21,47,0.0006,0.0001,100.0,518.67,642.55,1582.16,1398.94,14.62,21.61,553.09,2388.09,9052.15,1.3,47.4,521.73,2388.1,8125.54,8.4077,0.03,393,2388,100.0,38.84,23.2186,195,148,Healthy,75.9,0
21,48,0.002,0.0004,100.0,518.67,642.5,1593.16,1401.35,14.62,21.61,553.41,2388.11,9046.6,1.3,47.12,521.8,2388.09,8129.73,8.4014,0.03,394,2388,100.0,38.92,23.3378,195,147,Healthy,75.38,0
21,49,-0.0026,0.0003,100.0,518.67,642.37,1594.76,1407.76,14.62,21.61,553.32,2388.1,9049.62,1.3,47.52,521.14,2388.04,8128.66,8.4237,0.03,393,2388,100.0,38.94,23.3914,195,146,Healthy,74.87,0
21,50,-0.0007,-0.0001,100.0,518.67,642.43,1584.03,1414.56,14.62,21.61,553.61,2388.06,9049.75,1.3,47.33,521.54,2388.06,8135.8,8.4437,0.03,393,2388,100.0,38.98,23.4042,195,145,Healthy,74.36,0
22,1,-0.0,-0.0003,100.0,518.67,642.68,1595.65,1408.51,14.62,21.61,553.04,2388.09,9048.21,1.3,47.46,521.07,2388.16,8127.45,8.4425,0.03,393,2388,100.0,38.96,23.3081,202,201,Healthy,99.5,0
22,2,0.0022,0.0001,100.0,518.67,642.59,1590.88,1411.44,14.62,21.61,552.92,2388.16,9044.01,1.3,47.65,521.14,2388.15,8131.18,8.4395,0.03,393,2388,100.0,38.71,23.4163,202,200,Healthy,99.01,0
22,3,-0.0018,0.0002,100.0,518.67,642.41,1589.32,1410.07,14.62,21.61,552.67,2388.13,9056.46,1.3,47.49,520.81,2388.15,8125.89,8.4301,0.03,394,2388,100.0,38.76,23.1676,202,199,Healthy,98.51,0
22,4,0.0005,0.0004,100.0,518.67,642.42,1596.85,1403.26,14.62,21.61,553.31,2388.07,9045.95,1.3,47.5,521.63,2388.15,8127.41,8.4372,0.03,392,2388,100.0,38.89,23.2945,202,198,Healthy,98.02,0
22,5,-0.0001,0.0001,100.0,518.67,642.36,1587.95,1407.96,14.62,21.61,554.04,2388.13,9035.89,1.3,47.71,520.94,2388.2,8128.25,8.4278,0.03,394,2388,100.0,38.68,23.2824,202,197,Healthy,97.52,0
22,6,-0.0004,0.0003,100.0,518.67,642.66,1587.49,1413.09,14.62,21.61,553.75,2388.06,9044.99,1.3,47.41,521.27,2388.15,8135.4,8.4446,0.03,393,2388,100.0,38.78,23.3516,202,196,Healthy,97.03,0
22,7,-0.0005,0.0002,100.0,518.67,642.63,1594.08,1406.14,14.62,21.61,553.59,2388.12,9040.26,1.3,47.66,520.55,2388.13,8127.41,8.4663,0.03,394,2388,100.0,38.91,23.304,202,195,Healthy,96.53,0
22,8,0.0011,-0.0004,100.0,518.67,643.18,1584.45,1418.91,14.62,21.61,553.83,2388.11,9052.11,1.3,47.66,521.43,2388.17,8126.0,8.4409,0.03,393,2388,100.0,38.92,23.3256,202,194,Healthy,96.04,0
22,9,0.0009,-0.0005,100.0,518.67,643.11,1590.34,1409.79,14.62,21.61,553.57,2388.22,9040.64,1.3,47.65,521.58,2388.16,8124.8,8.4316,0.03,394,2388,100.0,38.82,23.2955,202,193,Healthy,95.54,0
22,10,0.0012,-0.0003,100.0,518.67,642.29,1591.75,1411.62,14.62,21.61,553.33,2388.15,9044.26,1.3,47.67,521.2,2388.11,8122.79,8.4794,0.03,393,2388,100.0,38.72,23.2838,202,192,Healthy,95.05,0
22,11,0.0017,0.0004,100.0,518.67,642.61,1587.96,1404.46,14.62,21.61,554.07,2388.14,9042.47,1.3,47.73,520.48,2388.12,8127.28,8.4147,0.03,394,2388,100.0,38.7,23.3495,202,191,Healthy,94.55,0
22,12,-0.001,0.0002,100.0,518.67,642.72,1586.77,1413.64,14.62,21.61,552.9,2388.21,9039.84,1.3,47.59,520.83,2388.11,8123.69,8.4622,0.03,393,2388,100.0,38.84,23.1621,202,190,Healthy,94.06,0
22,13,-0.0041,0.0004,100.0,518.67,642.45,1595.05,1413.46,14.62,21.61,552.68,2388.12,9046.53,1.3,47.67,521.21,2388.12,8121.41,8.4276,0.03,394,2388,100.0,38.8,23.3091,202,189,Healthy,93.56,0
22,14,0.0004,-0.0002,100.0,518.67,642.89,1590.5,1420.34,14.62,21.61,554.09,2388.12,9039.32,1.3,47.65,520.88,2388.14,8125.04,8.4289,0.03,394,2388,100.0,38.86,23.1621,202,188,Healthy,93.07,0
22,15,-0.0014,-0.0001,100.0,518.67,642.69,1600.63,1414.01,14.62,21.61,552.0,2388.19,9045.78,1.3,47.46,521.0,2388.09,8127.87,8.4551,0.03,394,2388,100.0,38.71,23.3128,202,187,Healthy,92.57,0
22,16,0.0015,-0.0003,100.0,518.67,642.42,1586.73,1410.75,14.62,21.61,552.99,2388.14,9041.7,1.3,47.59,521.01,2388.15,8135.22,8.454,0.03,394,2388,100.0,38.86,23.3476,202,186,Healthy,92.08,0
22,17,0.0022,0.0004,100.0,518.67,642.88,1587.89,1406.81,14.62,21.61,553.92,2388.12,9037.92,1.3,47.71,520.99,2388.16,8129.56,8.4312,0.03,392,2388,100.0,38.8,23.3163,202,185,Healthy,91.58,0
22,18,0.0021,0.0002,100.0,518.67,642.64,1592.63,1409.51,14.62,21.61,552.79,2388.12,9042.88,1.3,47.6,521.5,2388.21,8123.89,8.4288,0.03,393,2388,100.0,38.83,23.1931,202,184,Healthy,91.09,0
22,19,0.0001,-0.0004,100.0,518.67,643.03,1585.65,1413.45,14.62,21.61,552.6,2388.12,9048.97,1.3,47.65,521.81,2388.17,8131.67,8.441,0.03,393,2388,100.0,38.71,23.3558,202,183,Healthy,90.59,0
22,20,-0.0014,-0.0001,100.0,518.67,643.22,1591.93,1411.39,14.62,21.61,553.18,2388.14,9044.9,1.3,47.74,520.91,2388.14,8125.48,8.4526,0.03,393,2388,100.0,39.01,23.2308,202,182,Healthy,90.1,0
22,21,-0.0014,0.0,100.0,518.67,642.56,1593.16,1409.59,14.62,21.61,553.37,2388.12,9044.41,1.3,47.68,520.71,2388.14,8123.6,8.4246,0.03,393,2388,100.0,38.84,23.2658,202,181,Healthy,89.6,0
22,22,0.0007,0.0004,100.0,518.67,642.67,1587.34,1412.77,14.62,21.61,553.08,2388.15,9042.13,1.3,47.58,520.82,2388.08,8132.42,8.4274,0.03,392,2388,100.0,38.78,23.242,202,180,Healthy,89.11,0
22,23,0.0001,0.0001,100.0,518.67,642.44,1595.99,1409.68,14.62,21.61,553.57,2388.13,9043.14,1.3,47.57,520.97,2388.14,8121.34,8.4364,0.03,393,2388,100.0,38.79,23.3627,202,179,Healthy,88.61,0
22,24,0.0008,0.0004,100.0,518.67,642.91,1586.17,1409.73,14.62,21.61,553.32,2388.12,9047.04,1.3,47.47,521.56,2388.17,8125.34,8.4327,0.03,395,2388,100.0,38.73,23.2765,202,178,Healthy,88.12,0
22,25,0.0019,-0.0001,100.0,518.67,642.6,1593.43,1409.55,14.62,21.61,553.4,2388.09,9048.42,1.3,47.66,520.49,2388.16,8116.77,8.4643,0.03,394,2388,100.0,38.69,23.3008,202,177,Healthy,87.62,0
22,26,0.0007,0.0,100.0,518.67,642.92,1589.99,1408.98,14.62,21.61,552.63,2388.18,9049.9,1.3,47.4,520.75,2388.16,8126.34,8.4655,0.03,393,2388,100.0,38.96,23.2249,202,176,Healthy,87.13,0
22,27,0.0032,0.0,100.0,518.67,642.69,1590.61,1410.76,14.62,21.61,553.64,2388.13,9052.21,1.3,47.66,521.39,2388.13,8133.38,8.4366,0.03,393,2388,100.0,38.61,23.3329,202,175,Healthy,86.63,0
22,28,-0.0013,-0.0005,100.0,518.67,642.83,1588.41,1411.78,14.62,21.61,552.87,2388.16,9041.39,1.3,47.71,521.28,2388.1,8128.43,8.4493,0.03,394,2388,100.0,38.94,23.2111,202,174,Healthy,86.14,0
22,29,0.0006,-0.0002,100.0,518.67,642.75,1588.83,1411.5,14.62,21.61,553.22,2388.13,9038.83,1.3,47.46,521.2,2388.15,8132.2,8.4415,0.03,394,2388,100.0,38.72,23.276,202,173,Healthy,85.64,0
22,30,-0.0024,0.0003,100.0,518.67,642.84,1592.78,1412.47,14.62,21.61,553.33,2388.11,9037.23,1.3,47.66,521.41,2388.2,8125.15,8.4389,0.03,393,2388,100.0,38.88,23.3015,202,172,Healthy,85.15,0
22,31,0.0032,-0.0003,100.0,518.67,642.29,1584.71,1407.49,14.62,21.61,553.29,2388.12,9050.26,1.3,47.66,521.04,2388.13,8126.72,8.4626,0.03,393,2388,100.0,38.78,23.26,202,171,Healthy,84.65,0
22,32,-0.0009,0.0001,100.0,518.67,642.5,1592.92,1407.23,14.62,21.61,552.93,2388.17,9038.48,1.3,47.6,521.43,2388.13,8126.45,8.4447,0.03,394,2388,100.0,38.61,23.3354,202,170,Healthy,84.16,0
22,33,0.0008,0.0004,100.0,518.67,642.43,1591.08,1409.14,14.62,21.61,552.9,2388.17,9042.82,1.3,47.53,522.0,2388.14,8127.86,8.4072,0.03,392,2388,100.0,38.76,23.3509,202,169,Healthy,83.66,0
22,34,-0.0037,-0.0004,100.0,518.67,642.53,1590.05,1414.03,14.62,21.61,553.34,2388.1,9049.79,1.3,47.51,520.76,2388.14,8125.8,8.4838,0.03,393,2388,100.0,38.89,23.3121,202,168,Healthy,83.17,0
22,35,0.0012,-0.0002,100.0,518.67,642.83,1589.06,1409.98,14.62,21.61,553.06,2388.14,9044.0,1.3,47.69,521.21,2388.1,8125.35,8.4399,0.03,394,2388,100.0,38.91,23.2996,202,167,Healthy,82.67,0
22,36,0.0,0.0004,100.0,518.67,642.63,1592.48,1412.09,14.62,21.61,553.71,2388.09,9047.83,1.3,47.52,521.11,2388.18,8124.7,8.4368,0.03,394,2388,100.0,38.9,23.3578,202,166,Healthy,82.18,0
22,37,-0.0024,-0.0003,100.0,518.67,642.31,1594.24,1408.3,14.62,21.61,553.45,2388.1,9048.22,1.3,47.65,520.83,2388.13,8124.69,8.4571,0.03,393,2388,100.0,38.92,23.2489,202,165,Healthy,81.68,0
22,38,-0.0006,0.0,100.0,518.67,642.93,1591.82,1411.74,14.62,21.61,553.42,2388.15,9044.73,1.3,47.62,521.33,2388.13,8126.4,8.4371,0.03,393,2388,100.0,38.96,23.2732,202,164,Healthy,81.19,0
22,39,-0.004,0.0004,100.0,518.67,642.44,1593.23,1413.65,14.62,21.61,553.35,2388.13,9046.5,1.3,47.51,520.9,2388.15,8125.4,8.4423,0.03,393,2388,100.0,38.67,23.2188,202,163,Healthy,80.69,0
22,40,0.0032,-0.0001,100.0,518.67,642.55,1587.03,1405.63,14.62,21.61,553.22,2388.16,9039.3,1.3,47.55,520.95,2388.12,8123.26,8.4329,0.03,393,2388,100.0,38.86,23.2459,202,162,Healthy,80.2,0
22,41,-0.0002,0.0003,100.0,518.67,642.86,1589.65,1413.05,14.62,21.61,553.35,2388.16,9044.16,1.3,47.65,520.78,2388.16,8123.49,8.463,0.03,393,2388,100.0,38.84,23.1941,202,161,Healthy,79.7,0
22,42,-0.0037,0.0002,100.0,518.67,642.75,1593.97,1416.36,14.62,21.61,553.76,2388.13,9042.44,1.3,47.71,521.21,2388.11,8122.91,8.432,0.03,393,2388,100.0,38.8,23.2746,202,160,Healthy,79.21,0
22,43,0.0017,-0.0,100.0,518.67,642.83,1591.19,1406.56,14.62,21.61,553.37,2388.16,9042.23,1.3,47.72,520.95,2388.12,8122.16,8.4669,0.03,393,2388,100.0,38.68,23.2147,202,159,Healthy,78.71,0
22,44,0.0057,0.0001,100.0,518.67,642.89,1589.1,1408.15,14.62,21.61,552.66,2388.13,9038.02,1.3,47.51,521.05,2388.16,8125.62,8.502,0.03,395,2388,100.0,38.66,23.3035,202,158,Healthy,78.22,0
22,45,-0.003,-0.0003,100.0,518.67,642.71,1595.96,1417.33,14.62,21.61,553.71,2388.11,9045.2,1.3,47.5,521.14,2388.12,8125.81,8.4419,0.03,393,2388,100.0,38.79,23.2857,202,157,Healthy,77.72,0
22,46,-0.0006,-0.0003,100.0,518.67,642.48,1586.35,1414.96,14.62,21.61,553.26,2388.15,9045.76,1.3,47.6,521.06,2388.14,8124.12,8.4278,0.03,393,2388,100.0,38.86,23.129,202,156,Healthy,77.23,0
22,47,0.0044,-0.0003,100.0,518.67,642.53,1593.06,1406.87,14.62,21.61,553.2,2388.15,9047.78,1.3,47.63,521.28,2388.13,8128.01,8.427,0.03,393,2388,100.0,38.79,23.1882,202,155,Healthy,76.73,0
22,48,-0.0012,-0.0001,100.0,518.67,642.32,1593.99,1419.52,14.62,21.61,553.52,2388.12,9043.64,1.3,47.7,520.89,2388.16,8126.58,8.4535,0.03,392,2388,100.0,38.75,23.2646,202,154,Healthy,76.24,0
22,49,0.0008,-0.0002,100.0,518.67,642.72,1586.85,1410.55,14.62,21.61,552.88,2388.11,9042.81,1.3,47.62,521.0,2388.19,8121.11,8.4552,0.03,392,2388,100.0,38.8,23.235,202,153,Healthy,75.74,0
22,50,-0.004,-0.0002,100.0,518.67,642.61,1590.58,1409.53,14.62,21.61,553.18,2388.15,9045.97,1.3,47.62,521.19,2388.15,8129.55,8.472,0.03,393,2388,100.0,38.64,23.3,202,152,Healthy,75.25,0
23,1,0.0027,0.0005,100.0,518.67,641.98,1591.38,1408.8,14.62,21.61,553.33,2388.12,9049.85,1.3,47.54,521.78,2388.1,8131.29,8.4069,0.03,394,2388,100.0,38.79,23.2717,168,167,Healthy,99.4,0
23,2,0.0002,0.0001,100.0,518.67,642.36,1592.51,1413.03,14.62,21.61,553.62,2388.1,9055.75,1.3,47.47,521.45,2388.06,8128.77,8.4202,0.03,395,2388,100.0,38.81,23.302,168,166,Healthy,98.81,0
23,3,-0.0019,0.0004,100.0,518.67,642.73,1591.65,1406.75,14.62,21.61,554.08,2388.08,9046.92,1.3,47.65,521.36,2388.13,8131.83,8.4205,0.03,392,2388,100.0,38.78,23.2883,168,165,Healthy,98.21,0
23,4,0.001,-0.0,100.0,518.67,643.14,1584.3,1404.01,14.62,21.61,553.79,2388.15,9054.05,1.3,47.36,520.8,2388.04,8130.98,8.4426,0.03,392,2388,100.0,38.79,23.3341,168,164,Healthy,97.62,0
23,5,-0.0002,0.0003,100.0,518.67,643.22,1590.03,1407.33,14.62,21.61,553.51,2388.06,9049.28,1.3,47.47,522.02,2388.1,8133.79,8.4516,0.03,393,2388,100.0,38.86,23.2834,168,163,Healthy,97.02,0
23,6,0.001,0.0005,100.0,518.67,642.63,1589.38,1405.34,14.62,21.61,553.27,2388.12,9054.39,1.3,47.48,521.54,2388.1,8132.34,8.4537,0.03,393,2388,100.0,38.73,23.2312,168,162,Healthy,96.43,0
23,7,0.0042,-0.0001,100.0,518.67,642.35,1587.89,1403.7,14.62,21.61,553.35,2388.1,9049.23,1.3,47.42,521.08,2388.1,8134.93,8.4534,0.03,395,2388,100.0,38.99,23.4684,168,161,Healthy,95.83,0
23,8,-0.0004,0.0003,100.0,518.67,642.42,1590.48,1406.04,14.62,21.61,553.55,2388.08,9051.94,1.3,47.54,521.88,2388.09,8129.57,8.4299,0.03,392,2388,100.0,38.78,23.3211,168,160,Healthy,95.24,0
23,9,-0.0006,0.0003,100.0,518.67,642.07,1583.6,1404.51,14.62,21.61,553.74,2388.15,9049.9,1.3,47.55,521.44,2388.07,8133.94,8.4381,0.03,394,2388,100.0,38.91,23.2736,168,159,Healthy,94.64,0
23,10,-0.0,-0.0001,100.0,518.67,642.82,1590.18,1411.38,14.62,21.61,553.06,2388.16,9046.85,1.3,47.41,521.8,2388.13,8130.52,8.4447,0.03,393,2388,100.0,38.97,23.3787,168,158,Healthy,94.05,0
23,11,0.0005,0.0001,100.0,518.67,642.0,1583.28,1408.31,14.62,21.61,553.53,2388.1,9059.41,1.3,47.41,521.48,2388.07,8129.41,8.4402,0.03,395,2388,100.0,38.91,23.4845,168,157,Healthy,93.45,0
23,12,0.0018,-0.0004,100.0,518.67,643.02,1590.11,1405.08,14.62,21.61,553.81,2388.05,9049.55,1.3,47.52,521.99,2388.05,8132.51,8.4723,0.03,392,2388,100.0,39.12,23.2584,168,156,Healthy,92.86,0
23,13,-0.0019,0.0002,100.0,518.67,642.05,1586.29,1407.89,14.62,21.61,553.18,2388.06,9056.87,1.3,47.53,521.39,2388.09,8135.44,8.4124,0.03,393,2388,100.0,38.92,23.3083,168,155,Healthy,92.26,0
23,14,0.0026,0.0003,100.0,518.67,642.28,1589.44,1408.65,14.62,21.61,553.06,2388.08,9053.29,1.3,47.44,522.03,2388.03,8131.76,8.4418,0.03,394,2388,100.0,38.79,23.2471,168,154,Healthy,91.67,0
23,15,-0.0014,0.0002,100.0,518.67,642.3,1587.72,1407.97,14.62,21.61,553.35,2388.08,9057.49,1.3,47.47,521.27,2388.07,8130.96,8.437,0.03,392,2388,100.0,38.73,23.2106,168,153,Healthy,91.07,0
23,16,0.0032,0.0002,100.0,518.67,643.15,1592.31,1404.77,14.62,21.61,554.35,2388.09,9053.96,1.3,47.32,522.04,2388.09,8133.34,8.4264,0.03,392,2388,100.0,38.87,23.3349,168,152,Healthy,90.48,0
23,17,-0.0015,-0.0003,100.0,518.67,642.1,1592.03,1404.46,14.62,21.61,553.08,2388.09,9049.63,1.3,47.53,521.69,2388.11,8131.16,8.4293,0.03,394,2388,100.0,38.83,23.1573,168,151,Healthy,89.88,0
23,18,0.0007,-0.0001,100.0,518.67,642.93,1585.15,1403.05,14.62,21.61,554.53,2388.11,9053.33,1.3,47.47,521.47,2388.09,8129.87,8.4397,0.03,394,2388,100.0,38.8,23.2228,168,150,Healthy,89.29,0
23,19,0.0025,-0.0001,100.0,518.67,642.97,1586.67,1411.0,14.62,21.61,553.24,2388.1,9057.03,1.3,47.53,520.97,2388.13,8132.09,8.441,0.03,393,2388,100.0,38.86,23.2699,168,149,Healthy,88.69,0
23,20,0.0005,-0.0002,100.0,518.67,642.72,1589.12,1413.54,14.62,21.61,554.26,2388.08,9047.01,1.3,47.51,521.26,2388.09,8128.16,8.4513,0.03,394,2388,100.0,38.93,23.2933,168,148,Healthy,88.1,0
23,21,0.0016,0.0005,100.0,518.67,642.79,1583.23,1407.15,14.62,21.61,553.58,2388.14,9056.63,1.3,47.53,521.53,2388.07,8128.82,8.4451,0.03,393,2388,100.0,38.8,23.2619,168,147,Healthy,87.5,0
23,22,0.0008,0.0003,100.0,518.67,642.74,1586.23,1407.82,14.62,21.61,553.12,2388.03,9059.88,1.3,47.68,521.3,2388.11,8129.32,8.4228,0.03,393,2388,100.0,38.81,23.3285,168,146,Healthy,86.9,0
23,23,0.0018,-0.0004,100.0,518.67,642.42,1587.51,1405.41,14.62,21.61,553.24,2388.08,9050.0,1.3,47.5,521.54,2388.12,8133.34,8.4293,0.03,393,2388,100.0,38.82,23.3447,168,145,Healthy,86.31,0
23,24,0.0026,0.0005,100.0,518.67,642.94,1585.49,1400.12,14.62,21.61,553.66,2388.1,9049.8,1.3,47.37,522.19,2388.07,8134.69,8.463,0.03,392,2388,100.0,38.88,23.4065,168,144,Healthy,85.71,0
23,25,0.0007,-0.0004,100.0,518.67,642.7,1585.12,1410.4,14.62,21.61,554.34,2388.09,9055.37,1.3,47.49,520.88,2388.12,8137.12,8.4591,0.03,394,2388,100.0,38.75,23.3392,168,143,Healthy,85.12,0
23,26,-0.0029,0.0003,100.0,518.67,642.66,1591.82,1402.9,14.62,21.61,554.41,2388.1,9049.32,1.3,47.58,521.65,2388.1,8131.56,8.4414,0.03,394,2388,100.0,38.98,23.3122,168,142,Healthy,84.52,0
23,27,0.0002,0.0003,100.0,518.67,642.43,1581.84,1410.64,14.62,21.61,553.83,2388.06,9054.67,1.3,47.42,522.06,2388.1,8130.88,8.4118,0.03,391,2388,100.0,38.85,23.328,168,141,Healthy,83.93,0
23,28,0.0005,0.0001,100.0,518.67,642.38,1597.25,1403.37,14.62,21.61,553.48,2388.11,9056.24,1.3,47.21,521.48,2388.14,8134.36,8.4486,0.03,391,2388,100.0,38.84,23.3566,168,140,Healthy,83.33,0
23,29,-0.0008,0.0003,100.0,518.67,642.88,1595.0,1399.8,14.62,21.61,554.26,2388.07,9053.04,1.3,47.53,521.53,2388.03,8129.46,8.3864,0.03,394,2388,100.0,38.81,23.3557,168,139,Healthy,82.74,0
23,30,-0.0005,-0.0005,100.0,518.67,642.46,1592.92,1403.6,14.62,21.61,553.6,2388.08,9051.4,1.3,47.54,521.85,2388.08,8137.91,8.4041,0.03,392,2388,100.0,38.76,23.2102,168,138,Healthy,82.14,0
23,31,-0.0013,-0.0004,100.0,518.67,642.29,1590.16,1402.64,14.62,21.61,553.64,2388.11,9051.22,1.3,47.56,520.97,2388.05,8131.3,8.4153,0.03,393,2388,100.0,38.97,23.2566,168,137,Healthy,81.55,0
23,32,0.0031,0.0002,100.0,518.67,642.04,1586.81,1402.46,14.62,21.61,553.47,2388.08,9047.97,1.3,47.49,521.71,2388.09,8128.96,8.4178,0.03,392,2388,100.0,38.71,23.2137,168,136,Healthy,80.95,0
23,33,-0.0,0.0005,100.0,518.67,642.24,1596.94,1406.52,14.62,21.61,553.83,2388.06,9046.42,1.3,47.56,520.87,2388.12,8138.82,8.4223,0.03,394,2388,100.0,38.93,23.2999,168,135,Healthy,80.36,0
23,34,0.0023,0.0001,100.0,518.67,642.64,1584.94,1402.55,14.62,21.61,553.86,2388.09,9048.46,1.3,47.36,521.61,2388.13,8132.96,8.4356,0.03,392,2388,100.0,39.08,23.2762,168,134,Healthy,79.76,0
23,35,-0.0007,0.0002,100.0,518.67,643.1,1587.04,1411.97,14.62,21.61,553.27,2388.05,9050.21,1.3,47.33,521.51,2388.1,8127.17,8.4297,0.03,393,2388,100.0,38.87,23.2258,168,133,Healthy,79.17,0
23,36,-0.0003,-0.0004,100.0,518.67,642.27,1590.78,1413.47,14.62,21.61,553.27,2388.08,9054.84,1.3,47.48,521.12,2388.1,8127.22,8.404,0.03,393,2388,100.0,38.94,23.2578,168,132,Healthy,78.57,0
23,37,0.0007,-0.0001,100.0,518.67,642.83,1590.79,1402.02,14.62,21.61,553.54,2388.07,9050.62,1.3,47.62,521.36,2388.11,8127.05,8.4381,0.03,393,2388,100.0,39.02,23.2768,168,131,Healthy,77.98,0
23,38,-0.0016,-0.0002,100.0,518.67,642.63,1597.49,1403.5,14.62,21.61,553.77,2388.12,9046.67,1.3,47.46,521.76,2388.05,8128.5,8.4338,0.03,393,2388,100.0,38.61,23.3469,168,130,Healthy,77.38,0
23,39,0.0001,-0.0005,100.0,518.67,643.28,1590.26,1411.93,14.62,21.61,553.87,2388.04,9051.53,1.3,47.56,521.39,2388.08,8127.92,8.4676,0.03,394,2388,100.0,38.73,23.3928,168,129,Healthy,76.79,0
23,40,-0.0023,-0.0004,100.0,518.67,642.98,1589.21,1406.82,14.62,21.61,553.14,2388.06,9055.63,1.3,47.63,522.27,2388.12,8133.25,8.4067,0.03,393,2388,100.0,38.89,23.3177,168,128,Healthy,76.19,0
23,41,0.0011,0.0003,100.0,518.67,642.45,1591.9,1406.95,14.62,21.61,553.49,2388.13,9056.36,1.3,47.68,521.2,2388.12,8135.58,8.4186,0.03,393,2388,100.0,38.99,23.3649,168,127,Healthy,75.6,0
23,42,0.0025,0.0004,100.0,518.67,642.56,1588.44,1400.01,14.62,21.61,553.97,2388.16,9053.81,1.3,47.56,521.4,2388.09,8133.54,8.4366,0.03,392,2388,100.0,38.84,23.2699,168,126,Healthy,75.0,0
23,43,0.0019,0.0001,100.0,518.67,642.51,1593.46,1410.08,14.62,21.61,553.63,2388.16,9055.68,1.3,47.48,521.08,2388.07,8129.57,8.4235,0.03,395,2388,100.0,38.89,23.2898,168,125,Healthy,74.4,0
23,44,0.0011,-0.0004,100.0,518.67,642.61,1591.8,1418.17,14.62,21.61,553.77,2388.11,9048.96,1.3,47.55,521.18,2388.07,8135.6,8.4434,0.03,391,2388,100.0,38.79,23.3289,168,124,Healthy,73.81,0
23,45,-0.0012,0.0001,100.0,518.67,642.37,1588.61,1397.83,14.62,21.61,552.68,2388.06,9046.74,1.3,47.47,521.24,2388.08,8132.83,8.4148,0.03,392,2388,100.0,38.8,23.321,168,123,Healthy,73.21,0
23,46,-0.0038,-0.0004,100.0,518.67,642.51,1586.87,1404.84,14.62,21.61,553.05,2388.08,9049.11,1.3,47.38,521.6,2388.1,8128.78,8.4193,0.03,393,2388,100.0,38.87,23.2682,168,122,Healthy,72.62,0
23,47,0.0011,-0.0001,100.0,518.67,642.77,1590.74,1412.13,14.62,21.61,553.59,2388.12,9053.36,1.3,47.42,521.52,2388.13,8135.44,8.4083,0.03,393,2388,100.0,38.87,23.2218,168,121,Healthy,72.02,0
23,48,-0.0007,-0.0002,100.0,518.67,642.57,1590.71,1404.66,14.62,21.61,553.9,2388.12,9054.43,1.3,47.39,521.48,2388.09,8137.6,8.4677,0.03,394,2388,100.0,38.94,23.2759,168,120,Early_Wear,71.43,0
23,49,-0.0007,-0.0003,100.0,518.67,642.56,1589.04,1411.45,14.62,21.61,553.76,2388.05,9051.45,1.3,47.63,522.05,2388.02,8129.68,8.4516,0.03,393,2388,100.0,38.84,23.4376,168,119,Early_Wear,70.83,0
23,50,-0.0034,0.0004,100.0,518.67,641.96,1590.91,1403.97,14.62,21.61,553.84,2388.08,9049.62,1.3,47.68,520.94,2388.08,8133.33,8.4219,0.03,393,2388,100.0,38.7,23.3114,168,118,Early_Wear,70.24,0
24,1,0.0008,-0.0004,100.0,518.67,642.17,1587.9,1403.12,14.62,21.61,554.0,2388.07,9066.64,1.3,47.1,522.08,2388.0,8146.09,8.403,0.03,391,2388,100.0,39.08,23.3594,147,146,Healthy,99.32,0
24,2,0.0017,0.0001,100.0,518.67,642.0,1583.5,1394.49,14.62,21.61,554.09,2387.96,9059.99,1.3,47.17,522.26,2388.03,8144.87,8.4018,0.03,392,2388,100.0,38.93,23.5059,147,145,Healthy,98.64,0
24,3,0.0,-0.0002,100.0,518.67,642.43,1587.55,1399.37,14.62,21.61,554.49,2388.05,9068.46,1.3,47.37,522.32,2388.01,8141.34,8.4485,0.03,390,2388,100.0,38.82,23.3265,147,144,Healthy,97.96,0
24,4,0.0011,0.0002,100.0,518.67,642.79,1587.68,1403.17,14.62,21.61,553.99,2388.05,9063.2,1.3,47.26,522.6,2387.97,8146.51,8.4061,0.03,393,2388,100.0,39.0,23.4368,147,143,Healthy,97.28,0
24,5,0.0001,0.0003,100.0,518.67,642.49,1579.15,1398.93,14.62,21.61,553.73,2388.02,9059.16,1.3,47.35,521.71,2387.99,8146.21,8.4659,0.03,393,2388,100.0,38.82,23.364,147,142,Healthy,96.6,0
24,6,0.0004,0.0002,100.0,518.67,642.65,1583.39,1403.43,14.62,21.61,554.83,2388.06,9060.0,1.3,47.15,522.07,2388.05,8138.36,8.3908,0.03,391,2388,100.0,38.92,23.3192,147,141,Healthy,95.92,0
24,7,-0.0033,0.0001,100.0,518.67,642.71,1582.08,1401.82,14.62,21.61,553.9,2388.09,9051.18,1.3,47.06,522.48,2388.0,8144.22,8.4266,0.03,392,2388,100.0,38.89,23.4144,147,140,Healthy,95.24,0
24,8,0.0023,-0.0004,100.0,518.67,642.37,1591.51,1403.71,14.62,21.61,553.78,2387.97,9070.06,1.3,47.25,521.91,2387.99,8143.16,8.4075,0.03,391,2388,100.0,38.95,23.3935,147,139,Healthy,94.56,0
24,9,-0.0042,0.0002,100.0,518.67,642.05,1584.67,1400.66,14.62,21.61,554.07,2388.04,9062.91,1.3,47.32,522.16,2388.02,8140.55,8.4071,0.03,392,2388,100.0,38.94,23.5244,147,138,Healthy,93.88,0
24,10,0.0023,-0.0004,100.0,518.67,642.36,1593.63,1404.16,14.62,21.6,553.85,2388.04,9068.35,1.3,47.47,521.96,2388.03,8146.51,8.41,0.03,392,2388,100.0,38.99,23.2652,147,137,Healthy,93.2,0
24,11,-0.0029,-0.0003,100.0,518.67,642.58,1586.85,1398.8,14.62,21.61,554.66,2388.03,9064.46,1.3,47.33,522.34,2388.05,8142.67,8.3771,0.03,392,2388,100.0,38.98,23.3489,147,136,Healthy,92.52,0
24,12,-0.0035,-0.0003,100.0,518.67,642.61,1589.01,1395.95,14.62,21.61,554.08,2388.04,9070.02,1.3,47.23,522.46,2388.01,8148.23,8.4139,0.03,392,2388,100.0,38.85,23.4507,147,135,Healthy,91.84,0
24,13,0.003,-0.0001,100.0,518.67,642.54,1583.57,1406.37,14.62,21.61,554.01,2387.99,9060.8,1.3,47.27,521.95,2388.04,8142.55,8.4126,0.03,394,2388,100.0,38.8,23.4197,147,134,Healthy,91.16,0
24,14,0.0007,-0.0004,100.0,518.67,642.44,1591.83,1396.63,14.62,21.61,554.16,2388.06,9065.31,1.3,47.26,522.18,2388.03,8143.19,8.4313,0.03,391,2388,100.0,38.98,23.3812,147,133,Healthy,90.48,0
24,15,-0.0002,-0.0004,100.0,518.67,641.95,1585.53,1400.18,14.62,21.61,553.82,2388.03,9069.69,1.3,47.34,522.35,2388.06,8146.39,8.3905,0.03,392,2388,100.0,38.85,23.4346,147,132,Healthy,89.8,0
24,16,-0.0,-0.0005,100.0,518.67,642.19,1591.68,1400.99,14.62,21.61,554.38,2388.04,9063.71,1.3,47.52,521.62,2388.03,8138.79,8.4051,0.03,391,2388,100.0,39.01,23.3267,147,131,Healthy,89.12,0
24,17,0.0025,-0.0005,100.0,518.67,642.07,1588.87,1403.73,14.62,21.61,554.54,2388.02,9071.82,1.3,47.41,521.76,2388.04,8137.4,8.4259,0.03,392,2388,100.0,38.81,23.3594,147,130,Healthy,88.44,0
24,18,-0.0,0.0003,100.0,518.67,642.42,1591.25,1397.63,14.62,21.61,554.09,2388.01,9068.1,1.3,47.19,522.07,2388.01,8144.2,8.4163,0.03,393,2388,100.0,38.86,23.4568,147,129,Healthy,87.76,0
24,19,0.0007,-0.0003,100.0,518.67,642.69,1585.85,1395.7,14.62,21.6,554.14,2388.02,9064.97,1.3,47.26,521.89,2388.01,8147.39,8.4354,0.03,392,2388,100.0,39.09,23.3865,147,128,Healthy,87.07,0
24,20,-0.001,0.0002,100.0,518.67,642.37,1587.49,1398.86,14.62,21.61,554.34,2388.08,9065.66,1.3,47.13,521.69,2388.08,8144.84,8.4135,0.03,392,2388,100.0,39.13,23.3214,147,127,Healthy,86.39,0
24,21,0.0006,-0.0002,100.0,518.67,642.28,1591.12,1398.91,14.62,21.61,554.48,2388.01,9066.81,1.3,47.26,522.13,2388.02,8140.61,8.3914,0.03,391,2388,100.0,39.0,23.3588,147,126,Healthy,85.71,0
24,22,-0.0023,0.0,100.0,518.67,642.15,1582.61,1397.73,14.62,21.61,554.3,2388.04,9060.34,1.3,47.07,521.87,2388.02,8145.95,8.3933,0.03,392,2388,100.0,38.9,23.2522,147,125,Healthy,85.03,0
24,23,0.0009,-0.0005,100.0,518.67,642.4,1589.02,1397.58,14.62,21.61,554.03,2388.06,9063.61,1.3,47.25,521.77,2388.07,8141.79,8.4247,0.03,392,2388,100.0,38.86,23.3984,147,124,Healthy,84.35,0
24,24,-0.0002,0.0002,100.0,518.67,642.3,1588.03,1408.87,14.62,21.61,555.07,2388.0,9064.8,1.3,47.25,522.15,2388.07,8148.24,8.3969,0.03,392,2388,100.0,39.0,23.4527,147,123,Healthy,83.67,0
24,25,-0.0045,0.0,100.0,518.67,642.06,1585.43,1401.12,14.62,21.61,554.12,2388.05,9060.62,1.3,47.28,522.41,2388.01,8145.21,8.3795,0.03,392,2388,100.0,38.84,23.3955,147,122,Healthy,82.99,0
24,26,0.0007,-0.0003,100.0,518.67,642.3,1588.92,1400.68,14.62,21.61,554.67,2388.1,9064.13,1.3,47.56,521.77,2388.04,8149.87,8.3807,0.03,392,2388,100.0,39.02,23.3911,147,121,Healthy,82.31,0
24,27,-0.0002,-0.0001,100.0,518.67,642.03,1590.31,1401.05,14.62,21.61,554.24,2388.08,9066.94,1.3,47.32,521.63,2387.99,8146.69,8.4146,0.03,393,2388,100.0,38.94,23.3673,147,120,Early_Wear,81.63,0
24,28,0.0013,-0.0005,100.0,518.67,642.01,1587.34,1400.39,14.62,21.61,553.03,2388.06,9063.63,1.3,47.28,521.63,2388.0,8145.09,8.4249,0.03,393,2388,100.0,38.91,23.3878,147,119,Early_Wear,80.95,0
24,29,0.0001,0.0002,100.0,518.67,642.74,1587.78,1397.77,14.62,21.61,554.34,2388.01,9066.63,1.3,47.18,522.52,2388.07,8141.6,8.4287,0.03,392,2388,100.0,39.16,23.3126,147,118,Early_Wear,80.27,0
24,30,-0.0022,0.0004,100.0,518.67,642.6,1585.12,1403.37,14.62,21.61,553.54,2388.0,9052.18,1.3,47.37,522.17,2388.02,8138.63,8.4284,0.03,393,2388,100.0,38.9,23.3928,147,117,Early_Wear,79.59,0
24,31,0.0009,-0.0001,100.0,518.67,642.52,1590.29,1403.23,14.62,21.61,554.57,2388.01,9063.78,1.3,47.31,521.91,2388.01,8144.82,8.408,0.03,393,2388,100.0,38.85,23.426,147,116,Early_Wear,78.91,0
24,32,0.0005,-0.0,100.0,518.67,642.03,1589.62,1407.47,14.62,21.61,553.35,2388.04,9063.74,1.3,47.29,522.17,2388.04,8142.12,8.3844,0.03,391,2388,100.0,39.14,23.3081,147,115,Early_Wear,78.23,0
24,33,0.0005,-0.0002,100.0,518.67,642.56,1581.33,1406.88,14.62,21.61,553.72,2388.06,9063.2,1.3,47.28,522.08,2387.99,8144.38,8.4602,0.03,392,2388,100.0,39.01,23.2799,147,114,Early_Wear,77.55,0
24,34,0.0019,0.0003,100.0,518.67,641.62,1587.05,1405.23,14.62,21.61,554.27,2388.03,9056.15,1.3,47.25,522.05,2388.0,8150.91,8.414,0.03,392,2388,100.0,38.87,23.3871,147,113,Early_Wear,76.87,0
24,35,-0.002,-0.0004,100.0,518.67,642.22,1586.2,1401.04,14.62,21.61,554.52,2387.99,9061.93,1.3,47.37,522.26,2388.07,8149.02,8.4339,0.03,393,2388,100.0,38.93,23.2939,147,112,Early_Wear,76.19,0
24,36,-0.0027,0.0003,100.0,518.67,642.49,1590.94,1407.83,14.62,21.61,554.28,2388.01,9060.37,1.3,47.24,521.7,2388.04,8145.12,8.4116,0.03,392,2388,100.0,39.0,23.2791,147,111,Early_Wear,75.51,0
24,37,0.001,-0.0004,100.0,518.67,641.96,1589.53,1391.9,14.62,21.61,554.41,2388.05,9054.24,1.3,47.24,522.0,2388.03,8148.96,8.3999,0.03,392,2388,100.0,39.1,23.3709,147,110,Early_Wear,74.83,0
24,38,-0.0015,-0.0002,100.0,518.67,642.64,1590.99,1403.92,14.62,21.61,554.41,2388.04,9062.29,1.3,47.36,522.18,2388.08,8144.05,8.4231,0.03,394,2388,100.0,38.97,23.4177,147,109,Early_Wear,74.15,0
24,39,-0.0015,0.0004,100.0,518.67,642.36,1588.79,1407.39,14.62,21.61,554.43,2388.0,9067.18,1.3,47.32,522.14,2388.04,8142.88,8.4425,0.03,392,2388,100.0,38.92,23.3965,147,108,Early_Wear,73.47,0
24,40,0.0049,0.0002,100.0,518.67,642.34,1581.68,1396.83,14.62,21.61,554.05,2388.06,9059.43,1.3,47.26,521.76,2388.02,8145.0,8.4201,0.03,394,2388,100.0,38.94,23.5132,147,107,Early_Wear,72.79,0
24,41,-0.0032,-0.0,100.0,518.67,642.6,1587.39,1407.93,14.62,21.61,554.18,2388.06,9064.1,1.3,47.37,522.25,2388.02,8143.5,8.436,0.03,390,2388,100.0,38.88,23.3587,147,106,Early_Wear,72.11,0
24,42,-0.0004,0.0002,100.0,518.67,643.26,1586.45,1408.61,14.62,21.61,554.07,2388.06,9064.75,1.3,47.28,522.39,2388.05,8138.11,8.4103,0.03,392,2388,100.0,39.1,23.4542,147,105,Early_Wear,71.43,0
24,43,0.0024,-0.0002,100.0,518.67,641.84,1589.08,1405.49,14.62,21.61,554.26,2388.05,9062.2,1.3,47.13,521.86,2388.03,8141.11,8.4227,0.03,394,2388,100.0,39.07,23.3482,147,104,Early_Wear,70.75,0
24,44,-0.0005,-0.0004,100.0,518.67,642.05,1587.93,1402.84,14.62,21.61,554.55,2388.05,9069.5,1.3,47.11,522.09,2387.99,8148.92,8.401,0.03,390,2388,100.0,39.0,23.3801,147,103,Early_Wear,70.07,0
24,45,0.0001,0.0,100.0,518.67,642.61,1587.72,1397.75,14.62,21.61,554.03,2388.05,9067.01,1.3,47.13,522.12,2388.03,8141.39,8.4133,0.03,393,2388,100.0,38.91,23.3466,147,102,Early_Wear,69.39,0
24,46,0.0012,0.0003,100.0,518.67,642.04,1585.95,1403.61,14.62,21.61,554.54,2388.06,9061.18,1.3,47.57,522.14,2388.03,8144.0,8.4453,0.03,392,2388,100.0,38.79,23.3287,147,101,Early_Wear,68.71,0
24,47,0.002,-0.0005,100.0,518.67,642.37,1587.39,1404.69,14.62,21.61,553.58,2388.03,9056.42,1.3,47.29,522.24,2388.06,8143.99,8.4129,0.03,394,2388,100.0,38.98,23.4506,147,100,Early_Wear,68.03,0
24,48,0.0002,0.0001,100.0,518.67,642.41,1583.04,1407.63,14.62,21.61,553.47,2388.0,9065.83,1.3,47.4,521.99,2388.03,8142.25,8.3916,0.03,395,2388,100.0,39.06,23.3988,147,99,Early_Wear,67.35,0
24,49,0.0006,0.0003,100.0,518.67,642.05,1591.53,1405.48,14.62,21.61,554.14,2388.07,9057.89,1.3,47.23,521.37,2388.03,8148.84,8.4254,0.03,393,2388,100.0,38.87,23.3605,147,98,Early_Wear,66.67,0
24,50,0.0003,-0.0004,100.0,518.67,642.19,1588.34,1400.57,14.62,21.61,553.66,2388.01,9064.85,1.3,47.25,521.52,2388.02,8141.43,8.4201,0.03,394,2388,100.0,39.01,23.3177,147,97,Early_Wear,65.99,0
25,1,-0.0021,-0.0004,100.0,518.67,642.85,1586.83,1403.72,14.62,21.61,553.81,2388.1,9044.91,1.3,47.51,521.04,2388.15,8126.14,8.432,0.03,392,2388,100.0,38.98,23.4472,230,229,Healthy,99.57,0
25,2,-0.0003,0.0005,100.0,518.67,642.01,1585.04,1408.44,14.62,21.61,552.88,2388.11,9050.68,1.3,47.37,521.78,2388.11,8128.11,8.4518,0.03,394,2388,100.0,38.8,23.2932,230,228,Healthy,99.13,0
25,3,-0.0016,-0.0,100.0,518.67,642.35,1584.13,1405.1,14.62,21.61,553.73,2388.13,9047.51,1.3,47.43,521.45,2388.06,8130.37,8.4354,0.03,394,2388,100.0,38.74,23.251,230,227,Healthy,98.7,0
25,4,-0.0004,0.0005,100.0,518.67,642.55,1592.42,1405.92,14.62,21.61,553.79,2388.13,9048.33,1.3,47.5,521.53,2388.11,8127.32,8.4187,0.03,392,2388,100.0,38.98,23.3807,230,226,Healthy,98.26,0
25,5,0.0021,-0.0001,100.0,518.67,642.38,1588.13,1399.72,14.62,21.61,553.64,2388.07,9049.37,1.3,47.29,520.93,2388.05,8129.83,8.4501,0.03,391,2388,100.0,38.8,23.297,230,225,Healthy,97.83,0
25,6,0.0007,0.0004,100.0,518.67,642.74,1590.35,1413.87,14.62,21.61,554.36,2388.1,9047.58,1.3,47.45,521.91,2388.12,8127.98,8.4588,0.03,394,2388,100.0,38.96,23.3451,230,224,Healthy,97.39,0
25,7,0.004,0.0005,100.0,518.67,642.34,1589.76,1410.2,14.62,21.61,553.94,2388.1,9047.49,1.3,47.42,521.36,2388.17,8126.82,8.4436,0.03,392,2388,100.0,38.66,23.372,230,223,Healthy,96.96,0
25,8,-0.0023,0.0006,100.0,518.67,642.24,1590.04,1410.09,14.62,21.61,554.48,2388.1,9043.82,1.3,47.63,521.68,2388.13,8129.85,8.4387,0.03,393,2388,100.0,38.62,23.3443,230,222,Healthy,96.52,0
25,9,0.0032,0.0005,100.0,518.67,642.87,1591.58,1403.9,14.62,21.61,553.32,2388.14,9044.23,1.3,47.46,521.67,2388.13,8129.6,8.4279,0.03,394,2388,100.0,38.78,23.3189,230,221,Healthy,96.09,0
25,10,-0.0009,0.0,100.0,518.67,642.33,1588.11,1405.93,14.62,21.61,553.31,2388.1,9042.43,1.3,47.53,521.59,2388.13,8130.18,8.4246,0.03,392,2388,100.0,38.94,23.3077,230,220,Healthy,95.65,0
25,11,-0.0016,-0.0004,100.0,518.67,642.11,1590.85,1406.76,14.62,21.61,553.19,2388.15,9051.54,1.3,47.36,521.51,2388.08,8124.2,8.4431,0.03,391,2388,100.0,38.74,23.2851,230,219,Healthy,95.22,0
25,12,-0.0018,0.0003,100.0,518.67,642.13,1588.56,1406.97,14.62,21.61,553.39,2388.11,9051.03,1.3,47.57,521.26,2388.15,8128.7,8.3837,0.03,392,2388,100.0,38.62,23.2574,230,218,Healthy,94.78,0
25,13,-0.0007,0.0003,100.0,518.67,642.63,1583.09,1401.16,14.62,21.61,553.9,2388.12,9049.44,1.3,47.51,521.53,2388.1,8129.54,8.4074,0.03,393,2388,100.0,38.91,23.3313,230,217,Healthy,94.35,0
25,14,0.0003,0.0005,100.0,518.67,643.03,1583.85,1407.83,14.62,21.61,553.56,2388.12,9040.61,1.3,47.51,521.06,2388.08,8130.37,8.4071,0.03,393,2388,100.0,38.79,23.4092,230,216,Healthy,93.91,0
25,15,0.0023,-0.0004,100.0,518.67,642.82,1591.45,1407.76,14.62,21.61,554.06,2388.11,9042.43,1.3,47.25,521.71,2388.11,8124.11,8.4628,0.03,392,2388,100.0,38.83,23.3627,230,215,Healthy,93.48,0
25,16,0.002,0.0004,100.0,518.67,643.11,1598.66,1401.54,14.62,21.61,553.53,2388.07,9045.33,1.3,47.44,521.43,2388.08,8132.94,8.4017,0.03,392,2388,100.0,39.07,23.3018,230,214,Healthy,93.04,0
25,17,0.0029,0.0005,100.0,518.67,642.85,1581.71,1411.93,14.62,21.61,553.51,2388.11,9042.96,1.3,47.46,521.46,2388.1,8131.97,8.4191,0.03,392,2388,100.0,38.98,23.3514,230,213,Healthy,92.61,0
25,18,-0.0023,0.0003,100.0,518.67,642.46,1584.37,1406.8,14.62,21.61,553.97,2388.12,9052.2,1.3,47.34,521.29,2388.12,8124.93,8.4192,0.03,392,2388,100.0,38.85,23.3673,230,212,Healthy,92.17,0
25,19,0.0029,-0.0003,100.0,518.67,642.43,1592.25,1402.92,14.62,21.61,553.73,2388.09,9049.82,1.3,47.47,521.17,2388.07,8127.22,8.432,0.03,393,2388,100.0,38.9,23.3796,230,211,Healthy,91.74,0
25,20,-0.002,0.0004,100.0,518.67,642.11,1586.74,1409.28,14.62,21.61,553.24,2388.14,9046.88,1.3,47.49,522.03,2388.12,8126.13,8.4284,0.03,393,2388,100.0,38.73,23.3354,230,210,Healthy,91.3,0
25,21,0.0027,-0.0002,100.0,518.67,642.83,1584.95,1402.98,14.62,21.61,553.15,2388.11,9040.95,1.3,47.43,521.55,2388.09,8127.03,8.4326,0.03,394,2388,100.0,38.86,23.4104,230,209,Healthy,90.87,0
25,22,0.0012,0.0004,100.0,518.67,642.52,1582.69,1411.48,14.62,21.61,553.17,2388.06,9052.02,1.3,47.32,521.24,2388.13,8131.19,8.4124,0.03,393,2388,100.0,39.0,23.3353,230,208,Healthy,90.43,0
25,23,0.0027,-0.0003,100.0,518.67,642.57,1575.77,1405.23,14.62,21.61,553.09,2388.12,9044.19,1.3,47.49,521.38,2388.08,8131.97,8.4539,0.03,392,2388,100.0,38.99,23.3806,230,207,Healthy,90.0,0
25,24,-0.0012,0.0,100.0,518.67,642.12,1589.55,1408.37,14.62,21.61,553.21,2388.11,9045.53,1.3,47.28,521.38,2388.06,8123.64,8.4316,0.03,393,2388,100.0,38.84,23.3507,230,206,Healthy,89.57,0
25,25,-0.0006,0.0003,100.0,518.67,642.69,1588.03,1396.61,14.62,21.61,553.82,2388.14,9043.15,1.3,47.36,522.05,2388.07,8125.22,8.4248,0.03,395,2388,100.0,38.78,23.2456,230,205,Healthy,89.13,0
25,26,0.0046,0.0005,100.0,518.67,642.43,1586.86,1404.38,14.62,21.61,553.95,2388.06,9047.92,1.3,47.49,521.23,2388.13,8126.99,8.4308,0.03,393,2388,100.0,39.11,23.3263,230,204,Healthy,88.7,0
25,27,-0.0035,-0.0004,100.0,518.67,641.7,1593.58,1407.33,14.62,21.61,553.94,2388.04,9050.86,1.3,47.47,521.55,2388.11,8125.51,8.4521,0.03,392,2388,100.0,39.05,23.3549,230,203,Healthy,88.26,0
25,28,0.0015,0.0003,100.0,518.67,642.4,1592.49,1412.61,14.62,21.61,553.64,2388.1,9050.78,1.3,47.49,521.3,2388.13,8129.09,8.4279,0.03,392,2388,100.0,38.97,23.3029,230,202,Healthy,87.83,0
25,29,0.001,-0.0002,100.0,518.67,642.2,1583.91,1413.5,14.62,21.61,553.41,2388.09,9046.42,1.3,47.57,521.98,2388.1,8127.85,8.4331,0.03,393,2388,100.0,38.67,23.2909,230,201,Healthy,87.39,0
25,30,-0.0031,-0.0,100.0,518.67,641.61,1589.98,1405.03,14.62,21.61,552.61,2388.15,9043.8,1.3,47.33,522.3,2388.14,8128.57,8.4311,0.03,394,2388,100.0,38.97,23.2102,230,200,Healthy,86.96,0
25,31,-0.0005,0.0003,100.0,518.67,642.66,1593.21,1402.68,14.62,21.61,552.93,2388.13,9050.58,1.3,47.32,521.87,2388.12,8129.12,8.4429,0.03,393,2388,100.0,39.0,23.2772,230,199,Healthy,86.52,0
25,32,-0.0006,0.0001,100.0,518.67,642.54,1585.93,1410.09,14.62,21.61,553.52,2388.08,9043.7,1.3,47.67,521.86,2388.15,8125.7,8.4461,0.03,395,2388,100.0,38.86,23.3358,230,198,Healthy,86.09,0
25,33,-0.0044,-0.0002,100.0,518.67,642.54,1590.19,1402.06,14.62,21.61,553.37,2388.15,9036.28,1.3,47.5,521.37,2388.14,8128.83,8.4223,0.03,393,2388,100.0,38.74,23.2652,230,197,Healthy,85.65,0
25,34,0.0013,0.0005,100.0,518.67,642.0,1588.66,1403.4,14.62,21.61,553.51,2388.11,9046.15,1.3,47.54,521.5,2388.16,8120.11,8.4272,0.03,394,2388,100.0,38.81,23.342,230,196,Healthy,85.22,0
25,35,-0.0033,0.0,100.0,518.67,642.39,1585.77,1407.98,14.62,21.61,553.77,2388.13,9042.31,1.3,47.34,521.83,2388.11,8129.3,8.4568,0.03,391,2388,100.0,39.07,23.3539,230,195,Healthy,84.78,0
25,36,-0.0011,-0.0002,100.0,518.67,642.11,1592.19,1410.44,14.62,21.61,553.71,2388.13,9047.52,1.3,47.44,521.77,2388.09,8125.29,8.4014,0.03,393,2388,100.0,38.76,23.2998,230,194,Healthy,84.35,0
25,37,-0.0006,-0.0004,100.0,518.67,642.79,1582.14,1403.02,14.62,21.61,553.12,2388.06,9045.2,1.3,47.62,521.65,2388.1,8130.36,8.4354,0.03,391,2388,100.0,38.73,23.3496,230,193,Healthy,83.91,0
25,38,0.004,-0.0001,100.0,518.67,642.72,1583.82,1403.63,14.62,21.61,553.62,2388.09,9043.19,1.3,47.31,521.21,2388.13,8129.22,8.4214,0.03,393,2388,100.0,38.88,23.2142,230,192,Healthy,83.48,0
25,39,-0.0008,0.0004,100.0,518.67,642.79,1581.71,1404.19,14.62,21.61,554.0,2388.14,9047.81,1.3,47.6,521.21,2388.09,8125.25,8.4683,0.03,391,2388,100.0,38.88,23.2764,230,191,Healthy,83.04,0
25,40,-0.0015,0.0003,100.0,518.67,642.58,1594.83,1409.69,14.62,21.61,552.99,2388.1,9044.35,1.3,47.65,521.72,2388.13,8126.34,8.4018,0.03,394,2388,100.0,39.01,23.2179,230,190,Healthy,82.61,0
25,41,-0.0025,0.0,100.0,518.67,642.78,1589.15,1409.06,14.62,21.61,554.41,2388.09,9053.35,1.3,47.43,521.97,2388.08,8127.24,8.4488,0.03,391,2388,100.0,38.99,23.2518,230,189,Healthy,82.17,0
25,42,0.0002,-0.0,100.0,518.67,642.47,1584.89,1405.45,14.62,21.61,553.9,2388.08,9047.87,1.3,47.55,521.25,2388.11,8125.25,8.3865,0.03,392,2388,100.0,38.99,23.3164,230,188,Healthy,81.74,0
25,43,-0.0003,0.0003,100.0,518.67,642.46,1588.32,1406.67,14.62,21.61,553.56,2388.05,9050.92,1.3,47.52,521.79,2388.12,8125.34,8.4548,0.03,392,2388,100.0,38.75,23.2465,230,187,Healthy,81.3,0
25,44,0.0018,0.0001,100.0,518.67,642.97,1587.86,1403.71,14.62,21.61,553.52,2388.13,9042.21,1.3,47.66,521.29,2388.06,8131.27,8.4499,0.03,394,2388,100.0,38.95,23.3557,230,186,Healthy,80.87,0
25,45,0.0033,0.0003,100.0,518.67,642.81,1584.99,1408.14,14.62,21.61,553.23,2388.12,9045.09,1.3,47.48,521.72,2388.13,8126.84,8.4262,0.03,394,2388,100.0,38.83,23.3319,230,185,Healthy,80.43,0
25,46,-0.0022,-0.0003,100.0,518.67,642.4,1585.8,1407.41,14.62,21.61,553.74,2388.07,9043.88,1.3,47.54,521.77,2388.08,8129.62,8.4112,0.03,392,2388,100.0,38.61,23.2421,230,184,Healthy,80.0,0
25,47,-0.0016,0.0001,100.0,518.67,642.61,1594.45,1409.17,14.62,21.61,553.28,2388.09,9045.78,1.3,47.7,521.86,2388.2,8120.86,8.4446,0.03,393,2388,100.0,38.86,23.3355,230,183,Healthy,79.57,0
25,48,0.0009,-0.0003,100.0,518.67,642.77,1588.26,1407.09,14.62,21.61,553.37,2388.1,9046.34,1.3,47.31,521.02,2388.14,8129.67,8.4154,0.03,393,2388,100.0,38.87,23.4121,230,182,Healthy,79.13,0
25,49,-0.0001,-0.0002,100.0,518.67,643.41,1582.22,1403.5,14.62,21.61,552.94,2388.09,9048.43,1.3,47.4,521.1,2388.08,8129.34,8.4406,0.03,390,2388,100.0,39.05,23.3296,230,181,Healthy,78.7,0
25,50,0.0041,-0.0004,100.0,518.67,642.17,1587.44,1411.53,14.62,21.61,553.51,2388.07,9045.45,1.3,47.54,521.69,2388.12,8130.63,8.4283,0.03,393,2388,100.0,38.74,23.4,230,180,Healthy,78.26,0
26,1,0.0002,-0.0002,100.0,518.67,642.5,1591.55,1411.43,14.62,21.61,552.93,2388.14,9041.19,1.3,47.56,521.53,2388.13,8126.96,8.4322,0.03,393,2388,100.0,38.82,23.3124,199,198,Healthy,99.5,0
26,2,-0.0006,0.0,100.0,518.67,642.41,1589.84,1405.51,14.62,21.61,553.11,2388.13,9041.49,1.3,47.44,521.09,2388.14,8125.07,8.4626,0.03,392,2388,100.0,38.76,23.2642,199,197,Healthy,98.99,0
26,3,0.0002,-0.0001,100.0,518.67,642.63,1588.16,1408.81,14.62,21.61,553.31,2388.09,9042.25,1.3,47.62,521.64,2388.13,8124.61,8.4142,0.03,391,2388,100.0,38.78,23.3072,199,196,Healthy,98.49,0
26,4,0.0024,-0.0002,100.0,518.67,643.13,1593.67,1409.85,14.62,21.61,553.18,2388.13,9044.59,1.3,47.48,521.3,2388.1,8128.42,8.4246,0.03,394,2388,100.0,38.81,23.2889,199,195,Healthy,97.99,0
26,5,0.0026,0.0001,100.0,518.67,642.8,1588.61,1414.19,14.62,21.61,553.5,2388.2,9035.69,1.3,47.38,521.3,2388.11,8126.1,8.4018,0.03,394,2388,100.0,38.84,23.2591,199,194,Healthy,97.49,0
26,6,0.0026,0.0004,100.0,518.67,642.16,1588.7,1408.6,14.62,21.61,553.41,2388.05,9059.69,1.3,47.59,521.49,2388.07,8125.29,8.4515,0.03,392,2388,100.0,38.97,23.2985,199,193,Healthy,96.98,0
26,7,0.0032,0.0003,100.0,518.67,642.4,1588.25,1404.3,14.62,21.61,552.82,2388.11,9040.52,1.3,47.39,521.52,2388.07,8131.55,8.4827,0.03,393,2388,100.0,38.76,23.4328,199,192,Healthy,96.48,0
26,8,-0.0001,-0.0001,100.0,518.67,642.94,1586.14,1412.11,14.62,21.61,552.92,2388.15,9045.97,1.3,47.63,521.24,2388.18,8126.07,8.4106,0.03,392,2388,100.0,38.8,23.279,199,191,Healthy,95.98,0
26,9,0.002,-0.0003,100.0,518.67,642.38,1592.4,1405.42,14.62,21.61,554.15,2388.11,9038.5,1.3,47.54,521.17,2388.14,8121.35,8.4442,0.03,394,2388,100.0,38.99,23.2642,199,190,Healthy,95.48,0
26,10,-0.0011,0.0005,100.0,518.67,642.34,1585.35,1406.11,14.62,21.61,554.25,2388.15,9051.8,1.3,47.56,520.4,2388.1,8128.39,8.4446,0.03,394,2388,100.0,38.77,23.3325,199,189,Healthy,94.97,0
26,11,0.0007,-0.0003,100.0,518.67,642.68,1586.4,1401.17,14.62,21.61,553.51,2388.11,9048.38,1.3,47.34,521.41,2388.11,8128.45,8.4435,0.03,394,2388,100.0,38.98,23.3468,199,188,Healthy,94.47,0
26,12,-0.0005,-0.0002,100.0,518.67,642.91,1591.39,1408.91,14.62,21.61,552.92,2388.1,9046.7,1.3,47.48,521.59,2388.14,8131.34,8.4164,0.03,393,2388,100.0,38.78,23.2211,199,187,Healthy,93.97,0
26,13,-0.0023,-0.0003,100.0,518.67,642.69,1587.16,1406.85,14.62,21.61,552.91,2388.12,9047.57,1.3,47.45,521.93,2388.13,8125.23,8.4351,0.03,393,2388,100.0,38.76,23.2512,199,186,Healthy,93.47,0
26,14,0.0001,0.0004,100.0,518.67,642.78,1593.83,1411.14,14.62,21.61,553.08,2388.12,9047.88,1.3,47.48,522.11,2388.13,8129.67,8.4432,0.03,393,2388,100.0,38.94,23.3845,199,185,Healthy,92.96,0
26,15,-0.001,0.0005,100.0,518.67,642.07,1591.37,1410.22,14.62,21.61,553.26,2388.17,9045.81,1.3,47.49,521.47,2388.1,8129.2,8.4303,0.03,393,2388,100.0,38.75,23.3319,199,184,Healthy,92.46,0
26,16,-0.0009,0.0004,100.0,518.67,642.19,1588.19,1416.35,14.62,21.61,552.89,2388.11,9045.5,1.3,47.57,521.5,2388.09,8126.64,8.4432,0.03,394,2388,100.0,38.76,23.2297,199,183,Healthy,91.96,0
26,17,0.0014,0.0003,100.0,518.67,642.84,1589.18,1405.88,14.62,21.61,553.25,2388.11,9041.77,1.3,47.49,521.34,2388.07,8123.36,8.4638,0.03,394,2388,100.0,39.1,23.2647,199,182,Healthy,91.46,0
26,18,0.0013,0.0003,100.0,518.67,642.49,1588.61,1408.21,14.62,21.61,554.18,2388.07,9050.43,1.3,47.43,521.59,2388.08,8130.29,8.4456,0.03,394,2388,100.0,38.74,23.3053,199,181,Healthy,90.95,0
26,19,0.0017,-0.0003,100.0,518.67,643.03,1585.33,1412.56,14.62,21.61,553.2,2388.14,9046.05,1.3,47.74,521.36,2388.14,8127.69,8.4363,0.03,394,2388,100.0,38.89,23.362,199,180,Healthy,90.45,0
26,20,0.0002,0.0005,100.0,518.67,642.56,1590.92,1414.56,14.62,21.61,552.52,2388.09,9050.5,1.3,47.55,521.45,2388.17,8135.62,8.4226,0.03,394,2388,100.0,38.93,23.2996,199,179,Healthy,89.95,0
26,21,0.0003,0.0003,100.0,518.67,642.79,1597.97,1414.67,14.62,21.61,553.39,2388.07,9045.5,1.3,47.51,521.66,2388.18,8122.91,8.4233,0.03,392,2388,100.0,38.61,23.3702,199,178,Healthy,89.45,0
26,22,-0.0052,-0.0004,100.0,518.67,642.73,1588.83,1407.43,14.62,21.61,553.09,2388.1,9050.15,1.3,47.42,521.09,2388.13,8127.72,8.4401,0.03,394,2388,100.0,38.73,23.2687,199,177,Healthy,88.94,0
26,23,-0.0003,0.0,100.0,518.67,642.56,1587.32,1415.45,14.62,21.61,554.32,2388.1,9047.48,1.3,47.54,521.54,2388.16,8129.05,8.4523,0.03,392,2388,100.0,38.75,23.3312,199,176,Healthy,88.44,0
26,24,-0.0033,-0.0004,100.0,518.67,642.78,1588.64,1404.79,14.62,21.61,553.13,2388.09,9044.74,1.3,47.31,521.77,2388.16,8123.36,8.4651,0.03,393,2388,100.0,38.95,23.2863,199,175,Healthy,87.94,0
26,25,-0.0022,-0.0003,100.0,518.67,642.83,1593.44,1408.98,14.62,21.61,553.7,2388.12,9049.57,1.3,47.28,521.73,2388.11,8128.21,8.4343,0.03,393,2388,100.0,38.9,23.2971,199,174,Healthy,87.44,0
26,26,-0.0026,0.0004,100.0,518.67,642.41,1586.09,1408.79,14.62,21.61,553.84,2388.14,9044.72,1.3,47.36,521.57,2388.09,8124.57,8.4451,0.03,393,2388,100.0,38.9,23.3277,199,173,Healthy,86.93,0
26,27,-0.006,-0.0004,100.0,518.67,642.11,1588.19,1402.79,14.62,21.61,553.35,2388.15,9050.15,1.3,47.43,521.37,2388.09,8127.8,8.4405,0.03,393,2388,100.0,38.98,23.3198,199,172,Healthy,86.43,0
26,28,0.0001,0.0,100.0,518.67,642.48,1591.66,1409.19,14.62,21.61,553.14,2388.08,9049.28,1.3,47.64,521.61,2388.07,8123.67,8.4559,0.03,395,2388,100.0,38.82,23.2244,199,171,Healthy,85.93,0
26,29,0.0022,-0.0004,100.0,518.67,642.75,1594.89,1405.56,14.62,21.61,552.85,2388.1,9045.79,1.3,47.51,521.28,2388.1,8129.29,8.441,0.03,393,2388,100.0,38.92,23.2838,199,170,Healthy,85.43,0
26,30,-0.0002,0.0,100.0,518.67,642.36,1587.86,1406.64,14.62,21.61,553.18,2388.11,9047.95,1.3,47.65,521.43,2388.02,8131.62,8.42,0.03,392,2388,100.0,38.84,23.294,199,169,Healthy,84.92,0
26,31,0.0001,-0.0002,100.0,518.67,642.69,1585.74,1405.72,14.62,21.61,554.1,2388.09,9050.52,1.3,47.69,520.88,2388.08,8121.27,8.461,0.03,393,2388,100.0,38.8,23.368,199,168,Healthy,84.42,0
26,32,-0.001,-0.0002,100.0,518.67,642.57,1591.78,1406.33,14.62,21.61,552.87,2388.07,9053.86,1.3,47.43,521.37,2388.08,8129.74,8.455,0.03,393,2388,100.0,38.68,23.3068,199,167,Healthy,83.92,0
26,33,0.0003,0.0004,100.0,518.67,642.19,1592.15,1396.5,14.62,21.61,554.0,2388.17,9043.79,1.3,47.67,521.5,2388.13,8124.59,8.4566,0.03,392,2388,100.0,38.91,23.3369,199,166,Healthy,83.42,0
26,34,-0.0015,-0.0001,100.0,518.67,642.71,1591.04,1400.94,14.62,21.61,553.69,2388.14,9039.9,1.3,47.63,521.05,2388.15,8126.67,8.397,0.03,394,2388,100.0,39.0,23.3474,199,165,Healthy,82.91,0
26,35,0.004,-0.0,100.0,518.67,643.13,1594.79,1406.94,14.62,21.61,553.33,2388.14,9045.08,1.3,47.27,521.66,2388.14,8119.6,8.4148,0.03,391,2388,100.0,38.94,23.2157,199,164,Healthy,82.41,0
26,36,0.0031,0.0001,100.0,518.67,642.41,1596.72,1403.05,14.62,21.61,553.6,2388.08,9050.02,1.3,47.49,521.78,2388.06,8125.48,8.4661,0.03,393,2388,100.0,38.87,23.334,199,163,Healthy,81.91,0
26,37,-0.0019,-0.0002,100.0,518.67,642.93,1589.57,1409.22,14.62,21.61,553.86,2388.14,9035.87,1.3,47.58,521.51,2388.12,8128.69,8.4773,0.03,394,2388,100.0,39.03,23.3528,199,162,Healthy,81.41,0
26,38,-0.0004,0.0004,100.0,518.67,642.78,1592.15,1409.55,14.62,21.61,553.27,2388.1,9050.97,1.3,47.59,521.31,2388.16,8128.51,8.4452,0.03,392,2388,100.0,38.61,23.3046,199,161,Healthy,80.9,0
26,39,-0.0049,-0.0003,100.0,518.67,642.56,1590.93,1398.15,14.62,21.61,552.88,2388.11,9055.27,1.3,47.41,521.35,2388.12,8132.76,8.4503,0.03,393,2388,100.0,38.74,23.3291,199,160,Healthy,80.4,0
26,40,0.0022,-0.0001,100.0,518.67,641.82,1594.36,1410.28,14.62,21.61,553.04,2388.1,9051.73,1.3,47.47,521.74,2388.17,8126.8,8.454,0.03,392,2388,100.0,38.73,23.2737,199,159,Healthy,79.9,0
26,41,0.0006,-0.0003,100.0,518.67,642.38,1596.89,1412.56,14.62,21.61,553.69,2388.16,9049.96,1.3,47.64,521.42,2388.07,8129.75,8.4588,0.03,395,2388,100.0,38.71,23.2904,199,158,Healthy,79.4,0
26,42,-0.0005,0.0001,100.0,518.67,642.19,1592.9,1406.41,14.62,21.61,553.84,2388.09,9045.86,1.3,47.58,522.03,2388.15,8129.88,8.4398,0.03,393,2388,100.0,38.77,23.2234,199,157,Healthy,78.89,0
26,43,-0.0013,-0.0005,100.0,518.67,642.91,1594.7,1414.93,14.62,21.61,553.25,2388.15,9048.21,1.3,47.74,521.57,2388.11,8129.49,8.4202,0.03,394,2388,100.0,38.81,23.3326,199,156,Healthy,78.39,0
26,44,0.0039,0.0001,100.0,518.67,642.9,1585.88,1411.13,14.62,21.61,553.52,2388.11,9046.89,1.3,47.67,521.33,2388.12,8127.39,8.4596,0.03,392,2388,100.0,38.9,23.2664,199,155,Healthy,77.89,0
26,45,-0.0021,-0.0005,100.0,518.67,642.06,1593.22,1410.96,14.62,21.61,553.19,2388.11,9050.81,1.3,47.6,520.97,2388.15,8129.89,8.4424,0.03,393,2388,100.0,38.89,23.3069,199,154,Healthy,77.39,0
26,46,-0.0022,-0.0002,100.0,518.67,642.75,1602.09,1409.77,14.62,21.61,552.36,2388.15,9049.43,1.3,47.58,521.06,2388.15,8128.39,8.4722,0.03,393,2388,100.0,38.81,23.3582,199,153,Healthy,76.88,0
26,47,0.0042,-0.0003,100.0,518.67,642.93,1590.74,1409.74,14.62,21.61,553.29,2388.13,9050.28,1.3,47.47,520.7,2388.14,8128.77,8.4856,0.03,392,2388,100.0,38.72,23.2004,199,152,Healthy,76.38,0
26,48,0.0026,0.0003,100.0,518.67,643.02,1587.83,1413.52,14.62,21.61,553.31,2388.11,9050.36,1.3,47.4,521.23,2388.12,8124.3,8.4149,0.03,394,2388,100.0,38.77,23.2041,199,151,Healthy,75.88,0
26,49,-0.0009,-0.0004,100.0,518.67,642.74,1594.99,1407.3,14.62,21.61,552.98,2388.12,9050.2,1.3,47.44,521.21,2388.12,8122.01,8.4415,0.03,394,2388,100.0,38.64,23.2306,199,150,Healthy,75.38,0
26,50,-0.0025,-0.0001,100.0,518.67,642.28,1595.54,1408.57,14.62,21.61,553.79,2388.09,9045.26,1.3,47.49,521.45,2388.11,8133.22,8.4281,0.03,392,2388,100.0,38.97,23.1972,199,149,Healthy,74.87,0
27,1,0.0004,-0.0,100.0,518.67,642.41,1592.81,1403.33,14.62,21.61,554.08,2388.08,9053.27,1.3,47.61,521.21,2388.06,8144.58,8.4088,0.03,391,2388,100.0,38.74,23.3425,156,155,Healthy,99.36,0
27,2,-0.0026,-0.0003,100.0,518.67,642.6,1590.48,1404.96,14.62,21.61,554.39,2388.02,9062.24,1.3,47.4,521.95,2388.11,8138.82,8.4346,0.03,395,2388,100.0,39.04,23.4075,156,154,Healthy,98.72,0
27,3,0.0005,-0.0003,100.0,518.67,642.3,1581.71,1401.67,14.62,21.61,553.69,2388.07,9059.84,1.3,47.38,521.95,2388.07,8145.91,8.4253,0.03,391,2388,100.0,38.75,23.2521,156,153,Healthy,98.08,0
27,4,0.0012,-0.0002,100.0,518.67,643.04,1587.25,1407.46,14.62,21.61,553.56,2388.06,9066.11,1.3,47.36,521.98,2388.03,8141.46,8.433,0.03,394,2388,100.0,38.8,23.333,156,152,Healthy,97.44,0
27,5,-0.0038,-0.0005,100.0,518.67,642.47,1584.61,1406.82,14.62,21.61,554.18,2388.04,9057.75,1.3,47.44,521.96,2388.06,8138.58,8.4384,0.03,394,2388,100.0,38.98,23.392,156,151,Healthy,96.79,0
27,6,-0.0012,0.0002,100.0,518.67,642.3,1584.48,1409.51,14.62,21.61,554.65,2388.02,9059.92,1.3,47.44,521.75,2388.06,8145.23,8.4208,0.03,393,2388,100.0,38.9,23.319,156,150,Healthy,96.15,0
27,7,0.0003,0.0001,100.0,518.67,642.27,1595.67,1409.94,14.62,21.61,552.85,2388.09,9069.62,1.3,47.45,521.21,2388.06,8140.38,8.4177,0.03,393,2388,100.0,38.97,23.2795,156,149,Healthy,95.51,0
27,8,0.0012,0.0002,100.0,518.67,642.45,1579.66,1407.34,14.62,21.61,553.45,2388.06,9066.23,1.3,47.48,522.36,2388.05,8146.22,8.4298,0.03,394,2388,100.0,38.82,23.3563,156,148,Healthy,94.87,0
27,9,-0.003,0.0001,100.0,518.67,642.59,1593.52,1408.99,14.62,21.61,553.74,2388.04,9068.2,1.3,47.34,521.29,2388.08,8144.82,8.4011,0.03,392,2388,100.0,38.94,23.3202,156,147,Healthy,94.23,0
27,10,0.0013,0.0001,100.0,518.67,642.54,1592.24,1408.67,14.62,21.61,554.03,2388.08,9066.4,1.3,47.52,521.19,2388.09,8142.33,8.4128,0.03,393,2388,100.0,38.95,23.4244,156,146,Healthy,93.59,0
27,11,0.0006,-0.0004,100.0,518.67,642.57,1586.12,1392.42,14.62,21.61,553.0,2388.11,9062.55,1.3,47.44,521.82,2388.15,8142.34,8.4378,0.03,392,2388,100.0,38.91,23.362,156,145,Healthy,92.95,0
27,12,-0.0021,-0.0003,100.0,518.67,642.48,1587.31,1404.75,14.62,21.61,553.34,2388.04,9065.14,1.3,47.45,522.05,2388.04,8138.0,8.4468,0.03,393,2388,100.0,38.82,23.3062,156,144,Healthy,92.31,0
27,13,0.005,0.0004,100.0,518.67,642.36,1588.83,1410.72,14.62,21.61,553.02,2388.08,9061.13,1.3,47.44,521.87,2388.09,8144.86,8.4276,0.03,392,2388,100.0,38.64,23.3662,156,143,Healthy,91.67,0
27,14,0.0012,0.0001,100.0,518.67,642.37,1583.56,1407.41,14.62,21.61,553.82,2388.05,9056.57,1.3,47.31,521.98,2388.07,8151.14,8.4452,0.03,394,2388,100.0,38.97,23.3414,156,142,Healthy,91.03,0
27,15,0.0006,-0.0002,100.0,518.67,642.33,1583.7,1402.81,14.62,21.61,553.9,2388.03,9069.72,1.3,47.42,521.67,2388.06,8141.61,8.4514,0.03,393,2388,100.0,38.73,23.3552,156,141,Healthy,90.38,0
27,16,-0.0024,-0.0003,100.0,518.67,642.4,1585.16,1403.97,14.62,21.61,552.58,2388.06,9067.64,1.3,47.5,521.55,2388.02,8138.07,8.4352,0.03,392,2388,100.0,38.82,23.3333,156,140,Healthy,89.74,0
27,17,-0.0014,-0.0003,100.0,518.67,641.78,1591.04,1407.19,14.62,21.61,554.56,2388.0,9061.41,1.3,47.4,521.6,2388.06,8150.68,8.4351,0.03,393,2388,100.0,38.86,23.3798,156,139,Healthy,89.1,0
27,18,-0.0015,0.0002,100.0,518.67,642.61,1590.43,1396.7,14.62,21.61,553.71,2388.1,9064.92,1.3,47.37,521.43,2388.09,8139.6,8.4055,0.03,393,2388,100.0,38.84,23.3399,156,138,Healthy,88.46,0
27,19,-0.0019,-0.0001,100.0,518.67,642.47,1581.23,1399.5,14.62,21.61,553.43,2388.11,9062.02,1.3,47.42,521.86,2388.04,8142.48,8.4082,0.03,393,2388,100.0,38.8,23.3244,156,137,Healthy,87.82,0
27,20,0.0004,-0.0003,100.0,518.67,642.66,1592.44,1407.16,14.62,21.61,553.88,2388.02,9064.36,1.3,47.4,521.61,2388.08,8139.17,8.45,0.03,393,2388,100.0,38.9,23.3725,156,136,Healthy,87.18,0
27,21,-0.0002,0.0002,100.0,518.67,642.56,1584.78,1395.72,14.62,21.61,553.86,2388.02,9067.88,1.3,47.47,522.07,2388.01,8142.5,8.4341,0.03,392,2388,100.0,38.83,23.358,156,135,Healthy,86.54,0
27,22,0.0025,-0.0004,100.0,518.67,642.75,1590.65,1405.19,14.62,21.61,552.86,2388.07,9059.1,1.3,47.53,522.0,2388.06,8145.14,8.4121,0.03,393,2388,100.0,38.89,23.3225,156,134,Healthy,85.9,0
27,23,0.0048,-0.0005,100.0,518.67,642.3,1590.01,1407.18,14.62,21.61,553.67,2388.09,9064.01,1.3,47.52,521.71,2388.05,8142.42,8.4264,0.03,393,2388,100.0,38.89,23.2872,156,133,Healthy,85.26,0
27,24,-0.0009,-0.0004,100.0,518.67,642.54,1594.77,1404.67,14.62,21.61,553.5,2387.97,9073.32,1.3,47.44,520.89,2388.12,8150.47,8.4451,0.03,393,2388,100.0,38.91,23.3274,156,132,Healthy,84.62,0
27,25,0.0002,-0.0004,100.0,518.67,642.54,1590.71,1403.35,14.62,21.61,554.51,2388.14,9066.2,1.3,47.24,522.1,2388.1,8140.16,8.427,0.03,393,2388,100.0,38.9,23.2058,156,131,Healthy,83.97,0
27,26,0.0001,0.0003,100.0,518.67,642.61,1587.42,1398.58,14.62,21.61,554.09,2388.06,9063.43,1.3,47.37,522.04,2388.06,8144.18,8.4276,0.03,391,2388,100.0,38.74,23.2886,156,130,Healthy,83.33,0
27,27,0.0035,-0.0003,100.0,518.67,642.32,1585.31,1406.02,14.62,21.61,552.99,2388.07,9069.36,1.3,47.31,521.77,2388.08,8148.06,8.4601,0.03,393,2388,100.0,39.02,23.3902,156,129,Healthy,82.69,0
27,28,0.0003,0.0003,100.0,518.67,642.55,1586.9,1404.2,14.62,21.61,554.33,2388.11,9067.38,1.3,47.34,522.21,2388.04,8145.93,8.3907,0.03,393,2388,100.0,39.12,23.3839,156,128,Healthy,82.05,0
27,29,-0.0023,-0.0005,100.0,518.67,642.5,1583.07,1405.78,14.62,21.61,553.98,2388.06,9063.3,1.3,47.35,521.91,2388.04,8145.78,8.4348,0.03,392,2388,100.0,38.89,23.2319,156,127,Healthy,81.41,0
27,30,-0.0009,0.0001,100.0,518.67,642.46,1589.12,1395.35,14.62,21.61,554.02,2388.05,9061.47,1.3,47.34,521.5,2388.05,8149.79,8.4483,0.03,393,2388,100.0,38.75,23.2781,156,126,Healthy,80.77,0
27,31,-0.0007,0.0002,100.0,518.67,642.7,1590.1,1404.34,14.62,21.61,553.94,2388.03,9056.41,1.3,47.47,521.61,2388.03,8145.08,8.4361,0.03,392,2388,100.0,38.72,23.3471,156,125,Healthy,80.13,0
27,32,-0.001,0.0,100.0,518.67,642.55,1589.05,1404.68,14.62,21.61,553.58,2388.02,9058.45,1.3,47.45,521.48,2388.01,8142.86,8.4304,0.03,393,2388,100.0,38.66,23.3432,156,124,Healthy,79.49,0
27,33,-0.0025,0.0003,100.0,518.67,642.06,1590.6,1407.24,14.62,21.61,553.03,2388.07,9060.42,1.3,47.37,521.75,2388.06,8145.23,8.446,0.03,394,2388,100.0,38.89,23.2982,156,123,Healthy,78.85,0
27,34,0.0014,-0.0003,100.0,518.67,642.93,1597.39,1403.23,14.62,21.61,553.9,2388.1,9062.04,1.3,47.25,522.2,2388.04,8137.51,8.4496,0.03,393,2388,100.0,38.92,23.3944,156,122,Healthy,78.21,0
27,35,-0.0035,-0.0,100.0,518.67,642.31,1591.21,1405.62,14.62,21.61,553.41,2388.06,9066.63,1.3,47.45,521.89,2388.05,8138.47,8.4391,0.03,392,2388,100.0,38.91,23.365,156,121,Healthy,77.56,0
27,36,-0.0022,-0.0002,100.0,518.67,642.16,1596.79,1407.68,14.62,21.61,554.49,2388.1,9068.67,1.3,47.45,521.56,2388.06,8139.3,8.3947,0.03,393,2388,100.0,38.98,23.2749,156,120,Early_Wear,76.92,0
27,37,0.0028,0.0002,100.0,518.67,642.69,1587.68,1401.08,14.62,21.61,554.49,2388.08,9067.53,1.3,47.28,521.81,2388.04,8142.31,8.4219,0.03,391,2388,100.0,38.87,23.4123,156,119,Early_Wear,76.28,0
27,38,0.0012,0.0002,100.0,518.67,642.55,1587.12,1409.48,14.62,21.61,554.18,2388.06,9070.16,1.3,47.52,522.24,2388.07,8144.39,8.4059,0.03,392,2388,100.0,38.96,23.3179,156,118,Early_Wear,75.64,0
27,39,-0.0006,-0.0004,100.0,518.67,642.26,1589.69,1405.18,14.62,21.61,553.64,2388.02,9060.09,1.3,47.57,521.94,2388.1,8145.37,8.4273,0.03,393,2388,100.0,39.0,23.3514,156,117,Early_Wear,75.0,0
27,40,0.0001,0.0003,100.0,518.67,642.42,1592.01,1409.89,14.62,21.61,554.32,2388.08,9064.69,1.3,47.53,521.57,2388.05,8150.59,8.4624,0.03,393,2388,100.0,38.85,23.3694,156,116,Early_Wear,74.36,0
27,41,0.0012,-0.0,100.0,518.67,642.21,1583.26,1404.96,14.62,21.61,553.73,2388.06,9057.14,1.3,47.44,521.64,2388.12,8142.24,8.4502,0.03,392,2388,100.0,38.87,23.165,156,115,Early_Wear,73.72,0
27,42,0.0009,-0.0005,100.0,518.67,642.94,1581.57,1407.92,14.62,21.61,553.41,2388.04,9068.4,1.3,47.37,521.29,2388.06,8145.28,8.4601,0.03,393,2388,100.0,38.94,23.3386,156,114,Early_Wear,73.08,0
27,43,0.0002,-0.0004,100.0,518.67,642.84,1591.34,1401.74,14.62,21.61,553.68,2388.13,9064.24,1.3,47.38,521.49,2388.12,8149.36,8.4171,0.03,394,2388,100.0,38.79,23.3086,156,113,Early_Wear,72.44,0
27,44,0.0001,-0.0002,100.0,518.67,642.81,1583.25,1397.69,14.62,21.61,554.14,2388.09,9072.87,1.3,47.45,521.52,2388.02,8143.18,8.4091,0.03,393,2388,100.0,38.87,23.2843,156,112,Early_Wear,71.79,0
27,45,0.001,-0.0002,100.0,518.67,642.5,1588.66,1412.34,14.62,21.61,554.03,2388.05,9063.77,1.3,47.58,521.21,2388.04,8146.51,8.4182,0.03,392,2388,100.0,39.02,23.2726,156,111,Early_Wear,71.15,0
27,46,-0.0038,-0.0003,100.0,518.67,642.48,1585.98,1400.43,14.62,21.61,554.23,2388.05,9070.12,1.3,47.32,521.48,2388.05,8141.42,8.4178,0.03,392,2388,100.0,38.86,23.3129,156,110,Early_Wear,70.51,0
27,47,-0.002,-0.0002,100.0,518.67,642.32,1590.28,1409.2,14.62,21.61,553.25,2388.1,9068.49,1.3,47.47,521.83,2388.04,8141.68,8.4431,0.03,392,2388,100.0,38.87,23.2718,156,109,Early_Wear,69.87,0
27,48,0.001,-0.0,100.0,518.67,643.11,1593.64,1412.48,14.62,21.61,553.45,2388.06,9066.14,1.3,47.6,521.73,2388.09,8140.35,8.4163,0.03,393,2388,100.0,38.88,23.4464,156,108,Early_Wear,69.23,0
27,49,0.0032,0.0003,100.0,518.67,642.05,1590.33,1408.22,14.62,21.61,553.53,2388.07,9071.78,1.3,47.54,521.74,2388.08,8152.53,8.4277,0.03,392,2388,100.0,38.92,23.3259,156,107,Early_Wear,68.59,0
27,50,-0.0014,-0.0003,100.0,518.67,643.12,1588.5,1406.8,14.62,21.61,553.36,2388.11,9066.57,1.3,47.64,521.26,2388.07,8147.41,8.4129,0.03,394,2388,100.0,39.0,23.3386,156,106,Early_Wear,67.95,0
28,1,-0.0003,-0.0001,100.0,518.67,642.14,1584.11,1392.44,14.62,21.61,554.84,2387.99,9068.32,1.3,47.14,522.67,2388.0,8145.82,8.3899,0.03,391,2388,100.0,39.18,23.3642,165,164,Healthy,99.39,0
28,2,-0.0002,0.0003,100.0,518.67,642.41,1583.78,1391.7,14.62,21.61,555.39,2387.99,9056.19,1.3,47.05,522.75,2387.98,8143.47,8.3977,0.03,391,2388,100.0,39.22,23.4739,165,163,Healthy,98.79,0
28,3,0.0006,-0.0004,100.0,518.67,642.13,1583.81,1396.23,14.62,21.6,554.32,2388.01,9066.04,1.3,47.27,521.84,2387.99,8139.99,8.3898,0.03,391,2388,100.0,39.1,23.5312,165,162,Healthy,98.18,0
28,4,0.002,-0.0001,100.0,518.67,642.51,1593.03,1395.05,14.62,21.61,554.87,2387.95,9065.22,1.3,47.07,522.72,2388.02,8145.79,8.3887,0.03,393,2388,100.0,39.01,23.3791,165,161,Healthy,97.58,0
28,5,0.0002,-0.0,100.0,518.67,642.39,1577.87,1396.3,14.62,21.61,554.4,2387.98,9060.76,1.3,47.1,522.95,2387.96,8140.29,8.3771,0.03,394,2388,100.0,39.01,23.4707,165,160,Healthy,96.97,0
28,6,0.0008,-0.0004,100.0,518.67,642.07,1591.74,1403.77,14.62,21.61,554.05,2388.01,9061.02,1.3,47.11,522.42,2388.0,8147.97,8.3618,0.03,391,2388,100.0,39.01,23.489,165,159,Healthy,96.36,0
28,7,0.0029,-0.0002,100.0,518.67,642.05,1581.85,1400.44,14.62,21.61,554.79,2387.98,9059.22,1.3,46.94,522.75,2388.02,8140.33,8.439,0.03,391,2388,100.0,39.11,23.519,165,158,Healthy,95.76,0
28,8,-0.0002,0.0001,100.0,518.67,642.21,1589.79,1395.98,14.62,21.61,554.41,2388.0,9054.45,1.3,47.27,522.38,2387.92,8144.25,8.3898,0.03,391,2388,100.0,39.08,23.5862,165,157,Healthy,95.15,0
28,9,-0.0018,0.0002,100.0,518.67,642.12,1585.04,1401.82,14.62,21.61,554.79,2387.99,9058.03,1.3,47.16,522.48,2387.93,8145.92,8.3858,0.03,392,2388,100.0,38.86,23.4515,165,156,Healthy,94.55,0
28,10,-0.0004,0.0003,100.0,518.67,642.01,1580.24,1396.79,14.62,21.61,554.71,2387.98,9066.17,1.3,47.1,521.77,2388.03,8146.34,8.3912,0.03,391,2388,100.0,39.06,23.4235,165,155,Healthy,93.94,0
28,11,-0.0013,0.0004,100.0,518.67,642.31,1587.71,1396.13,14.62,21.61,554.6,2388.03,9061.34,1.3,47.02,522.39,2388.04,8146.04,8.4056,0.03,391,2388,100.0,39.04,23.3447,165,154,Healthy,93.33,0
28,12,-0.0001,0.0005,100.0,518.67,642.01,1588.4,1399.95,14.62,21.61,554.7,2387.98,9062.82,1.3,47.2,522.25,2387.96,8144.02,8.3913,0.03,391,2388,100.0,39.01,23.547,165,153,Healthy,92.73,0
28,13,0.0002,0.0005,100.0,518.67,641.58,1583.34,1397.28,14.62,21.61,554.82,2388.01,9066.09,1.3,47.08,522.08,2387.99,8149.44,8.3841,0.03,392,2388,100.0,38.97,23.4033,165,152,Healthy,92.12,0
28,14,0.0044,0.0002,100.0,518.67,641.9,1585.59,1401.43,14.62,21.61,554.8,2387.99,9051.05,1.3,47.21,522.34,2387.98,8141.24,8.3898,0.03,391,2388,100.0,39.03,23.3883,165,151,Healthy,91.52,0
28,15,-0.0004,0.0004,100.0,518.67,641.55,1583.1,1395.37,14.62,21.61,554.91,2388.05,9049.26,1.3,47.18,522.39,2387.99,8143.08,8.3717,0.03,391,2388,100.0,39.01,23.5113,165,150,Healthy,90.91,0
28,16,0.0034,-0.0001,100.0,518.67,641.86,1582.29,1394.28,14.62,21.61,555.09,2388.06,9062.03,1.3,47.28,522.27,2387.96,8144.72,8.3851,0.03,392,2388,100.0,38.95,23.3424,165,149,Healthy,90.3,0
28,17,-0.0005,-0.0001,100.0,518.67,641.88,1581.72,1398.89,14.62,21.61,555.02,2387.99,9065.75,1.3,47.09,522.48,2387.99,8136.66,8.3755,0.03,392,2388,100.0,39.1,23.4449,165,148,Healthy,89.7,0
28,18,0.0039,-0.0001,100.0,518.67,642.12,1589.7,1396.29,14.62,21.61,554.92,2387.98,9067.04,1.3,47.3,521.82,2388.04,8145.74,8.446,0.03,392,2388,100.0,39.13,23.4849,165,147,Healthy,89.09,0
28,19,-0.0012,0.0004,100.0,518.67,641.86,1580.18,1399.73,14.62,21.61,555.19,2387.96,9066.55,1.3,47.29,522.06,2387.98,8144.02,8.3974,0.03,390,2388,100.0,38.97,23.4707,165,146,Healthy,88.48,0
28,20,-0.0035,0.0001,100.0,518.67,642.38,1588.55,1398.68,14.62,21.61,554.98,2387.97,9070.68,1.3,47.21,522.33,2387.99,8150.85,8.3633,0.03,390,2388,100.0,39.02,23.526,165,145,Healthy,87.88,0
28,21,-0.0019,0.0002,100.0,518.67,641.8,1583.54,1396.72,14.62,21.61,554.41,2388.08,9070.94,1.3,47.29,522.61,2388.01,8143.52,8.419,0.03,392,2388,100.0,39.14,23.3621,165,144,Healthy,87.27,0
28,22,0.0023,0.0001,100.0,518.67,641.96,1585.14,1397.42,14.62,21.61,554.77,2387.94,9062.74,1.3,47.22,522.2,2388.04,8145.17,8.3809,0.03,390,2388,100.0,39.04,23.3614,165,143,Healthy,86.67,0
28,23,-0.0007,-0.0001,100.0,518.67,642.24,1592.12,1389.11,14.62,21.61,554.32,2387.99,9070.1,1.3,47.24,522.58,2387.92,8147.37,8.3752,0.03,390,2388,100.0,38.84,23.4896,165,142,Healthy,86.06,0
28,24,-0.0043,0.0001,100.0,518.67,641.96,1586.78,1397.66,14.62,21.61,554.32,2388.01,9059.83,1.3,47.18,522.94,2387.99,8149.0,8.3832,0.03,391,2388,100.0,39.02,23.4439,165,141,Healthy,85.45,0
28,25,0.0007,0.0004,100.0,518.67,641.99,1584.17,1393.05,14.62,21.61,553.95,2388.0,9052.73,1.3,47.24,522.35,2387.99,8138.98,8.3855,0.03,391,2388,100.0,39.12,23.4736,165,140,Healthy,84.85,0
28,26,0.0013,0.0004,100.0,518.67,642.27,1583.55,1399.65,14.62,21.6,554.59,2388.02,9056.03,1.3,47.07,522.16,2387.99,8138.44,8.4107,0.03,391,2388,100.0,39.01,23.4683,165,139,Healthy,84.24,0
28,27,-0.0014,0.0005,100.0,518.67,641.98,1578.48,1396.48,14.62,21.61,554.14,2388.04,9070.27,1.3,47.23,522.67,2388.0,8146.95,8.4122,0.03,391,2388,100.0,38.97,23.5858,165,138,Healthy,83.64,0
28,28,-0.0016,0.0005,100.0,518.67,641.31,1577.83,1400.03,14.62,21.61,555.26,2387.98,9063.64,1.3,47.13,522.4,2387.99,8148.62,8.4115,0.03,393,2388,100.0,39.12,23.5554,165,137,Healthy,83.03,0
28,29,0.0009,0.0002,100.0,518.67,641.91,1581.94,1396.35,14.62,21.61,554.65,2387.96,9057.08,1.3,47.36,522.43,2388.04,8151.44,8.4109,0.03,390,2388,100.0,38.9,23.4527,165,136,Healthy,82.42,0
28,30,0.002,0.0004,100.0,518.67,641.9,1591.83,1398.37,14.62,21.61,554.52,2387.97,9060.75,1.3,47.18,522.66,2388.0,8147.77,8.4159,0.03,391,2388,100.0,39.07,23.3106,165,135,Healthy,81.82,0
28,31,-0.0011,0.0003,100.0,518.67,642.59,1583.14,1396.67,14.62,21.61,553.91,2387.97,9060.02,1.3,47.15,522.21,2388.01,8146.85,8.3923,0.03,393,2388,100.0,39.06,23.4405,165,134,Healthy,81.21,0
28,32,-0.0052,0.0002,100.0,518.67,641.96,1577.38,1398.27,14.62,21.61,554.45,2387.98,9061.77,1.3,47.12,521.9,2387.97,8147.61,8.364,0.03,392,2388,100.0,39.11,23.4599,165,133,Healthy,80.61,0
28,33,-0.0022,0.0,100.0,518.67,642.1,1579.87,1399.7,14.62,21.61,554.87,2388.04,9063.8,1.3,47.27,522.53,2387.99,8147.2,8.3637,0.03,390,2388,100.0,38.97,23.3332,165,132,Healthy,80.0,0
28,34,-0.0021,0.0,100.0,518.67,642.59,1594.85,1398.24,14.62,21.61,554.5,2388.02,9069.76,1.3,47.14,522.25,2387.92,8154.71,8.4059,0.03,390,2388,100.0,38.84,23.3499,165,131,Healthy,79.39,0
28,35,-0.0021,0.0002,100.0,518.67,642.13,1590.98,1392.22,14.62,21.61,554.57,2387.97,9066.54,1.3,47.23,522.45,2387.93,8142.79,8.4076,0.03,392,2388,100.0,39.01,23.4664,165,130,Healthy,78.79,0
28,36,0.0022,0.0005,100.0,518.67,641.41,1574.52,1398.33,14.62,21.61,554.14,2387.99,9052.62,1.3,47.23,522.34,2388.03,8141.16,8.4202,0.03,393,2388,100.0,38.96,23.3854,165,129,Healthy,78.18,0
28,37,-0.003,-0.0002,100.0,518.67,641.84,1581.94,1392.17,14.62,21.61,555.38,2388.07,9068.16,1.3,47.13,522.07,2388.02,8146.26,8.3763,0.03,391,2388,100.0,39.13,23.4107,165,128,Healthy,77.58,0
28,38,0.0009,-0.0001,100.0,518.67,641.66,1583.68,1398.96,14.62,21.61,554.18,2388.06,9068.32,1.3,47.06,522.41,2387.96,8144.52,8.409,0.03,391,2388,100.0,39.14,23.5379,165,127,Healthy,76.97,0
28,39,0.0007,-0.0004,100.0,518.67,642.19,1592.26,1389.12,14.62,21.61,554.08,2387.98,9068.8,1.3,47.27,521.95,2387.98,8145.17,8.4104,0.03,393,2388,100.0,39.19,23.3943,165,126,Healthy,76.36,0
28,40,0.0002,-0.0002,100.0,518.67,642.01,1587.66,1406.12,14.62,21.61,554.67,2388.01,9064.71,1.3,47.11,522.0,2387.97,8147.36,8.3907,0.03,392,2388,100.0,39.2,23.3242,165,125,Healthy,75.76,0
28,41,-0.002,-0.0003,100.0,518.67,641.76,1575.6,1396.3,14.62,21.61,554.56,2387.99,9064.08,1.3,47.19,522.48,2387.99,8146.71,8.3489,0.03,391,2388,100.0,39.24,23.4913,165,124,Healthy,75.15,0
28,42,0.0023,-0.0004,100.0,518.67,642.31,1585.08,1395.52,14.62,21.61,554.44,2388.02,9061.42,1.3,47.11,522.63,2387.99,8147.24,8.3567,0.03,392,2388,100.0,39.13,23.3987,165,123,Healthy,74.55,0
28,43,0.0019,-0.0001,100.0,518.67,642.08,1586.32,1396.26,14.62,21.61,554.28,2387.98,9065.24,1.3,47.12,522.42,2387.97,8144.77,8.3901,0.03,392,2388,100.0,38.92,23.418,165,122,Healthy,73.94,0
28,44,-0.0028,-0.0004,100.0,518.67,642.23,1586.12,1400.95,14.62,21.61,554.69,2387.97,9068.56,1.3,47.08,522.27,2388.02,8147.8,8.4043,0.03,392,2388,100.0,39.13,23.4689,165,121,Healthy,73.33,0
28,45,-0.0008,-0.0003,100.0,518.67,641.87,1581.16,1394.98,14.62,21.61,555.23,2387.96,9066.97,1.3,47.26,522.4,2388.02,8149.25,8.4185,0.03,389,2388,100.0,39.06,23.353,165,120,Early_Wear,72.73,0
28,46,0.0,0.0003,100.0,518.67,642.24,1584.24,1405.74,14.62,21.61,554.46,2388.02,9074.28,1.3,47.12,522.15,2387.99,8143.31,8.3911,0.03,390,2388,100.0,39.03,23.4541,165,119,Early_Wear,72.12,0
28,47,0.0012,0.0005,100.0,518.67,642.29,1583.8,1394.33,14.62,21.61,553.54,2388.06,9068.95,1.3,47.17,522.68,2387.99,8148.95,8.4057,0.03,391,2388,100.0,39.19,23.504,165,118,Early_Wear,71.52,0
28,48,-0.002,-0.0002,100.0,518.67,642.03,1578.55,1390.2,14.62,21.61,554.3,2387.97,9062.59,1.3,47.1,522.41,2387.99,8142.28,8.4239,0.03,391,2388,100.0,39.05,23.4335,165,117,Early_Wear,70.91,0
28,49,-0.0048,0.0003,100.0,518.67,642.05,1584.38,1397.22,14.62,21.61,554.33,2388.01,9068.64,1.3,47.23,522.01,2387.98,8143.78,8.3989,0.03,391,2388,100.0,39.05,23.371,165,116,Early_Wear,70.3,0
28,50,0.0001,0.0003,100.0,518.67,641.93,1589.99,1389.19,14.62,21.61,553.93,2388.03,9053.29,1.3,47.2,522.15,2387.94,8144.84,8.4083,0.03,390,2388,100.0,39.02,23.4871,165,115,Early_Wear,69.7,0
29,1,0.0042,-0.0,100.0,518.67,642.85,1590.52,1408.46,14.62,21.61,554.41,2388.04,9055.13,1.3,47.4,521.92,2388.02,8143.8,8.4185,0.03,393,2388,100.0,39.09,23.3381,163,162,Healthy,99.39,0
29,2,0.0011,0.0004,100.0,518.67,642.27,1592.43,1408.53,14.62,21.61,553.71,2388.03,9060.3,1.3,47.27,521.77,2388.05,8140.58,8.4272,0.03,392,2388,100.0,38.84,23.335,163,161,Healthy,98.77,0
29,3,0.0002,-0.0001,100.0,518.67,642.67,1587.06,1399.36,14.62,21.61,554.12,2388.11,9062.25,1.3,47.56,521.94,2388.08,8144.01,8.4103,0.03,393,2388,100.0,38.81,23.3956,163,160,Healthy,98.16,0
29,4,0.001,-0.0005,100.0,518.67,642.7,1590.5,1404.58,14.62,21.61,554.62,2388.05,9070.14,1.3,47.35,522.65,2388.07,8145.94,8.4657,0.03,393,2388,100.0,38.89,23.3491,163,159,Healthy,97.55,0
29,5,0.0006,-0.0005,100.0,518.67,642.76,1588.83,1405.83,14.62,21.61,553.38,2388.08,9062.12,1.3,47.4,521.66,2388.06,8140.63,8.4279,0.03,393,2388,100.0,38.88,23.2584,163,158,Healthy,96.93,0
29,6,-0.0032,-0.0003,100.0,518.67,642.29,1587.25,1401.97,14.62,21.61,553.52,2388.08,9057.78,1.3,47.31,521.82,2388.03,8137.41,8.4409,0.03,393,2388,100.0,38.81,23.425,163,157,Healthy,96.32,0
29,7,-0.0012,-0.0,100.0,518.67,641.61,1591.95,1410.22,14.62,21.61,553.67,2388.05,9060.72,1.3,47.31,521.88,2388.05,8140.89,8.4337,0.03,392,2388,100.0,38.85,23.4348,163,156,Healthy,95.71,0
29,8,0.0028,0.0002,100.0,518.67,642.45,1581.85,1403.44,14.62,21.61,553.81,2388.01,9054.0,1.3,47.4,521.63,2388.07,8140.8,8.4199,0.03,393,2388,100.0,39.05,23.4201,163,155,Healthy,95.09,0
29,9,-0.0024,0.0001,100.0,518.67,641.88,1586.87,1406.02,14.62,21.61,553.43,2388.02,9064.46,1.3,47.36,521.88,2388.02,8145.7,8.4254,0.03,392,2388,100.0,38.88,23.3746,163,154,Healthy,94.48,0
29,10,-0.0005,-0.0002,100.0,518.67,642.61,1588.05,1402.72,14.62,21.61,554.02,2388.06,9058.27,1.3,47.43,522.33,2388.08,8140.65,8.4242,0.03,394,2388,100.0,38.84,23.357,163,153,Healthy,93.87,0
29,11,-0.0011,-0.0,100.0,518.67,642.64,1585.48,1406.08,14.62,21.61,553.32,2388.07,9059.95,1.3,47.38,521.84,2388.06,8141.68,8.4439,0.03,392,2388,100.0,38.97,23.3476,163,152,Healthy,93.25,0
29,12,0.0014,-0.0001,100.0,518.67,642.33,1591.01,1410.3,14.62,21.61,554.0,2388.11,9058.11,1.3,47.27,521.79,2388.07,8143.65,8.4137,0.03,393,2388,100.0,38.88,23.2505,163,151,Healthy,92.64,0
29,13,0.0006,-0.0,100.0,518.67,642.25,1596.28,1403.02,14.62,21.61,554.06,2388.09,9060.55,1.3,47.39,521.9,2388.03,8144.47,8.3917,0.03,393,2388,100.0,38.87,23.2653,163,150,Healthy,92.02,0
29,14,0.0008,0.0004,100.0,518.67,642.3,1593.51,1402.65,14.62,21.61,553.24,2388.06,9060.52,1.3,47.37,522.32,2388.03,8140.22,8.4174,0.03,392,2388,100.0,38.91,23.3366,163,149,Healthy,91.41,0
29,15,-0.0013,0.0002,100.0,518.67,642.42,1587.53,1402.14,14.62,21.61,554.06,2388.07,9052.72,1.3,47.49,522.23,2388.03,8141.46,8.4243,0.03,393,2388,100.0,38.92,23.4404,163,148,Healthy,90.8,0
29,16,-0.0008,-0.0,100.0,518.67,642.31,1585.86,1403.55,14.62,21.61,554.53,2388.06,9057.35,1.3,47.26,522.01,2388.09,8143.12,8.4339,0.03,394,2388,100.0,39.06,23.3746,163,147,Healthy,90.18,0
29,17,0.0019,0.0004,100.0,518.67,642.3,1584.21,1406.37,14.62,21.61,553.6,2388.02,9066.63,1.3,47.42,522.32,2388.11,8137.84,8.4449,0.03,393,2388,100.0,38.79,23.2866,163,146,Healthy,89.57,0
29,18,0.0012,0.0001,100.0,518.67,642.08,1582.08,1405.48,14.62,21.61,554.07,2388.09,9051.79,1.3,47.44,522.0,2388.03,8142.68,8.426,0.03,393,2388,100.0,38.69,23.4351,163,145,Healthy,88.96,0
29,19,0.0005,-0.0,100.0,518.67,642.27,1585.7,1405.25,14.62,21.61,553.75,2388.04,9056.57,1.3,47.41,521.79,2388.02,8134.03,8.4269,0.03,392,2388,100.0,39.0,23.3546,163,144,Healthy,88.34,0
29,20,0.0046,-0.0003,100.0,518.67,642.98,1591.52,1395.22,14.62,21.61,553.6,2388.06,9052.66,1.3,47.37,522.13,2388.08,8139.29,8.4345,0.03,394,2388,100.0,38.75,23.2417,163,143,Healthy,87.73,0
29,21,-0.005,0.0003,100.0,518.67,642.35,1585.9,1403.4,14.62,21.61,553.99,2388.09,9062.84,1.3,47.47,522.22,2388.07,8141.07,8.4164,0.03,393,2388,100.0,38.94,23.4182,163,142,Healthy,87.12,0
29,22,-0.0001,-0.0004,100.0,518.67,642.36,1581.65,1408.38,14.62,21.61,554.21,2388.05,9062.68,1.3,47.44,521.75,2388.1,8136.41,8.3917,0.03,391,2388,100.0,38.94,23.3777,163,141,Healthy,86.5,0
29,23,-0.0004,-0.0004,100.0,518.67,642.08,1587.41,1412.34,14.62,21.61,553.7,2388.07,9061.03,1.3,47.42,521.63,2388.08,8134.13,8.4581,0.03,393,2388,100.0,38.82,23.4316,163,140,Healthy,85.89,0
29,24,0.0021,-0.0003,100.0,518.67,642.36,1588.52,1397.33,14.62,21.61,553.69,2388.1,9061.12,1.3,47.44,521.6,2388.08,8146.26,8.4306,0.03,393,2388,100.0,38.9,23.3503,163,139,Healthy,85.28,0
29,25,-0.0027,0.0002,100.0,518.67,642.7,1582.0,1410.1,14.62,21.61,553.69,2388.07,9071.3,1.3,47.5,521.73,2388.04,8133.97,8.4458,0.03,394,2388,100.0,38.99,23.3378,163,138,Healthy,84.66,0
29,26,-0.0006,0.0003,100.0,518.67,642.85,1583.93,1403.11,14.62,21.61,553.81,2388.04,9063.81,1.3,47.34,521.35,2388.02,8139.72,8.4009,0.03,392,2388,100.0,38.87,23.3478,163,137,Healthy,84.05,0
29,27,-0.0057,0.0002,100.0,518.67,642.14,1581.13,1407.01,14.62,21.61,553.58,2388.04,9066.07,1.3,47.34,521.39,2388.05,8142.54,8.4456,0.03,393,2388,100.0,38.82,23.2559,163,136,Healthy,83.44,0
29,28,0.0003,0.0003,100.0,518.67,642.51,1584.15,1398.75,14.62,21.61,553.59,2388.07,9061.1,1.3,47.35,521.39,2388.09,8142.03,8.4323,0.03,392,2388,100.0,38.92,23.465,163,135,Healthy,82.82,0
29,29,0.0013,-0.0003,100.0,518.67,642.71,1585.42,1405.28,14.62,21.61,554.41,2388.12,9059.45,1.3,47.54,521.37,2388.03,8142.06,8.4124,0.03,394,2388,100.0,39.1,23.3463,163,134,Healthy,82.21,0
29,30,0.0006,-0.0003,100.0,518.67,642.24,1587.79,1406.81,14.62,21.61,553.53,2387.98,9060.19,1.3,47.46,520.94,2388.09,8141.55,8.4218,0.03,393,2388,100.0,39.03,23.2323,163,133,Healthy,81.6,0
29,31,0.004,-0.0002,100.0,518.67,642.45,1594.38,1399.43,14.62,21.61,553.87,2388.04,9059.28,1.3,47.36,521.49,2388.04,8144.61,8.4422,0.03,392,2388,100.0,38.91,23.3552,163,132,Healthy,80.98,0
29,32,-0.0005,-0.0001,100.0,518.67,642.92,1590.24,1408.76,14.62,21.61,553.55,2388.07,9052.32,1.3,47.44,521.86,2388.05,8136.62,8.4209,0.03,393,2388,100.0,38.84,23.2284,163,131,Healthy,80.37,0
29,33,0.0034,0.0001,100.0,518.67,642.29,1587.38,1405.33,14.62,21.61,553.9,2388.08,9064.09,1.3,47.38,521.83,2388.05,8141.57,8.4567,0.03,391,2388,100.0,38.79,23.2188,163,130,Healthy,79.75,0
29,34,-0.0014,-0.0003,100.0,518.67,642.04,1584.55,1399.59,14.62,21.61,553.88,2388.01,9064.43,1.3,47.41,521.4,2388.06,8144.93,8.4102,0.03,394,2388,100.0,39.11,23.4038,163,129,Healthy,79.14,0
29,35,-0.0001,-0.0005,100.0,518.67,642.21,1584.01,1400.47,14.62,21.61,553.91,2388.09,9065.36,1.3,47.39,521.87,2388.03,8137.67,8.4419,0.03,392,2388,100.0,39.1,23.2586,163,128,Healthy,78.53,0
29,36,-0.0036,0.0002,100.0,518.67,642.21,1593.72,1410.4,14.62,21.61,553.82,2388.09,9055.64,1.3,47.41,521.35,2388.09,8138.18,8.4093,0.03,392,2388,100.0,38.77,23.3937,163,127,Healthy,77.91,0
29,37,0.0003,-0.0003,100.0,518.67,642.64,1586.85,1403.15,14.62,21.61,554.3,2388.04,9068.56,1.3,47.45,521.64,2388.04,8146.08,8.415,0.03,391,2388,100.0,39.09,23.3825,163,126,Healthy,77.3,0
29,38,0.0014,-0.0004,100.0,518.67,642.33,1593.62,1407.88,14.62,21.61,553.59,2388.06,9070.89,1.3,47.52,521.74,2388.08,8139.29,8.4193,0.03,392,2388,100.0,38.87,23.4425,163,125,Healthy,76.69,0
29,39,-0.0013,-0.0003,100.0,518.67,642.17,1589.75,1405.89,14.62,21.61,553.31,2388.07,9056.31,1.3,47.63,521.9,2388.0,8139.27,8.3858,0.03,393,2388,100.0,38.8,23.2171,163,124,Healthy,76.07,0
29,40,0.0009,-0.0004,100.0,518.67,641.87,1592.14,1404.5,14.62,21.61,553.94,2388.06,9066.47,1.3,47.34,521.2,2388.08,8140.91,8.4476,0.03,392,2388,100.0,39.04,23.3557,163,123,Healthy,75.46,0
29,41,0.0021,-0.0004,100.0,518.67,642.75,1588.17,1400.6,14.62,21.61,553.5,2388.08,9059.69,1.3,47.28,522.02,2388.08,8137.88,8.427,0.03,392,2388,100.0,38.82,23.4085,163,122,Healthy,74.85,0
29,42,-0.0018,-0.0004,100.0,518.67,642.54,1594.11,1413.29,14.62,21.61,554.23,2388.03,9056.58,1.3,47.59,521.73,2388.07,8135.83,8.4339,0.03,392,2388,100.0,38.92,23.4157,163,121,Healthy,74.23,0
29,43,-0.0011,0.0004,100.0,518.67,642.84,1579.13,1402.77,14.62,21.61,553.32,2388.07,9058.47,1.3,47.38,522.23,2388.09,8138.63,8.4515,0.03,395,2388,100.0,39.03,23.2494,163,120,Early_Wear,73.62,0
29,44,0.0001,-0.0,100.0,518.67,642.41,1590.75,1404.87,14.62,21.61,553.63,2388.05,9064.51,1.3,47.55,521.86,2388.07,8138.48,8.42,0.03,391,2388,100.0,38.93,23.4377,163,119,Early_Wear,73.01,0
29,45,-0.0021,-0.0004,100.0,518.67,642.65,1589.98,1405.61,14.62,21.61,553.94,2388.07,9049.95,1.3,47.65,521.67,2388.16,8142.23,8.4247,0.03,391,2388,100.0,38.62,23.2942,163,118,Early_Wear,72.39,0
29,46,0.0014,0.0004,100.0,518.67,642.54,1592.27,1405.9,14.62,21.61,553.83,2388.05,9058.01,1.3,47.26,521.93,2388.08,8145.39,8.42,0.03,394,2388,100.0,38.88,23.304,163,117,Early_Wear,71.78,0
29,47,-0.0004,-0.0003,100.0,518.67,642.31,1592.54,1403.83,14.62,21.61,553.58,2388.09,9060.07,1.3,47.52,521.45,2388.07,8139.28,8.4489,0.03,393,2388,100.0,39.0,23.3055,163,116,Early_Wear,71.17,0
29,48,0.0008,0.0004,100.0,518.67,642.8,1590.68,1407.53,14.62,21.61,553.69,2388.07,9058.26,1.3,47.42,521.51,2388.04,8142.19,8.4089,0.03,394,2388,100.0,38.85,23.4088,163,115,Early_Wear,70.55,0
29,49,0.0007,-0.0004,100.0,518.67,642.42,1589.29,1400.71,14.62,21.61,553.58,2388.03,9061.27,1.3,47.4,521.38,2388.12,8145.01,8.4488,0.03,392,2388,100.0,38.81,23.2926,163,114,Early_Wear,69.94,0
29,50,-0.0021,-0.0001,100.0,518.67,642.5,1593.66,1408.29,14.62,21.61,553.78,2388.0,9059.66,1.3,47.23,521.92,2388.1,8138.68,8.4435,0.03,393,2388,100.0,38.9,23.3318,163,113,Early_Wear,69.33,0
30,1,-0.0003,-0.0003,100.0,518.67,642.18,1587.39,1392.46,14.62,21.61,554.09,2387.99,9065.62,1.3,47.07,522.61,2387.95,8148.76,8.4058,0.03,392,2388,100.0,39.17,23.3801,194,193,Healthy,99.48,0
30,2,-0.004,0.0001,100.0,518.67,641.81,1588.45,1406.94,14.62,21.61,554.98,2388.03,9062.08,1.3,47.2,522.17,2387.98,8143.72,8.3837,0.03,392,2388,100.0,39.34,23.5081,194,192,Healthy,98.97,0
30,3,0.0017,0.0001,100.0,518.67,641.73,1584.32,1396.01,14.62,21.61,553.94,2388.03,9063.92,1.3,47.24,522.61,2388.02,8145.33,8.4137,0.03,393,2388,100.0,39.08,23.4344,194,191,Healthy,98.45,0
30,4,0.0006,-0.0003,100.0,518.67,641.45,1580.54,1402.14,14.62,21.61,554.1,2388.01,9064.27,1.3,47.14,522.51,2387.95,8144.16,8.3953,0.03,391,2388,100.0,39.0,23.4524,194,190,Healthy,97.94,0
30,5,-0.0035,-0.0001,100.0,518.67,642.15,1578.08,1398.18,14.62,21.61,554.18,2388.0,9060.01,1.3,47.05,522.2,2387.98,8143.76,8.4112,0.03,393,2388,100.0,39.13,23.3571,194,189,Healthy,97.42,0
30,6,-0.0009,-0.0002,100.0,518.67,642.23,1582.68,1392.93,14.62,21.61,554.61,2387.91,9064.73,1.3,47.01,522.58,2387.97,8145.31,8.3795,0.03,391,2388,100.0,39.04,23.564,194,188,Healthy,96.91,0
30,7,-0.0016,-0.0003,100.0,518.67,642.11,1581.87,1399.8,14.62,21.61,554.62,2388.05,9070.6,1.3,47.1,522.79,2388.03,8143.34,8.4,0.03,392,2388,100.0,39.1,23.4382,194,187,Healthy,96.39,0
30,8,-0.0026,-0.0001,100.0,518.67,641.83,1579.69,1396.91,14.62,21.61,553.96,2387.98,9054.49,1.3,47.16,522.44,2387.98,8144.86,8.4198,0.03,392,2388,100.0,39.07,23.4006,194,186,Healthy,95.88,0
30,9,0.0009,0.0002,100.0,518.67,642.04,1590.93,1388.7,14.62,21.61,554.71,2388.03,9062.01,1.3,47.21,522.63,2387.97,8142.89,8.3638,0.03,391,2388,100.0,38.96,23.5313,194,185,Healthy,95.36,0
30,10,0.0045,0.0002,100.0,518.67,641.92,1583.96,1401.38,14.62,21.6,553.94,2387.97,9059.24,1.3,47.36,522.7,2387.96,8138.19,8.3983,0.03,391,2388,100.0,38.98,23.4457,194,184,Healthy,94.85,0
30,11,-0.004,0.0001,100.0,518.67,642.64,1578.62,1392.01,14.62,21.61,554.73,2387.98,9058.75,1.3,47.19,522.81,2387.97,8139.61,8.3876,0.03,392,2388,100.0,39.17,23.5464,194,183,Healthy,94.33,0
30,12,-0.0034,-0.0003,100.0,518.67,642.29,1593.34,1396.9,14.62,21.6,555.49,2387.99,9060.37,1.3,47.16,522.02,2387.97,8144.26,8.4074,0.03,391,2388,100.0,39.06,23.3477,194,182,Healthy,93.81,0
30,13,-0.0027,0.0,100.0,518.67,641.46,1584.87,1402.07,14.62,21.61,554.73,2387.99,9054.42,1.3,47.15,522.12,2388.0,8144.55,8.406,0.03,393,2388,100.0,39.02,23.5109,194,181,Healthy,93.3,0
30,14,0.0023,-0.0002,100.0,518.67,641.72,1583.39,1401.14,14.62,21.6,554.51,2387.98,9058.62,1.3,47.18,522.71,2387.94,8144.46,8.3855,0.03,392,2388,100.0,39.22,23.3945,194,180,Healthy,92.78,0
30,15,-0.0019,-0.0002,100.0,518.67,642.49,1579.51,1400.21,14.62,21.61,554.84,2387.99,9061.45,1.3,47.17,522.48,2387.99,8142.69,8.3746,0.03,392,2388,100.0,39.16,23.4308,194,179,Healthy,92.27,0
30,16,-0.0004,0.0002,100.0,518.67,642.28,1590.12,1394.29,14.62,21.61,554.55,2388.0,9059.2,1.3,47.2,522.52,2388.0,8144.23,8.3488,0.03,391,2388,100.0,39.04,23.3701,194,178,Healthy,91.75,0
30,17,0.0022,-0.0,100.0,518.67,642.26,1586.5,1401.91,14.62,21.61,554.89,2388.0,9068.84,1.3,46.86,522.49,2387.98,8150.22,8.405,0.03,392,2388,100.0,39.08,23.3792,194,177,Healthy,91.24,0
30,18,-0.0017,0.0003,100.0,518.67,642.09,1576.63,1398.25,14.62,21.61,554.86,2388.01,9064.79,1.3,47.04,522.52,2387.99,8141.48,8.4257,0.03,392,2388,100.0,39.04,23.4545,194,176,Healthy,90.72,0
30,19,-0.0006,-0.0004,100.0,518.67,641.6,1588.2,1393.93,14.62,21.6,554.5,2387.94,9058.17,1.3,47.05,522.73,2387.99,8146.27,8.4192,0.03,392,2388,100.0,39.07,23.4319,194,175,Healthy,90.21,0
30,20,0.0012,-0.0004,100.0,518.67,641.87,1585.62,1395.66,14.62,21.61,554.89,2387.99,9069.05,1.3,47.08,522.08,2388.0,8140.29,8.4227,0.03,392,2388,100.0,39.11,23.4404,194,174,Healthy,89.69,0
30,21,-0.0002,0.0005,100.0,518.67,641.86,1577.56,1393.02,14.62,21.61,555.39,2388.0,9070.45,1.3,47.28,522.62,2388.01,8144.71,8.3859,0.03,391,2388,100.0,39.06,23.3625,194,173,Healthy,89.18,0
30,22,-0.0018,-0.0003,100.0,518.67,641.63,1579.66,1391.13,14.62,21.61,554.39,2388.01,9060.76,1.3,47.26,521.99,2388.01,8144.62,8.3485,0.03,391,2388,100.0,39.09,23.3191,194,172,Healthy,88.66,0
30,23,0.0028,0.0001,100.0,518.67,641.56,1583.55,1399.5,14.62,21.61,555.67,2388.03,9058.66,1.3,47.23,522.57,2387.94,8144.27,8.4295,0.03,391,2388,100.0,38.96,23.4042,194,171,Healthy,88.14,0
30,24,-0.0034,-0.0003,100.0,518.67,641.84,1583.23,1389.91,14.62,21.61,554.46,2387.95,9065.74,1.3,47.18,522.7,2387.99,8146.5,8.4082,0.03,390,2388,100.0,39.06,23.4602,194,170,Healthy,87.63,0
30,25,0.0005,0.0003,100.0,518.67,641.97,1590.33,1399.6,14.62,21.6,554.4,2388.03,9064.1,1.3,47.14,522.55,2388.0,8142.84,8.3728,0.03,391,2388,100.0,38.97,23.4629,194,169,Healthy,87.11,0
30,26,-0.0005,-0.0,100.0,518.67,642.51,1580.48,1394.28,14.62,21.61,554.97,2388.0,9064.17,1.3,47.2,522.55,2388.02,8143.47,8.4109,0.03,391,2388,100.0,38.89,23.4197,194,168,Healthy,86.6,0
30,27,0.0007,-0.0003,100.0,518.67,641.54,1583.17,1398.41,14.62,21.61,554.95,2387.97,9059.15,1.3,47.12,522.61,2388.0,8141.52,8.3828,0.03,390,2388,100.0,39.02,23.5524,194,167,Healthy,86.08,0
30,28,-0.0039,-0.0003,100.0,518.67,641.92,1580.23,1394.82,14.62,21.61,554.38,2388.05,9062.43,1.3,47.06,522.5,2387.97,8142.67,8.4101,0.03,392,2388,100.0,38.99,23.4704,194,166,Healthy,85.57,0
30,29,-0.0025,0.0,100.0,518.67,642.57,1579.13,1397.24,14.62,21.61,555.33,2388.04,9068.52,1.3,47.26,522.7,2388.03,8140.88,8.4018,0.03,391,2388,100.0,38.99,23.432,194,165,Healthy,85.05,0
30,30,-0.0019,-0.0,100.0,518.67,641.85,1581.0,1396.49,14.62,21.61,554.64,2387.97,9062.26,1.3,47.22,522.06,2387.98,8141.24,8.3842,0.03,392,2388,100.0,39.22,23.3783,194,164,Healthy,84.54,0
30,31,0.0014,0.0005,100.0,518.67,641.93,1579.16,1402.5,14.62,21.61,554.76,2387.98,9061.26,1.3,47.28,522.53,2387.98,8144.07,8.3806,0.03,392,2388,100.0,39.0,23.3137,194,163,Healthy,84.02,0
30,32,-0.0012,-0.0004,100.0,518.67,642.16,1579.16,1401.48,14.62,21.61,554.96,2388.01,9061.24,1.3,47.25,522.25,2387.97,8144.18,8.3841,0.03,390,2388,100.0,39.14,23.4645,194,162,Healthy,83.51,0
30,33,0.0025,0.0001,100.0,518.67,642.33,1581.25,1401.28,14.62,21.61,555.33,2388.03,9054.02,1.3,47.18,522.55,2388.0,8140.28,8.3958,0.03,392,2388,100.0,38.94,23.4554,194,161,Healthy,82.99,0
30,34,-0.0,-0.0002,100.0,518.67,642.06,1583.92,1402.45,14.62,21.61,554.57,2387.98,9062.56,1.3,47.52,522.71,2388.03,8144.14,8.4162,0.03,390,2388,100.0,39.04,23.3417,194,160,Healthy,82.47,0
30,35,0.0002,-0.0,100.0,518.67,642.34,1585.19,1399.12,14.62,21.61,554.28,2387.93,9065.3,1.3,47.16,522.3,2387.99,8141.14,8.4114,0.03,391,2388,100.0,39.14,23.4793,194,159,Healthy,81.96,0
30,36,-0.0,-0.0004,100.0,518.67,642.18,1588.19,1406.83,14.62,21.61,555.12,2387.96,9060.92,1.3,47.19,522.32,2388.03,8145.87,8.4161,0.03,390,2388,100.0,39.09,23.4132,194,158,Healthy,81.44,0
30,37,0.0021,-0.0002,100.0,518.67,642.22,1583.19,1392.92,14.62,21.61,555.34,2387.99,9055.9,1.3,47.31,522.26,2387.99,8143.49,8.4177,0.03,392,2388,100.0,39.11,23.4552,194,157,Healthy,80.93,0
30,38,-0.0023,0.0004,100.0,518.67,642.08,1592.07,1397.03,14.62,21.61,554.62,2387.99,9065.48,1.3,47.38,522.79,2388.06,8144.71,8.3914,0.03,392,2388,100.0,39.15,23.372,194,156,Healthy,80.41,0
30,39,0.001,-0.0001,100.0,518.67,641.79,1573.85,1400.68,14.62,21.6,554.62,2387.99,9064.49,1.3,47.29,522.44,2388.01,8146.06,8.3869,0.03,391,2388,100.0,39.07,23.3204,194,155,Healthy,79.9,0
30,40,0.0007,0.0001,100.0,518.67,642.49,1576.62,1396.56,14.62,21.61,554.83,2387.98,9062.74,1.3,47.24,521.93,2387.98,8142.04,8.4149,0.03,393,2388,100.0,38.83,23.3954,194,154,Healthy,79.38,0
30,41,-0.0008,0.0,100.0,518.67,642.33,1582.23,1397.44,14.62,21.61,554.65,2388.0,9067.51,1.3,47.19,523.02,2387.96,8143.8,8.3951,0.03,391,2388,100.0,39.2,23.4505,194,153,Healthy,78.87,0
30,42,-0.0014,-0.0003,100.0,518.67,642.01,1584.09,1395.07,14.62,21.61,552.93,2388.01,9055.15,1.3,47.17,521.51,2388.03,8146.57,8.3938,0.03,391,2388,100.0,39.09,23.5771,194,152,Healthy,78.35,0
30,43,-0.0013,-0.0002,100.0,518.67,642.54,1585.86,1389.53,14.62,21.61,554.59,2388.02,9065.92,1.3,47.15,522.57,2387.98,8148.75,8.3938,0.03,391,2388,100.0,39.01,23.417,194,151,Healthy,77.84,0
30,44,-0.0011,0.0003,100.0,518.67,642.25,1582.48,1392.7,14.62,21.61,554.48,2388.01,9059.63,1.3,47.27,522.86,2387.96,8146.26,8.4046,0.03,392,2388,100.0,38.97,23.4317,194,150,Healthy,77.32,0
30,45,-0.0009,0.0004,100.0,518.67,642.63,1582.57,1395.17,14.62,21.61,554.48,2388.01,9059.29,1.3,47.11,522.36,2388.05,8142.53,8.4136,0.03,392,2388,100.0,39.01,23.4841,194,149,Healthy,76.8,0
30,46,-0.0013,-0.0005,100.0,518.67,641.6,1579.91,1398.65,14.62,21.61,554.46,2387.99,9059.22,1.3,47.06,522.47,2388.01,8142.81,8.3736,0.03,392,2388,100.0,39.0,23.4249,194,148,Healthy,76.29,0
30,47,-0.0008,-0.0002,100.0,518.67,641.65,1584.22,1394.82,14.62,21.61,555.19,2387.96,9056.07,1.3,47.14,521.8,2387.99,8141.65,8.3717,0.03,391,2388,100.0,39.07,23.3628,194,147,Healthy,75.77,0
30,48,-0.0013,-0.0,100.0,518.67,642.12,1584.85,1394.7,14.62,21.61,554.65,2388.03,9062.44,1.3,47.27,522.34,2387.99,8147.04,8.3805,0.03,391,2388,100.0,38.98,23.3428,194,146,Healthy,75.26,0
30,49,-0.0009,0.0,100.0,518.67,641.77,1583.5,1403.79,14.62,21.61,554.56,2387.98,9058.74,1.3,47.34,522.25,2387.91,8142.87,8.3856,0.03,392,2388,100.0,39.27,23.3326,194,145,Healthy,74.74,0
30,50,-0.0003,-0.0001,100.0,518.67,642.69,1591.98,1386.69,14.62,21.61,554.96,2388.04,9057.53,1.3,47.31,522.38,2388.02,8148.25,8.3958,0.03,392,2388,100.0,39.09,23.3434,194,144,Healthy,74.23,0
31,1,-0.0009,-0.0,100.0,518.67,642.32,1582.38,1393.03,14.62,21.61,554.79,2388.05,9058.68,1.3,47.19,522.25,2387.99,8138.73,8.4135,0.03,392,2388,100.0,39.02,23.4287,234,233,Healthy,99.57,0
31,2,-0.0005,-0.0003,100.0,518.67,642.49,1584.07,1394.01,14.62,21.61,554.15,2388.02,9059.34,1.3,47.31,522.46,2388.02,8140.24,8.3995,0.03,393,2388,100.0,39.01,23.4805,234,232,Healthy,99.15,0
31,3,0.0029,-0.0002,100.0,518.67,642.49,1585.07,1394.99,14.62,21.61,554.23,2388.0,9055.34,1.3,47.1,522.68,2388.01,8140.79,8.4159,0.03,391,2388,100.0,39.05,23.3977,234,231,Healthy,98.72,0
31,4,-0.0037,-0.0002,100.0,518.67,642.21,1572.4,1394.07,14.62,21.61,554.77,2388.0,9046.9,1.3,47.19,522.76,2388.01,8136.16,8.4232,0.03,391,2388,100.0,39.02,23.3805,234,230,Healthy,98.29,0
31,5,-0.0011,0.0005,100.0,518.67,641.84,1584.77,1396.82,14.62,21.61,554.84,2388.03,9059.21,1.3,47.29,522.84,2388.02,8139.68,8.3922,0.03,393,2388,100.0,39.11,23.3663,234,229,Healthy,97.86,0
31,6,-0.0003,-0.0003,100.0,518.67,642.48,1582.5,1398.27,14.62,21.61,554.74,2387.99,9061.88,1.3,47.3,522.14,2387.99,8136.34,8.3867,0.03,391,2388,100.0,38.97,23.5206,234,228,Healthy,97.44,0
31,7,-0.0031,0.0005,100.0,518.67,642.3,1584.57,1405.87,14.62,21.61,554.9,2388.01,9054.53,1.3,47.23,522.44,2388.0,8132.69,8.3756,0.03,391,2388,100.0,39.1,23.3069,234,227,Healthy,97.01,0
31,8,0.0032,-0.0002,100.0,518.67,642.32,1586.33,1401.08,14.62,21.61,554.08,2388.06,9067.5,1.3,47.03,522.37,2387.98,8141.14,8.3977,0.03,391,2388,100.0,38.97,23.4163,234,226,Healthy,96.58,0
31,9,0.0037,-0.0001,100.0,518.67,641.84,1585.09,1402.92,14.62,21.61,554.09,2387.97,9055.05,1.3,47.21,521.9,2387.98,8133.34,8.3894,0.03,391,2388,100.0,38.9,23.4756,234,225,Healthy,96.15,0
31,10,-0.0027,-0.0001,100.0,518.67,642.64,1595.07,1399.16,14.62,21.61,554.44,2388.01,9053.89,1.3,47.02,522.29,2388.02,8137.21,8.3873,0.03,389,2388,100.0,39.12,23.469,234,224,Healthy,95.73,0
31,11,0.0013,0.0002,100.0,518.67,642.17,1579.12,1399.42,14.62,21.61,554.43,2387.98,9055.09,1.3,47.15,522.24,2388.01,8139.73,8.3832,0.03,392,2388,100.0,39.12,23.4295,234,223,Healthy,95.3,0
31,12,-0.0009,0.0003,100.0,518.67,642.18,1579.01,1394.44,14.62,21.61,554.3,2387.99,9057.49,1.3,47.17,522.12,2388.01,8139.59,8.4032,0.03,390,2388,100.0,39.0,23.4151,234,222,Healthy,94.87,0
31,13,0.0042,-0.0001,100.0,518.67,642.06,1581.71,1397.1,14.62,21.61,554.25,2388.01,9059.26,1.3,47.23,522.66,2388.06,8140.13,8.3956,0.03,393,2388,100.0,38.89,23.5862,234,221,Healthy,94.44,0
31,14,-0.003,0.0001,100.0,518.67,641.66,1587.61,1398.61,14.62,21.61,554.4,2388.01,9057.46,1.3,47.31,522.8,2387.99,8140.72,8.3706,0.03,391,2388,100.0,38.99,23.4726,234,220,Healthy,94.02,0
31,15,0.0011,0.0001,100.0,518.67,642.49,1583.13,1391.64,14.62,21.61,554.4,2388.04,9057.39,1.3,47.19,522.33,2388.02,8135.72,8.3784,0.03,392,2388,100.0,39.06,23.4839,234,219,Healthy,93.59,0
31,16,0.0013,-0.0,100.0,518.67,641.65,1585.84,1398.7,14.62,21.61,554.72,2388.0,9049.27,1.3,47.04,522.21,2388.02,8142.44,8.3947,0.03,392,2388,100.0,38.94,23.3974,234,218,Healthy,93.16,0
31,17,-0.0027,0.0005,100.0,518.67,642.13,1582.29,1401.29,14.62,21.61,554.0,2388.04,9054.63,1.3,47.11,522.56,2388.03,8133.96,8.4062,0.03,392,2388,100.0,39.11,23.3932,234,217,Healthy,92.74,0
31,18,0.0019,0.0004,100.0,518.67,641.76,1589.63,1392.85,14.62,21.61,553.69,2388.04,9054.25,1.3,47.06,522.75,2388.03,8134.16,8.4117,0.03,393,2388,100.0,39.02,23.5791,234,216,Healthy,92.31,0
31,19,-0.0011,0.0,100.0,518.67,642.18,1587.07,1399.25,14.62,21.61,554.14,2388.01,9055.95,1.3,47.32,522.08,2388.01,8135.21,8.4282,0.03,389,2388,100.0,39.03,23.4234,234,215,Healthy,91.88,0
31,20,0.0009,-0.0003,100.0,518.67,642.16,1592.08,1397.95,14.62,21.61,554.36,2388.05,9057.86,1.3,47.14,521.89,2388.03,8138.31,8.371,0.03,393,2388,100.0,39.08,23.476,234,214,Healthy,91.45,0
31,21,-0.0041,-0.0003,100.0,518.67,642.43,1590.86,1405.43,14.62,21.61,554.3,2388.01,9057.22,1.3,47.09,521.99,2388.05,8137.42,8.4408,0.03,392,2388,100.0,39.01,23.4254,234,213,Healthy,91.03,0
31,22,-0.0,0.0005,100.0,518.67,642.41,1585.3,1395.91,14.62,21.61,554.1,2387.97,9059.15,1.3,47.2,522.0,2388.0,8139.19,8.3647,0.03,390,2388,100.0,39.07,23.3529,234,212,Healthy,90.6,0
31,23,-0.0003,0.0001,100.0,518.67,642.13,1583.72,1398.73,14.62,21.61,554.09,2387.99,9049.36,1.3,47.45,522.33,2387.97,8142.07,8.3973,0.03,392,2388,100.0,39.07,23.4756,234,211,Healthy,90.17,0
31,24,-0.0009,0.0003,100.0,518.67,642.02,1583.53,1400.11,14.62,21.61,554.34,2388.04,9054.41,1.3,47.01,522.85,2388.01,8138.91,8.3842,0.03,391,2388,100.0,39.05,23.4339,234,210,Healthy,89.74,0
31,25,-0.0001,0.0003,100.0,518.67,641.81,1587.24,1395.24,14.62,21.61,555.03,2388.05,9053.45,1.3,47.3,521.68,2387.98,8140.76,8.4043,0.03,392,2388,100.0,38.93,23.3552,234,209,Healthy,89.32,0
31,26,-0.0034,0.0005,100.0,518.67,642.49,1588.89,1394.61,14.62,21.61,554.05,2388.05,9057.32,1.3,47.16,522.33,2387.94,8136.26,8.4098,0.03,393,2388,100.0,38.83,23.4585,234,208,Healthy,88.89,0
31,27,0.0007,0.0,100.0,518.67,641.97,1586.29,1395.12,14.62,21.61,554.79,2388.02,9060.61,1.3,47.26,522.39,2387.97,8141.44,8.3659,0.03,390,2388,100.0,38.92,23.3088,234,207,Healthy,88.46,0
31,28,-0.0014,-0.0002,100.0,518.67,641.82,1584.33,1395.34,14.62,21.61,554.39,2387.96,9051.49,1.3,47.24,521.92,2387.98,8138.33,8.4182,0.03,392,2388,100.0,38.99,23.3738,234,206,Healthy,88.03,0
31,29,0.0015,0.0004,100.0,518.67,642.75,1582.95,1397.95,14.62,21.6,553.71,2388.0,9056.69,1.3,47.25,522.83,2388.01,8140.99,8.4084,0.03,390,2388,100.0,39.13,23.4073,234,205,Healthy,87.61,0
31,30,0.0012,0.0003,100.0,518.67,642.43,1584.37,1402.39,14.62,21.61,554.6,2388.08,9060.37,1.3,47.25,521.85,2388.0,8136.63,8.4189,0.03,391,2388,100.0,38.82,23.263,234,204,Healthy,87.18,0
31,31,0.0,0.0005,100.0,518.67,642.43,1585.58,1398.84,14.62,21.61,554.62,2388.0,9057.53,1.3,47.15,522.64,2388.0,8140.67,8.3931,0.03,393,2388,100.0,38.92,23.4831,234,203,Healthy,86.75,0
31,32,-0.0033,-0.0004,100.0,518.67,642.07,1583.16,1393.16,14.62,21.6,554.65,2388.05,9059.82,1.3,47.41,522.22,2388.0,8140.07,8.4297,0.03,392,2388,100.0,38.99,23.4403,234,202,Healthy,86.32,0
31,33,0.0017,0.0004,100.0,518.67,642.6,1589.24,1401.33,14.62,21.61,554.16,2388.05,9060.87,1.3,47.07,522.68,2388.03,8141.31,8.4018,0.03,392,2388,100.0,38.92,23.4052,234,201,Healthy,85.9,0
31,34,0.0012,-0.0003,100.0,518.67,642.08,1588.91,1399.33,14.62,21.61,555.31,2388.0,9050.68,1.3,47.11,522.17,2388.05,8144.41,8.4,0.03,391,2388,100.0,39.13,23.4073,234,200,Healthy,85.47,0
31,35,-0.002,0.0003,100.0,518.67,642.63,1589.74,1399.15,14.62,21.61,554.26,2388.06,9053.42,1.3,47.3,522.31,2388.06,8138.96,8.416,0.03,392,2388,100.0,39.0,23.5561,234,199,Healthy,85.04,0
31,36,0.0022,-0.0003,100.0,518.67,642.26,1575.27,1397.59,14.62,21.61,554.97,2388.04,9049.85,1.3,47.37,522.35,2388.04,8134.19,8.4196,0.03,392,2388,100.0,39.09,23.4543,234,198,Healthy,84.62,0
31,37,-0.0003,-0.0003,100.0,518.67,641.53,1588.56,1395.54,14.62,21.61,554.72,2387.99,9054.71,1.3,47.06,522.01,2388.03,8136.76,8.3852,0.03,393,2388,100.0,38.93,23.4069,234,197,Healthy,84.19,0
31,38,0.0016,-0.0004,100.0,518.67,642.27,1585.97,1400.07,14.62,21.61,554.72,2387.98,9060.69,1.3,47.07,522.86,2388.03,8141.31,8.3874,0.03,391,2388,100.0,38.91,23.4678,234,196,Healthy,83.76,0
31,39,-0.0001,-0.0,100.0,518.67,642.16,1582.17,1395.41,14.62,21.61,554.48,2388.01,9053.07,1.3,47.26,522.41,2388.0,8137.55,8.4151,0.03,392,2388,100.0,39.02,23.5421,234,195,Healthy,83.33,0
31,40,0.0028,0.0001,100.0,518.67,642.61,1583.26,1397.76,14.62,21.6,553.67,2387.98,9056.09,1.3,47.1,522.16,2387.98,8141.46,8.3976,0.03,390,2388,100.0,38.87,23.403,234,194,Healthy,82.91,0
31,41,-0.0012,-0.0,100.0,518.67,641.87,1586.7,1396.71,14.62,21.6,553.96,2388.09,9059.83,1.3,47.2,522.42,2388.04,8134.72,8.3995,0.03,392,2388,100.0,39.11,23.4224,234,193,Healthy,82.48,0
31,42,-0.0026,-0.0003,100.0,518.67,642.09,1581.83,1399.34,14.62,21.61,555.28,2387.97,9057.89,1.3,47.22,521.92,2387.96,8142.58,8.392,0.03,392,2388,100.0,39.04,23.3833,234,192,Healthy,82.05,0
31,43,-0.0012,0.0003,100.0,518.67,641.5,1577.74,1394.51,14.62,21.61,554.17,2388.0,9059.11,1.3,47.06,521.95,2388.03,8132.31,8.3855,0.03,391,2388,100.0,38.96,23.413,234,191,Healthy,81.62,0
31,44,-0.0012,-0.0003,100.0,518.67,642.27,1584.28,1391.16,14.62,21.61,554.36,2388.04,9051.2,1.3,47.13,522.09,2388.01,8133.31,8.3587,0.03,392,2388,100.0,38.87,23.4417,234,190,Healthy,81.2,0
31,45,-0.0017,0.0004,100.0,518.67,641.91,1588.78,1404.39,14.62,21.61,554.2,2388.0,9058.85,1.3,47.07,522.25,2388.03,8141.85,8.4147,0.03,390,2388,100.0,39.13,23.45,234,189,Healthy,80.77,0
31,46,-0.0013,0.0005,100.0,518.67,642.67,1579.99,1395.96,14.62,21.61,554.25,2387.99,9059.75,1.3,47.12,522.28,2388.03,8138.42,8.3972,0.03,390,2388,100.0,39.22,23.4009,234,188,Healthy,80.34,0
31,47,-0.0036,-0.0003,100.0,518.67,642.16,1586.8,1396.91,14.62,21.6,554.53,2388.02,9057.24,1.3,47.23,522.3,2388.03,8142.75,8.3637,0.03,393,2388,100.0,39.0,23.4342,234,187,Healthy,79.91,0
31,48,-0.007,-0.0004,100.0,518.67,642.16,1582.58,1398.43,14.62,21.61,555.04,2388.02,9053.91,1.3,47.3,522.53,2387.97,8138.96,8.4014,0.03,394,2388,100.0,39.07,23.5247,234,186,Healthy,79.49,0
31,49,-0.0013,-0.0002,100.0,518.67,642.35,1576.11,1398.33,14.62,21.61,554.02,2388.04,9054.19,1.3,47.04,522.54,2387.98,8141.86,8.3911,0.03,394,2388,100.0,39.11,23.4696,234,185,Healthy,79.06,0
31,50,0.0007,0.0004,100.0,518.67,642.5,1587.31,1404.68,14.62,21.6,554.5,2388.01,9049.55,1.3,47.27,522.24,2388.01,8138.66,8.3969,0.03,391,2388,100.0,39.07,23.5154,234,184,Healthy,78.63,0
32,1,0.0002,0.0005,100.0,518.67,643.03,1588.85,1405.9,14.62,21.61,553.38,2388.17,9047.84,1.3,47.68,521.08,2388.14,8124.43,8.4717,0.03,393,2388,100.0,38.79,23.3229,191,190,Healthy,99.48,0
32,2,-0.0031,0.0001,100.0,518.67,642.69,1587.64,1402.8,14.62,21.61,553.45,2388.09,9055.53,1.3,47.61,521.68,2388.15,8131.61,8.4412,0.03,394,2388,100.0,38.79,23.371,191,189,Healthy,98.95,0
32,3,-0.0024,-0.0002,100.0,518.67,642.56,1590.75,1403.3,14.62,21.61,552.79,2388.1,9054.0,1.3,47.54,521.37,2388.12,8132.46,8.4176,0.03,394,2388,100.0,38.87,23.3437,191,188,Healthy,98.43,0
32,4,-0.0009,-0.0001,100.0,518.67,642.33,1587.59,1410.18,14.62,21.61,553.67,2388.13,9044.51,1.3,47.48,521.69,2388.18,8131.52,8.4113,0.03,393,2388,100.0,38.73,23.278,191,187,Healthy,97.91,0
32,5,0.003,0.0002,100.0,518.67,642.71,1590.78,1407.27,14.62,21.61,553.82,2388.15,9051.71,1.3,47.47,521.56,2388.13,8128.1,8.4297,0.03,394,2388,100.0,38.78,23.2464,191,186,Healthy,97.38,0
32,6,-0.0002,0.0,100.0,518.67,642.55,1592.45,1402.86,14.62,21.61,552.87,2388.09,9045.41,1.3,47.52,521.41,2388.08,8125.23,8.4464,0.03,393,2388,100.0,38.85,23.271,191,185,Healthy,96.86,0
32,7,-0.0031,-0.0004,100.0,518.67,642.69,1592.23,1407.25,14.62,21.61,552.91,2388.12,9053.34,1.3,47.69,521.31,2388.11,8125.77,8.4507,0.03,393,2388,100.0,38.56,23.2722,191,184,Healthy,96.34,0
32,8,0.0056,-0.0003,100.0,518.67,642.89,1590.62,1409.63,14.62,21.61,552.9,2388.13,9054.27,1.3,47.66,521.35,2388.17,8132.59,8.4183,0.03,394,2388,100.0,38.95,23.2828,191,183,Healthy,95.81,0
32,9,-0.0008,0.0003,100.0,518.67,642.9,1586.53,1410.39,14.62,21.61,553.12,2388.12,9044.04,1.3,47.5,521.49,2388.16,8124.42,8.4557,0.03,394,2388,100.0,38.61,23.3429,191,182,Healthy,95.29,0
32,10,0.0052,-0.0003,100.0,518.67,642.65,1593.89,1409.03,14.62,21.61,553.6,2388.11,9056.44,1.3,47.78,521.21,2388.1,8126.57,8.4563,0.03,394,2388,100.0,38.82,23.3468,191,181,Healthy,94.76,0
32,11,0.0004,0.0002,100.0,518.67,643.04,1589.22,1405.68,14.62,21.61,553.43,2388.1,9051.52,1.3,47.74,521.12,2388.14,8128.24,8.4175,0.03,395,2388,100.0,38.89,23.3806,191,180,Healthy,94.24,0
32,12,-0.0026,0.0005,100.0,518.67,642.71,1589.75,1402.48,14.62,21.61,553.3,2388.14,9051.09,1.3,47.45,520.95,2388.1,8132.71,8.4628,0.03,393,2388,100.0,38.86,23.3214,191,179,Healthy,93.72,0
32,13,-0.0003,0.0002,100.0,518.67,643.17,1591.85,1411.06,14.62,21.61,553.13,2388.13,9049.86,1.3,47.44,521.1,2388.14,8126.33,8.4234,0.03,392,2388,100.0,38.71,23.2398,191,178,Healthy,93.19,0
32,14,0.0006,-0.0001,100.0,518.67,642.71,1589.21,1409.66,14.62,21.61,552.75,2388.08,9046.65,1.3,47.35,521.57,2388.13,8132.63,8.4608,0.03,394,2388,100.0,38.56,23.3053,191,177,Healthy,92.67,0
32,15,-0.0002,-0.0003,100.0,518.67,643.19,1586.95,1415.05,14.62,21.61,553.31,2388.16,9052.67,1.3,47.52,521.49,2388.14,8133.39,8.404,0.03,394,2388,100.0,38.73,23.2958,191,176,Healthy,92.15,0
32,16,0.0051,0.0001,100.0,518.67,642.61,1585.11,1405.61,14.62,21.61,553.12,2388.12,9053.07,1.3,47.46,520.99,2388.08,8131.89,8.4164,0.03,394,2388,100.0,38.93,23.3462,191,175,Healthy,91.62,0
32,17,-0.0008,-0.0001,100.0,518.67,642.94,1590.4,1410.7,14.62,21.61,554.19,2388.17,9050.29,1.3,47.63,521.44,2388.11,8130.51,8.4677,0.03,394,2388,100.0,38.77,23.2141,191,174,Healthy,91.1,0
32,18,-0.0006,-0.0002,100.0,518.67,643.08,1587.97,1410.28,14.62,21.61,553.15,2388.13,9046.81,1.3,47.52,521.54,2388.1,8132.17,8.4542,0.03,394,2388,100.0,38.85,23.4037,191,173,Healthy,90.58,0
32,19,0.0016,0.0,100.0,518.67,642.28,1588.93,1406.56,14.62,21.61,553.85,2388.17,9046.79,1.3,47.41,521.77,2388.09,8130.35,8.4351,0.03,392,2388,100.0,38.78,23.1949,191,172,Healthy,90.05,0
32,20,-0.0012,0.0001,100.0,518.67,642.73,1587.11,1420.61,14.62,21.61,553.76,2388.07,9050.54,1.3,47.47,521.29,2388.17,8135.19,8.4827,0.03,393,2388,100.0,38.92,23.2388,191,171,Healthy,89.53,0
32,21,-0.001,-0.0001,100.0,518.67,643.35,1597.23,1415.42,14.62,21.61,552.75,2388.14,9052.71,1.3,47.38,521.51,2388.12,8127.97,8.3979,0.03,395,2388,100.0,38.69,23.3501,191,170,Healthy,89.01,0
32,22,0.0011,-0.0004,100.0,518.67,642.31,1591.53,1404.95,14.62,21.61,553.27,2388.14,9047.24,1.3,47.53,520.96,2388.06,8127.56,8.4311,0.03,392,2388,100.0,38.76,23.4096,191,169,Healthy,88.48,0
32,23,-0.0024,-0.0004,100.0,518.67,642.7,1594.49,1401.24,14.62,21.61,552.99,2388.17,9054.37,1.3,47.42,521.61,2388.12,8130.42,8.4518,0.03,393,2388,100.0,38.8,23.2279,191,168,Healthy,87.96,0
32,24,0.0009,-0.0003,100.0,518.67,642.5,1590.83,1406.22,14.62,21.61,552.91,2388.16,9053.69,1.3,47.43,521.53,2388.11,8133.12,8.4314,0.03,394,2388,100.0,38.87,23.33,191,167,Healthy,87.43,0
32,25,-0.0003,0.0002,100.0,518.67,642.9,1588.45,1414.77,14.62,21.61,553.52,2388.08,9052.01,1.3,47.5,521.37,2388.1,8134.85,8.4596,0.03,394,2388,100.0,38.87,23.3002,191,166,Healthy,86.91,0
32,26,0.0003,0.0002,100.0,518.67,642.39,1601.88,1410.55,14.62,21.61,552.61,2388.06,9051.55,1.3,47.48,521.53,2388.13,8130.17,8.4576,0.03,392,2388,100.0,38.84,23.1325,191,165,Healthy,86.39,0
32,27,-0.0018,-0.0,100.0,518.67,643.35,1594.34,1411.97,14.62,21.61,553.71,2388.14,9050.91,1.3,47.54,520.92,2388.09,8124.48,8.4504,0.03,393,2388,100.0,38.76,23.1795,191,164,Healthy,85.86,0
32,28,0.0007,0.0001,100.0,518.67,642.72,1589.22,1406.5,14.62,21.61,552.14,2388.1,9051.1,1.3,47.54,521.72,2388.13,8126.7,8.4369,0.03,392,2388,100.0,38.82,23.2714,191,163,Healthy,85.34,0
32,29,0.0019,0.0002,100.0,518.67,642.58,1589.57,1410.51,14.62,21.61,553.41,2388.11,9049.8,1.3,47.57,521.21,2388.15,8130.62,8.4308,0.03,393,2388,100.0,38.76,23.2873,191,162,Healthy,84.82,0
32,30,-0.0001,-0.0004,100.0,518.67,642.81,1579.68,1406.51,14.62,21.61,553.2,2388.12,9053.92,1.3,47.63,520.76,2388.12,8126.31,8.4342,0.03,393,2388,100.0,38.76,23.2309,191,161,Healthy,84.29,0
32,31,0.0024,-0.0,100.0,518.67,643.15,1588.28,1407.18,14.62,21.61,553.05,2388.15,9048.26,1.3,47.45,521.56,2388.08,8124.44,8.4689,0.03,393,2388,100.0,38.88,23.2711,191,160,Healthy,83.77,0
32,32,0.0021,0.0005,100.0,518.67,642.96,1589.91,1413.24,14.62,21.61,553.52,2388.13,9050.34,1.3,47.39,521.26,2388.14,8128.42,8.4956,0.03,394,2388,100.0,38.76,23.3232,191,159,Healthy,83.25,0
32,33,-0.0033,-0.0001,100.0,518.67,643.33,1587.75,1407.25,14.62,21.61,553.56,2388.12,9056.46,1.3,47.43,521.45,2388.1,8129.92,8.4495,0.03,391,2388,100.0,38.94,23.32,191,158,Healthy,82.72,0
32,34,-0.0004,-0.0003,100.0,518.67,642.78,1593.39,1406.59,14.62,21.61,553.28,2388.1,9048.07,1.3,47.52,521.13,2388.11,8127.84,8.4566,0.03,394,2388,100.0,38.71,23.2476,191,157,Healthy,82.2,0
32,35,0.0039,-0.0003,100.0,518.67,642.6,1593.3,1412.89,14.62,21.61,553.34,2388.16,9049.95,1.3,47.56,521.56,2388.11,8134.09,8.4384,0.03,392,2388,100.0,38.81,23.2459,191,156,Healthy,81.68,0
32,36,-0.0005,0.0001,100.0,518.67,642.54,1575.9,1402.41,14.62,21.61,553.16,2388.14,9042.24,1.3,47.63,521.59,2388.2,8130.72,8.4476,0.03,393,2388,100.0,38.78,23.2506,191,155,Healthy,81.15,0
32,37,-0.0029,0.0002,100.0,518.67,643.01,1593.56,1403.09,14.62,21.61,553.17,2388.15,9051.42,1.3,47.64,520.88,2388.13,8125.57,8.4312,0.03,393,2388,100.0,38.83,23.29,191,154,Healthy,80.63,0
32,38,0.0023,-0.0005,100.0,518.67,642.77,1589.74,1408.53,14.62,21.61,553.79,2388.13,9050.46,1.3,47.63,520.85,2388.15,8127.17,8.4144,0.03,395,2388,100.0,38.82,23.2964,191,153,Healthy,80.1,0
32,39,-0.0036,-0.0003,100.0,518.67,642.89,1588.25,1402.41,14.62,21.61,552.66,2388.15,9042.74,1.3,47.56,521.49,2388.11,8124.09,8.4624,0.03,391,2388,100.0,38.69,23.2767,191,152,Healthy,79.58,0
32,40,0.0014,-0.0004,100.0,518.67,642.72,1592.19,1408.56,14.62,21.61,553.1,2388.08,9051.46,1.3,47.55,520.98,2388.12,8122.4,8.4275,0.03,392,2388,100.0,38.81,23.2703,191,151,Healthy,79.06,0
32,41,0.0006,-0.0001,100.0,518.67,642.74,1593.16,1410.51,14.62,21.61,553.94,2388.09,9056.94,1.3,47.53,521.29,2388.08,8133.92,8.4626,0.03,394,2388,100.0,38.88,23.3179,191,150,Healthy,78.53,0
32,42,-0.0005,0.0004,100.0,518.67,642.43,1591.59,1415.57,14.62,21.61,553.47,2388.14,9055.64,1.3,47.63,521.16,2388.1,8126.23,8.4389,0.03,393,2388,100.0,38.72,23.2562,191,149,Healthy,78.01,0
32,43,-0.0016,0.0002,100.0,518.67,642.47,1592.81,1409.94,14.62,21.61,552.88,2388.1,9053.41,1.3,47.59,521.64,2388.09,8133.25,8.4499,0.03,393,2388,100.0,38.89,23.1593,191,148,Healthy,77.49,0
32,44,0.0004,0.0003,100.0,518.67,642.8,1598.75,1413.23,14.62,21.61,553.84,2388.09,9044.25,1.3,47.55,521.36,2388.11,8128.76,8.4456,0.03,393,2388,100.0,38.67,23.1554,191,147,Healthy,76.96,0
32,45,0.0006,-0.0003,100.0,518.67,642.74,1585.27,1411.16,14.62,21.61,552.47,2388.09,9047.59,1.3,47.5,521.63,2388.18,8125.71,8.4114,0.03,393,2388,100.0,38.74,23.3292,191,146,Healthy,76.44,0
32,46,-0.0002,0.0001,100.0,518.67,642.51,1594.3,1409.85,14.62,21.61,553.24,2388.12,9054.96,1.3,47.54,521.63,2388.13,8135.32,8.451,0.03,394,2388,100.0,39.0,23.2587,191,145,Healthy,75.92,0
32,47,-0.0022,0.0002,100.0,518.67,642.58,1592.59,1415.16,14.62,21.61,554.07,2388.11,9046.88,1.3,47.49,521.06,2388.1,8126.78,8.4459,0.03,393,2388,100.0,38.69,23.2743,191,144,Healthy,75.39,0
32,48,0.0011,0.0,100.0,518.67,642.53,1589.15,1403.72,14.62,21.61,553.03,2388.17,9045.21,1.3,47.53,521.61,2388.14,8133.26,8.4227,0.03,393,2388,100.0,38.87,23.3041,191,143,Healthy,74.87,0
32,49,-0.002,-0.0004,100.0,518.67,643.11,1593.59,1415.19,14.62,21.61,552.9,2388.1,9053.1,1.3,47.64,521.2,2388.15,8131.0,8.457,0.03,395,2388,100.0,38.82,23.2753,191,142,Healthy,74.35,0
32,50,0.0026,0.0004,100.0,518.67,642.26,1586.73,1404.57,14.62,21.61,553.5,2388.16,9054.34,1.3,47.54,520.88,2388.07,8130.29,8.4564,0.03,392,2388,100.0,38.7,23.2423,191,141,Healthy,73.82,0
33,1,-0.0021,0.0003,100.0,518.67,642.24,1584.98,1396.83,14.62,21.61,554.03,2388.01,9057.65,1.3,47.21,522.49,2388.03,8145.03,8.3918,0.03,390,2388,100.0,38.9,23.5107,200,199,Healthy,99.5,0
33,2,0.004,0.0004,100.0,518.67,642.24,1584.36,1395.22,14.62,21.6,554.72,2388.04,9065.4,1.3,47.22,523.16,2387.99,8138.39,8.3998,0.03,391,2388,100.0,38.96,23.2986,200,198,Healthy,99.0,0
33,3,0.0021,0.0003,100.0,518.67,642.09,1584.35,1397.91,14.62,21.61,554.19,2387.97,9066.69,1.3,47.16,521.7,2388.0,8142.27,8.3713,0.03,391,2388,100.0,39.0,23.2993,200,197,Healthy,98.5,0
33,4,0.0001,0.0005,100.0,518.67,642.01,1579.06,1400.32,14.62,21.61,554.09,2387.99,9059.67,1.3,47.08,522.57,2387.95,8142.49,8.3884,0.03,391,2388,100.0,39.01,23.4489,200,196,Healthy,98.0,0
33,5,0.0036,0.0004,100.0,518.67,641.84,1585.45,1398.53,14.62,21.61,554.38,2387.99,9067.52,1.3,47.06,522.2,2387.98,8148.44,8.3859,0.03,391,2388,100.0,38.98,23.3944,200,195,Healthy,97.5,0
33,6,0.0009,-0.0002,100.0,518.67,641.6,1577.55,1396.63,14.62,21.61,554.21,2387.99,9055.7,1.3,47.16,521.89,2388.01,8146.01,8.3591,0.03,390,2388,100.0,39.11,23.4429,200,194,Healthy,97.0,0
33,7,-0.0042,0.0004,100.0,518.67,641.96,1581.63,1401.66,14.62,21.6,553.82,2388.0,9063.57,1.3,47.02,522.13,2388.01,8142.59,8.3696,0.03,392,2388,100.0,38.87,23.4763,200,193,Healthy,96.5,0
33,8,0.0003,0.0004,100.0,518.67,641.91,1581.19,1395.91,14.62,21.61,554.74,2388.03,9059.89,1.3,47.01,522.11,2387.98,8144.77,8.4009,0.03,391,2388,100.0,38.96,23.443,200,192,Healthy,96.0,0
33,9,-0.0025,-0.0002,100.0,518.67,642.39,1584.46,1396.13,14.62,21.61,554.5,2387.99,9071.35,1.3,47.15,522.74,2387.97,8145.61,8.4148,0.03,392,2388,100.0,39.1,23.3631,200,191,Healthy,95.5,0
33,10,0.0014,-0.0001,100.0,518.67,642.14,1579.37,1394.44,14.62,21.61,553.99,2388.03,9054.61,1.3,47.27,522.84,2387.96,8150.38,8.3762,0.03,391,2388,100.0,38.94,23.3957,200,190,Healthy,95.0,0
33,11,-0.0006,-0.0,100.0,518.67,641.36,1582.87,1403.9,14.62,21.6,554.43,2387.99,9070.19,1.3,47.16,522.47,2387.99,8147.42,8.435,0.03,392,2388,100.0,38.82,23.4143,200,189,Healthy,94.5,0
33,12,0.0011,0.0,100.0,518.67,642.26,1580.99,1394.07,14.62,21.61,554.33,2388.01,9060.03,1.3,47.14,522.65,2388.0,8145.21,8.3998,0.03,392,2388,100.0,39.11,23.459,200,188,Healthy,94.0,0
33,13,-0.0041,-0.0,100.0,518.67,642.3,1581.8,1394.13,14.62,21.61,554.2,2387.99,9053.45,1.3,47.25,522.63,2388.0,8139.45,8.4064,0.03,391,2388,100.0,38.94,23.4752,200,187,Healthy,93.5,0
33,14,-0.0016,-0.0004,100.0,518.67,642.01,1582.26,1394.42,14.62,21.61,554.44,2387.98,9060.31,1.3,47.17,522.31,2388.01,8144.7,8.3571,0.03,392,2388,100.0,39.13,23.4963,200,186,Healthy,93.0,0
33,15,-0.0008,0.0005,100.0,518.67,642.06,1584.74,1395.96,14.62,21.6,555.06,2387.95,9060.74,1.3,47.25,522.52,2388.03,8141.85,8.3835,0.03,390,2388,100.0,39.0,23.5347,200,185,Healthy,92.5,0
33,16,0.0023,0.0002,100.0,518.67,641.71,1574.02,1393.09,14.62,21.61,554.94,2387.95,9061.0,1.3,47.17,522.37,2387.99,8144.73,8.3643,0.03,393,2388,100.0,39.06,23.3248,200,184,Healthy,92.0,0
33,17,-0.001,0.0005,100.0,518.67,641.93,1577.88,1388.35,14.62,21.61,555.01,2387.96,9058.57,1.3,47.06,523.07,2388.0,8145.63,8.3736,0.03,392,2388,100.0,38.98,23.3902,200,183,Healthy,91.5,0
33,18,-0.0018,0.0005,100.0,518.67,642.26,1580.78,1397.48,14.62,21.6,555.27,2387.99,9062.84,1.3,47.09,523.27,2387.98,8145.53,8.3752,0.03,392,2388,100.0,39.08,23.3638,200,182,Healthy,91.0,0
33,19,0.0002,-0.0002,100.0,518.67,641.7,1587.63,1402.12,14.62,21.6,554.26,2388.01,9061.05,1.3,47.04,522.58,2387.98,8146.15,8.4159,0.03,391,2388,100.0,38.88,23.5072,200,181,Healthy,90.5,0
33,20,-0.0005,-0.0,100.0,518.67,642.05,1576.02,1397.76,14.62,21.6,554.31,2387.98,9066.53,1.3,47.24,522.55,2387.95,8144.91,8.4065,0.03,390,2388,100.0,38.98,23.4197,200,180,Healthy,90.0,0
33,21,-0.0009,0.0001,100.0,518.67,642.05,1579.53,1400.87,14.62,21.61,554.11,2388.08,9062.58,1.3,46.89,523.38,2387.94,8147.31,8.425,0.03,391,2388,100.0,39.07,23.3869,200,179,Healthy,89.5,0
33,22,0.0022,0.0,100.0,518.67,642.31,1584.54,1393.14,14.62,21.61,554.65,2388.04,9056.5,1.3,47.15,522.94,2388.05,8144.43,8.4137,0.03,393,2388,100.0,38.96,23.5036,200,178,Healthy,89.0,0
33,23,0.0004,0.0002,100.0,518.67,641.98,1576.94,1396.29,14.62,21.61,554.09,2388.01,9063.67,1.3,47.11,521.93,2388.0,8145.87,8.3671,0.03,392,2388,100.0,39.1,23.4241,200,177,Healthy,88.5,0
33,24,0.0024,-0.0004,100.0,518.67,641.7,1593.21,1394.35,14.62,21.61,554.56,2388.0,9055.05,1.3,47.21,522.79,2387.97,8139.96,8.3764,0.03,392,2388,100.0,39.16,23.491,200,176,Healthy,88.0,0
33,25,0.0018,-0.0004,100.0,518.67,642.34,1588.46,1398.95,14.62,21.61,554.47,2388.02,9053.97,1.3,47.19,522.48,2388.0,8145.9,8.387,0.03,391,2388,100.0,39.09,23.3641,200,175,Healthy,87.5,0
33,26,-0.0001,-0.0,100.0,518.67,641.62,1588.24,1396.42,14.62,21.61,554.19,2387.99,9061.27,1.3,47.27,522.32,2387.98,8138.38,8.4039,0.03,391,2388,100.0,38.88,23.3954,200,174,Healthy,87.0,0
33,27,0.0009,0.0003,100.0,518.67,641.79,1590.44,1388.88,14.62,21.6,554.72,2388.05,9056.7,1.3,47.07,522.76,2388.02,8141.25,8.3778,0.03,390,2388,100.0,38.98,23.3423,200,173,Healthy,86.5,0
33,28,-0.0003,0.0001,100.0,518.67,641.47,1582.45,1394.62,14.62,21.61,554.26,2388.01,9057.51,1.3,47.11,522.35,2387.99,8146.18,8.3938,0.03,390,2388,100.0,38.92,23.362,200,172,Healthy,86.0,0
33,29,0.0035,-0.0001,100.0,518.67,641.97,1587.11,1392.43,14.62,21.6,554.6,2387.96,9065.0,1.3,47.22,522.47,2388.01,8149.93,8.386,0.03,392,2388,100.0,39.09,23.491,200,171,Healthy,85.5,0
33,30,0.0008,-0.0001,100.0,518.67,641.73,1585.99,1390.69,14.62,21.61,554.19,2387.97,9060.93,1.3,47.15,522.21,2387.99,8142.34,8.3904,0.03,392,2388,100.0,39.01,23.4067,200,170,Healthy,85.0,0
33,31,-0.002,-0.0004,100.0,518.67,642.2,1579.74,1402.15,14.62,21.61,555.04,2388.0,9057.82,1.3,47.01,522.55,2387.98,8142.21,8.3681,0.03,391,2388,100.0,39.07,23.5123,200,169,Healthy,84.5,0
33,32,0.0026,-0.0004,100.0,518.67,642.0,1582.29,1395.04,14.62,21.61,554.47,2387.97,9062.42,1.3,47.11,522.77,2387.95,8147.15,8.3576,0.03,392,2388,100.0,39.03,23.4168,200,168,Healthy,84.0,0
33,33,0.0025,-0.0001,100.0,518.67,641.78,1583.2,1393.37,14.62,21.6,554.53,2388.01,9060.11,1.3,47.15,522.26,2388.02,8144.21,8.388,0.03,392,2388,100.0,39.19,23.4803,200,167,Healthy,83.5,0
33,34,0.0009,0.0001,100.0,518.67,642.26,1575.58,1389.75,14.62,21.61,554.11,2387.99,9070.02,1.3,47.3,522.37,2387.99,8146.73,8.3889,0.03,392,2388,100.0,39.11,23.4375,200,166,Healthy,83.0,0
33,35,0.0005,0.0001,100.0,518.67,641.93,1590.11,1393.44,14.62,21.61,555.08,2388.04,9059.7,1.3,47.12,522.03,2388.03,8139.14,8.399,0.03,393,2388,100.0,39.1,23.441,200,165,Healthy,82.5,0
33,36,0.0008,-0.0003,100.0,518.67,642.17,1588.51,1395.5,14.62,21.61,554.54,2387.92,9055.12,1.3,47.05,522.1,2388.07,8150.92,8.3667,0.03,393,2388,100.0,39.08,23.475,200,164,Healthy,82.0,0
33,37,-0.0024,0.0005,100.0,518.67,641.87,1588.53,1403.8,14.62,21.61,554.75,2388.01,9056.58,1.3,47.25,522.89,2387.94,8143.31,8.3528,0.03,392,2388,100.0,38.99,23.3981,200,163,Healthy,81.5,0
33,38,-0.0013,-0.0004,100.0,518.67,641.6,1589.54,1390.76,14.62,21.61,554.28,2388.02,9057.82,1.3,47.08,522.02,2388.01,8141.48,8.401,0.03,390,2388,100.0,38.99,23.4052,200,162,Healthy,81.0,0
33,39,-0.0021,-0.0003,100.0,518.67,642.4,1574.81,1400.98,14.62,21.61,554.8,2388.01,9066.05,1.3,46.97,522.8,2387.99,8141.83,8.3772,0.03,393,2388,100.0,38.91,23.5746,200,161,Healthy,80.5,0
33,40,0.001,-0.0002,100.0,518.67,642.4,1576.28,1393.05,14.62,21.61,554.22,2387.98,9062.38,1.3,47.16,522.64,2388.03,8146.42,8.403,0.03,391,2388,100.0,39.17,23.4219,200,160,Healthy,80.0,0
33,41,0.0004,-0.0004,100.0,518.67,642.27,1584.62,1397.32,14.62,21.61,554.06,2387.97,9064.37,1.3,47.23,522.62,2387.98,8145.79,8.401,0.03,390,2388,100.0,39.12,23.4323,200,159,Healthy,79.5,0
33,42,0.003,-0.0,100.0,518.67,641.96,1587.84,1401.25,14.62,21.61,554.21,2388.0,9056.35,1.3,47.0,522.68,2388.03,8145.74,8.3805,0.03,391,2388,100.0,39.0,23.4304,200,158,Healthy,79.0,0
33,43,0.0015,0.0002,100.0,518.67,642.16,1581.26,1392.66,14.62,21.61,554.74,2388.02,9066.34,1.3,47.08,522.83,2387.97,8145.16,8.4012,0.03,391,2388,100.0,38.88,23.5104,200,157,Healthy,78.5,0
33,44,-0.0055,-0.0001,100.0,518.67,642.02,1585.53,1394.83,14.62,21.61,554.53,2387.98,9065.13,1.3,47.1,521.85,2388.0,8150.67,8.3861,0.03,392,2388,100.0,38.96,23.4322,200,156,Healthy,78.0,0
33,45,0.0012,-0.0004,100.0,518.67,642.18,1579.23,1397.56,14.62,21.61,554.52,2388.02,9065.03,1.3,47.21,522.92,2388.0,8148.39,8.3851,0.03,392,2388,100.0,39.01,23.3907,200,155,Healthy,77.5,0
33,46,-0.0038,-0.0003,100.0,518.67,641.92,1590.06,1400.34,14.62,21.6,554.72,2387.97,9065.26,1.3,47.07,522.85,2387.99,8148.92,8.3853,0.03,392,2388,100.0,38.97,23.4452,200,154,Healthy,77.0,0
33,47,0.0013,0.0001,100.0,518.67,642.02,1583.19,1396.42,14.62,21.61,554.55,2388.06,9059.28,1.3,47.08,522.9,2388.0,8142.98,8.423,0.03,390,2388,100.0,39.01,23.4638,200,153,Healthy,76.5,0
33,48,0.0012,0.0001,100.0,518.67,642.11,1578.65,1397.55,14.62,21.61,554.12,2388.03,9064.34,1.3,47.42,522.62,2388.04,8142.1,8.3831,0.03,391,2388,100.0,38.98,23.5047,200,152,Healthy,76.0,0
33,49,-0.0025,-0.0004,100.0,518.67,641.87,1581.41,1401.23,14.62,21.61,554.02,2388.01,9063.85,1.3,47.18,522.58,2388.08,8143.75,8.3953,0.03,391,2388,100.0,39.01,23.4052,200,151,Healthy,75.5,0
33,50,-0.0024,0.0002,100.0,518.67,642.02,1584.53,1405.07,14.62,21.61,553.93,2388.0,9063.77,1.3,47.08,522.35,2387.99,8145.33,8.3966,0.03,392,2388,100.0,39.07,23.5215,200,150,Healthy,75.0,0
34,1,0.0035,-0.0002,100.0,518.67,642.44,1586.84,1407.9,14.62,21.61,553.56,2388.07,9058.32,1.3,47.33,521.54,2388.07,8143.4,8.4248,0.03,392,2388,100.0,38.76,23.242,195,194,Healthy,99.49,0
34,2,-0.002,-0.0001,100.0,518.67,642.16,1585.43,1404.51,14.62,21.61,553.62,2388.12,9063.24,1.3,47.14,521.2,2387.99,8143.09,8.3995,0.03,394,2388,100.0,38.8,23.2772,195,193,Healthy,98.97,0
34,3,-0.0002,0.0004,100.0,518.67,642.87,1587.98,1403.07,14.62,21.61,554.76,2388.07,9059.4,1.3,47.36,521.65,2388.08,8138.5,8.4287,0.03,392,2388,100.0,39.06,23.2365,195,192,Healthy,98.46,0
34,4,-0.0029,0.0003,100.0,518.67,642.22,1591.59,1400.73,14.62,21.61,553.86,2388.14,9054.09,1.3,47.56,521.94,2388.08,8139.79,8.4225,0.03,394,2388,100.0,38.93,23.3723,195,191,Healthy,97.95,0
34,5,0.0001,0.0003,100.0,518.67,641.69,1590.08,1404.55,14.62,21.61,554.34,2388.07,9049.74,1.3,47.58,521.99,2388.12,8138.64,8.409,0.03,392,2388,100.0,38.78,23.2569,195,190,Healthy,97.44,0
34,6,-0.0015,-0.0002,100.0,518.67,642.1,1591.54,1409.35,14.62,21.61,554.03,2388.03,9057.65,1.3,47.37,521.91,2388.06,8140.77,8.4086,0.03,394,2388,100.0,38.92,23.3895,195,189,Healthy,96.92,0
34,7,-0.0012,0.0005,100.0,518.67,642.83,1587.08,1403.87,14.62,21.61,553.57,2388.08,9060.15,1.3,47.29,521.68,2388.01,8138.34,8.4453,0.03,393,2388,100.0,38.85,23.4315,195,188,Healthy,96.41,0
34,8,0.0003,0.0006,100.0,518.67,642.41,1579.1,1401.76,14.62,21.61,553.76,2388.12,9053.28,1.3,47.32,521.63,2388.07,8134.38,8.4285,0.03,390,2388,100.0,38.9,23.3029,195,187,Healthy,95.9,0
34,9,0.0006,0.0004,100.0,518.67,642.63,1589.51,1405.36,14.62,21.61,553.66,2388.1,9062.06,1.3,47.55,521.82,2388.04,8140.72,8.4172,0.03,392,2388,100.0,38.93,23.4358,195,186,Healthy,95.38,0
34,10,-0.0024,-0.0002,100.0,518.67,642.77,1589.45,1401.62,14.62,21.61,554.33,2388.06,9057.7,1.3,47.3,521.15,2388.03,8134.58,8.4137,0.03,393,2388,100.0,38.93,23.3387,195,185,Healthy,94.87,0
34,11,-0.0026,-0.0002,100.0,518.67,642.81,1594.28,1408.71,14.62,21.61,553.93,2388.08,9056.48,1.3,47.62,521.55,2388.08,8132.44,8.4251,0.03,393,2388,100.0,38.72,23.2583,195,184,Healthy,94.36,0
34,12,-0.003,0.0,100.0,518.67,642.96,1580.19,1405.5,14.62,21.61,554.06,2388.05,9063.23,1.3,47.58,521.37,2388.11,8134.78,8.4601,0.03,391,2388,100.0,38.77,23.2702,195,183,Healthy,93.85,0
34,13,-0.0006,-0.0001,100.0,518.67,641.8,1589.15,1406.61,14.62,21.61,554.03,2388.07,9066.11,1.3,47.23,521.28,2388.04,8140.99,8.4304,0.03,394,2388,100.0,38.88,23.3323,195,182,Healthy,93.33,0
34,14,0.0005,0.0001,100.0,518.67,642.14,1589.91,1407.89,14.62,21.61,553.93,2388.09,9062.29,1.3,47.56,522.32,2388.1,8139.32,8.443,0.03,394,2388,100.0,38.8,23.2588,195,181,Healthy,92.82,0
34,15,0.0023,0.0004,100.0,518.67,642.55,1593.95,1410.94,14.62,21.61,554.52,2388.03,9059.18,1.3,47.24,521.84,2388.12,8138.5,8.4345,0.03,394,2388,100.0,38.9,23.302,195,180,Healthy,92.31,0
34,16,0.0016,0.0005,100.0,518.67,642.41,1582.81,1393.39,14.62,21.61,553.28,2388.09,9061.95,1.3,47.34,521.66,2388.06,8138.61,8.4385,0.03,393,2388,100.0,38.83,23.349,195,179,Healthy,91.79,0
34,17,-0.0029,-0.0001,100.0,518.67,642.34,1582.9,1411.03,14.62,21.61,552.75,2388.09,9059.53,1.3,47.4,521.96,2388.09,8141.71,8.43,0.03,391,2388,100.0,38.85,23.4101,195,178,Healthy,91.28,0
34,18,-0.0017,0.0002,100.0,518.67,642.16,1590.36,1406.15,14.62,21.61,553.35,2388.05,9051.31,1.3,47.25,522.21,2388.06,8133.08,8.4408,0.03,393,2388,100.0,38.71,23.2618,195,177,Healthy,90.77,0
34,19,0.0016,-0.0,100.0,518.67,642.81,1582.26,1407.36,14.62,21.61,554.11,2388.07,9062.65,1.3,47.48,521.71,2388.07,8144.16,8.4302,0.03,392,2388,100.0,38.86,23.304,195,176,Healthy,90.26,0
34,20,0.0013,0.0005,100.0,518.67,642.8,1593.16,1411.01,14.62,21.61,553.86,2388.05,9054.32,1.3,47.3,522.18,2388.1,8137.77,8.4538,0.03,391,2388,100.0,38.87,23.2972,195,175,Healthy,89.74,0
34,21,-0.0014,-0.0002,100.0,518.67,642.61,1595.56,1411.06,14.62,21.61,553.89,2388.08,9050.34,1.3,47.36,521.49,2388.07,8138.26,8.4209,0.03,393,2388,100.0,38.84,23.3097,195,174,Healthy,89.23,0
34,22,-0.0025,0.0006,100.0,518.67,642.55,1597.6,1400.88,14.62,21.61,553.72,2388.04,9062.39,1.3,47.31,521.44,2388.07,8135.66,8.453,0.03,392,2388,100.0,38.88,23.2835,195,173,Healthy,88.72,0
34,23,0.0002,-0.0002,100.0,518.67,642.62,1581.63,1399.94,14.62,21.61,553.26,2388.06,9056.45,1.3,47.38,522.0,2388.09,8140.03,8.4402,0.03,391,2388,100.0,38.9,23.394,195,172,Healthy,88.21,0
34,24,0.0014,0.0006,100.0,518.67,642.81,1587.33,1407.67,14.62,21.61,553.41,2388.06,9062.28,1.3,47.54,521.17,2388.1,8141.39,8.4283,0.03,392,2388,100.0,38.91,23.3411,195,171,Healthy,87.69,0
34,25,-0.0016,-0.0001,100.0,518.67,642.05,1595.39,1409.69,14.62,21.61,553.11,2388.16,9049.94,1.3,47.36,521.91,2388.06,8135.63,8.401,0.03,392,2388,100.0,38.82,23.1221,195,170,Healthy,87.18,0
34,26,-0.0054,0.0006,100.0,518.67,642.77,1589.52,1399.66,14.62,21.61,554.17,2388.07,9062.43,1.3,47.37,521.89,2388.15,8139.21,8.427,0.03,393,2388,100.0,38.74,23.3325,195,169,Healthy,86.67,0
34,27,-0.0005,-0.0001,100.0,518.67,642.68,1590.23,1409.37,14.62,21.61,554.33,2388.08,9058.08,1.3,47.66,521.7,2388.02,8138.23,8.4129,0.03,394,2388,100.0,38.98,23.358,195,168,Healthy,86.15,0
34,28,-0.0005,0.0001,100.0,518.67,642.63,1592.38,1405.91,14.62,21.61,553.7,2388.08,9060.69,1.3,47.37,522.0,2388.07,8139.31,8.4308,0.03,392,2388,100.0,38.86,23.4111,195,167,Healthy,85.64,0
34,29,0.0049,0.0004,100.0,518.67,642.19,1587.72,1405.95,14.62,21.61,554.04,2388.05,9051.73,1.3,47.52,521.75,2388.04,8135.5,8.4775,0.03,393,2388,100.0,38.89,23.3982,195,166,Healthy,85.13,0
34,30,0.003,0.0003,100.0,518.67,642.39,1592.08,1413.57,14.62,21.61,554.3,2388.07,9064.83,1.3,47.3,521.87,2388.02,8137.81,8.4225,0.03,394,2388,100.0,38.9,23.3223,195,165,Healthy,84.62,0
34,31,0.0033,0.0002,100.0,518.67,642.08,1587.7,1406.34,14.62,21.61,553.52,2388.11,9052.28,1.3,47.58,521.41,2388.1,8142.86,8.4347,0.03,392,2388,100.0,38.86,23.4244,195,164,Healthy,84.1,0
34,32,-0.001,-0.0002,100.0,518.67,642.58,1588.79,1412.95,14.62,21.61,553.53,2388.02,9064.11,1.3,47.57,521.57,2388.06,8138.13,8.4352,0.03,392,2388,100.0,38.95,23.1939,195,163,Healthy,83.59,0
34,33,-0.0023,0.0,100.0,518.67,642.22,1586.02,1400.52,14.62,21.61,554.39,2388.08,9055.78,1.3,47.33,521.65,2388.08,8142.24,8.4115,0.03,393,2388,100.0,38.79,23.2488,195,162,Healthy,83.08,0
34,34,0.0038,-0.0001,100.0,518.67,642.45,1582.58,1405.64,14.62,21.61,553.91,2388.07,9056.63,1.3,47.37,521.54,2388.07,8137.42,8.4318,0.03,394,2388,100.0,38.8,23.3369,195,161,Healthy,82.56,0
34,35,0.0001,0.0001,100.0,518.67,642.25,1593.06,1404.57,14.62,21.61,552.96,2388.1,9053.5,1.3,47.44,521.29,2388.04,8136.89,8.4296,0.03,393,2388,100.0,38.81,23.4492,195,160,Healthy,82.05,0
34,36,0.0017,-0.0001,100.0,518.67,643.33,1584.04,1399.0,14.62,21.61,555.21,2388.1,9061.85,1.3,47.38,521.95,2388.04,8144.02,8.4243,0.03,392,2388,100.0,39.11,23.3295,195,159,Healthy,81.54,0
34,37,-0.0013,0.0006,100.0,518.67,642.78,1588.01,1407.98,14.62,21.61,553.3,2388.07,9052.47,1.3,47.37,521.76,2388.13,8138.29,8.4321,0.03,393,2388,100.0,38.96,23.2246,195,158,Healthy,81.03,0
34,38,0.0027,0.0002,100.0,518.67,642.81,1592.44,1404.47,14.62,21.61,553.97,2388.05,9062.28,1.3,47.71,521.79,2388.09,8145.18,8.4139,0.03,392,2388,100.0,38.82,23.2971,195,157,Healthy,80.51,0
34,39,0.0048,-0.0004,100.0,518.67,642.52,1585.67,1404.37,14.62,21.61,553.18,2388.02,9060.39,1.3,47.39,521.56,2388.04,8137.56,8.4177,0.03,392,2388,100.0,38.82,23.3361,195,156,Healthy,80.0,0
34,40,-0.0005,-0.0004,100.0,518.67,642.72,1588.38,1400.41,14.62,21.61,553.76,2388.05,9062.51,1.3,47.39,521.49,2388.07,8147.63,8.4386,0.03,393,2388,100.0,38.88,23.3154,195,155,Healthy,79.49,0
34,41,0.0001,0.0003,100.0,518.67,641.78,1588.06,1400.25,14.62,21.61,553.73,2388.02,9055.12,1.3,47.34,521.72,2388.08,8139.01,8.4212,0.03,392,2388,100.0,39.09,23.2734,195,154,Healthy,78.97,0
34,42,0.0025,0.0006,100.0,518.67,641.57,1587.67,1407.12,14.62,21.61,553.83,2388.07,9061.17,1.3,47.43,521.86,2388.07,8140.84,8.4427,0.03,393,2388,100.0,38.93,23.2725,195,153,Healthy,78.46,0
34,43,0.0032,0.0004,100.0,518.67,642.4,1593.49,1407.26,14.62,21.61,553.64,2388.1,9058.17,1.3,47.41,521.74,2388.07,8139.37,8.4069,0.03,393,2388,100.0,38.96,23.3085,195,152,Healthy,77.95,0
34,44,0.0016,-0.0002,100.0,518.67,642.74,1579.87,1402.52,14.62,21.61,554.25,2388.08,9059.87,1.3,47.43,521.58,2388.06,8137.86,8.4423,0.03,393,2388,100.0,39.07,23.3093,195,151,Healthy,77.44,0
34,45,0.0047,-0.0001,100.0,518.67,642.9,1579.53,1407.75,14.62,21.61,554.15,2388.1,9060.95,1.3,47.52,521.8,2388.03,8136.11,8.4222,0.03,393,2388,100.0,38.93,23.2076,195,150,Healthy,76.92,0
34,46,-0.0002,0.0004,100.0,518.67,642.85,1581.07,1413.07,14.62,21.61,553.68,2388.1,9057.01,1.3,47.42,521.83,2388.13,8142.22,8.4391,0.03,392,2388,100.0,38.85,23.2845,195,149,Healthy,76.41,0
34,47,0.0003,-0.0003,100.0,518.67,642.39,1590.54,1406.22,14.62,21.61,553.94,2388.03,9066.25,1.3,47.34,521.62,2388.06,8141.14,8.4457,0.03,392,2388,100.0,38.96,23.38,195,148,Healthy,75.9,0
34,48,-0.0028,0.0004,100.0,518.67,642.19,1585.97,1398.02,14.62,21.61,554.22,2388.1,9063.22,1.3,47.6,521.3,2388.09,8141.99,8.388,0.03,392,2388,100.0,38.87,23.2446,195,147,Healthy,75.38,0
34,49,-0.0019,0.0001,100.0,518.67,642.19,1592.61,1407.11,14.62,21.6,553.72,2388.1,9051.07,1.3,47.43,521.13,2388.04,8138.07,8.4501,0.03,392,2388,100.0,38.89,23.4083,195,146,Healthy,74.87,0
34,50,0.001,-0.0001,100.0,518.67,643.1,1586.32,1409.96,14.62,21.61,553.57,2388.08,9062.25,1.3,47.5,521.5,2388.12,8136.43,8.4074,0.03,393,2388,100.0,38.87,23.315,195,145,Healthy,74.36,0
35,1,-0.0008,0.0004,100.0,518.67,642.25,1589.5,1401.87,14.62,21.61,553.94,2388.06,9061.4,1.3,47.45,521.22,2388.05,8138.2,8.4282,0.03,392,2388,100.0,38.83,23.3682,181,180,Healthy,99.45,0
35,2,-0.0044,0.0,100.0,518.67,642.49,1589.83,1406.99,14.62,21.61,553.99,2388.05,9059.03,1.3,47.33,521.51,2388.06,8137.11,8.4087,0.03,393,2388,100.0,38.77,23.3206,181,179,Healthy,98.9,0
35,3,-0.0013,-0.0005,100.0,518.67,642.53,1589.32,1400.83,14.62,21.61,553.5,2388.05,9052.52,1.3,47.37,521.3,2388.07,8136.42,8.3998,0.03,393,2388,100.0,38.94,23.2977,181,178,Healthy,98.34,0
35,4,-0.0017,0.0004,100.0,518.67,642.2,1588.27,1399.64,14.62,21.61,554.54,2388.09,9067.84,1.3,47.18,522.4,2388.06,8139.33,8.4467,0.03,393,2388,100.0,39.08,23.3072,181,177,Healthy,97.79,0
35,5,0.0022,-0.0,100.0,518.67,642.23,1583.66,1400.4,14.62,21.61,554.62,2388.06,9050.17,1.3,47.34,521.46,2388.05,8132.84,8.376,0.03,393,2388,100.0,38.97,23.4655,181,176,Healthy,97.24,0
35,6,0.0011,0.0002,100.0,518.67,642.01,1587.18,1401.92,14.62,21.61,554.19,2388.05,9051.72,1.3,47.39,521.64,2388.07,8140.22,8.406,0.03,393,2388,100.0,38.88,23.315,181,175,Healthy,96.69,0
35,7,0.0003,0.0003,100.0,518.67,642.4,1589.78,1408.96,14.62,21.61,553.81,2388.04,9055.41,1.3,47.35,521.85,2388.07,8142.37,8.4104,0.03,392,2388,100.0,38.91,23.3393,181,174,Healthy,96.13,0
35,8,-0.0003,-0.0004,100.0,518.67,642.84,1587.55,1416.7,14.62,21.61,553.94,2388.06,9058.74,1.3,47.21,521.78,2388.05,8140.81,8.4298,0.03,394,2388,100.0,38.98,23.3395,181,173,Healthy,95.58,0
35,9,-0.0006,0.0,100.0,518.67,642.43,1587.82,1406.31,14.62,21.61,553.0,2388.04,9048.74,1.3,47.41,521.42,2388.13,8138.9,8.415,0.03,394,2388,100.0,38.87,23.3598,181,172,Healthy,95.03,0
35,10,0.001,0.0004,100.0,518.67,642.36,1580.89,1406.41,14.62,21.61,554.3,2388.04,9058.32,1.3,47.46,522.08,2388.06,8136.61,8.4281,0.03,391,2388,100.0,39.02,23.4417,181,171,Healthy,94.48,0
35,11,0.0001,0.0002,100.0,518.67,642.15,1588.7,1404.76,14.62,21.61,554.36,2388.04,9063.46,1.3,47.33,522.3,2388.03,8135.09,8.4159,0.03,393,2388,100.0,38.95,23.4215,181,170,Healthy,93.92,0
35,12,0.0015,-0.0001,100.0,518.67,642.27,1592.84,1400.14,14.62,21.61,554.21,2388.02,9054.41,1.3,47.32,522.02,2388.07,8139.63,8.4659,0.03,391,2388,100.0,39.03,23.4061,181,169,Healthy,93.37,0
35,13,-0.0017,0.0004,100.0,518.67,642.45,1590.13,1402.35,14.62,21.61,553.97,2388.08,9056.18,1.3,47.27,521.76,2388.0,8131.11,8.4274,0.03,391,2388,100.0,38.77,23.3665,181,168,Healthy,92.82,0
35,14,-0.0014,0.0003,100.0,518.67,642.86,1585.07,1400.46,14.62,21.61,554.13,2388.07,9049.4,1.3,47.41,521.53,2388.01,8139.37,8.3957,0.03,392,2388,100.0,39.02,23.3227,181,167,Healthy,92.27,0
35,15,0.0033,0.0003,100.0,518.67,642.65,1585.83,1407.15,14.62,21.61,554.13,2388.05,9055.17,1.3,47.24,520.94,2388.05,8138.42,8.3967,0.03,392,2388,100.0,38.91,23.3144,181,166,Healthy,91.71,0
35,16,0.0039,0.0001,100.0,518.67,642.12,1585.54,1396.67,14.62,21.61,553.85,2388.08,9054.29,1.3,47.59,521.86,2388.08,8135.14,8.3955,0.03,392,2388,100.0,38.92,23.409,181,165,Healthy,91.16,0
35,17,0.0046,0.0003,100.0,518.67,642.31,1587.72,1399.77,14.62,21.61,554.21,2388.07,9050.59,1.3,47.23,521.87,2388.05,8139.51,8.4246,0.03,392,2388,100.0,38.77,23.4234,181,164,Healthy,90.61,0
35,18,0.003,0.0005,100.0,518.67,642.41,1579.41,1403.72,14.62,21.61,553.93,2388.05,9048.7,1.3,47.51,521.95,2388.06,8139.55,8.3914,0.03,392,2388,100.0,39.0,23.2559,181,163,Healthy,90.06,0
35,19,0.0033,-0.0003,100.0,518.67,642.23,1588.51,1407.22,14.62,21.61,553.91,2388.06,9048.49,1.3,47.25,521.38,2388.04,8135.17,8.4101,0.03,393,2388,100.0,38.95,23.4109,181,162,Healthy,89.5,0
35,20,0.0011,0.0005,100.0,518.67,643.07,1592.18,1409.41,14.62,21.61,553.7,2388.05,9053.43,1.3,47.28,521.4,2388.07,8140.38,8.4165,0.03,393,2388,100.0,39.19,23.3626,181,161,Healthy,88.95,0
35,21,-0.001,-0.0002,100.0,518.67,642.46,1584.32,1409.2,14.62,21.61,553.92,2388.09,9056.49,1.3,47.42,522.4,2388.0,8136.93,8.398,0.03,391,2388,100.0,38.85,23.3323,181,160,Healthy,88.4,0
35,22,-0.0023,-0.0002,100.0,518.67,642.02,1587.78,1403.48,14.62,21.61,554.15,2388.03,9060.22,1.3,47.53,522.23,2388.05,8139.27,8.4275,0.03,391,2388,100.0,38.95,23.3704,181,159,Healthy,87.85,0
35,23,-0.0014,-0.0,100.0,518.67,642.74,1586.29,1407.88,14.62,21.61,553.54,2388.02,9057.71,1.3,47.31,521.82,2388.09,8136.42,8.4283,0.03,393,2388,100.0,38.77,23.3239,181,158,Healthy,87.29,0
35,24,0.0,-0.0003,100.0,518.67,641.87,1589.7,1400.9,14.62,21.61,553.75,2388.03,9059.84,1.3,47.51,522.11,2388.04,8135.13,8.4089,0.03,392,2388,100.0,39.03,23.4284,181,157,Healthy,86.74,0
35,25,-0.001,-0.0,100.0,518.67,642.05,1590.48,1410.74,14.62,21.61,553.88,2388.11,9062.81,1.3,47.57,521.94,2388.08,8138.08,8.4171,0.03,392,2388,100.0,38.89,23.355,181,156,Healthy,86.19,0
35,26,-0.0001,-0.0001,100.0,518.67,643.02,1586.54,1399.08,14.62,21.61,554.2,2388.08,9063.19,1.3,47.32,522.1,2388.04,8136.61,8.4336,0.03,393,2388,100.0,38.85,23.2809,181,155,Healthy,85.64,0
35,27,-0.0007,-0.0003,100.0,518.67,642.84,1580.38,1402.64,14.62,21.61,554.09,2388.05,9059.42,1.3,47.37,521.27,2388.02,8136.55,8.4223,0.03,392,2388,100.0,38.91,23.4519,181,154,Healthy,85.08,0
35,28,0.0025,0.0003,100.0,518.67,643.01,1588.44,1404.87,14.62,21.61,554.33,2388.09,9055.71,1.3,47.34,521.42,2388.03,8141.81,8.4358,0.03,393,2388,100.0,38.83,23.3231,181,153,Healthy,84.53,0
35,29,0.0023,-0.0005,100.0,518.67,642.35,1586.64,1405.61,14.62,21.61,554.01,2388.1,9048.11,1.3,47.48,521.47,2388.05,8144.91,8.4392,0.03,392,2388,100.0,38.82,23.3867,181,152,Healthy,83.98,0
35,30,-0.0011,0.0002,100.0,518.67,642.6,1586.51,1396.77,14.62,21.61,554.15,2388.03,9048.18,1.3,47.43,521.74,2388.07,8137.09,8.4152,0.03,392,2388,100.0,38.93,23.3005,181,151,Healthy,83.43,0
35,31,0.0004,-0.0004,100.0,518.67,642.52,1590.76,1402.33,14.62,21.61,554.6,2388.08,9053.65,1.3,47.5,521.89,2388.08,8137.81,8.4084,0.03,394,2388,100.0,38.94,23.3222,181,150,Healthy,82.87,0
35,32,-0.0018,0.0004,100.0,518.67,642.69,1596.28,1400.43,14.62,21.61,553.44,2388.03,9056.28,1.3,47.37,521.84,2388.1,8131.79,8.4338,0.03,393,2388,100.0,38.92,23.2817,181,149,Healthy,82.32,0
35,33,-0.0011,0.0,100.0,518.67,642.33,1586.07,1408.38,14.62,21.61,553.96,2388.1,9060.98,1.3,47.35,521.85,2388.04,8135.25,8.4258,0.03,391,2388,100.0,38.69,23.3466,181,148,Healthy,81.77,0
35,34,0.0015,0.0002,100.0,518.67,642.28,1590.47,1405.59,14.62,21.61,554.27,2388.07,9055.94,1.3,47.36,522.02,2388.06,8137.13,8.4215,0.03,391,2388,100.0,39.01,23.3414,181,147,Healthy,81.22,0
35,35,0.0014,0.0004,100.0,518.67,642.58,1586.61,1402.57,14.62,21.61,554.44,2388.03,9052.82,1.3,47.25,521.61,2388.09,8136.89,8.4218,0.03,392,2388,100.0,38.87,23.2547,181,146,Healthy,80.66,0
35,36,-0.0025,-0.0001,100.0,518.67,642.86,1580.39,1405.98,14.62,21.61,554.16,2388.07,9057.05,1.3,47.38,521.6,2388.04,8137.64,8.4057,0.03,392,2388,100.0,38.89,23.3219,181,145,Healthy,80.11,0
35,37,0.002,0.0001,100.0,518.67,642.59,1591.21,1402.95,14.62,21.61,554.39,2388.04,9059.27,1.3,47.37,521.57,2388.09,8139.28,8.4173,0.03,393,2388,100.0,39.15,23.3206,181,144,Healthy,79.56,0
35,38,-0.0019,0.0,100.0,518.67,641.93,1592.56,1396.15,14.62,21.61,554.3,2388.05,9059.56,1.3,47.21,521.7,2388.08,8138.43,8.4235,0.03,393,2388,100.0,39.06,23.3351,181,143,Healthy,79.01,0
35,39,-0.0013,-0.0005,100.0,518.67,642.73,1581.18,1401.27,14.62,21.61,553.99,2388.02,9059.07,1.3,47.33,521.5,2388.12,8143.93,8.4327,0.03,392,2388,100.0,39.06,23.3584,181,142,Healthy,78.45,0
35,40,-0.0007,-0.0001,100.0,518.67,641.62,1592.06,1399.35,14.62,21.61,554.6,2388.07,9056.05,1.3,47.37,521.64,2388.04,8139.45,8.4182,0.03,395,2388,100.0,39.12,23.3576,181,141,Healthy,77.9,0
35,41,0.0037,-0.0003,100.0,518.67,642.63,1582.33,1406.82,14.62,21.61,553.05,2388.07,9054.24,1.3,47.33,521.92,2388.07,8139.2,8.4059,0.03,392,2388,100.0,38.9,23.226,181,140,Healthy,77.35,0
35,42,0.0011,0.0004,100.0,518.67,643.01,1588.39,1403.91,14.62,21.61,553.33,2388.09,9066.33,1.3,47.64,521.47,2388.07,8139.15,8.4058,0.03,391,2388,100.0,38.91,23.3218,181,139,Healthy,76.8,0
35,43,-0.0018,0.0002,100.0,518.67,642.4,1590.54,1398.85,14.62,21.61,554.12,2388.09,9053.88,1.3,47.36,521.83,2388.04,8134.97,8.4211,0.03,393,2388,100.0,38.89,23.3196,181,138,Healthy,76.24,0
35,44,-0.002,-0.0002,100.0,518.67,642.67,1588.97,1397.97,14.62,21.61,552.55,2388.11,9056.0,1.3,47.58,521.61,2388.1,8138.74,8.4454,0.03,395,2388,100.0,38.78,23.3451,181,137,Healthy,75.69,0
35,45,0.0013,0.0001,100.0,518.67,642.68,1592.77,1399.74,14.62,21.61,553.87,2388.04,9061.22,1.3,47.46,521.56,2388.07,8139.0,8.4138,0.03,392,2388,100.0,38.9,23.41,181,136,Healthy,75.14,0
35,46,-0.003,-0.0001,100.0,518.67,642.3,1591.91,1403.67,14.62,21.61,553.82,2388.04,9054.91,1.3,47.46,521.56,2388.09,8136.27,8.4125,0.03,393,2388,100.0,38.99,23.3152,181,135,Healthy,74.59,0
35,47,-0.0008,0.0004,100.0,518.67,643.04,1597.01,1406.95,14.62,21.61,553.97,2388.05,9057.8,1.3,47.45,522.03,2388.08,8136.36,8.4127,0.03,394,2388,100.0,39.24,23.3204,181,134,Healthy,74.03,0
35,48,-0.0012,-0.0003,100.0,518.67,642.63,1579.64,1409.17,14.62,21.61,553.86,2388.04,9069.85,1.3,47.6,521.94,2388.04,8138.75,8.4168,0.03,393,2388,100.0,38.98,23.3039,181,133,Healthy,73.48,0
35,49,-0.0014,-0.0005,100.0,518.67,642.3,1589.31,1402.99,14.62,21.61,554.16,2388.0,9059.78,1.3,47.25,521.35,2388.06,8137.2,8.4088,0.03,392,2388,100.0,38.76,23.3652,181,132,Healthy,72.93,0
35,50,-0.001,-0.0003,100.0,518.67,642.45,1582.3,1399.43,14.62,21.61,553.2,2388.09,9049.71,1.3,47.28,522.28,2388.05,8136.91,8.4465,0.03,393,2388,100.0,39.0,23.3485,181,131,Healthy,72.38,0
36,1,0.0007,-0.0004,100.0,518.67,642.95,1592.01,1407.56,14.62,21.61,553.39,2388.08,9053.52,1.3,47.29,521.38,2388.09,8140.18,8.4318,0.03,393,2388,100.0,38.92,23.3887,158,157,Healthy,99.37,0
36,2,0.0017,0.0003,100.0,518.67,642.79,1584.77,1402.96,14.62,21.61,553.06,2388.13,9064.98,1.3,47.6,521.72,2388.06,8137.54,8.4328,0.03,395,2388,100.0,38.83,23.3423,158,156,Healthy,98.73,0
36,3,0.0029,0.0001,100.0,518.67,642.7,1588.63,1404.26,14.62,21.61,553.52,2388.01,9058.85,1.3,47.33,521.66,2388.09,8138.18,8.4268,0.03,392,2388,100.0,38.83,23.363,158,155,Healthy,98.1,0
36,4,0.002,0.0003,100.0,518.67,642.62,1583.71,1408.5,14.62,21.61,553.98,2388.09,9058.27,1.3,47.36,521.59,2388.08,8135.27,8.4268,0.03,394,2388,100.0,38.89,23.3044,158,154,Healthy,97.47,0
36,5,-0.0008,-0.0001,100.0,518.67,642.77,1591.86,1401.24,14.62,21.61,553.64,2388.07,9062.89,1.3,47.66,521.83,2388.11,8136.07,8.4243,0.03,393,2388,100.0,38.91,23.4608,158,153,Healthy,96.84,0
36,6,-0.0015,0.0,100.0,518.67,642.94,1588.6,1406.49,14.62,21.61,553.76,2388.11,9062.66,1.3,47.41,521.58,2388.09,8139.4,8.4635,0.03,392,2388,100.0,38.88,23.2545,158,152,Healthy,96.2,0
36,7,-0.0048,0.0003,100.0,518.67,642.45,1589.24,1408.13,14.62,21.61,553.94,2388.14,9063.63,1.3,47.63,521.57,2388.11,8141.27,8.4315,0.03,393,2388,100.0,38.9,23.3848,158,151,Healthy,95.57,0
36,8,0.002,0.0001,100.0,518.67,642.73,1585.88,1411.64,14.62,21.61,553.77,2388.09,9057.19,1.3,47.52,521.82,2388.08,8144.83,8.3967,0.03,394,2388,100.0,39.02,23.3342,158,150,Healthy,94.94,0
36,9,0.0012,0.0,100.0,518.67,643.01,1591.56,1410.02,14.62,21.61,553.92,2388.03,9061.73,1.3,47.63,521.82,2388.13,8136.6,8.4316,0.03,393,2388,100.0,38.76,23.3442,158,149,Healthy,94.3,0
36,10,-0.0009,0.0004,100.0,518.67,642.33,1590.41,1405.97,14.62,21.61,553.72,2388.06,9062.73,1.3,47.76,521.94,2388.07,8138.0,8.4145,0.03,393,2388,100.0,38.6,23.4146,158,148,Healthy,93.67,0
36,11,0.0004,0.0002,100.0,518.67,642.32,1589.73,1408.51,14.62,21.61,553.86,2388.11,9059.65,1.3,47.45,521.92,2388.08,8134.13,8.4688,0.03,392,2388,100.0,38.79,23.4241,158,147,Healthy,93.04,0
36,12,0.0004,-0.0005,100.0,518.67,642.35,1594.56,1406.33,14.62,21.61,553.45,2388.08,9062.28,1.3,47.39,521.67,2388.08,8143.21,8.4629,0.03,393,2388,100.0,38.75,23.3234,158,146,Healthy,92.41,0
36,13,-0.003,-0.0003,100.0,518.67,642.66,1590.46,1406.87,14.62,21.61,553.54,2388.05,9052.82,1.3,47.43,521.64,2388.08,8138.85,8.4147,0.03,393,2388,100.0,38.71,23.3453,158,145,Healthy,91.77,0
36,14,0.0035,0.0004,100.0,518.67,642.06,1593.08,1405.96,14.62,21.61,552.9,2388.04,9055.11,1.3,47.53,521.15,2388.08,8138.83,8.4253,0.03,393,2388,100.0,38.77,23.2536,158,144,Healthy,91.14,0
36,15,-0.0008,0.0001,100.0,518.67,642.12,1588.2,1401.15,14.62,21.61,553.41,2388.04,9056.78,1.3,47.35,521.82,2388.09,8136.5,8.445,0.03,394,2388,100.0,38.8,23.387,158,143,Healthy,90.51,0
36,16,-0.0001,0.0001,100.0,518.67,642.68,1592.63,1409.12,14.62,21.61,553.3,2388.08,9058.42,1.3,47.62,521.36,2388.07,8137.3,8.397,0.03,392,2388,100.0,38.74,23.3399,158,142,Healthy,89.87,0
36,17,-0.0007,-0.0005,100.0,518.67,642.54,1589.76,1402.29,14.62,21.61,553.55,2388.14,9056.86,1.3,47.58,521.78,2388.04,8142.83,8.4328,0.03,392,2388,100.0,38.78,23.2056,158,141,Healthy,89.24,0
36,18,0.001,0.0003,100.0,518.67,642.14,1588.67,1411.5,14.62,21.61,553.58,2388.06,9054.07,1.3,47.6,522.22,2388.11,8139.56,8.4253,0.03,393,2388,100.0,39.1,23.3983,158,140,Healthy,88.61,0
36,19,0.0016,0.0001,100.0,518.67,642.66,1589.08,1404.81,14.62,21.61,553.41,2388.11,9062.08,1.3,47.38,521.52,2388.06,8137.76,8.4456,0.03,393,2388,100.0,38.91,23.3084,158,139,Healthy,87.97,0
36,20,0.0023,0.0,100.0,518.67,642.38,1584.08,1402.7,14.62,21.61,553.59,2388.08,9061.5,1.3,47.44,521.63,2388.08,8140.76,8.4539,0.03,392,2388,100.0,38.78,23.3281,158,138,Healthy,87.34,0
36,21,0.0005,0.0001,100.0,518.67,642.49,1585.8,1405.54,14.62,21.61,553.42,2388.09,9055.91,1.3,47.53,521.63,2388.12,8133.52,8.4522,0.03,394,2388,100.0,39.02,23.3991,158,137,Healthy,86.71,0
36,22,0.0023,-0.0003,100.0,518.67,642.53,1592.38,1406.48,14.62,21.61,553.62,2388.07,9065.12,1.3,47.58,520.98,2388.14,8136.49,8.4622,0.03,394,2388,100.0,38.91,23.2782,158,136,Healthy,86.08,0
36,23,0.0005,0.0001,100.0,518.67,643.14,1581.07,1406.67,14.62,21.61,553.23,2388.09,9066.24,1.3,47.69,522.13,2388.12,8138.5,8.4364,0.03,393,2388,100.0,38.77,23.3312,158,135,Healthy,85.44,0
36,24,-0.0018,-0.0006,100.0,518.67,642.46,1591.41,1408.48,14.62,21.61,554.0,2388.11,9052.59,1.3,47.53,521.66,2388.1,8131.72,8.4316,0.03,392,2388,100.0,38.73,23.2198,158,134,Healthy,84.81,0
36,25,0.0021,0.0001,100.0,518.67,642.34,1587.16,1411.35,14.62,21.61,553.36,2388.06,9056.69,1.3,47.49,521.59,2388.05,8131.95,8.4443,0.03,392,2388,100.0,38.76,23.2969,158,133,Healthy,84.18,0
36,26,0.002,-0.0001,100.0,518.67,642.51,1590.05,1405.76,14.62,21.61,554.29,2388.06,9056.38,1.3,47.52,521.39,2388.07,8138.48,8.4391,0.03,392,2388,100.0,38.92,23.2505,158,132,Healthy,83.54,0
36,27,0.0039,-0.0001,100.0,518.67,643.03,1587.5,1403.75,14.62,21.61,553.75,2388.07,9060.46,1.3,47.46,521.67,2388.08,8140.13,8.3889,0.03,392,2388,100.0,38.93,23.2794,158,131,Healthy,82.91,0
36,28,-0.0002,-0.0005,100.0,518.67,642.35,1590.34,1405.9,14.62,21.61,552.88,2388.1,9064.39,1.3,47.38,521.03,2388.08,8139.93,8.423,0.03,391,2388,100.0,38.91,23.3204,158,130,Healthy,82.28,0
36,29,0.0031,0.0002,100.0,518.67,642.82,1586.49,1405.59,14.62,21.61,553.52,2388.13,9059.48,1.3,47.49,521.62,2388.01,8139.27,8.4448,0.03,394,2388,100.0,38.8,23.4098,158,129,Healthy,81.65,0
36,30,-0.0015,-0.0003,100.0,518.67,642.81,1591.3,1399.65,14.62,21.61,553.35,2388.12,9065.75,1.3,47.29,521.17,2388.05,8136.4,8.4158,0.03,394,2388,100.0,39.0,23.3548,158,128,Healthy,81.01,0
36,31,0.0,-0.0,100.0,518.67,643.17,1596.22,1405.93,14.62,21.61,553.15,2388.11,9058.53,1.3,47.43,521.99,2388.11,8143.59,8.4485,0.03,393,2388,100.0,38.75,23.4314,158,127,Healthy,80.38,0
36,32,-0.0015,-0.0003,100.0,518.67,642.23,1590.0,1406.21,14.62,21.61,552.88,2388.12,9059.15,1.3,47.52,521.58,2388.06,8140.78,8.4195,0.03,396,2388,100.0,39.05,23.3562,158,126,Healthy,79.75,0
36,33,-0.0011,-0.0003,100.0,518.67,642.62,1589.7,1405.17,14.62,21.61,553.47,2388.09,9057.95,1.3,47.51,521.45,2388.1,8140.88,8.4503,0.03,391,2388,100.0,38.91,23.2315,158,125,Healthy,79.11,0
36,34,0.0022,-0.0003,100.0,518.67,642.88,1587.0,1400.81,14.62,21.61,553.49,2388.09,9062.15,1.3,47.52,521.19,2388.14,8140.79,8.4628,0.03,392,2388,100.0,38.78,23.2955,158,124,Healthy,78.48,0
36,35,0.0013,0.0003,100.0,518.67,642.64,1591.13,1406.26,14.62,21.61,553.8,2388.11,9062.0,1.3,47.39,521.78,2388.08,8139.26,8.4349,0.03,391,2388,100.0,38.85,23.2508,158,123,Healthy,77.85,0
36,36,0.0012,-0.0001,100.0,518.67,642.53,1591.74,1411.68,14.62,21.61,553.92,2388.14,9061.36,1.3,47.59,521.67,2388.05,8142.52,8.4491,0.03,393,2388,100.0,38.92,23.2554,158,122,Healthy,77.22,0
36,37,0.0039,0.0,100.0,518.67,642.48,1592.05,1407.75,14.62,21.61,552.74,2388.12,9062.34,1.3,47.63,520.79,2388.11,8135.5,8.401,0.03,393,2388,100.0,38.93,23.2517,158,121,Healthy,76.58,0
36,38,0.0026,0.0001,100.0,518.67,642.53,1590.3,1399.8,14.62,21.61,553.05,2388.09,9064.47,1.3,47.47,521.71,2388.08,8136.93,8.4296,0.03,392,2388,100.0,38.83,23.3589,158,120,Early_Wear,75.95,0
36,39,-0.0014,-0.0004,100.0,518.67,642.26,1586.52,1404.38,14.62,21.61,552.79,2388.09,9060.75,1.3,47.59,521.39,2388.14,8135.54,8.4564,0.03,394,2388,100.0,38.87,23.2808,158,119,Early_Wear,75.32,0
36,40,-0.0006,-0.0004,100.0,518.67,642.96,1594.81,1409.63,14.62,21.61,553.1,2388.13,9055.48,1.3,47.7,521.1,2388.11,8136.34,8.447,0.03,394,2388,100.0,38.77,23.3466,158,118,Early_Wear,74.68,0
36,41,-0.0021,0.0001,100.0,518.67,643.2,1595.67,1413.74,14.62,21.61,554.07,2388.09,9065.85,1.3,47.54,521.7,2388.1,8138.15,8.4407,0.03,394,2388,100.0,38.9,23.2691,158,117,Early_Wear,74.05,0
36,42,0.0,0.0001,100.0,518.67,642.46,1588.56,1406.93,14.62,21.61,553.02,2388.07,9067.87,1.3,47.58,521.47,2388.11,8137.31,8.4597,0.03,393,2388,100.0,38.96,23.2617,158,116,Early_Wear,73.42,0
36,43,0.0009,0.0004,100.0,518.67,643.0,1588.38,1406.64,14.62,21.61,553.33,2388.09,9055.01,1.3,47.52,521.41,2388.08,8139.11,8.4503,0.03,393,2388,100.0,39.09,23.2629,158,115,Early_Wear,72.78,0
36,44,-0.0009,0.0004,100.0,518.67,642.91,1590.25,1405.54,14.62,21.61,553.73,2388.08,9052.66,1.3,47.65,521.46,2388.11,8139.06,8.4443,0.03,394,2388,100.0,38.93,23.2949,158,114,Early_Wear,72.15,0
36,45,0.0012,-0.0001,100.0,518.67,643.02,1589.4,1418.38,14.62,21.61,553.32,2388.13,9060.73,1.3,47.41,520.84,2388.09,8135.46,8.428,0.03,394,2388,100.0,38.88,23.2406,158,113,Early_Wear,71.52,0
36,46,0.001,0.0,100.0,518.67,642.34,1590.75,1408.81,14.62,21.61,553.03,2388.13,9058.42,1.3,47.57,521.65,2388.05,8138.17,8.4085,0.03,392,2388,100.0,39.08,23.3221,158,112,Early_Wear,70.89,0
36,47,0.0012,-0.0003,100.0,518.67,642.91,1590.8,1401.25,14.62,21.61,553.74,2388.09,9067.79,1.3,47.44,521.55,2388.06,8136.17,8.4242,0.03,394,2388,100.0,38.83,23.2782,158,111,Early_Wear,70.25,0
36,48,0.0004,0.0001,100.0,518.67,642.48,1594.08,1407.22,14.62,21.61,553.63,2388.1,9052.56,1.3,47.53,521.63,2388.05,8135.91,8.4258,0.03,394,2388,100.0,38.88,23.3521,158,110,Early_Wear,69.62,0
36,49,-0.0018,0.0,100.0,518.67,642.15,1589.41,1405.5,14.62,21.61,553.6,2388.08,9063.37,1.3,47.41,521.8,2388.09,8136.9,8.4304,0.03,394,2388,100.0,38.88,23.2562,158,109,Early_Wear,68.99,0
36,50,-0.0017,-0.0004,100.0,518.67,642.45,1593.98,1412.77,14.62,21.61,553.28,2388.08,9060.56,1.3,47.57,521.28,2388.09,8140.97,8.4168,0.03,395,2388,100.0,38.78,23.2822,158,108,Early_Wear,68.35,0
37,1,0.0035,0.0001,100.0,518.67,642.5,1586.54,1404.33,14.62,21.61,553.48,2388.04,9045.66,1.3,47.35,521.5,2388.09,8127.28,8.4529,0.03,392,2388,100.0,39.11,23.4308,170,169,Healthy,99.41,0
37,2,-0.0017,0.0001,100.0,518.67,642.92,1588.48,1405.62,14.62,21.61,553.6,2388.07,9048.59,1.3,47.43,521.95,2388.09,8126.1,8.3788,0.03,392,2388,100.0,38.86,23.3651,170,168,Healthy,98.82,0
37,3,0.0006,0.0002,100.0,518.67,642.98,1587.26,1407.49,14.62,21.61,553.89,2388.14,9048.71,1.3,47.4,522.06,2388.1,8125.95,8.4155,0.03,392,2388,100.0,38.96,23.3742,170,167,Healthy,98.24,0
37,4,-0.0016,-0.0005,100.0,518.67,641.91,1588.28,1405.6,14.62,21.61,553.74,2388.1,9041.67,1.3,47.41,521.94,2388.12,8122.85,8.4248,0.03,392,2388,100.0,38.93,23.2615,170,166,Healthy,97.65,0
37,5,0.0031,0.0,100.0,518.67,642.73,1589.12,1405.39,14.62,21.61,553.16,2388.1,9046.52,1.3,47.29,521.85,2388.07,8131.29,8.3972,0.03,391,2388,100.0,38.87,23.2821,170,165,Healthy,97.06,0
37,6,0.0012,0.0004,100.0,518.67,641.81,1588.21,1404.35,14.62,21.61,553.36,2388.08,9044.63,1.3,47.39,521.9,2388.13,8129.16,8.4226,0.03,391,2388,100.0,38.87,23.3251,170,164,Healthy,96.47,0
37,7,0.0028,0.0001,100.0,518.67,642.35,1592.92,1401.08,14.62,21.61,554.24,2388.12,9048.44,1.3,47.35,521.9,2388.09,8125.11,8.4142,0.03,391,2388,100.0,38.92,23.3192,170,163,Healthy,95.88,0
37,8,0.0012,-0.0004,100.0,518.67,642.75,1590.43,1414.15,14.62,21.61,554.12,2388.1,9037.8,1.3,47.49,521.8,2388.07,8129.08,8.4259,0.03,390,2388,100.0,38.78,23.3021,170,162,Healthy,95.29,0
37,9,0.0004,-0.0005,100.0,518.67,642.31,1586.53,1402.66,14.62,21.61,553.96,2388.14,9043.44,1.3,47.41,521.87,2388.06,8120.23,8.4134,0.03,393,2388,100.0,39.0,23.2373,170,161,Healthy,94.71,0
37,10,-0.0009,0.0003,100.0,518.67,643.42,1583.09,1403.06,14.62,21.61,553.83,2388.06,9044.81,1.3,47.42,521.19,2388.07,8127.12,8.3981,0.03,393,2388,100.0,39.04,23.3901,170,160,Healthy,94.12,0
37,11,0.007,0.0004,100.0,518.67,642.61,1581.38,1402.61,14.62,21.61,554.28,2388.09,9041.31,1.3,47.48,521.56,2388.1,8123.79,8.4051,0.03,394,2388,100.0,38.81,23.2653,170,159,Healthy,93.53,0
37,12,-0.0045,0.0,100.0,518.67,643.03,1595.92,1408.37,14.62,21.61,553.59,2388.1,9047.06,1.3,47.35,521.44,2388.1,8128.02,8.4237,0.03,392,2388,100.0,38.97,23.4243,170,158,Healthy,92.94,0
37,13,-0.0025,0.0001,100.0,518.67,642.46,1591.6,1412.52,14.62,21.61,553.71,2388.08,9053.06,1.3,47.54,521.78,2388.09,8123.54,8.4379,0.03,391,2388,100.0,38.97,23.3851,170,157,Healthy,92.35,0
37,14,-0.0039,0.0003,100.0,518.67,643.24,1591.89,1401.8,14.62,21.61,553.78,2388.12,9055.67,1.3,47.41,521.68,2388.14,8131.0,8.4266,0.03,393,2388,100.0,38.8,23.345,170,156,Healthy,91.76,0
37,15,0.0032,0.0003,100.0,518.67,642.34,1594.41,1404.49,14.62,21.61,553.5,2388.06,9045.05,1.3,47.53,521.72,2388.11,8126.83,8.4421,0.03,393,2388,100.0,39.04,23.3592,170,155,Healthy,91.18,0
37,16,0.0019,-0.0002,100.0,518.67,642.33,1587.32,1408.82,14.62,21.61,554.09,2388.04,9049.37,1.3,47.54,521.24,2388.16,8133.05,8.4128,0.03,393,2388,100.0,38.97,23.1965,170,154,Healthy,90.59,0
37,17,0.0007,-0.0003,100.0,518.67,642.32,1587.45,1413.91,14.62,21.61,554.34,2388.12,9047.32,1.3,47.43,521.94,2388.1,8128.72,8.4158,0.03,392,2388,100.0,38.66,23.3304,170,153,Healthy,90.0,0
37,18,0.0003,-0.0004,100.0,518.67,642.52,1595.98,1408.33,14.62,21.61,553.4,2388.04,9047.15,1.3,47.47,521.73,2388.13,8128.47,8.4277,0.03,394,2388,100.0,38.89,23.3713,170,152,Healthy,89.41,0
37,19,0.0007,-0.0003,100.0,518.67,642.64,1584.77,1403.72,14.62,21.61,553.96,2388.07,9048.64,1.3,47.46,521.75,2388.12,8130.34,8.426,0.03,392,2388,100.0,38.85,23.3438,170,151,Healthy,88.82,0
37,20,0.0057,0.0003,100.0,518.67,642.32,1592.11,1407.08,14.62,21.61,553.23,2388.06,9041.88,1.3,47.45,521.35,2388.06,8124.57,8.4123,0.03,393,2388,100.0,38.83,23.2338,170,150,Healthy,88.24,0
37,21,-0.0001,0.0001,100.0,518.67,643.06,1588.47,1401.8,14.62,21.61,553.74,2388.07,9042.21,1.3,47.57,521.21,2388.13,8121.33,8.4245,0.03,393,2388,100.0,38.85,23.3026,170,149,Healthy,87.65,0
37,22,0.0032,-0.0001,100.0,518.67,642.52,1591.28,1410.47,14.62,21.61,554.03,2388.09,9044.74,1.3,47.5,521.44,2388.09,8120.54,8.424,0.03,392,2388,100.0,38.82,23.3173,170,148,Healthy,87.06,0
37,23,-0.0023,0.0001,100.0,518.67,642.29,1589.51,1409.31,14.62,21.61,554.34,2388.1,9045.04,1.3,47.42,521.38,2388.1,8120.53,8.4339,0.03,391,2388,100.0,38.96,23.2952,170,147,Healthy,86.47,0
37,24,-0.001,0.0003,100.0,518.67,642.4,1591.92,1409.21,14.62,21.61,553.37,2388.11,9044.73,1.3,47.29,521.63,2388.11,8122.41,8.4412,0.03,394,2388,100.0,39.03,23.3359,170,146,Healthy,85.88,0
37,25,0.0018,-0.0003,100.0,518.67,642.71,1586.02,1399.81,14.62,21.61,553.95,2388.1,9050.83,1.3,47.54,521.84,2388.08,8122.29,8.4139,0.03,393,2388,100.0,38.91,23.3409,170,145,Healthy,85.29,0
37,26,-0.0047,0.0001,100.0,518.67,642.42,1594.25,1414.05,14.62,21.61,553.07,2388.12,9047.02,1.3,47.53,521.39,2388.14,8128.52,8.4296,0.03,393,2388,100.0,38.9,23.3782,170,144,Healthy,84.71,0
37,27,0.0001,0.0001,100.0,518.67,643.07,1588.2,1404.08,14.62,21.61,553.52,2388.12,9051.33,1.3,47.49,521.44,2388.1,8129.74,8.4047,0.03,393,2388,100.0,38.98,23.4082,170,143,Healthy,84.12,0
37,28,0.0017,-0.0003,100.0,518.67,642.21,1581.71,1401.31,14.62,21.61,554.1,2388.05,9039.75,1.3,47.48,521.9,2388.1,8127.02,8.4521,0.03,392,2388,100.0,38.84,23.2769,170,142,Healthy,83.53,0
37,29,-0.0014,0.0003,100.0,518.67,642.39,1590.63,1409.33,14.62,21.61,554.52,2388.11,9049.22,1.3,47.46,521.68,2388.15,8132.09,8.4431,0.03,393,2388,100.0,38.84,23.3194,170,141,Healthy,82.94,0
37,30,-0.003,0.0002,100.0,518.67,642.22,1584.79,1412.19,14.62,21.61,553.39,2388.09,9045.62,1.3,47.57,521.84,2388.08,8123.37,8.4157,0.03,392,2388,100.0,38.92,23.322,170,140,Healthy,82.35,0
37,31,0.0026,0.0003,100.0,518.67,642.39,1587.81,1404.79,14.62,21.61,553.72,2388.13,9044.68,1.3,47.57,521.31,2388.1,8123.31,8.4139,0.03,393,2388,100.0,38.96,23.3071,170,139,Healthy,81.76,0
37,32,0.0003,-0.0002,100.0,518.67,642.64,1582.31,1409.24,14.62,21.61,553.82,2388.16,9036.3,1.3,47.58,521.86,2388.06,8125.6,8.4357,0.03,393,2388,100.0,39.07,23.236,170,138,Healthy,81.18,0
37,33,-0.0027,0.0002,100.0,518.67,642.67,1590.11,1402.02,14.62,21.61,553.48,2388.09,9047.83,1.3,47.56,521.96,2388.15,8127.28,8.4365,0.03,392,2388,100.0,38.96,23.4055,170,137,Healthy,80.59,0
37,34,-0.0009,-0.0004,100.0,518.67,642.58,1585.84,1406.21,14.62,21.61,553.95,2388.13,9057.51,1.3,47.31,521.91,2388.03,8123.97,8.4177,0.03,392,2388,100.0,38.9,23.3303,170,136,Healthy,80.0,0
37,35,0.0026,-0.0003,100.0,518.67,642.14,1585.78,1405.47,14.62,21.61,554.01,2388.13,9042.51,1.3,47.54,521.24,2388.08,8127.25,8.4185,0.03,392,2388,100.0,38.9,23.2039,170,135,Healthy,79.41,0
37,36,-0.0005,0.0001,100.0,518.67,642.56,1583.7,1401.22,14.62,21.61,553.08,2388.05,9044.77,1.3,47.46,522.36,2388.14,8125.8,8.4442,0.03,392,2388,100.0,38.97,23.3966,170,134,Healthy,78.82,0
37,37,0.0006,-0.0003,100.0,518.67,642.94,1587.96,1407.31,14.62,21.61,553.85,2388.08,9049.02,1.3,47.53,521.53,2388.08,8124.59,8.4299,0.03,391,2388,100.0,38.96,23.3027,170,133,Healthy,78.24,0
37,38,-0.0012,-0.0,100.0,518.67,642.68,1592.84,1413.0,14.62,21.61,553.59,2388.09,9045.3,1.3,47.53,521.72,2388.12,8124.35,8.4251,0.03,393,2388,100.0,38.84,23.3244,170,132,Healthy,77.65,0
37,39,0.0016,0.0004,100.0,518.67,642.39,1589.76,1400.73,14.62,21.61,554.17,2388.11,9052.8,1.3,47.32,521.79,2388.14,8128.21,8.4036,0.03,393,2388,100.0,39.02,23.268,170,131,Healthy,77.06,0
37,40,-0.0001,0.0003,100.0,518.67,642.79,1585.6,1399.48,14.62,21.61,553.85,2388.08,9044.98,1.3,47.39,521.25,2388.13,8121.51,8.4136,0.03,391,2388,100.0,39.08,23.2388,170,130,Healthy,76.47,0
37,41,-0.0029,-0.0003,100.0,518.67,642.45,1584.82,1402.73,14.62,21.61,552.91,2388.12,9047.4,1.3,47.36,521.56,2388.13,8129.21,8.4021,0.03,393,2388,100.0,38.85,23.32,170,129,Healthy,75.88,0
37,42,0.0013,0.0002,100.0,518.67,642.73,1584.07,1403.36,14.62,21.61,553.41,2388.11,9034.32,1.3,47.38,522.03,2388.1,8130.47,8.4654,0.03,392,2388,100.0,38.87,23.2979,170,128,Healthy,75.29,0
37,43,-0.0011,-0.0,100.0,518.67,642.59,1580.0,1407.56,14.62,21.61,553.29,2388.1,9041.93,1.3,47.48,521.7,2388.1,8128.4,8.4499,0.03,393,2388,100.0,38.85,23.3694,170,127,Healthy,74.71,0
37,44,-0.0016,0.0003,100.0,518.67,642.19,1593.57,1411.21,14.62,21.61,553.5,2388.12,9040.52,1.3,47.49,521.3,2388.17,8124.42,8.444,0.03,392,2388,100.0,38.88,23.2111,170,126,Healthy,74.12,0
37,45,0.003,-0.0002,100.0,518.67,642.55,1585.72,1406.68,14.62,21.61,553.88,2388.14,9046.28,1.3,47.68,521.85,2388.05,8126.67,8.435,0.03,392,2388,100.0,38.72,23.3284,170,125,Healthy,73.53,0
37,46,0.0027,-0.0,100.0,518.67,642.77,1586.48,1405.59,14.62,21.61,553.94,2388.11,9045.47,1.3,47.3,522.11,2388.11,8127.52,8.4227,0.03,392,2388,100.0,39.0,23.2755,170,124,Healthy,72.94,0
37,47,0.0048,-0.0005,100.0,518.67,642.5,1588.93,1403.14,14.62,21.61,553.71,2388.11,9036.06,1.3,47.47,521.81,2388.06,8124.61,8.4613,0.03,393,2388,100.0,39.1,23.3444,170,123,Healthy,72.35,0
37,48,-0.0012,-0.0003,100.0,518.67,642.33,1586.64,1401.04,14.62,21.61,553.6,2388.14,9048.65,1.3,47.59,521.59,2388.12,8124.65,8.406,0.03,392,2388,100.0,38.8,23.3524,170,122,Healthy,71.76,0
37,49,-0.0009,-0.0004,100.0,518.67,642.35,1586.63,1406.91,14.62,21.61,553.15,2388.12,9046.52,1.3,47.45,521.92,2388.08,8127.76,8.4418,0.03,392,2388,100.0,38.73,23.416,170,121,Healthy,71.18,0
37,50,0.0,-0.0005,100.0,518.67,642.14,1587.79,1400.96,14.62,21.61,553.73,2388.16,9043.88,1.3,47.45,521.88,2388.07,8124.68,8.4407,0.03,393,2388,100.0,38.97,23.3188,170,120,Early_Wear,70.59,0
38,1,-0.0011,-0.0004,100.0,518.67,642.25,1589.3,1409.25,14.62,21.61,553.83,2388.03,9050.25,1.3,47.49,521.34,2388.1,8122.88,8.4875,0.03,393,2388,100.0,38.95,23.2628,194,193,Healthy,99.48,0
38,2,-0.0009,-0.0002,100.0,518.67,642.42,1586.56,1402.84,14.62,21.61,554.13,2388.12,9044.49,1.3,47.34,521.6,2388.11,8129.18,8.4099,0.03,393,2388,100.0,38.9,23.3776,194,192,Healthy,98.97,0
38,3,0.0024,-0.0,100.0,518.67,643.33,1593.66,1404.94,14.62,21.61,553.88,2388.1,9052.82,1.3,47.43,521.51,2388.15,8131.6,8.4434,0.03,393,2388,100.0,38.96,23.3164,194,191,Healthy,98.45,0
38,4,0.001,0.0001,100.0,518.67,642.93,1590.03,1408.01,14.62,21.61,553.77,2388.1,9048.51,1.3,47.49,521.78,2388.1,8126.54,8.4255,0.03,392,2388,100.0,38.73,23.3894,194,190,Healthy,97.94,0
38,5,-0.0051,-0.0004,100.0,518.67,642.69,1587.7,1412.24,14.62,21.61,553.37,2388.14,9043.0,1.3,47.36,521.65,2388.09,8127.32,8.4261,0.03,392,2388,100.0,38.64,23.4375,194,189,Healthy,97.42,0
38,6,0.0018,0.0003,100.0,518.67,642.88,1589.93,1411.93,14.62,21.61,553.05,2388.07,9041.16,1.3,47.41,521.56,2388.07,8125.95,8.4314,0.03,393,2388,100.0,38.86,23.3884,194,188,Healthy,96.91,0
38,7,0.0037,0.0003,100.0,518.67,642.65,1589.61,1406.36,14.62,21.61,553.6,2388.12,9050.33,1.3,47.47,521.39,2388.09,8132.4,8.3881,0.03,393,2388,100.0,39.01,23.2315,194,187,Healthy,96.39,0
38,8,-0.0032,-0.0004,100.0,518.67,642.23,1585.79,1412.36,14.62,21.61,554.19,2388.18,9055.89,1.3,47.5,521.38,2388.11,8128.1,8.4701,0.03,393,2388,100.0,38.8,23.377,194,186,Healthy,95.88,0
38,9,-0.0003,-0.0002,100.0,518.67,642.16,1587.54,1406.74,14.62,21.61,554.03,2388.17,9042.8,1.3,47.62,521.96,2388.09,8126.31,8.44,0.03,392,2388,100.0,39.06,23.2893,194,185,Healthy,95.36,0
38,10,-0.0002,0.0003,100.0,518.67,643.0,1589.58,1410.93,14.62,21.61,553.06,2388.13,9049.31,1.3,47.42,521.15,2388.14,8128.41,8.4132,0.03,393,2388,100.0,38.8,23.336,194,184,Healthy,94.85,0
38,11,0.0016,0.0002,100.0,518.67,642.12,1589.44,1410.93,14.62,21.61,553.22,2388.12,9051.73,1.3,47.39,522.0,2388.12,8127.28,8.451,0.03,392,2388,100.0,38.91,23.1972,194,183,Healthy,94.33,0
38,12,0.0005,0.0003,100.0,518.67,643.24,1588.18,1414.47,14.62,21.61,552.34,2388.19,9050.25,1.3,47.61,521.42,2388.17,8127.49,8.4685,0.03,393,2388,100.0,38.84,23.3892,194,182,Healthy,93.81,0
38,13,-0.0016,-0.0001,100.0,518.67,642.81,1590.28,1412.48,14.62,21.61,554.03,2388.11,9040.79,1.3,47.63,521.61,2388.12,8124.02,8.42,0.03,392,2388,100.0,38.72,23.3364,194,181,Healthy,93.3,0
38,14,0.0014,-0.0003,100.0,518.67,642.41,1587.56,1403.03,14.62,21.61,553.58,2388.12,9055.77,1.3,47.45,521.24,2388.18,8134.02,8.4495,0.03,391,2388,100.0,38.69,23.273,194,180,Healthy,92.78,0
38,15,0.0006,-0.0001,100.0,518.67,642.44,1594.9,1412.99,14.62,21.61,553.54,2388.12,9049.56,1.3,47.63,521.92,2388.11,8131.18,8.4579,0.03,391,2388,100.0,38.72,23.3186,194,179,Healthy,92.27,0
38,16,0.0029,0.0001,100.0,518.67,642.64,1582.04,1412.53,14.62,21.61,554.33,2388.17,9049.28,1.3,47.44,521.32,2388.13,8132.15,8.4355,0.03,392,2388,100.0,38.8,23.3469,194,178,Healthy,91.75,0
38,17,-0.0021,-0.0001,100.0,518.67,642.34,1587.03,1400.59,14.62,21.61,553.75,2388.13,9059.38,1.3,47.34,521.59,2388.07,8120.81,8.4204,0.03,393,2388,100.0,38.81,23.3542,194,177,Healthy,91.24,0
38,18,-0.0018,-0.0001,100.0,518.67,643.02,1585.7,1410.65,14.62,21.61,552.92,2388.11,9042.39,1.3,47.23,521.86,2388.12,8122.48,8.4608,0.03,393,2388,100.0,38.87,23.3424,194,176,Healthy,90.72,0
38,19,-0.0025,0.0002,100.0,518.67,642.84,1596.47,1412.33,14.62,21.61,553.91,2388.1,9048.0,1.3,47.49,521.3,2388.08,8125.9,8.4467,0.03,394,2388,100.0,38.89,23.2625,194,175,Healthy,90.21,0
38,20,-0.0002,-0.0004,100.0,518.67,642.13,1593.09,1406.41,14.62,21.61,553.42,2388.06,9044.05,1.3,47.43,521.05,2388.11,8129.12,8.4439,0.03,393,2388,100.0,38.84,23.3772,194,174,Healthy,89.69,0
38,21,0.0003,-0.0004,100.0,518.67,642.24,1594.31,1400.38,14.62,21.61,553.05,2388.16,9046.44,1.3,47.48,521.58,2388.07,8133.51,8.4597,0.03,393,2388,100.0,38.74,23.4,194,173,Healthy,89.18,0
38,22,0.0005,-0.0002,100.0,518.67,642.09,1587.18,1421.1,14.62,21.61,553.46,2388.17,9054.54,1.3,47.65,521.03,2388.1,8124.67,8.4423,0.03,393,2388,100.0,38.8,23.2618,194,172,Healthy,88.66,0
38,23,0.0009,-0.0,100.0,518.67,642.26,1584.89,1408.2,14.62,21.61,554.03,2388.08,9047.9,1.3,47.57,520.85,2388.09,8127.6,8.4606,0.03,392,2388,100.0,38.86,23.3257,194,171,Healthy,88.14,0
38,24,-0.0005,-0.0,100.0,518.67,642.39,1586.82,1409.61,14.62,21.61,553.22,2388.15,9047.66,1.3,47.5,521.62,2388.13,8126.7,8.4447,0.03,392,2388,100.0,38.88,23.2764,194,170,Healthy,87.63,0
38,25,0.0005,-0.0005,100.0,518.67,642.63,1581.1,1407.94,14.62,21.61,553.43,2388.15,9038.89,1.3,47.45,521.23,2388.11,8125.09,8.4474,0.03,394,2388,100.0,38.9,23.2561,194,169,Healthy,87.11,0
38,26,-0.0023,0.0001,100.0,518.67,643.14,1595.06,1403.16,14.62,21.61,552.5,2388.21,9044.37,1.3,47.53,521.47,2388.11,8128.4,8.4306,0.03,394,2388,100.0,38.93,23.3049,194,168,Healthy,86.6,0
38,27,0.0006,0.0,100.0,518.67,642.46,1591.91,1401.65,14.62,21.61,553.74,2388.09,9054.55,1.3,47.72,521.74,2388.1,8128.15,8.4221,0.03,394,2388,100.0,38.88,23.2469,194,167,Healthy,86.08,0
38,28,0.0009,-0.0001,100.0,518.67,642.43,1592.08,1412.18,14.62,21.61,553.75,2388.09,9049.94,1.3,47.52,521.76,2388.12,8127.77,8.4695,0.03,394,2388,100.0,38.88,23.403,194,166,Healthy,85.57,0
38,29,0.0009,-0.0002,100.0,518.67,642.64,1586.68,1407.41,14.62,21.61,553.89,2388.11,9048.03,1.3,47.51,521.43,2388.08,8128.6,8.4529,0.03,394,2388,100.0,39.03,23.258,194,165,Healthy,85.05,0
38,30,0.0023,0.0,100.0,518.67,642.44,1589.07,1407.62,14.62,21.61,553.31,2388.15,9051.79,1.3,47.52,521.27,2388.08,8123.99,8.4439,0.03,394,2388,100.0,38.81,23.3986,194,164,Healthy,84.54,0
38,31,0.0007,0.0004,100.0,518.67,642.84,1589.54,1409.44,14.62,21.61,553.3,2388.13,9053.52,1.3,47.4,521.68,2388.11,8126.69,8.4045,0.03,394,2388,100.0,38.74,23.3012,194,163,Healthy,84.02,0
38,32,-0.0015,0.0003,100.0,518.67,643.16,1587.08,1395.47,14.62,21.61,553.38,2388.09,9052.24,1.3,47.49,521.05,2388.11,8130.56,8.4401,0.03,393,2388,100.0,38.78,23.2933,194,162,Healthy,83.51,0
38,33,0.0009,-0.0,100.0,518.67,642.67,1587.12,1412.4,14.62,21.61,554.02,2388.11,9040.54,1.3,47.57,521.27,2388.1,8125.02,8.4201,0.03,392,2388,100.0,38.87,23.3629,194,161,Healthy,82.99,0
38,34,0.0014,-0.0,100.0,518.67,642.28,1589.41,1405.96,14.62,21.61,553.71,2388.11,9048.04,1.3,47.56,520.74,2388.15,8124.49,8.4116,0.03,391,2388,100.0,38.83,23.3505,194,160,Healthy,82.47,0
38,35,0.0024,0.0002,100.0,518.67,641.88,1583.35,1408.37,14.62,21.61,553.15,2388.13,9044.18,1.3,47.52,521.58,2388.08,8129.72,8.4148,0.03,392,2388,100.0,38.86,23.3355,194,159,Healthy,81.96,0
38,36,0.0033,-0.0003,100.0,518.67,642.91,1595.17,1399.64,14.62,21.61,553.46,2388.08,9052.31,1.3,47.47,521.04,2388.08,8127.66,8.4389,0.03,393,2388,100.0,38.84,23.3631,194,158,Healthy,81.44,0
38,37,0.0005,-0.0003,100.0,518.67,642.66,1592.21,1407.84,14.62,21.61,553.53,2388.08,9049.85,1.3,47.38,521.94,2388.1,8134.08,8.4513,0.03,393,2388,100.0,38.8,23.2601,194,157,Healthy,80.93,0
38,38,-0.0009,0.0003,100.0,518.67,642.96,1588.21,1405.72,14.62,21.61,552.98,2388.12,9046.59,1.3,47.57,520.87,2388.15,8128.51,8.4593,0.03,394,2388,100.0,38.93,23.3728,194,156,Healthy,80.41,0
38,39,0.0011,0.0002,100.0,518.67,642.6,1582.37,1409.37,14.62,21.61,553.32,2388.11,9048.57,1.3,47.49,521.59,2388.09,8131.75,8.4424,0.03,393,2388,100.0,38.77,23.2768,194,155,Healthy,79.9,0
38,40,0.0034,0.0004,100.0,518.67,642.77,1591.33,1409.21,14.62,21.61,553.48,2388.14,9047.07,1.3,47.49,521.7,2388.08,8130.22,8.4092,0.03,393,2388,100.0,38.92,23.298,194,154,Healthy,79.38,0
38,41,-0.005,-0.0004,100.0,518.67,642.56,1590.95,1410.36,14.62,21.61,553.32,2388.09,9049.8,1.3,47.6,521.23,2388.1,8134.27,8.4142,0.03,391,2388,100.0,38.98,23.2736,194,153,Healthy,78.87,0
38,42,0.0021,-0.0003,100.0,518.67,642.66,1589.06,1414.37,14.62,21.61,553.82,2388.06,9054.45,1.3,47.54,521.89,2388.12,8130.74,8.4274,0.03,393,2388,100.0,38.85,23.3433,194,152,Healthy,78.35,0
38,43,-0.0005,-0.0005,100.0,518.67,642.84,1586.78,1412.06,14.62,21.61,553.76,2388.1,9052.16,1.3,47.56,521.42,2388.16,8128.0,8.4451,0.03,393,2388,100.0,38.75,23.392,194,151,Healthy,77.84,0
38,44,0.0005,-0.0003,100.0,518.67,642.72,1582.54,1398.19,14.62,21.61,553.77,2388.12,9043.14,1.3,47.6,521.53,2388.06,8130.07,8.4283,0.03,393,2388,100.0,39.11,23.2875,194,150,Healthy,77.32,0
38,45,-0.0018,-0.0,100.0,518.67,642.3,1590.58,1407.52,14.62,21.61,552.92,2388.14,9051.31,1.3,47.63,521.54,2388.09,8131.43,8.4291,0.03,394,2388,100.0,38.91,23.2259,194,149,Healthy,76.8,0
38,46,-0.0034,0.0004,100.0,518.67,642.82,1588.4,1409.1,14.62,21.61,553.25,2388.09,9053.6,1.3,47.66,521.62,2388.09,8127.34,8.4032,0.03,392,2388,100.0,38.88,23.3197,194,148,Healthy,76.29,0
38,47,0.0014,0.0002,100.0,518.67,642.64,1589.48,1407.74,14.62,21.61,553.15,2388.19,9045.17,1.3,47.53,521.37,2388.08,8132.59,8.4375,0.03,394,2388,100.0,38.75,23.2922,194,147,Healthy,75.77,0
38,48,0.0027,0.0003,100.0,518.67,642.49,1595.8,1406.74,14.62,21.61,553.71,2388.13,9050.68,1.3,47.47,521.77,2388.07,8128.78,8.4737,0.03,393,2388,100.0,38.81,23.3485,194,146,Healthy,75.26,0
38,49,-0.0034,0.0003,100.0,518.67,642.91,1586.08,1409.42,14.62,21.61,552.92,2388.15,9048.79,1.3,47.58,521.61,2388.23,8138.43,8.4611,0.03,392,2388,100.0,38.72,23.3256,194,145,Healthy,74.74,0
38,50,0.0006,-0.0001,100.0,518.67,642.08,1592.84,1413.28,14.62,21.61,553.0,2388.13,9049.69,1.3,47.67,521.05,2388.16,8125.51,8.4427,0.03,393,2388,100.0,38.72,23.2577,194,144,Healthy,74.23,0
39,1,-0.0004,-0.0002,100.0,518.67,642.72,1592.37,1410.0,14.62,21.61,552.82,2388.12,9043.49,1.3,47.64,521.78,2388.1,8133.27,8.4451,0.03,392,2388,100.0,38.9,23.2947,128,127,Healthy,99.22,0
39,2,-0.0062,0.0002,100.0,518.67,642.61,1586.25,1407.99,14.62,21.61,553.25,2388.1,9049.07,1.3,47.6,521.56,2388.1,8126.0,8.4279,0.03,395,2388,100.0,38.82,23.4604,128,126,Healthy,98.44,0
39,3,0.0007,-0.0,100.0,518.67,642.26,1586.25,1407.48,14.62,21.61,552.9,2388.13,9040.05,1.3,47.56,522.15,2388.07,8123.32,8.4143,0.03,394,2388,100.0,38.73,23.2669,128,125,Healthy,97.66,0
39,4,-0.0039,0.0005,100.0,518.67,642.46,1587.9,1405.23,14.62,21.61,553.55,2388.12,9053.54,1.3,47.4,521.83,2388.13,8123.19,8.4599,0.03,394,2388,100.0,38.82,23.3789,128,124,Healthy,96.88,0
39,5,0.0039,0.0002,100.0,518.67,642.31,1587.08,1408.78,14.62,21.61,553.4,2388.1,9044.92,1.3,47.5,521.76,2388.07,8125.88,8.4607,0.03,394,2388,100.0,38.73,23.3338,128,123,Healthy,96.09,0
39,6,0.0001,-0.0003,100.0,518.67,642.6,1592.86,1405.05,14.62,21.61,552.84,2388.11,9039.07,1.3,47.64,521.37,2388.16,8124.36,8.4492,0.03,392,2388,100.0,38.98,23.3029,128,122,Healthy,95.31,0
39,7,-0.0,0.0001,100.0,518.67,642.65,1596.39,1406.06,14.62,21.61,553.55,2388.09,9044.9,1.3,47.58,521.68,2388.12,8131.4,8.4691,0.03,394,2388,100.0,38.91,23.2378,128,121,Healthy,94.53,0
39,8,-0.0001,0.0005,100.0,518.67,643.4,1592.81,1403.31,14.62,21.61,552.95,2388.11,9043.71,1.3,47.35,521.55,2388.12,8128.05,8.4023,0.03,393,2388,100.0,38.8,23.3534,128,120,Early_Wear,93.75,0
39,9,0.003,0.0001,100.0,518.67,642.13,1592.98,1406.26,14.62,21.61,553.43,2388.13,9051.36,1.3,47.69,521.81,2388.1,8124.23,8.4383,0.03,392,2388,100.0,38.84,23.2386,128,119,Early_Wear,92.97,0
39,10,0.0,0.0001,100.0,518.67,642.43,1590.41,1402.45,14.62,21.61,552.58,2388.07,9038.89,1.3,47.49,521.23,2388.1,8123.05,8.4152,0.03,392,2388,100.0,38.97,23.2466,128,118,Early_Wear,92.19,0
39,11,-0.0027,-0.0003,100.0,518.67,642.76,1588.85,1409.87,14.62,21.61,553.31,2388.12,9043.65,1.3,47.42,521.2,2388.11,8126.79,8.4319,0.03,392,2388,100.0,38.87,23.3439,128,117,Early_Wear,91.41,0
39,12,0.0029,0.0004,100.0,518.67,642.53,1585.95,1415.5,14.62,21.61,553.46,2388.15,9051.08,1.3,47.47,521.54,2388.12,8130.6,8.451,0.03,394,2388,100.0,38.73,23.29,128,116,Early_Wear,90.62,0
39,13,0.0026,0.0004,100.0,518.67,642.98,1585.78,1402.06,14.62,21.61,553.77,2388.11,9046.51,1.3,47.41,521.49,2388.12,8129.55,8.479,0.03,395,2388,100.0,38.89,23.1604,128,115,Early_Wear,89.84,0
39,14,-0.0073,-0.0003,100.0,518.67,643.09,1592.43,1413.83,14.62,21.61,553.38,2388.14,9049.83,1.3,47.47,521.62,2388.08,8125.62,8.4756,0.03,391,2388,100.0,38.88,23.432,128,114,Early_Wear,89.06,0
39,15,-0.002,-0.0001,100.0,518.67,642.68,1595.97,1402.86,14.62,21.61,553.59,2388.14,9051.1,1.3,47.45,521.24,2388.09,8122.07,8.4487,0.03,393,2388,100.0,39.05,23.3769,128,113,Early_Wear,88.28,0
39,16,0.0002,0.0001,100.0,518.67,643.0,1591.13,1407.21,14.62,21.61,553.49,2388.14,9042.79,1.3,47.59,521.75,2388.12,8128.67,8.4166,0.03,392,2388,100.0,38.82,23.4289,128,112,Early_Wear,87.5,0
39,17,-0.0014,-0.0003,100.0,518.67,642.46,1584.58,1412.54,14.62,21.61,553.3,2388.09,9054.07,1.3,47.58,521.23,2388.1,8122.1,8.4542,0.03,392,2388,100.0,38.77,23.2967,128,111,Early_Wear,86.72,0
39,18,-0.0018,0.0005,100.0,518.67,642.77,1586.47,1405.7,14.62,21.61,553.87,2388.1,9037.09,1.3,47.51,520.85,2388.12,8121.13,8.3977,0.03,391,2388,100.0,38.98,23.3503,128,110,Early_Wear,85.94,0
39,19,0.0039,0.0,100.0,518.67,642.73,1592.2,1405.95,14.62,21.61,553.41,2388.2,9047.52,1.3,47.43,521.95,2388.07,8126.61,8.447,0.03,391,2388,100.0,38.89,23.3198,128,109,Early_Wear,85.16,0
39,20,0.0022,0.0002,100.0,518.67,642.85,1590.91,1404.46,14.62,21.61,553.32,2388.11,9042.38,1.3,47.52,521.46,2388.14,8125.37,8.4275,0.03,393,2388,100.0,38.86,23.3369,128,108,Early_Wear,84.38,0
39,21,0.0008,0.0004,100.0,518.67,642.79,1595.16,1410.79,14.62,21.61,553.41,2388.1,9050.09,1.3,47.57,521.59,2388.12,8128.82,8.4434,0.03,393,2388,100.0,39.0,23.31,128,107,Early_Wear,83.59,0
39,22,0.0032,0.0003,100.0,518.67,642.13,1582.68,1413.57,14.62,21.61,553.24,2388.11,9041.18,1.3,47.6,521.34,2388.12,8128.84,8.4461,0.03,393,2388,100.0,39.05,23.2936,128,106,Early_Wear,82.81,0
39,23,-0.0006,-0.0001,100.0,518.67,642.55,1589.03,1411.81,14.62,21.61,552.95,2388.09,9050.15,1.3,47.47,521.07,2388.14,8128.39,8.4301,0.03,392,2388,100.0,38.99,23.4627,128,105,Early_Wear,82.03,0
39,24,0.0002,0.0001,100.0,518.67,642.03,1591.94,1403.83,14.62,21.61,553.21,2388.11,9051.44,1.3,47.47,521.41,2388.09,8129.0,8.4525,0.03,392,2388,100.0,38.89,23.264,128,104,Early_Wear,81.25,0
39,25,0.0019,0.0001,100.0,518.67,642.73,1587.03,1412.02,14.62,21.61,553.42,2388.16,9045.81,1.3,47.36,521.28,2388.11,8133.03,8.4262,0.03,393,2388,100.0,38.82,23.3324,128,103,Early_Wear,80.47,0
39,26,0.0007,-0.0003,100.0,518.67,641.85,1590.95,1415.05,14.62,21.61,553.37,2388.16,9042.54,1.3,47.38,520.94,2388.11,8121.84,8.4703,0.03,394,2388,100.0,38.8,23.2967,128,102,Early_Wear,79.69,0
39,27,0.0008,-0.0,100.0,518.67,642.88,1595.83,1412.91,14.62,21.61,552.75,2388.13,9044.45,1.3,47.54,521.91,2388.18,8123.65,8.4644,0.03,394,2388,100.0,38.8,23.2626,128,101,Early_Wear,78.91,0
39,28,-0.0001,-0.0004,100.0,518.67,642.54,1595.34,1408.73,14.62,21.61,553.5,2388.11,9042.99,1.3,47.42,521.58,2388.12,8127.75,8.3966,0.03,395,2388,100.0,38.85,23.1975,128,100,Early_Wear,78.12,0
39,29,-0.0,0.0004,100.0,518.67,642.74,1586.9,1407.22,14.62,21.61,553.9,2388.14,9049.22,1.3,47.47,521.69,2388.11,8128.76,8.4475,0.03,392,2388,100.0,38.59,23.2849,128,99,Early_Wear,77.34,0
39,30,-0.0006,0.0001,100.0,518.67,642.95,1592.19,1411.79,14.62,21.61,553.56,2388.08,9037.95,1.3,47.55,520.96,2388.17,8124.6,8.4164,0.03,394,2388,100.0,38.79,23.3179,128,98,Early_Wear,76.56,0
39,31,0.0008,0.0003,100.0,518.67,642.53,1588.21,1405.8,14.62,21.61,553.31,2388.1,9044.96,1.3,47.56,520.95,2388.19,8121.37,8.4548,0.03,391,2388,100.0,38.89,23.2977,128,97,Early_Wear,75.78,0
39,32,-0.0005,0.0004,100.0,518.67,642.92,1587.21,1398.77,14.62,21.61,553.6,2388.12,9054.29,1.3,47.51,521.26,2388.09,8131.83,8.4109,0.03,393,2388,100.0,38.73,23.1936,128,96,Early_Wear,75.0,0
39,33,-0.0004,0.0,100.0,518.67,642.94,1585.95,1410.36,14.62,21.61,553.02,2388.15,9041.83,1.3,47.67,521.46,2388.14,8122.05,8.4105,0.03,393,2388,100.0,38.78,23.2472,128,95,Early_Wear,74.22,0
39,34,-0.0016,0.0004,100.0,518.67,642.63,1592.9,1408.57,14.62,21.61,553.5,2388.1,9043.23,1.3,47.65,521.19,2388.14,8129.02,8.4651,0.03,392,2388,100.0,38.83,23.2467,128,94,Early_Wear,73.44,0
39,35,0.0012,-0.0001,100.0,518.67,642.7,1594.01,1406.85,14.62,21.61,553.73,2388.16,9044.02,1.3,47.63,521.12,2388.12,8119.21,8.3988,0.03,393,2388,100.0,38.8,23.3009,128,93,Early_Wear,72.66,0
39,36,-0.0009,0.0003,100.0,518.67,642.91,1583.59,1413.11,14.62,21.61,553.59,2388.1,9050.55,1.3,47.46,521.87,2388.08,8125.89,8.4201,0.03,394,2388,100.0,38.55,23.2627,128,92,Early_Wear,71.88,0
39,37,0.0027,-0.0001,100.0,518.67,642.21,1590.96,1405.47,14.62,21.61,553.02,2388.08,9044.65,1.3,47.65,520.97,2388.17,8123.78,8.4264,0.03,393,2388,100.0,38.76,23.2761,128,91,Early_Wear,71.09,0
39,38,-0.0004,0.0004,100.0,518.67,642.71,1591.42,1410.03,14.62,21.61,552.74,2388.13,9046.52,1.3,47.76,521.33,2388.15,8132.22,8.4474,0.03,392,2388,100.0,38.78,23.3095,128,90,Early_Wear,70.31,0
39,39,0.001,0.0,100.0,518.67,642.72,1588.11,1404.33,14.62,21.61,553.22,2388.13,9047.31,1.3,47.41,521.24,2388.13,8129.65,8.4302,0.03,392,2388,100.0,38.73,23.2919,128,89,Early_Wear,69.53,0
39,40,0.0026,0.0,100.0,518.67,642.83,1589.27,1407.81,14.62,21.61,552.63,2388.1,9041.85,1.3,47.75,521.4,2388.12,8126.82,8.4198,0.03,394,2388,100.0,38.77,23.3176,128,88,Early_Wear,68.75,0
39,41,-0.001,0.0001,100.0,518.67,642.76,1592.32,1404.03,14.62,21.61,553.88,2388.15,9044.33,1.3,47.46,521.55,2388.16,8125.09,8.4205,0.03,394,2388,100.0,38.94,23.2372,128,87,Early_Wear,67.97,0
39,42,-0.0004,0.0,100.0,518.67,642.47,1590.93,1414.16,14.62,21.61,553.14,2388.1,9040.58,1.3,47.58,521.28,2388.17,8122.91,8.4503,0.03,393,2388,100.0,38.84,23.238,128,86,Early_Wear,67.19,0
39,43,0.0009,0.0005,100.0,518.67,643.11,1594.15,1413.13,14.62,21.61,552.94,2388.15,9050.67,1.3,47.44,521.23,2388.11,8128.86,8.4358,0.03,395,2388,100.0,38.85,23.3339,128,85,Early_Wear,66.41,0
39,44,0.0008,-0.0004,100.0,518.67,643.34,1593.9,1414.35,14.62,21.61,553.29,2388.1,9037.2,1.3,47.54,521.14,2388.14,8127.92,8.4415,0.03,394,2388,100.0,38.76,23.3393,128,84,Early_Wear,65.62,0
39,45,0.003,-0.0001,100.0,518.67,643.39,1588.25,1411.81,14.62,21.61,553.94,2388.08,9050.08,1.3,47.59,521.23,2388.17,8126.17,8.4584,0.03,393,2388,100.0,38.94,23.3357,128,83,Early_Wear,64.84,0
39,46,-0.0029,-0.0004,100.0,518.67,642.56,1588.53,1411.79,14.62,21.61,553.04,2388.15,9046.93,1.3,47.47,521.4,2388.09,8123.21,8.4787,0.03,394,2388,100.0,38.62,23.3359,128,82,Early_Wear,64.06,0
39,47,0.0014,0.0002,100.0,518.67,642.76,1584.28,1414.16,14.62,21.61,553.03,2388.14,9047.9,1.3,47.6,521.1,2388.14,8127.14,8.4361,0.03,394,2388,100.0,38.7,23.2567,128,81,Early_Wear,63.28,0
39,48,0.0013,0.0005,100.0,518.67,643.25,1589.47,1408.86,14.62,21.61,553.81,2388.11,9043.29,1.3,47.49,521.2,2388.18,8123.37,8.4396,0.03,394,2388,100.0,38.75,23.1738,128,80,Early_Wear,62.5,0
39,49,-0.0028,0.0005,100.0,518.67,642.66,1591.59,1408.56,14.62,21.61,552.85,2388.09,9046.05,1.3,47.38,521.55,2388.15,8127.1,8.4195,0.03,393,2388,100.0,38.73,23.2049,128,79,Early_Wear,61.72,0
39,50,-0.0029,0.0002,100.0,518.67,643.36,1583.21,1415.61,14.62,21.61,553.38,2388.12,9043.58,1.3,47.61,521.27,2388.14,8127.44,8.4446,0.03,394,2388,100.0,38.92,23.3538,128,78,Early_Wear,60.94,0
40,1,0.0012,0.0,100.0,518.67,642.71,1594.14,1412.72,14.62,21.61,552.9,2388.08,9051.76,1.3,47.59,521.25,2388.07,8134.87,8.4417,0.03,394,2388,100.0,38.61,23.2017,188,187,Healthy,99.47,0
40,2,0.0015,0.0001,100.0,518.67,642.91,1585.97,1414.86,14.62,21.61,553.02,2388.13,9058.39,1.3,47.55,521.29,2388.14,8137.99,8.4227,0.03,392,2388,100.0,38.63,23.3334,188,186,Healthy,98.94,0
40,3,0.0031,-0.0002,100.0,518.67,643.19,1593.68,1410.39,14.62,21.61,552.7,2388.16,9052.46,1.3,47.39,521.49,2388.11,8142.58,8.4526,0.03,394,2388,100.0,38.81,23.3308,188,185,Healthy,98.4,0
40,4,-0.0012,0.0001,100.0,518.67,642.76,1592.3,1397.07,14.62,21.61,554.1,2388.13,9053.78,1.3,47.65,520.89,2388.11,8136.67,8.4452,0.03,393,2388,100.0,39.0,23.3082,188,184,Healthy,97.87,0
40,5,0.0021,-0.0,100.0,518.67,642.9,1586.67,1412.14,14.62,21.61,553.47,2388.16,9058.23,1.3,47.47,520.75,2388.11,8132.89,8.4603,0.03,394,2388,100.0,38.73,23.3157,188,183,Healthy,97.34,0
40,6,0.0034,0.0001,100.0,518.67,642.83,1593.66,1411.76,14.62,21.61,553.49,2388.09,9058.48,1.3,47.38,521.36,2388.1,8133.72,8.4303,0.03,393,2388,100.0,38.81,23.3616,188,182,Healthy,96.81,0
40,7,0.0022,0.0004,100.0,518.67,642.46,1589.19,1408.85,14.62,21.61,553.5,2388.11,9047.93,1.3,47.38,520.96,2388.12,8139.5,8.4591,0.03,392,2388,100.0,38.71,23.2662,188,181,Healthy,96.28,0
40,8,0.0025,-0.0,100.0,518.67,642.78,1591.79,1413.12,14.62,21.61,554.21,2388.11,9055.95,1.3,47.63,521.13,2388.13,8134.78,8.468,0.03,395,2388,100.0,38.85,23.2745,188,180,Healthy,95.74,0
40,9,0.0016,-0.0004,100.0,518.67,642.79,1597.62,1410.11,14.62,21.61,553.81,2388.12,9054.91,1.3,47.57,520.81,2388.14,8134.09,8.4579,0.03,394,2388,100.0,38.91,23.1765,188,179,Healthy,95.21,0
40,10,0.0005,0.0,100.0,518.67,642.83,1586.46,1411.55,14.62,21.61,554.41,2388.11,9057.67,1.3,47.58,521.13,2388.14,8136.79,8.4313,0.03,395,2388,100.0,38.76,23.2966,188,178,Healthy,94.68,0
40,11,0.0002,0.0004,100.0,518.67,642.36,1590.28,1419.81,14.62,21.61,553.63,2388.1,9060.92,1.3,47.66,521.49,2388.17,8140.49,8.4429,0.03,394,2388,100.0,38.78,23.2786,188,177,Healthy,94.15,0
40,12,-0.0036,0.0004,100.0,518.67,642.51,1588.0,1410.43,14.62,21.61,553.07,2388.07,9060.64,1.3,47.69,521.33,2388.15,8137.14,8.4291,0.03,393,2388,100.0,38.73,23.31,188,176,Healthy,93.62,0
40,13,0.0008,0.0001,100.0,518.67,642.94,1589.98,1407.93,14.62,21.61,552.61,2388.16,9056.51,1.3,47.52,521.61,2388.12,8134.05,8.4294,0.03,394,2388,100.0,38.72,23.2496,188,175,Healthy,93.09,0
40,14,-0.0005,0.0005,100.0,518.67,642.18,1590.02,1409.9,14.62,21.61,553.73,2388.08,9059.31,1.3,47.42,521.39,2388.13,8134.25,8.444,0.03,393,2388,100.0,38.79,23.2742,188,174,Healthy,92.55,0
40,15,-0.0023,0.0001,100.0,518.67,643.19,1591.23,1412.32,14.62,21.61,552.93,2388.15,9048.76,1.3,47.61,521.52,2388.12,8136.89,8.4483,0.03,393,2388,100.0,38.73,23.3176,188,173,Healthy,92.02,0
40,16,-0.0004,-0.0004,100.0,518.67,643.2,1591.5,1412.44,14.62,21.61,553.58,2388.1,9051.32,1.3,47.57,521.53,2388.15,8136.96,8.4535,0.03,393,2388,100.0,38.67,23.2702,188,172,Healthy,91.49,0
40,17,-0.0006,0.0002,100.0,518.67,642.56,1591.77,1414.27,14.62,21.61,553.88,2388.14,9060.58,1.3,47.65,521.58,2388.09,8141.22,8.433,0.03,392,2388,100.0,38.85,23.1651,188,171,Healthy,90.96,0
40,18,0.0006,0.0003,100.0,518.67,642.64,1588.2,1413.64,14.62,21.61,553.0,2388.07,9066.33,1.3,47.43,521.47,2388.12,8131.63,8.447,0.03,392,2388,100.0,38.73,23.2036,188,170,Healthy,90.43,0
40,19,-0.0033,-0.0004,100.0,518.67,643.19,1582.17,1405.28,14.62,21.61,553.09,2388.18,9059.49,1.3,47.55,521.34,2388.1,8135.07,8.4649,0.03,393,2388,100.0,38.73,23.3641,188,169,Healthy,89.89,0
40,20,0.0019,0.0002,100.0,518.67,642.33,1590.42,1407.63,14.62,21.61,552.73,2388.15,9049.23,1.3,47.72,521.39,2388.07,8134.51,8.4422,0.03,393,2388,100.0,38.7,23.1759,188,168,Healthy,89.36,0
40,21,-0.0004,0.0003,100.0,518.67,642.51,1593.76,1413.32,14.62,21.61,554.33,2388.1,9056.21,1.3,47.57,521.5,2388.18,8137.26,8.4398,0.03,393,2388,100.0,38.82,23.2687,188,167,Healthy,88.83,0
40,22,-0.0029,0.0001,100.0,518.67,643.2,1585.89,1408.6,14.62,21.61,552.61,2388.15,9052.51,1.3,47.55,521.01,2388.11,8134.27,8.4962,0.03,392,2388,100.0,38.81,23.2584,188,166,Healthy,88.3,0
40,23,-0.0006,0.0004,100.0,518.67,642.38,1597.07,1406.47,14.62,21.61,553.09,2388.12,9060.62,1.3,47.56,521.23,2388.11,8135.59,8.4524,0.03,395,2388,100.0,38.54,23.356,188,165,Healthy,87.77,0
40,24,0.0017,-0.0003,100.0,518.67,642.8,1588.47,1408.76,14.62,21.61,552.88,2388.18,9057.23,1.3,47.61,521.41,2388.14,8137.74,8.4263,0.03,395,2388,100.0,38.83,23.2815,188,164,Healthy,87.23,0
40,25,0.0019,-0.0001,100.0,518.67,643.16,1592.65,1406.65,14.62,21.61,553.77,2388.14,9054.5,1.3,47.69,521.31,2388.13,8135.14,8.407,0.03,392,2388,100.0,38.76,23.3242,188,163,Healthy,86.7,0
40,26,-0.0034,-0.0004,100.0,518.67,642.79,1596.22,1402.24,14.62,21.61,553.01,2388.12,9065.03,1.3,47.48,521.64,2388.09,8136.92,8.452,0.03,395,2388,100.0,38.62,23.1935,188,162,Healthy,86.17,0
40,27,0.0011,-0.0003,100.0,518.67,643.05,1586.74,1408.86,14.62,21.61,553.44,2388.14,9059.52,1.3,47.75,521.4,2388.14,8137.12,8.4473,0.03,393,2388,100.0,39.0,23.3386,188,161,Healthy,85.64,0
40,28,0.0021,-0.0002,100.0,518.67,643.11,1591.34,1409.8,14.62,21.61,553.32,2388.1,9057.05,1.3,47.69,521.05,2388.08,8133.88,8.4479,0.03,393,2388,100.0,38.81,23.3432,188,160,Healthy,85.11,0
40,29,0.0028,0.0004,100.0,518.67,642.29,1592.54,1409.44,14.62,21.61,553.22,2388.1,9057.23,1.3,47.48,521.35,2388.08,8132.79,8.4622,0.03,393,2388,100.0,38.75,23.2615,188,159,Healthy,84.57,0
40,30,-0.0005,-0.0001,100.0,518.67,642.58,1587.66,1403.24,14.62,21.61,553.56,2388.02,9060.61,1.3,47.67,521.78,2388.11,8136.39,8.4513,0.03,393,2388,100.0,38.72,23.2686,188,158,Healthy,84.04,0
40,31,-0.0,0.0003,100.0,518.67,642.67,1589.31,1410.67,14.62,21.61,553.54,2388.14,9062.06,1.3,47.62,521.76,2388.12,8136.97,8.4464,0.03,395,2388,100.0,38.69,23.32,188,157,Healthy,83.51,0
40,32,0.0009,-0.0001,100.0,518.67,643.13,1590.3,1412.57,14.62,21.61,554.36,2388.14,9064.1,1.3,47.71,521.51,2388.13,8139.1,8.4438,0.03,393,2388,100.0,38.78,23.3247,188,156,Healthy,82.98,0
40,33,0.0035,-0.0004,100.0,518.67,642.74,1592.62,1410.32,14.62,21.61,553.35,2388.09,9060.33,1.3,47.57,521.72,2388.09,8136.43,8.402,0.03,395,2388,100.0,38.71,23.3052,188,155,Healthy,82.45,0
40,34,0.002,0.0,100.0,518.67,643.08,1595.37,1412.12,14.62,21.61,552.85,2388.14,9060.34,1.3,47.65,520.65,2388.11,8133.56,8.4462,0.03,392,2388,100.0,38.97,23.238,188,154,Healthy,81.91,0
40,35,-0.0014,-0.0002,100.0,518.67,642.83,1592.36,1409.24,14.62,21.61,553.03,2388.08,9050.74,1.3,47.58,521.39,2388.13,8141.58,8.4667,0.03,392,2388,100.0,38.85,23.3051,188,153,Healthy,81.38,0
40,36,-0.0016,0.0005,100.0,518.67,643.12,1594.8,1419.64,14.62,21.61,553.04,2388.12,9051.8,1.3,47.69,520.72,2388.12,8139.16,8.467,0.03,392,2388,100.0,38.81,23.2452,188,152,Healthy,80.85,0
40,37,-0.002,0.0003,100.0,518.67,642.54,1587.98,1410.43,14.62,21.61,553.41,2388.15,9055.64,1.3,47.44,521.76,2388.09,8138.09,8.448,0.03,393,2388,100.0,38.88,23.3287,188,151,Healthy,80.32,0
40,38,0.0021,-0.0002,100.0,518.67,642.6,1586.63,1414.05,14.62,21.61,553.34,2388.13,9057.31,1.3,47.78,521.88,2388.12,8135.48,8.4604,0.03,393,2388,100.0,38.77,23.2696,188,150,Healthy,79.79,0
40,39,0.0021,0.0,100.0,518.67,642.48,1589.93,1409.54,14.62,21.61,553.14,2388.07,9059.41,1.3,47.6,520.52,2388.24,8137.06,8.447,0.03,393,2388,100.0,38.88,23.1313,188,149,Healthy,79.26,0
40,40,-0.0018,-0.0001,100.0,518.67,643.2,1587.55,1409.94,14.62,21.61,553.11,2388.13,9064.16,1.3,47.52,520.86,2388.13,8140.64,8.4851,0.03,392,2388,100.0,38.81,23.159,188,148,Healthy,78.72,0
40,41,0.0013,0.0004,100.0,518.67,642.44,1594.77,1405.1,14.62,21.61,553.11,2388.13,9057.93,1.3,47.54,521.4,2388.11,8137.75,8.4705,0.03,392,2388,100.0,38.62,23.2912,188,147,Healthy,78.19,0
40,42,0.0004,0.0001,100.0,518.67,642.97,1592.56,1414.16,14.62,21.61,553.09,2388.11,9057.76,1.3,47.68,521.63,2388.08,8134.66,8.4507,0.03,393,2388,100.0,38.93,23.3395,188,146,Healthy,77.66,0
40,43,-0.0002,-0.0004,100.0,518.67,642.63,1589.56,1407.18,14.62,21.61,552.97,2388.11,9050.67,1.3,47.65,520.82,2388.07,8133.85,8.4583,0.03,394,2388,100.0,38.82,23.2922,188,145,Healthy,77.13,0
40,44,0.001,0.0001,100.0,518.67,642.73,1589.39,1406.72,14.62,21.61,553.08,2388.13,9059.67,1.3,47.55,520.89,2388.12,8137.17,8.4397,0.03,395,2388,100.0,38.58,23.2741,188,144,Healthy,76.6,0
40,45,-0.0021,0.0001,100.0,518.67,642.77,1590.79,1408.39,14.62,21.61,553.22,2388.14,9054.68,1.3,47.73,521.1,2388.1,8134.1,8.471,0.03,392,2388,100.0,38.87,23.3171,188,143,Healthy,76.06,0
40,46,0.0034,-0.0004,100.0,518.67,642.62,1592.66,1412.87,14.62,21.61,552.55,2388.12,9056.11,1.3,47.57,520.66,2388.14,8135.68,8.452,0.03,394,2388,100.0,38.71,23.2818,188,142,Healthy,75.53,0
40,47,0.0009,0.0003,100.0,518.67,642.57,1589.71,1414.45,14.62,21.61,553.49,2388.1,9056.29,1.3,47.58,520.75,2388.14,8140.14,8.4421,0.03,394,2388,100.0,38.67,23.1959,188,141,Healthy,75.0,0
40,48,0.0007,-0.0001,100.0,518.67,642.64,1594.51,1415.7,14.62,21.61,553.28,2388.12,9066.92,1.3,47.71,521.68,2388.19,8134.43,8.4731,0.03,394,2388,100.0,38.69,23.2099,188,140,Healthy,74.47,0
40,49,-0.0012,-0.0001,100.0,518.67,642.48,1588.87,1411.14,14.62,21.61,553.46,2388.07,9060.44,1.3,47.61,521.67,2388.08,8143.35,8.4589,0.03,392,2388,100.0,38.8,23.3461,188,139,Healthy,73.94,0
40,50,0.0015,-0.0005,100.0,518.67,642.66,1593.37,1408.61,14.62,21.61,553.07,2388.15,9059.14,1.3,47.66,520.96,2388.14,8135.14,8.4229,0.03,392,2388,100.0,38.78,23.2677,188,138,Healthy,73.4,0
41,1,-0.0034,-0.0003,100.0,518.67,642.66,1581.02,1400.05,14.62,21.61,554.87,2387.99,9064.13,1.3,47.19,522.24,2388.08,8153.35,8.413,0.03,391,2388,100.0,38.94,23.3608,216,215,Healthy,99.54,0
41,2,0.0019,0.0003,100.0,518.67,642.35,1591.17,1403.99,14.62,21.61,554.48,2387.97,9067.53,1.3,47.26,522.02,2388.02,8143.42,8.3996,0.03,391,2388,100.0,39.02,23.3779,216,214,Healthy,99.07,0
41,3,-0.004,-0.0004,100.0,518.67,642.2,1589.71,1398.08,14.62,21.61,554.91,2387.99,9068.64,1.3,47.45,522.07,2388.02,8143.22,8.4215,0.03,391,2388,100.0,38.95,23.3598,216,213,Healthy,98.61,0
41,4,0.0026,-0.0004,100.0,518.67,641.74,1585.53,1408.89,14.62,21.61,555.07,2388.05,9071.36,1.3,47.27,521.79,2388.07,8145.13,8.4023,0.03,391,2388,100.0,39.09,23.3986,216,212,Healthy,98.15,0
41,5,-0.0006,0.0001,100.0,518.67,642.11,1578.21,1406.45,14.62,21.61,554.83,2388.0,9063.7,1.3,47.14,522.32,2388.03,8146.4,8.3793,0.03,391,2388,100.0,38.91,23.4437,216,211,Healthy,97.69,0
41,6,-0.0031,-0.0004,100.0,518.67,642.63,1589.03,1404.52,14.62,21.61,553.89,2387.99,9060.44,1.3,47.27,523.09,2388.04,8146.57,8.4035,0.03,391,2388,100.0,38.76,23.4517,216,210,Healthy,97.22,0
41,7,0.0013,-0.0004,100.0,518.67,642.26,1579.0,1400.55,14.62,21.61,553.96,2388.02,9062.93,1.3,47.15,522.43,2388.06,8145.23,8.4,0.03,392,2388,100.0,38.94,23.5234,216,209,Healthy,96.76,0
41,8,-0.0,-0.0004,100.0,518.67,642.35,1582.59,1399.75,14.62,21.61,554.02,2388.05,9063.62,1.3,47.33,522.51,2388.05,8150.17,8.4147,0.03,392,2388,100.0,38.97,23.3617,216,208,Healthy,96.3,0
41,9,-0.0006,-0.0002,100.0,518.67,642.21,1582.04,1398.77,14.62,21.61,554.63,2388.03,9062.24,1.3,47.21,521.89,2388.02,8143.67,8.3797,0.03,392,2388,100.0,39.11,23.3347,216,207,Healthy,95.83,0
41,10,-0.0003,0.0005,100.0,518.67,641.93,1586.49,1391.09,14.62,21.61,554.88,2388.01,9064.75,1.3,47.17,522.55,2388.02,8141.51,8.4026,0.03,392,2388,100.0,38.96,23.4328,216,206,Healthy,95.37,0
41,11,-0.0007,-0.0004,100.0,518.67,642.08,1581.89,1395.51,14.62,21.6,554.13,2388.02,9058.42,1.3,47.33,522.34,2388.0,8149.94,8.4099,0.03,392,2388,100.0,39.04,23.3279,216,205,Healthy,94.91,0
41,12,0.0026,0.0004,100.0,518.67,642.52,1580.81,1397.28,14.62,21.61,554.85,2388.04,9061.76,1.3,47.3,522.35,2388.02,8141.58,8.3841,0.03,391,2388,100.0,38.9,23.3475,216,204,Healthy,94.44,0
41,13,-0.0042,0.0002,100.0,518.67,642.49,1585.24,1398.72,14.62,21.61,554.66,2388.01,9063.05,1.3,47.25,522.28,2387.98,8151.39,8.387,0.03,391,2388,100.0,38.93,23.3529,216,203,Healthy,93.98,0
41,14,-0.0016,0.0002,100.0,518.67,642.69,1585.0,1402.3,14.62,21.61,554.24,2388.07,9062.88,1.3,47.18,522.17,2388.06,8143.26,8.3834,0.03,392,2388,100.0,39.06,23.3631,216,202,Healthy,93.52,0
41,15,0.0056,0.0004,100.0,518.67,642.1,1584.93,1393.25,14.62,21.61,554.62,2388.0,9061.26,1.3,47.24,522.37,2387.98,8140.26,8.4384,0.03,392,2388,100.0,38.83,23.4242,216,201,Healthy,93.06,0
41,16,0.0032,0.0005,100.0,518.67,642.68,1583.94,1405.22,14.62,21.6,553.92,2388.02,9067.72,1.3,47.26,521.67,2387.98,8148.42,8.4058,0.03,393,2388,100.0,39.09,23.3661,216,200,Healthy,92.59,0
41,17,-0.0008,-0.0003,100.0,518.67,642.23,1591.01,1406.69,14.62,21.6,554.62,2387.98,9059.67,1.3,47.23,522.1,2388.07,8146.11,8.415,0.03,392,2388,100.0,39.12,23.3098,216,199,Healthy,92.13,0
41,18,0.0042,-0.0004,100.0,518.67,641.96,1584.48,1398.87,14.62,21.61,553.94,2388.04,9068.2,1.3,47.27,522.54,2387.98,8148.12,8.4417,0.03,390,2388,100.0,38.98,23.4416,216,198,Healthy,91.67,0
41,19,0.0017,0.0003,100.0,518.67,641.75,1584.57,1396.24,14.62,21.61,554.19,2387.97,9060.53,1.3,47.38,522.58,2387.99,8145.28,8.3845,0.03,393,2388,100.0,38.92,23.3302,216,197,Healthy,91.2,0
41,20,0.0003,0.0005,100.0,518.67,641.94,1588.72,1400.14,14.62,21.61,554.16,2388.05,9061.15,1.3,47.26,522.02,2388.08,8151.86,8.412,0.03,392,2388,100.0,38.96,23.4141,216,196,Healthy,90.74,0
41,21,0.0006,-0.0003,100.0,518.67,642.12,1587.0,1395.03,14.62,21.6,554.32,2388.01,9059.48,1.3,47.37,522.56,2388.0,8148.23,8.4302,0.03,393,2388,100.0,38.92,23.3716,216,195,Healthy,90.28,0
41,22,-0.0029,0.0001,100.0,518.67,641.57,1583.3,1401.3,14.62,21.61,553.75,2388.03,9066.42,1.3,47.31,521.86,2388.07,8150.16,8.3875,0.03,391,2388,100.0,39.15,23.4643,216,194,Healthy,89.81,0
41,23,0.0011,-0.0001,100.0,518.67,642.65,1588.16,1399.07,14.62,21.61,554.49,2388.01,9071.6,1.3,47.35,522.36,2388.06,8139.22,8.3807,0.03,392,2388,100.0,39.07,23.4666,216,193,Healthy,89.35,0
41,24,-0.0011,-0.0004,100.0,518.67,642.47,1581.81,1391.27,14.62,21.61,554.0,2388.03,9065.11,1.3,47.34,521.75,2387.98,8145.66,8.3903,0.03,392,2388,100.0,38.96,23.4438,216,192,Healthy,88.89,0
41,25,0.0015,-0.0001,100.0,518.67,641.98,1582.24,1396.86,14.62,21.61,553.36,2388.07,9060.33,1.3,47.25,521.28,2388.01,8148.46,8.3946,0.03,394,2388,100.0,38.92,23.4964,216,191,Healthy,88.43,0
41,26,-0.0003,0.0004,100.0,518.67,642.28,1579.99,1396.47,14.62,21.61,554.32,2388.05,9064.07,1.3,47.23,521.81,2388.0,8144.15,8.3843,0.03,392,2388,100.0,39.1,23.4039,216,190,Healthy,87.96,0
41,27,-0.0023,-0.0001,100.0,518.67,642.58,1584.5,1404.92,14.62,21.61,554.25,2387.95,9066.1,1.3,47.32,522.37,2388.02,8148.42,8.396,0.03,392,2388,100.0,38.81,23.3427,216,189,Healthy,87.5,0
41,28,0.0,0.0002,100.0,518.67,642.04,1582.13,1405.05,14.62,21.61,554.41,2388.05,9059.97,1.3,47.3,522.13,2388.03,8149.57,8.4107,0.03,391,2388,100.0,38.99,23.3916,216,188,Healthy,87.04,0
41,29,0.0023,-0.0003,100.0,518.67,642.15,1584.24,1402.21,14.62,21.61,554.49,2388.04,9072.69,1.3,47.2,522.16,2388.01,8146.1,8.4184,0.03,392,2388,100.0,39.03,23.4006,216,187,Healthy,86.57,0
41,30,0.0014,-0.0001,100.0,518.67,642.04,1585.09,1399.26,14.62,21.61,553.94,2388.0,9063.19,1.3,47.29,522.26,2387.99,8147.47,8.3857,0.03,392,2388,100.0,39.02,23.363,216,186,Healthy,86.11,0
41,31,0.0027,-0.0004,100.0,518.67,642.15,1586.98,1402.33,14.62,21.61,554.12,2388.01,9060.51,1.3,47.12,521.73,2388.02,8148.77,8.3943,0.03,393,2388,100.0,38.99,23.476,216,185,Healthy,85.65,0
41,32,0.0004,0.0,100.0,518.67,641.95,1582.23,1401.77,14.62,21.61,554.03,2388.01,9065.86,1.3,47.38,521.99,2388.01,8149.09,8.4214,0.03,393,2388,100.0,38.93,23.2778,216,184,Healthy,85.19,0
41,33,-0.0028,0.0002,100.0,518.67,642.38,1581.22,1400.33,14.62,21.61,554.43,2388.02,9066.31,1.3,47.23,522.09,2388.02,8148.18,8.3938,0.03,393,2388,100.0,39.05,23.2761,216,183,Healthy,84.72,0
41,34,-0.0004,-0.0002,100.0,518.67,642.04,1585.91,1399.54,14.62,21.61,554.58,2388.03,9055.66,1.3,47.28,522.07,2387.97,8145.77,8.4406,0.03,395,2388,100.0,39.03,23.3824,216,182,Healthy,84.26,0
41,35,0.002,0.0005,100.0,518.67,642.34,1584.76,1399.08,14.62,21.6,553.83,2388.01,9063.45,1.3,47.26,522.61,2387.94,8147.2,8.4345,0.03,393,2388,100.0,39.05,23.3314,216,181,Healthy,83.8,0
41,36,0.0007,0.0005,100.0,518.67,642.04,1586.15,1392.32,14.62,21.61,554.08,2388.02,9070.39,1.3,47.32,522.49,2388.05,8150.78,8.4117,0.03,394,2388,100.0,38.89,23.4742,216,180,Healthy,83.33,0
41,37,0.0024,0.0001,100.0,518.67,642.24,1581.95,1393.5,14.62,21.61,554.79,2388.07,9056.15,1.3,47.21,522.52,2387.99,8144.85,8.446,0.03,390,2388,100.0,39.04,23.3135,216,179,Healthy,82.87,0
41,38,0.0046,-0.0002,100.0,518.67,642.2,1591.46,1399.35,14.62,21.61,554.42,2388.02,9057.45,1.3,47.29,522.31,2388.05,8144.78,8.4073,0.03,391,2388,100.0,38.92,23.3953,216,178,Healthy,82.41,0
41,39,0.0024,0.0003,100.0,518.67,642.23,1583.6,1400.98,14.62,21.61,553.95,2387.98,9061.77,1.3,47.39,522.08,2387.99,8144.62,8.3953,0.03,392,2388,100.0,39.02,23.4833,216,177,Healthy,81.94,0
41,40,0.0045,0.0005,100.0,518.67,642.64,1580.17,1403.14,14.62,21.6,554.22,2388.03,9065.44,1.3,47.16,522.31,2388.0,8152.02,8.4046,0.03,393,2388,100.0,39.1,23.3544,216,176,Healthy,81.48,0
41,41,0.0007,0.0004,100.0,518.67,641.85,1582.34,1402.59,14.62,21.61,554.95,2388.03,9064.13,1.3,47.39,522.44,2387.99,8148.49,8.4065,0.03,392,2388,100.0,38.95,23.4668,216,175,Healthy,81.02,0
41,42,-0.0021,0.0,100.0,518.67,641.81,1588.33,1391.1,14.62,21.61,554.42,2388.08,9061.63,1.3,47.15,522.05,2388.03,8148.52,8.4031,0.03,393,2388,100.0,39.01,23.2587,216,174,Healthy,80.56,0
41,43,-0.0014,-0.0003,100.0,518.67,642.07,1577.23,1393.64,14.62,21.61,554.4,2387.96,9061.57,1.3,47.39,522.22,2387.98,8151.17,8.4001,0.03,392,2388,100.0,38.95,23.3855,216,173,Healthy,80.09,0
41,44,-0.0027,-0.0004,100.0,518.67,641.65,1585.47,1394.68,14.62,21.61,554.62,2387.98,9060.9,1.3,47.33,522.32,2388.02,8151.77,8.3957,0.03,390,2388,100.0,38.91,23.3669,216,172,Healthy,79.63,0
41,45,0.0016,0.0002,100.0,518.67,641.97,1582.37,1400.23,14.62,21.61,554.08,2388.0,9072.14,1.3,47.27,522.54,2388.05,8147.75,8.3904,0.03,390,2388,100.0,38.91,23.4365,216,171,Healthy,79.17,0
41,46,0.0015,0.0002,100.0,518.67,641.99,1591.46,1400.64,14.62,21.61,554.68,2388.02,9062.52,1.3,47.28,521.77,2387.99,8142.76,8.4201,0.03,390,2388,100.0,38.95,23.4101,216,170,Healthy,78.7,0
41,47,0.001,0.0005,100.0,518.67,642.37,1585.87,1399.9,14.62,21.61,553.34,2388.01,9064.71,1.3,47.01,522.27,2388.04,8145.72,8.4311,0.03,391,2388,100.0,39.08,23.4619,216,169,Healthy,78.24,0
41,48,0.0013,0.0003,100.0,518.67,642.47,1585.33,1398.75,14.62,21.61,554.23,2388.05,9066.26,1.3,47.29,522.1,2388.0,8148.98,8.3789,0.03,394,2388,100.0,39.04,23.2837,216,168,Healthy,77.78,0
41,49,0.0005,0.0005,100.0,518.67,642.86,1588.91,1410.01,14.62,21.61,554.1,2388.02,9065.53,1.3,47.22,522.32,2388.04,8146.76,8.4205,0.03,391,2388,100.0,38.85,23.3819,216,167,Healthy,77.31,0
41,50,0.0046,-0.0,100.0,518.67,642.33,1577.37,1398.79,14.62,21.61,554.09,2388.02,9066.14,1.3,47.39,522.09,2388.03,8146.24,8.4352,0.03,391,2388,100.0,38.93,23.3785,216,166,Healthy,76.85,0
42,1,0.0016,-0.0001,100.0,518.67,642.6,1580.46,1394.47,14.62,21.61,554.81,2388.08,9061.05,1.3,47.38,521.97,2388.03,8144.4,8.4151,0.03,391,2388,100.0,38.87,23.3795,196,195,Healthy,99.49,0
42,2,0.0012,-0.0001,100.0,518.67,642.4,1588.76,1400.28,14.62,21.61,554.47,2388.08,9060.98,1.3,47.1,522.16,2388.0,8141.45,8.3744,0.03,391,2388,100.0,39.08,23.3892,196,194,Healthy,98.98,0
42,3,-0.006,0.0005,100.0,518.67,642.98,1590.3,1405.86,14.62,21.61,554.34,2388.08,9058.45,1.3,47.46,522.24,2388.05,8142.36,8.3947,0.03,393,2388,100.0,38.9,23.3858,196,193,Healthy,98.47,0
42,4,0.0031,0.0004,100.0,518.67,642.12,1588.84,1402.98,14.62,21.6,553.99,2387.98,9070.31,1.3,47.27,522.39,2388.02,8137.68,8.4241,0.03,392,2388,100.0,39.05,23.3261,196,192,Healthy,97.96,0
42,5,-0.0022,-0.0001,100.0,518.67,642.14,1590.78,1403.11,14.62,21.61,553.69,2387.98,9063.56,1.3,47.34,521.59,2388.05,8137.8,8.3895,0.03,393,2388,100.0,38.81,23.3922,196,191,Healthy,97.45,0
42,6,0.002,0.0003,100.0,518.67,642.26,1589.8,1402.05,14.62,21.61,554.06,2388.03,9063.49,1.3,47.43,522.52,2387.99,8143.27,8.4403,0.03,391,2388,100.0,39.07,23.3656,196,190,Healthy,96.94,0
42,7,0.0003,0.0002,100.0,518.67,642.3,1581.98,1403.07,14.62,21.61,554.81,2388.08,9062.42,1.3,47.27,522.14,2387.98,8143.66,8.4038,0.03,390,2388,100.0,39.12,23.4255,196,189,Healthy,96.43,0
42,8,0.0012,-0.0004,100.0,518.67,642.21,1591.28,1400.34,14.62,21.61,554.84,2388.05,9065.01,1.3,47.42,522.33,2387.99,8144.19,8.3991,0.03,392,2388,100.0,38.99,23.407,196,188,Healthy,95.92,0
42,9,0.0001,0.0001,100.0,518.67,642.62,1584.98,1403.2,14.62,21.61,553.22,2388.02,9057.52,1.3,47.26,522.27,2388.07,8143.06,8.4412,0.03,393,2388,100.0,38.96,23.459,196,187,Healthy,95.41,0
42,10,-0.0029,-0.0003,100.0,518.67,642.46,1586.76,1399.21,14.62,21.61,553.83,2388.05,9064.16,1.3,47.4,521.94,2388.06,8141.74,8.4428,0.03,391,2388,100.0,38.97,23.3415,196,186,Healthy,94.9,0
42,11,0.0025,-0.0003,100.0,518.67,642.86,1585.34,1407.86,14.62,21.61,554.17,2388.09,9053.78,1.3,47.37,522.31,2388.04,8144.52,8.4196,0.03,392,2388,100.0,39.12,23.3778,196,185,Healthy,94.39,0
42,12,0.002,-0.0003,100.0,518.67,642.87,1587.0,1408.09,14.62,21.61,553.73,2388.04,9055.35,1.3,47.43,521.86,2388.01,8137.92,8.4217,0.03,390,2388,100.0,38.88,23.4366,196,184,Healthy,93.88,0
42,13,-0.001,-0.0004,100.0,518.67,642.63,1587.9,1404.46,14.62,21.61,554.51,2388.01,9055.01,1.3,47.37,521.33,2388.07,8143.6,8.387,0.03,391,2388,100.0,38.99,23.403,196,183,Healthy,93.37,0
42,14,0.0012,-0.0002,100.0,518.67,641.6,1584.05,1407.37,14.62,21.61,554.72,2388.02,9057.99,1.3,47.19,521.55,2388.04,8146.8,8.3964,0.03,393,2388,100.0,39.06,23.4565,196,182,Healthy,92.86,0
42,15,0.0036,0.0001,100.0,518.67,642.97,1583.8,1405.38,14.62,21.61,554.36,2388.03,9064.62,1.3,47.32,521.54,2388.01,8142.83,8.382,0.03,393,2388,100.0,38.81,23.4572,196,181,Healthy,92.35,0
42,16,-0.0003,-0.0004,100.0,518.67,641.99,1584.39,1402.89,14.62,21.61,554.27,2388.07,9066.25,1.3,47.3,521.83,2388.03,8136.33,8.4188,0.03,393,2388,100.0,39.09,23.3508,196,180,Healthy,91.84,0
42,17,-0.0051,0.0004,100.0,518.67,642.21,1586.78,1407.31,14.62,21.61,554.36,2388.03,9071.06,1.3,47.33,521.58,2388.04,8143.55,8.4099,0.03,392,2388,100.0,39.06,23.3711,196,179,Healthy,91.33,0
42,18,0.0029,-0.0002,100.0,518.67,642.34,1590.23,1403.38,14.62,21.61,553.79,2388.0,9062.85,1.3,47.24,522.54,2388.01,8138.32,8.4223,0.03,392,2388,100.0,38.89,23.2589,196,178,Healthy,90.82,0
42,19,0.0022,-0.0002,100.0,518.67,642.35,1589.2,1396.44,14.62,21.61,554.13,2388.0,9063.3,1.3,47.37,522.34,2388.0,8141.16,8.4246,0.03,392,2388,100.0,38.97,23.2955,196,177,Healthy,90.31,0
42,20,0.0002,-0.0002,100.0,518.67,642.48,1585.53,1405.74,14.62,21.61,554.11,2388.05,9064.56,1.3,47.35,522.42,2388.04,8148.28,8.4495,0.03,392,2388,100.0,38.99,23.4065,196,176,Healthy,89.8,0
42,21,0.0038,-0.0002,100.0,518.67,642.57,1589.6,1401.32,14.62,21.61,554.49,2388.04,9061.6,1.3,47.04,521.54,2388.01,8139.33,8.4055,0.03,391,2388,100.0,38.99,23.4016,196,175,Healthy,89.29,0
42,22,0.0011,0.0002,100.0,518.67,642.52,1582.14,1395.81,14.62,21.61,553.65,2388.02,9064.92,1.3,47.27,522.21,2388.09,8140.59,8.4267,0.03,392,2388,100.0,39.07,23.3912,196,174,Healthy,88.78,0
42,23,-0.0037,0.0004,100.0,518.67,642.6,1588.97,1399.29,14.62,21.61,554.88,2388.02,9058.76,1.3,47.25,521.5,2388.06,8139.33,8.4041,0.03,393,2388,100.0,38.99,23.4262,196,173,Healthy,88.27,0
42,24,-0.0044,0.0005,100.0,518.67,642.49,1591.16,1398.86,14.62,21.61,554.17,2388.01,9063.3,1.3,47.4,521.63,2388.01,8140.92,8.4324,0.03,392,2388,100.0,38.9,23.3373,196,172,Healthy,87.76,0
42,25,-0.0018,0.0004,100.0,518.67,642.7,1589.23,1400.98,14.62,21.61,554.2,2388.06,9057.63,1.3,47.43,521.86,2388.0,8138.13,8.4386,0.03,394,2388,100.0,38.93,23.4046,196,171,Healthy,87.24,0
42,26,-0.0014,-0.0,100.0,518.67,642.52,1590.99,1402.15,14.62,21.61,554.1,2388.04,9061.21,1.3,47.26,522.32,2388.08,8142.25,8.4213,0.03,393,2388,100.0,39.0,23.3014,196,170,Healthy,86.73,0
42,27,0.0019,0.0002,100.0,518.67,642.58,1586.81,1397.25,14.62,21.61,553.96,2388.07,9066.89,1.3,47.22,522.35,2388.0,8140.88,8.4223,0.03,393,2388,100.0,38.96,23.378,196,169,Healthy,86.22,0
42,28,-0.0044,-0.0005,100.0,518.67,642.6,1594.31,1403.94,14.62,21.61,554.13,2388.03,9064.79,1.3,47.24,522.07,2388.0,8138.1,8.3917,0.03,393,2388,100.0,39.07,23.3193,196,168,Healthy,85.71,0
42,29,-0.0013,0.0003,100.0,518.67,642.29,1591.81,1399.87,14.62,21.61,554.26,2388.04,9061.53,1.3,47.17,522.02,2388.03,8139.62,8.3869,0.03,392,2388,100.0,38.8,23.4727,196,167,Healthy,85.2,0
42,30,-0.0013,-0.0,100.0,518.67,642.55,1587.38,1399.82,14.62,21.61,554.81,2388.09,9072.27,1.3,47.34,521.54,2388.0,8144.06,8.4206,0.03,391,2388,100.0,39.06,23.3579,196,166,Healthy,84.69,0
42,31,0.0017,-0.0,100.0,518.67,642.43,1590.14,1406.62,14.62,21.6,555.06,2388.03,9060.51,1.3,47.31,522.39,2388.04,8143.29,8.3796,0.03,392,2388,100.0,38.81,23.3884,196,165,Healthy,84.18,0
42,32,0.0015,-0.0004,100.0,518.67,642.43,1587.18,1407.89,14.62,21.61,554.55,2388.08,9066.2,1.3,47.34,521.91,2388.03,8142.92,8.4065,0.03,392,2388,100.0,38.97,23.2845,196,164,Healthy,83.67,0
42,33,-0.0009,0.0001,100.0,518.67,642.3,1583.36,1399.88,14.62,21.61,553.61,2388.06,9057.76,1.3,47.57,522.15,2388.01,8141.39,8.4263,0.03,393,2388,100.0,38.9,23.3138,196,163,Healthy,83.16,0
42,34,0.0013,-0.0004,100.0,518.67,642.33,1585.62,1401.65,14.62,21.61,554.13,2388.09,9059.3,1.3,47.26,521.95,2388.05,8147.39,8.4113,0.03,393,2388,100.0,39.09,23.3024,196,162,Healthy,82.65,0
42,35,-0.0026,0.0003,100.0,518.67,642.32,1591.3,1401.11,14.62,21.61,554.59,2388.05,9063.73,1.3,47.18,522.12,2388.01,8140.9,8.3996,0.03,392,2388,100.0,39.0,23.3202,196,161,Healthy,82.14,0
42,36,-0.0019,-0.0005,100.0,518.67,642.19,1582.64,1401.59,14.62,21.61,553.97,2388.05,9058.68,1.3,47.31,521.56,2388.07,8140.01,8.4185,0.03,391,2388,100.0,38.92,23.3359,196,160,Healthy,81.63,0
42,37,0.0011,0.0,100.0,518.67,642.16,1586.15,1398.96,14.62,21.61,554.23,2388.08,9062.22,1.3,47.3,521.85,2388.07,8139.15,8.4398,0.03,393,2388,100.0,38.76,23.3871,196,159,Healthy,81.12,0
42,38,0.0028,-0.0003,100.0,518.67,642.18,1583.79,1400.8,14.62,21.6,553.75,2388.04,9060.2,1.3,47.25,522.0,2388.09,8142.51,8.4416,0.03,390,2388,100.0,39.08,23.314,196,158,Healthy,80.61,0
42,39,-0.0023,-0.0003,100.0,518.67,642.52,1596.48,1406.29,14.62,21.61,553.53,2388.05,9065.47,1.3,47.27,521.89,2388.02,8141.39,8.4099,0.03,392,2388,100.0,38.95,23.2544,196,157,Healthy,80.1,0
42,40,0.0028,-0.0004,100.0,518.67,642.43,1590.29,1398.87,14.62,21.61,554.51,2388.1,9062.14,1.3,47.41,521.65,2388.0,8141.4,8.4355,0.03,392,2388,100.0,38.82,23.3442,196,156,Healthy,79.59,0
42,41,-0.0022,0.0003,100.0,518.67,642.28,1583.74,1402.36,14.62,21.61,554.47,2388.08,9057.53,1.3,47.32,522.65,2388.04,8142.93,8.4,0.03,392,2388,100.0,38.96,23.3714,196,155,Healthy,79.08,0
42,42,-0.0021,0.0002,100.0,518.67,642.58,1591.51,1394.88,14.62,21.61,554.45,2387.93,9059.64,1.3,47.3,521.96,2388.03,8145.03,8.4009,0.03,393,2388,100.0,38.81,23.4533,196,154,Healthy,78.57,0
42,43,0.0001,0.0004,100.0,518.67,642.27,1586.44,1397.3,14.62,21.61,553.25,2388.05,9053.32,1.3,47.34,522.16,2388.03,8141.0,8.3949,0.03,393,2388,100.0,38.97,23.3933,196,153,Healthy,78.06,0
42,44,0.0006,-0.0,100.0,518.67,642.56,1586.05,1402.05,14.62,21.61,553.76,2388.0,9062.87,1.3,47.28,521.78,2388.05,8143.73,8.3975,0.03,392,2388,100.0,39.1,23.381,196,152,Healthy,77.55,0
42,45,0.001,-0.0003,100.0,518.67,642.65,1589.3,1400.26,14.62,21.61,554.59,2388.07,9062.8,1.3,47.45,521.98,2388.04,8134.97,8.4303,0.03,394,2388,100.0,39.1,23.2819,196,151,Healthy,77.04,0
42,46,-0.0008,0.0004,100.0,518.67,642.6,1582.95,1402.15,14.62,21.61,554.03,2388.06,9060.84,1.3,47.44,522.05,2388.1,8139.72,8.4026,0.03,390,2388,100.0,39.0,23.3529,196,150,Healthy,76.53,0
42,47,0.0012,0.0002,100.0,518.67,641.91,1584.57,1409.7,14.62,21.61,553.75,2388.04,9068.75,1.3,47.3,521.89,2388.07,8145.84,8.4295,0.03,393,2388,100.0,39.13,23.3575,196,149,Healthy,76.02,0
42,48,0.0013,-0.0004,100.0,518.67,642.42,1579.85,1398.01,14.62,21.61,553.98,2388.03,9060.92,1.3,47.29,521.76,2388.03,8142.45,8.3902,0.03,391,2388,100.0,38.98,23.339,196,148,Healthy,75.51,0
42,49,0.0006,0.0004,100.0,518.67,641.96,1587.29,1402.59,14.62,21.61,553.55,2388.04,9063.44,1.3,47.39,522.01,2388.06,8145.73,8.4041,0.03,392,2388,100.0,38.84,23.4294,196,147,Healthy,75.0,0
42,50,-0.0002,-0.0003,100.0,518.67,642.18,1589.03,1398.57,14.62,21.61,553.57,2388.07,9059.09,1.3,47.31,521.46,2388.02,8147.68,8.4481,0.03,394,2388,100.0,38.78,23.3831,196,146,Healthy,74.49,0
43,1,-0.0007,-0.0004,100.0,518.67,642.56,1579.64,1392.51,14.62,21.61,554.3,2387.98,9056.32,1.3,47.08,522.02,2388.04,8139.17,8.3782,0.03,393,2388,100.0,38.84,23.3701,207,206,Healthy,99.52,0
43,2,0.0019,-0.0005,100.0,518.67,642.22,1582.02,1397.92,14.62,21.61,554.58,2388.05,9052.6,1.3,47.22,522.26,2388.04,8137.21,8.3635,0.03,390,2388,100.0,39.11,23.3848,207,205,Healthy,99.03,0
43,3,-0.0008,-0.0004,100.0,518.67,641.95,1590.17,1402.59,14.62,21.6,554.07,2388.02,9059.05,1.3,47.31,521.94,2387.99,8141.18,8.4029,0.03,391,2388,100.0,39.11,23.4861,207,204,Healthy,98.55,0
43,4,0.001,-0.0003,100.0,518.67,641.71,1579.53,1403.11,14.62,21.61,554.23,2388.0,9060.43,1.3,47.24,522.32,2388.05,8138.88,8.4066,0.03,392,2388,100.0,38.95,23.4021,207,203,Healthy,98.07,0
43,5,-0.0041,0.0002,100.0,518.67,642.26,1581.65,1396.1,14.62,21.61,554.41,2387.98,9051.42,1.3,47.1,522.52,2388.04,8134.44,8.4244,0.03,392,2388,100.0,39.11,23.4559,207,202,Healthy,97.58,0
43,6,-0.0005,-0.0005,100.0,518.67,642.01,1579.15,1401.53,14.62,21.61,554.7,2388.03,9054.78,1.3,47.24,522.39,2388.03,8136.6,8.403,0.03,392,2388,100.0,38.95,23.3108,207,201,Healthy,97.1,0
43,7,-0.0006,0.0004,100.0,518.67,642.21,1585.22,1399.35,14.62,21.61,555.02,2388.01,9056.25,1.3,47.22,522.23,2388.04,8134.49,8.4132,0.03,393,2388,100.0,39.09,23.4156,207,200,Healthy,96.62,0
43,8,-0.0001,-0.0005,100.0,518.67,642.16,1587.14,1408.26,14.62,21.61,554.58,2388.02,9055.62,1.3,47.24,522.3,2388.05,8139.13,8.3683,0.03,391,2388,100.0,39.11,23.3331,207,199,Healthy,96.14,0
43,9,0.0045,-0.0001,100.0,518.67,642.79,1586.06,1402.13,14.62,21.61,554.93,2388.03,9055.7,1.3,47.24,522.41,2388.06,8141.26,8.3857,0.03,392,2388,100.0,39.01,23.3477,207,198,Healthy,95.65,0
43,10,0.0005,-0.0,100.0,518.67,642.4,1582.86,1392.57,14.62,21.61,554.06,2388.0,9056.23,1.3,47.23,521.66,2387.99,8136.33,8.4392,0.03,391,2388,100.0,38.95,23.3811,207,197,Healthy,95.17,0
43,11,0.0015,0.0002,100.0,518.67,642.49,1587.46,1392.9,14.62,21.61,553.37,2388.0,9054.88,1.3,47.0,522.82,2388.0,8135.64,8.4186,0.03,391,2388,100.0,39.13,23.4239,207,196,Healthy,94.69,0
43,12,0.0005,-0.0,100.0,518.67,642.41,1580.83,1392.18,14.62,21.61,554.41,2388.06,9054.61,1.3,47.33,522.41,2387.99,8136.27,8.3985,0.03,391,2388,100.0,39.13,23.4009,207,195,Healthy,94.2,0
43,13,-0.0034,0.0003,100.0,518.67,642.0,1585.31,1396.87,14.62,21.61,554.39,2388.02,9056.03,1.3,47.37,522.19,2388.01,8141.95,8.3978,0.03,392,2388,100.0,39.1,23.4013,207,194,Healthy,93.72,0
43,14,-0.0015,0.0003,100.0,518.67,641.51,1586.26,1389.83,14.62,21.61,554.98,2388.02,9055.74,1.3,47.17,522.23,2387.98,8136.42,8.4187,0.03,391,2388,100.0,38.95,23.4868,207,193,Healthy,93.24,0
43,15,-0.0007,0.0002,100.0,518.67,642.06,1586.13,1401.37,14.62,21.61,554.68,2388.05,9049.55,1.3,47.27,522.21,2388.03,8141.87,8.4211,0.03,390,2388,100.0,39.02,23.3574,207,192,Healthy,92.75,0
43,16,-0.001,0.0002,100.0,518.67,641.45,1584.97,1403.54,14.62,21.6,554.03,2388.04,9045.69,1.3,47.14,522.16,2388.04,8138.15,8.4176,0.03,391,2388,100.0,39.03,23.4268,207,191,Healthy,92.27,0
43,17,-0.0024,-0.0004,100.0,518.67,641.91,1585.83,1391.52,14.62,21.61,553.94,2388.0,9051.58,1.3,47.09,522.57,2388.04,8131.69,8.4065,0.03,391,2388,100.0,38.91,23.4477,207,190,Healthy,91.79,0
43,18,-0.0022,-0.0001,100.0,518.67,642.31,1583.02,1391.45,14.62,21.61,554.77,2388.0,9054.41,1.3,47.2,522.43,2387.97,8133.87,8.4208,0.03,392,2388,100.0,38.98,23.3427,207,189,Healthy,91.3,0
43,19,0.0035,0.0002,100.0,518.67,642.06,1582.3,1397.75,14.62,21.61,553.68,2387.99,9055.6,1.3,47.12,522.68,2388.01,8133.59,8.4243,0.03,391,2388,100.0,39.26,23.3652,207,188,Healthy,90.82,0
43,20,-0.0,-0.0003,100.0,518.67,642.6,1582.62,1396.72,14.62,21.61,554.65,2388.0,9059.35,1.3,47.24,522.33,2388.0,8136.3,8.4098,0.03,392,2388,100.0,39.07,23.3555,207,187,Healthy,90.34,0
43,21,0.002,-0.0003,100.0,518.67,642.87,1585.17,1406.47,14.62,21.61,554.09,2388.02,9055.45,1.3,47.3,522.4,2388.03,8138.16,8.4232,0.03,392,2388,100.0,39.13,23.4456,207,186,Healthy,89.86,0
43,22,-0.0001,0.0002,100.0,518.67,641.9,1585.31,1401.18,14.62,21.61,554.33,2388.04,9056.2,1.3,47.27,522.15,2387.97,8136.85,8.4159,0.03,390,2388,100.0,39.07,23.3456,207,185,Healthy,89.37,0
43,23,0.0025,0.0001,100.0,518.67,641.58,1583.52,1397.37,14.62,21.61,554.06,2388.01,9062.02,1.3,46.98,522.5,2388.06,8141.32,8.3716,0.03,393,2388,100.0,39.07,23.5032,207,184,Healthy,88.89,0
43,24,-0.0045,-0.0005,100.0,518.67,642.24,1580.87,1399.52,14.62,21.61,554.01,2388.01,9058.97,1.3,47.36,522.73,2388.03,8140.17,8.4148,0.03,391,2388,100.0,39.01,23.2903,207,183,Healthy,88.41,0
43,25,-0.0025,0.0003,100.0,518.67,641.58,1581.59,1396.5,14.62,21.61,554.28,2388.01,9052.42,1.3,47.29,522.16,2388.04,8134.86,8.3841,0.03,392,2388,100.0,38.98,23.4059,207,182,Healthy,87.92,0
43,26,-0.0008,0.0004,100.0,518.67,642.57,1587.18,1396.91,14.62,21.6,554.44,2388.0,9059.15,1.3,47.35,522.21,2388.04,8137.01,8.3775,0.03,392,2388,100.0,39.07,23.4153,207,181,Healthy,87.44,0
43,27,0.0033,-0.0002,100.0,518.67,642.34,1581.22,1402.89,14.62,21.61,554.3,2388.03,9058.81,1.3,47.41,522.45,2388.02,8134.67,8.4042,0.03,392,2388,100.0,39.02,23.3972,207,180,Healthy,86.96,0
43,28,0.0007,0.0001,100.0,518.67,642.23,1590.76,1397.76,14.62,21.61,554.41,2388.04,9050.19,1.3,47.15,522.55,2388.01,8135.89,8.3836,0.03,391,2388,100.0,39.13,23.4409,207,179,Healthy,86.47,0
43,29,0.0016,0.0001,100.0,518.67,641.99,1586.08,1399.45,14.62,21.61,554.51,2388.03,9049.92,1.3,47.33,522.23,2388.01,8138.94,8.3853,0.03,392,2388,100.0,39.02,23.4582,207,178,Healthy,85.99,0
43,30,0.0017,0.0003,100.0,518.67,641.87,1586.0,1401.48,14.62,21.61,555.0,2388.05,9056.49,1.3,47.09,522.58,2387.98,8136.84,8.371,0.03,392,2388,100.0,39.09,23.4204,207,177,Healthy,85.51,0
43,31,0.0014,-0.0,100.0,518.67,642.16,1578.15,1395.89,14.62,21.6,554.47,2388.02,9050.11,1.3,47.23,522.12,2388.01,8140.24,8.4177,0.03,391,2388,100.0,39.1,23.3878,207,176,Healthy,85.02,0
43,32,-0.0047,0.0003,100.0,518.67,642.07,1587.17,1398.38,14.62,21.61,554.45,2388.05,9057.38,1.3,47.31,522.06,2388.02,8143.07,8.424,0.03,390,2388,100.0,39.08,23.4645,207,175,Healthy,84.54,0
43,33,-0.0007,0.0004,100.0,518.67,642.42,1579.29,1400.17,14.62,21.61,554.0,2388.05,9046.8,1.3,47.24,522.43,2388.06,8139.86,8.4318,0.03,392,2388,100.0,39.04,23.3001,207,174,Healthy,84.06,0
43,34,-0.0031,0.0004,100.0,518.67,642.83,1580.3,1397.26,14.62,21.61,554.61,2388.03,9057.05,1.3,47.14,522.08,2388.03,8132.62,8.3891,0.03,391,2388,100.0,39.1,23.4014,207,173,Healthy,83.57,0
43,35,-0.0042,-0.0004,100.0,518.67,641.89,1586.02,1394.03,14.62,21.61,554.35,2388.0,9054.58,1.3,47.14,522.31,2387.99,8134.15,8.4024,0.03,394,2388,100.0,39.0,23.3953,207,172,Healthy,83.09,0
43,36,0.0005,-0.0001,100.0,518.67,642.07,1586.2,1401.36,14.62,21.61,554.14,2388.02,9060.7,1.3,47.12,522.18,2388.01,8140.6,8.3917,0.03,391,2388,100.0,38.92,23.5067,207,171,Healthy,82.61,0
43,37,0.0046,-0.0003,100.0,518.67,642.07,1584.22,1401.09,14.62,21.61,554.43,2388.02,9046.6,1.3,47.24,522.55,2388.02,8138.24,8.4076,0.03,393,2388,100.0,39.17,23.3422,207,170,Healthy,82.13,0
43,38,0.0023,-0.0004,100.0,518.67,641.7,1587.69,1402.39,14.62,21.61,554.05,2388.08,9057.12,1.3,47.37,522.1,2388.06,8137.57,8.3769,0.03,391,2388,100.0,38.85,23.4556,207,169,Healthy,81.64,0
43,39,-0.0029,-0.0001,100.0,518.67,642.36,1583.99,1402.98,14.62,21.61,554.71,2388.02,9051.97,1.3,47.43,522.36,2388.0,8141.95,8.4003,0.03,391,2388,100.0,39.17,23.521,207,168,Healthy,81.16,0
43,40,-0.0004,0.0003,100.0,518.67,641.5,1582.71,1399.59,14.62,21.61,553.76,2388.02,9048.42,1.3,47.46,522.09,2388.0,8130.71,8.4176,0.03,393,2388,100.0,39.09,23.3125,207,167,Healthy,80.68,0
43,41,0.0003,0.0004,100.0,518.67,641.33,1578.11,1395.35,14.62,21.61,554.74,2388.02,9056.53,1.3,47.28,522.42,2388.04,8140.16,8.4254,0.03,392,2388,100.0,38.99,23.3278,207,166,Healthy,80.19,0
43,42,0.0015,-0.0004,100.0,518.67,642.14,1590.56,1393.56,14.62,21.6,554.06,2388.07,9057.91,1.3,47.25,522.09,2388.05,8139.21,8.4473,0.03,392,2388,100.0,39.07,23.3063,207,165,Healthy,79.71,0
43,43,-0.001,0.0002,100.0,518.67,642.22,1591.15,1401.26,14.62,21.61,553.76,2388.04,9052.57,1.3,47.25,522.52,2388.0,8136.14,8.3858,0.03,391,2388,100.0,38.96,23.3464,207,164,Healthy,79.23,0
43,44,0.001,0.0003,100.0,518.67,641.61,1587.39,1399.4,14.62,21.61,553.98,2387.96,9050.46,1.3,47.31,522.33,2387.95,8136.2,8.4139,0.03,394,2388,100.0,38.85,23.4877,207,163,Healthy,78.74,0
43,45,0.0047,0.0002,100.0,518.67,642.12,1574.46,1397.69,14.62,21.61,554.67,2387.98,9050.04,1.3,47.36,522.78,2387.99,8137.47,8.4349,0.03,391,2388,100.0,39.05,23.3792,207,162,Healthy,78.26,0
43,46,-0.0006,-0.0002,100.0,518.67,642.9,1592.46,1403.2,14.62,21.61,554.6,2388.08,9057.57,1.3,47.19,522.59,2388.04,8138.78,8.3896,0.03,391,2388,100.0,39.11,23.3661,207,161,Healthy,77.78,0
43,47,-0.0004,-0.0,100.0,518.67,642.65,1584.16,1397.52,14.62,21.61,554.55,2388.0,9064.76,1.3,47.4,522.57,2388.04,8134.58,8.389,0.03,393,2388,100.0,39.2,23.3325,207,160,Healthy,77.29,0
43,48,-0.0047,-0.0004,100.0,518.67,642.12,1588.77,1395.26,14.62,21.61,554.4,2387.99,9060.49,1.3,47.26,522.08,2388.03,8137.73,8.4192,0.03,393,2388,100.0,39.06,23.2875,207,159,Healthy,76.81,0
43,49,0.0019,0.0001,100.0,518.67,642.37,1585.87,1399.86,14.62,21.61,554.37,2388.01,9052.03,1.3,47.18,522.08,2388.08,8136.19,8.3971,0.03,392,2388,100.0,39.09,23.2944,207,158,Healthy,76.33,0
43,50,0.0035,0.0002,100.0,518.67,642.25,1581.7,1402.28,14.62,21.61,554.38,2388.04,9055.87,1.3,47.24,522.33,2388.05,8139.74,8.4052,0.03,392,2388,100.0,39.03,23.4292,207,157,Healthy,75.85,0
44,1,-0.0004,0.0004,100.0,518.67,642.34,1588.01,1399.96,14.62,21.61,554.28,2388.03,9061.49,1.3,47.17,522.14,2388.02,8145.19,8.4232,0.03,391,2388,100.0,39.06,23.3551,192,191,Healthy,99.48,0
44,2,0.0009,-0.0004,100.0,518.67,642.08,1589.48,1398.69,14.62,21.61,553.99,2388.05,9068.98,1.3,47.39,521.83,2388.01,8149.47,8.4033,0.03,393,2388,100.0,38.99,23.4454,192,190,Healthy,98.96,0
44,3,0.0022,-0.0003,100.0,518.67,642.48,1588.43,1403.39,14.62,21.61,554.36,2388.05,9065.18,1.3,47.24,522.13,2388.01,8141.87,8.405,0.03,392,2388,100.0,38.99,23.291,192,189,Healthy,98.44,0
44,4,0.0012,0.0003,100.0,518.67,642.25,1587.5,1400.65,14.62,21.61,554.13,2388.0,9066.56,1.3,47.18,522.17,2388.0,8153.43,8.4461,0.03,393,2388,100.0,38.95,23.4018,192,188,Healthy,97.92,0
44,5,-0.0003,0.0,100.0,518.67,642.27,1582.42,1397.06,14.62,21.61,554.61,2388.04,9069.94,1.3,47.23,522.48,2388.0,8150.8,8.373,0.03,392,2388,100.0,38.87,23.4902,192,187,Healthy,97.4,0
44,6,0.0021,-0.0002,100.0,518.67,642.26,1580.58,1395.61,14.62,21.61,554.0,2388.0,9068.57,1.3,47.32,521.72,2387.99,8148.98,8.4264,0.03,391,2388,100.0,39.07,23.4421,192,186,Healthy,96.88,0
44,7,0.0036,-0.0005,100.0,518.67,642.53,1586.86,1396.38,14.62,21.61,554.85,2387.95,9071.36,1.3,47.34,521.88,2388.03,8152.8,8.4094,0.03,392,2388,100.0,38.89,23.3565,192,185,Healthy,96.35,0
44,8,0.0023,0.0004,100.0,518.67,642.09,1582.29,1400.99,14.62,21.61,554.61,2387.99,9064.69,1.3,47.28,522.43,2388.0,8151.03,8.4175,0.03,393,2388,100.0,39.0,23.6127,192,184,Healthy,95.83,0
44,9,0.0008,-0.0,100.0,518.67,642.03,1583.63,1399.25,14.62,21.61,554.6,2388.05,9071.25,1.3,47.26,522.21,2388.02,8147.7,8.3943,0.03,392,2388,100.0,39.09,23.3312,192,183,Healthy,95.31,0
44,10,0.001,-0.0001,100.0,518.67,642.11,1587.75,1397.72,14.62,21.61,554.14,2388.02,9065.61,1.3,47.35,522.1,2388.05,8151.29,8.3928,0.03,393,2388,100.0,38.99,23.3664,192,182,Healthy,94.79,0
44,11,0.0005,0.0004,100.0,518.67,642.82,1585.92,1400.62,14.62,21.61,553.87,2387.99,9074.27,1.3,47.29,522.09,2388.02,8143.68,8.3933,0.03,392,2388,100.0,38.94,23.3275,192,181,Healthy,94.27,0
44,12,-0.0007,0.0004,100.0,518.67,641.87,1582.53,1401.81,14.62,21.61,554.91,2387.99,9070.32,1.3,47.36,521.9,2388.01,8150.23,8.3913,0.03,391,2388,100.0,39.03,23.3745,192,180,Healthy,93.75,0
44,13,-0.0029,0.0003,100.0,518.67,642.14,1581.03,1398.39,14.62,21.61,555.39,2388.03,9062.02,1.3,47.26,522.01,2388.02,8148.22,8.3979,0.03,393,2388,100.0,39.05,23.4597,192,179,Healthy,93.23,0
44,14,-0.0,-0.0001,100.0,518.67,642.05,1583.57,1397.95,14.62,21.61,554.14,2387.99,9073.43,1.3,47.29,522.02,2388.08,8150.16,8.4041,0.03,391,2388,100.0,39.04,23.4947,192,178,Healthy,92.71,0
44,15,0.0037,-0.0004,100.0,518.67,642.46,1586.98,1400.41,14.62,21.61,555.1,2388.04,9071.01,1.3,47.43,522.26,2388.0,8145.33,8.4075,0.03,391,2388,100.0,39.11,23.3766,192,177,Healthy,92.19,0
44,16,-0.0017,0.0,100.0,518.67,642.47,1586.89,1399.49,14.62,21.61,553.78,2388.03,9062.57,1.3,47.14,522.59,2388.03,8146.31,8.3916,0.03,392,2388,100.0,38.95,23.3416,192,176,Healthy,91.67,0
44,17,0.0039,-0.0001,100.0,518.67,641.87,1586.57,1392.66,14.62,21.61,553.6,2388.05,9075.58,1.3,47.17,522.47,2388.06,8142.34,8.3763,0.03,390,2388,100.0,39.22,23.3104,192,175,Healthy,91.15,0
44,18,0.0045,0.0002,100.0,518.67,642.34,1585.13,1398.5,14.62,21.61,554.48,2388.03,9060.72,1.3,47.33,522.1,2388.04,8149.03,8.4153,0.03,393,2388,100.0,38.97,23.4192,192,174,Healthy,90.62,0
44,19,-0.0008,-0.0001,100.0,518.67,642.22,1588.82,1397.23,14.62,21.61,554.51,2388.1,9063.16,1.3,47.41,522.05,2388.07,8146.34,8.4145,0.03,391,2388,100.0,39.05,23.423,192,173,Healthy,90.1,0
44,20,0.0012,0.0003,100.0,518.67,641.61,1585.55,1400.22,14.62,21.61,553.99,2388.02,9062.78,1.3,47.12,522.51,2388.0,8148.92,8.4086,0.03,390,2388,100.0,39.07,23.4179,192,172,Healthy,89.58,0
44,21,0.0026,-0.0001,100.0,518.67,642.27,1582.88,1400.56,14.62,21.61,555.07,2387.96,9059.52,1.3,47.5,521.91,2388.02,8147.44,8.4537,0.03,391,2388,100.0,39.11,23.4018,192,171,Healthy,89.06,0
44,22,0.0,-0.0005,100.0,518.67,642.64,1586.07,1402.21,14.62,21.61,554.02,2388.03,9068.32,1.3,47.45,522.39,2388.06,8146.76,8.3947,0.03,391,2388,100.0,38.87,23.2809,192,170,Healthy,88.54,0
44,23,-0.0002,-0.0002,100.0,518.67,642.35,1588.38,1407.4,14.62,21.61,554.16,2387.98,9064.61,1.3,47.16,522.86,2388.03,8152.7,8.4503,0.03,393,2388,100.0,38.78,23.4011,192,169,Healthy,88.02,0
44,24,-0.0029,-0.0005,100.0,518.67,642.01,1587.3,1403.85,14.62,21.61,554.71,2387.99,9065.44,1.3,47.13,522.48,2388.02,8153.64,8.3982,0.03,391,2388,100.0,39.17,23.3627,192,168,Healthy,87.5,0
44,25,0.0021,0.0005,100.0,518.67,641.9,1582.93,1407.01,14.62,21.61,554.11,2387.96,9063.75,1.3,47.11,522.28,2388.02,8146.85,8.3955,0.03,392,2388,100.0,38.92,23.247,192,167,Healthy,86.98,0
44,26,-0.0005,0.0003,100.0,518.67,642.17,1583.88,1407.53,14.62,21.61,554.4,2388.02,9066.35,1.3,47.24,522.16,2388.01,8141.77,8.3993,0.03,393,2388,100.0,39.02,23.3287,192,166,Healthy,86.46,0
44,27,-0.0036,-0.0003,100.0,518.67,641.95,1588.72,1402.76,14.62,21.61,554.18,2388.0,9062.5,1.3,47.28,522.37,2388.03,8145.59,8.4574,0.03,391,2388,100.0,39.07,23.3382,192,165,Healthy,85.94,0
44,28,-0.005,0.0001,100.0,518.67,642.54,1587.39,1402.16,14.62,21.6,553.51,2387.99,9071.97,1.3,47.25,522.32,2388.04,8147.23,8.4188,0.03,392,2388,100.0,39.14,23.4397,192,164,Healthy,85.42,0
44,29,-0.0013,-0.0004,100.0,518.67,642.5,1580.64,1399.05,14.62,21.61,554.29,2388.03,9073.66,1.3,47.36,522.64,2387.95,8155.26,8.4044,0.03,392,2388,100.0,38.98,23.2539,192,163,Healthy,84.9,0
44,30,0.0005,-0.0002,100.0,518.67,642.29,1582.46,1392.49,14.62,21.61,554.5,2387.96,9063.61,1.3,47.28,522.26,2387.98,8151.16,8.3982,0.03,392,2388,100.0,39.2,23.4601,192,162,Healthy,84.38,0
44,31,0.0008,-0.0,100.0,518.67,642.08,1583.63,1402.58,14.62,21.61,554.4,2387.97,9065.73,1.3,47.46,522.45,2388.07,8145.45,8.3823,0.03,392,2388,100.0,39.0,23.2312,192,161,Healthy,83.85,0
44,32,-0.0025,-0.0001,100.0,518.67,642.19,1581.05,1394.85,14.62,21.61,554.16,2388.02,9064.1,1.3,47.33,521.73,2388.07,8141.46,8.4179,0.03,393,2388,100.0,39.06,23.4209,192,160,Healthy,83.33,0
44,33,0.0003,0.0003,100.0,518.67,642.15,1584.41,1399.83,14.62,21.61,554.56,2388.04,9067.97,1.3,47.25,522.07,2388.05,8147.15,8.4303,0.03,391,2388,100.0,39.01,23.3702,192,159,Healthy,82.81,0
44,34,-0.0006,-0.0001,100.0,518.67,642.48,1584.48,1399.0,14.62,21.61,554.59,2388.01,9058.88,1.3,47.37,522.01,2388.01,8149.02,8.3729,0.03,391,2388,100.0,38.97,23.4094,192,158,Healthy,82.29,0
44,35,0.0035,0.0,100.0,518.67,642.3,1585.36,1399.18,14.62,21.61,554.04,2388.05,9065.14,1.3,47.26,522.36,2388.01,8147.0,8.3962,0.03,392,2388,100.0,39.04,23.4633,192,157,Healthy,81.77,0
44,36,0.0024,-0.0005,100.0,518.67,642.58,1584.78,1403.19,14.62,21.61,554.16,2388.01,9073.65,1.3,47.18,522.24,2388.06,8145.76,8.4097,0.03,392,2388,100.0,38.92,23.4262,192,156,Healthy,81.25,0
44,37,-0.0012,0.0002,100.0,518.67,642.6,1582.61,1394.51,14.62,21.61,553.78,2388.0,9063.49,1.3,47.23,522.22,2387.99,8148.73,8.4155,0.03,392,2388,100.0,38.9,23.398,192,155,Healthy,80.73,0
44,38,0.0002,0.0003,100.0,518.67,642.42,1586.97,1403.97,14.62,21.61,553.97,2388.01,9069.46,1.3,47.36,522.91,2388.01,8150.95,8.3752,0.03,391,2388,100.0,39.02,23.2856,192,154,Healthy,80.21,0
44,39,0.0012,-0.0003,100.0,518.67,642.18,1591.04,1394.96,14.62,21.61,553.98,2387.99,9075.7,1.3,47.35,521.75,2388.01,8154.62,8.3753,0.03,392,2388,100.0,39.18,23.3421,192,153,Healthy,79.69,0
44,40,-0.0033,0.0003,100.0,518.67,642.01,1591.54,1396.7,14.62,21.61,554.64,2388.0,9068.47,1.3,47.05,522.11,2388.02,8149.01,8.3909,0.03,390,2388,100.0,38.85,23.4245,192,152,Healthy,79.17,0
44,41,-0.0032,0.0004,100.0,518.67,642.12,1587.96,1394.48,14.62,21.61,554.26,2388.01,9060.24,1.3,47.31,522.53,2388.03,8151.48,8.4488,0.03,393,2388,100.0,38.96,23.3425,192,151,Healthy,78.65,0
44,42,0.0005,-0.0002,100.0,518.67,642.3,1581.61,1400.18,14.62,21.61,554.21,2388.06,9063.75,1.3,47.25,521.95,2387.99,8147.63,8.4141,0.03,394,2388,100.0,38.9,23.3654,192,150,Healthy,78.12,0
44,43,-0.0006,0.0003,100.0,518.67,642.85,1584.95,1405.43,14.62,21.61,554.6,2387.99,9069.04,1.3,47.25,521.94,2388.07,8148.05,8.4308,0.03,392,2388,100.0,39.21,23.3512,192,149,Healthy,77.6,0
44,44,-0.0026,-0.0001,100.0,518.67,642.52,1589.34,1403.83,14.62,21.61,553.4,2388.0,9074.0,1.3,47.04,522.59,2388.06,8144.04,8.3958,0.03,391,2388,100.0,38.99,23.3333,192,148,Healthy,77.08,0
44,45,-0.0041,0.0004,100.0,518.67,642.32,1588.13,1394.85,14.62,21.61,554.66,2388.04,9068.97,1.3,47.33,522.44,2388.06,8148.08,8.3786,0.03,391,2388,100.0,39.06,23.3534,192,147,Healthy,76.56,0
44,46,-0.0008,0.0003,100.0,518.67,641.89,1590.64,1398.48,14.62,21.61,553.87,2388.03,9066.21,1.3,47.33,521.81,2388.05,8149.15,8.4166,0.03,391,2388,100.0,38.97,23.3787,192,146,Healthy,76.04,0
44,47,-0.0012,0.0002,100.0,518.67,642.71,1587.24,1401.37,14.62,21.61,554.17,2387.99,9069.1,1.3,47.2,521.61,2388.03,8155.19,8.4197,0.03,393,2388,100.0,38.88,23.3449,192,145,Healthy,75.52,0
44,48,-0.0002,-0.0001,100.0,518.67,641.91,1585.57,1399.46,14.62,21.61,554.17,2388.04,9068.96,1.3,47.32,522.46,2388.01,8147.86,8.3808,0.03,390,2388,100.0,38.89,23.4847,192,144,Healthy,75.0,0
44,49,0.0024,-0.0001,100.0,518.67,642.17,1587.31,1392.92,14.62,21.61,554.13,2388.01,9067.32,1.3,47.33,522.2,2388.03,8144.5,8.4147,0.03,391,2388,100.0,38.88,23.417,192,143,Healthy,74.48,0
44,50,0.0002,-0.0002,100.0,518.67,642.27,1583.16,1400.73,14.62,21.61,554.57,2387.96,9063.74,1.3,47.26,522.32,2388.0,8149.32,8.4266,0.03,392,2388,100.0,38.88,23.4421,192,142,Healthy,73.96,0
45,1,0.0019,-0.0003,100.0,518.67,642.4,1584.27,1403.72,14.62,21.61,554.81,2387.99,9071.34,1.3,47.13,522.49,2387.95,8150.67,8.3918,0.03,391,2388,100.0,39.15,23.4142,158,157,Healthy,99.37,0
45,2,-0.0008,0.0001,100.0,518.67,642.57,1580.54,1398.95,14.62,21.61,554.31,2387.93,9068.79,1.3,47.2,522.53,2387.99,8155.6,8.3873,0.03,390,2388,100.0,39.01,23.4461,158,156,Healthy,98.73,0
45,3,0.0026,-0.0,100.0,518.67,641.83,1586.01,1396.16,14.62,21.61,554.86,2387.94,9072.93,1.3,47.03,522.4,2388.02,8156.34,8.4158,0.03,390,2388,100.0,38.97,23.3814,158,155,Healthy,98.1,0
45,4,-0.0006,0.0001,100.0,518.67,642.51,1588.56,1399.46,14.62,21.61,554.81,2387.97,9074.0,1.3,47.21,522.43,2387.96,8159.99,8.3862,0.03,392,2388,100.0,38.89,23.5169,158,154,Healthy,97.47,0
45,5,-0.0007,0.0,100.0,518.67,642.43,1577.38,1402.37,14.62,21.61,554.54,2387.94,9068.84,1.3,47.45,522.16,2388.02,8153.01,8.4016,0.03,391,2388,100.0,39.01,23.3457,158,153,Healthy,96.84,0
45,6,-0.0011,0.0001,100.0,518.67,642.25,1586.89,1394.36,14.62,21.61,554.91,2388.02,9068.47,1.3,47.14,522.52,2387.95,8149.79,8.3942,0.03,391,2388,100.0,38.98,23.4869,158,152,Healthy,96.2,0
45,7,0.0011,-0.0005,100.0,518.67,642.59,1586.75,1394.63,14.62,21.61,554.3,2388.01,9076.48,1.3,47.24,522.55,2388.02,8152.54,8.4392,0.03,391,2388,100.0,38.77,23.4211,158,151,Healthy,95.57,0
45,8,-0.0017,0.0001,100.0,518.67,641.75,1583.59,1397.04,14.62,21.61,554.83,2387.98,9071.25,1.3,47.22,522.6,2387.97,8143.72,8.4142,0.03,392,2388,100.0,39.08,23.4394,158,150,Healthy,94.94,0
45,9,-0.0038,-0.0003,100.0,518.67,642.48,1575.54,1393.75,14.62,21.6,554.93,2387.94,9077.86,1.3,47.33,522.57,2388.01,8150.72,8.3895,0.03,392,2388,100.0,38.86,23.3374,158,149,Healthy,94.3,0
45,10,0.0025,-0.0,100.0,518.67,642.19,1586.95,1395.36,14.62,21.61,554.75,2387.95,9077.97,1.3,47.26,522.29,2387.93,8154.64,8.4147,0.03,392,2388,100.0,39.09,23.3871,158,148,Healthy,93.67,0
45,11,0.0021,-0.0,100.0,518.67,642.04,1581.9,1395.97,14.62,21.61,554.93,2388.0,9064.09,1.3,47.21,521.71,2388.0,8151.27,8.3684,0.03,392,2388,100.0,39.0,23.4111,158,147,Healthy,93.04,0
45,12,-0.001,-0.0002,100.0,518.67,642.23,1589.56,1401.5,14.62,21.61,554.55,2387.95,9074.9,1.3,47.22,522.52,2387.95,8149.41,8.402,0.03,393,2388,100.0,39.0,23.4707,158,146,Healthy,92.41,0
45,13,0.0006,0.0004,100.0,518.67,641.83,1580.03,1396.11,14.62,21.61,554.64,2388.04,9074.75,1.3,47.18,523.07,2388.02,8157.31,8.4204,0.03,391,2388,100.0,38.95,23.4372,158,145,Healthy,91.77,0
45,14,-0.0015,-0.0005,100.0,518.67,642.2,1578.76,1395.27,14.62,21.61,554.56,2387.99,9076.98,1.3,47.0,522.68,2388.0,8154.58,8.3869,0.03,392,2388,100.0,38.98,23.463,158,144,Healthy,91.14,0
45,15,-0.0014,0.0003,100.0,518.67,642.15,1585.59,1399.03,14.62,21.61,555.12,2387.98,9068.15,1.3,47.34,521.74,2388.04,8152.81,8.3869,0.03,392,2388,100.0,38.99,23.3841,158,143,Healthy,90.51,0
45,16,-0.0039,-0.0001,100.0,518.67,642.28,1586.88,1396.88,14.62,21.61,554.87,2387.93,9068.3,1.3,47.22,522.23,2387.96,8150.84,8.3892,0.03,392,2388,100.0,38.98,23.5026,158,142,Healthy,89.87,0
45,17,-0.0008,0.0003,100.0,518.67,642.06,1583.64,1406.43,14.62,21.6,554.16,2388.0,9070.49,1.3,47.06,522.62,2388.05,8152.64,8.3696,0.03,391,2388,100.0,38.85,23.4428,158,141,Healthy,89.24,0
45,18,0.0036,-0.0005,100.0,518.67,642.47,1590.93,1400.46,14.62,21.61,554.32,2388.0,9067.69,1.3,47.2,522.26,2388.0,8158.15,8.4012,0.03,392,2388,100.0,39.0,23.3411,158,140,Healthy,88.61,0
45,19,-0.0027,0.0001,100.0,518.67,641.91,1584.73,1390.08,14.62,21.61,554.84,2388.01,9070.81,1.3,47.15,522.32,2387.96,8151.07,8.3959,0.03,392,2388,100.0,39.09,23.3803,158,139,Healthy,87.97,0
45,20,0.0024,0.0003,100.0,518.67,642.11,1589.46,1394.04,14.62,21.61,554.0,2388.01,9071.12,1.3,47.33,521.62,2387.96,8149.96,8.3932,0.03,391,2388,100.0,38.97,23.4737,158,138,Healthy,87.34,0
45,21,0.0005,-0.0003,100.0,518.67,642.23,1582.61,1396.32,14.62,21.6,554.12,2388.04,9079.16,1.3,47.15,522.02,2387.98,8149.71,8.3811,0.03,391,2388,100.0,39.15,23.3855,158,137,Healthy,86.71,0
45,22,0.0012,-0.0002,100.0,518.67,642.64,1583.37,1404.5,14.62,21.61,553.71,2387.93,9072.85,1.3,47.14,522.33,2387.99,8154.55,8.387,0.03,391,2388,100.0,39.12,23.4677,158,136,Healthy,86.08,0
45,23,-0.0039,-0.0004,100.0,518.67,642.31,1590.53,1391.76,14.62,21.61,554.6,2387.97,9070.83,1.3,47.17,522.41,2388.02,8158.59,8.4418,0.03,391,2388,100.0,38.92,23.3783,158,135,Healthy,85.44,0
45,24,-0.0008,-0.0001,100.0,518.67,642.15,1583.11,1406.04,14.62,21.61,554.47,2388.0,9071.34,1.3,47.3,522.31,2388.01,8152.79,8.4091,0.03,393,2388,100.0,38.96,23.3422,158,134,Healthy,84.81,0
45,25,0.0,-0.0001,100.0,518.67,642.74,1581.95,1397.36,14.62,21.61,553.77,2387.97,9074.31,1.3,47.18,522.57,2387.99,8154.97,8.3803,0.03,392,2388,100.0,39.09,23.4403,158,133,Healthy,84.18,0
45,26,0.0004,0.0002,100.0,518.67,641.57,1586.48,1405.01,14.62,21.61,554.65,2387.99,9076.04,1.3,47.24,522.29,2388.0,8151.66,8.3997,0.03,392,2388,100.0,39.16,23.4187,158,132,Healthy,83.54,0
45,27,-0.0039,-0.0002,100.0,518.67,641.64,1587.1,1403.04,14.62,21.6,554.16,2387.99,9070.97,1.3,47.18,522.41,2387.97,8150.2,8.3762,0.03,391,2388,100.0,39.01,23.5326,158,131,Healthy,82.91,0
45,28,0.0001,-0.0004,100.0,518.67,642.0,1588.32,1396.93,14.62,21.61,554.15,2387.99,9069.58,1.3,47.0,522.6,2388.02,8147.45,8.4205,0.03,392,2388,100.0,39.12,23.3835,158,130,Healthy,82.28,0
45,29,-0.0009,-0.0003,100.0,518.67,641.66,1586.43,1394.31,14.62,21.61,554.12,2388.0,9073.6,1.3,47.12,522.35,2387.96,8149.98,8.369,0.03,392,2388,100.0,38.84,23.4971,158,129,Healthy,81.65,0
45,30,0.0026,-0.0004,100.0,518.67,641.87,1578.31,1398.59,14.62,21.61,554.54,2387.96,9073.33,1.3,47.25,522.51,2388.0,8149.15,8.3854,0.03,393,2388,100.0,38.94,23.3643,158,128,Healthy,81.01,0
45,31,-0.0009,-0.0005,100.0,518.67,641.99,1592.57,1401.2,14.62,21.61,554.35,2388.02,9075.67,1.3,47.09,522.1,2388.0,8153.18,8.4278,0.03,390,2388,100.0,38.92,23.2955,158,127,Healthy,80.38,0
45,32,0.0002,-0.0005,100.0,518.67,642.83,1586.52,1395.14,14.62,21.61,555.01,2387.99,9080.29,1.3,47.26,522.09,2387.95,8147.43,8.4265,0.03,393,2388,100.0,38.98,23.4345,158,126,Healthy,79.75,0
45,33,-0.0003,0.0002,100.0,518.67,642.15,1587.98,1395.86,14.62,21.61,555.55,2388.01,9068.15,1.3,47.25,522.58,2388.0,8154.57,8.3851,0.03,391,2388,100.0,38.97,23.4007,158,125,Healthy,79.11,0
45,34,-0.0001,-0.0005,100.0,518.67,642.1,1592.79,1394.74,14.62,21.61,554.88,2388.04,9078.64,1.3,47.25,522.47,2387.95,8148.39,8.3669,0.03,391,2388,100.0,38.9,23.4692,158,124,Healthy,78.48,0
45,35,0.0036,0.0001,100.0,518.67,642.21,1585.5,1400.39,14.62,21.61,553.55,2387.98,9074.8,1.3,47.23,522.22,2388.02,8153.12,8.4195,0.03,391,2388,100.0,39.04,23.5263,158,123,Healthy,77.85,0
45,36,-0.0026,-0.0001,100.0,518.67,642.04,1585.16,1397.19,14.62,21.61,554.61,2388.0,9079.73,1.3,47.21,522.41,2388.03,8151.94,8.4203,0.03,389,2388,100.0,39.12,23.3833,158,122,Healthy,77.22,0
45,37,0.0028,0.0004,100.0,518.67,641.71,1580.55,1403.56,14.62,21.61,554.06,2388.01,9066.42,1.3,47.12,522.26,2387.98,8155.47,8.3982,0.03,394,2388,100.0,38.93,23.3336,158,121,Healthy,76.58,0
45,38,-0.0035,0.0003,100.0,518.67,642.21,1583.07,1401.91,14.62,21.61,554.7,2387.93,9074.13,1.3,47.21,522.53,2388.03,8152.47,8.4212,0.03,391,2388,100.0,38.96,23.4666,158,120,Early_Wear,75.95,0
45,39,-0.0012,0.0004,100.0,518.67,641.98,1589.63,1392.69,14.62,21.61,554.23,2388.0,9074.44,1.3,47.18,522.39,2388.01,8152.8,8.4237,0.03,391,2388,100.0,38.99,23.4472,158,119,Early_Wear,75.32,0
45,40,-0.0018,-0.0003,100.0,518.67,642.08,1581.91,1400.18,14.62,21.61,554.53,2388.03,9069.2,1.3,47.15,522.25,2387.92,8154.85,8.4236,0.03,391,2388,100.0,39.05,23.3772,158,118,Early_Wear,74.68,0
45,41,0.0006,-0.0003,100.0,518.67,642.24,1586.62,1400.5,14.62,21.61,554.2,2387.97,9069.24,1.3,47.42,522.64,2387.97,8153.24,8.3765,0.03,391,2388,100.0,38.82,23.3982,158,117,Early_Wear,74.05,0
45,42,-0.0022,-0.0002,100.0,518.67,642.32,1585.49,1396.96,14.62,21.61,553.89,2387.98,9069.85,1.3,47.13,522.65,2387.96,8152.29,8.3982,0.03,392,2388,100.0,38.9,23.4523,158,116,Early_Wear,73.42,0
45,43,0.0028,0.0003,100.0,518.67,642.17,1587.28,1401.41,14.62,21.61,554.97,2387.92,9071.84,1.3,47.14,522.6,2387.96,8152.4,8.3868,0.03,392,2388,100.0,39.08,23.5111,158,115,Early_Wear,72.78,0
45,44,-0.0001,-0.0001,100.0,518.67,642.07,1586.47,1394.7,14.62,21.61,553.98,2387.97,9074.08,1.3,47.09,522.27,2387.98,8145.36,8.4357,0.03,393,2388,100.0,38.85,23.3458,158,114,Early_Wear,72.15,0
45,45,-0.0002,-0.0005,100.0,518.67,642.15,1595.0,1398.05,14.62,21.61,554.16,2388.03,9079.61,1.3,47.23,522.57,2387.96,8160.05,8.3932,0.03,392,2388,100.0,38.99,23.302,158,113,Early_Wear,71.52,0
45,46,0.0013,-0.0005,100.0,518.67,643.17,1588.53,1401.57,14.62,21.61,554.66,2388.02,9062.84,1.3,47.31,521.68,2388.03,8152.05,8.4015,0.03,393,2388,100.0,38.92,23.4281,158,112,Early_Wear,70.89,0
45,47,0.0072,0.0004,100.0,518.67,641.91,1581.36,1403.25,14.62,21.61,555.01,2387.99,9074.87,1.3,47.14,522.51,2388.0,8156.51,8.4099,0.03,391,2388,100.0,39.06,23.3755,158,111,Early_Wear,70.25,0
45,48,0.0006,0.0003,100.0,518.67,642.02,1590.0,1392.41,14.62,21.61,554.45,2388.01,9069.51,1.3,47.26,521.92,2388.02,8151.33,8.393,0.03,391,2388,100.0,39.07,23.4273,158,110,Early_Wear,69.62,0
45,49,-0.001,-0.0,100.0,518.67,642.18,1580.0,1403.24,14.62,21.61,553.76,2388.02,9062.9,1.3,47.24,522.28,2388.06,8149.36,8.4343,0.03,391,2388,100.0,38.91,23.4004,158,109,Early_Wear,68.99,0
45,50,-0.0036,0.0001,100.0,518.67,641.62,1588.67,1404.79,14.62,21.61,554.23,2387.99,9072.56,1.3,47.47,522.37,2388.02,8155.53,8.3901,0.03,391,2388,100.0,38.94,23.4344,158,108,Early_Wear,68.35,0
46,1,0.0034,0.0002,100.0,518.67,642.37,1597.38,1391.37,14.62,21.6,553.92,2388.04,9063.04,1.3,47.2,522.42,2388.01,8137.89,8.4154,0.03,391,2388,100.0,39.13,23.3629,256,255,Healthy,99.61,0
46,2,0.0033,-0.0005,100.0,518.67,641.63,1581.33,1409.91,14.62,21.61,554.36,2388.03,9057.81,1.3,47.18,522.65,2388.03,8140.05,8.3768,0.03,390,2388,100.0,39.03,23.4022,256,254,Healthy,99.22,0
46,3,0.0005,-0.0001,100.0,518.67,642.33,1578.91,1397.54,14.62,21.61,553.62,2387.98,9056.65,1.3,47.33,522.53,2387.99,8142.08,8.3959,0.03,392,2388,100.0,39.15,23.3871,256,253,Healthy,98.83,0
46,4,-0.0007,-0.0002,100.0,518.67,642.0,1583.15,1396.42,14.62,21.61,555.05,2388.01,9067.27,1.3,47.19,522.21,2388.04,8146.28,8.4058,0.03,391,2388,100.0,39.11,23.4367,256,252,Healthy,98.44,0
46,5,-0.0011,-0.0003,100.0,518.67,641.83,1586.45,1398.25,14.62,21.61,553.8,2388.0,9057.52,1.3,47.15,522.35,2387.95,8140.86,8.3923,0.03,392,2388,100.0,39.06,23.4273,256,251,Healthy,98.05,0
46,6,-0.0025,-0.0001,100.0,518.67,642.42,1585.59,1400.48,14.62,21.6,554.65,2388.03,9055.37,1.3,46.97,522.35,2387.98,8146.62,8.4055,0.03,392,2388,100.0,39.0,23.431,256,250,Healthy,97.66,0
46,7,-0.0033,-0.0004,100.0,518.67,641.93,1584.73,1398.44,14.62,21.61,554.13,2388.06,9049.47,1.3,47.22,522.3,2388.01,8144.67,8.3926,0.03,391,2388,100.0,39.18,23.4234,256,249,Healthy,97.27,0
46,8,0.0017,-0.0004,100.0,518.67,642.07,1592.24,1402.27,14.62,21.61,554.05,2388.0,9067.84,1.3,47.16,522.32,2388.05,8139.77,8.4,0.03,392,2388,100.0,39.12,23.361,256,248,Healthy,96.88,0
46,9,-0.001,0.0001,100.0,518.67,641.96,1575.2,1400.12,14.62,21.61,554.9,2387.96,9063.14,1.3,47.07,522.59,2387.97,8143.89,8.3744,0.03,392,2388,100.0,39.03,23.4635,256,247,Healthy,96.48,0
46,10,0.0019,0.0002,100.0,518.67,641.89,1584.45,1400.74,14.62,21.61,554.38,2388.02,9055.43,1.3,47.04,522.28,2388.02,8140.02,8.414,0.03,392,2388,100.0,39.11,23.4381,256,246,Healthy,96.09,0
46,11,0.0027,-0.0005,100.0,518.67,642.35,1580.72,1392.87,14.62,21.61,554.11,2388.02,9057.08,1.3,47.21,522.13,2387.97,8143.31,8.4321,0.03,392,2388,100.0,39.0,23.3922,256,245,Healthy,95.7,0
46,12,0.0023,-0.0003,100.0,518.67,642.27,1579.14,1396.65,14.62,21.61,553.88,2388.04,9064.49,1.3,47.16,522.19,2387.99,8141.03,8.3862,0.03,392,2388,100.0,38.98,23.4034,256,244,Healthy,95.31,0
46,13,-0.0002,-0.0003,100.0,518.67,641.96,1578.4,1395.55,14.62,21.61,554.66,2388.02,9057.01,1.3,47.2,522.63,2387.98,8140.44,8.4539,0.03,391,2388,100.0,39.0,23.4838,256,243,Healthy,94.92,0
46,14,0.0009,0.0005,100.0,518.67,642.44,1590.72,1398.12,14.62,21.61,553.78,2388.04,9063.34,1.3,47.2,523.11,2388.02,8137.36,8.4041,0.03,392,2388,100.0,39.17,23.4927,256,242,Healthy,94.53,0
46,15,-0.0002,0.0001,100.0,518.67,642.53,1595.76,1394.38,14.62,21.61,554.34,2388.02,9061.9,1.3,47.35,522.53,2387.95,8142.46,8.4215,0.03,390,2388,100.0,39.03,23.4216,256,241,Healthy,94.14,0
46,16,0.0003,-0.0002,100.0,518.67,642.43,1580.42,1393.89,14.62,21.61,554.62,2388.02,9062.13,1.3,47.15,522.46,2387.98,8143.26,8.3871,0.03,391,2388,100.0,39.11,23.402,256,240,Healthy,93.75,0
46,17,0.0003,-0.0005,100.0,518.67,641.81,1582.04,1400.88,14.62,21.61,553.93,2388.01,9057.02,1.3,47.16,522.71,2387.99,8141.34,8.3976,0.03,391,2388,100.0,38.96,23.4,256,239,Healthy,93.36,0
46,18,0.0022,-0.0001,100.0,518.67,642.48,1577.11,1406.51,14.62,21.61,555.06,2388.06,9062.05,1.3,47.3,522.61,2388.03,8139.89,8.3903,0.03,392,2388,100.0,38.8,23.3161,256,238,Healthy,92.97,0
46,19,-0.0033,0.0001,100.0,518.67,642.22,1586.32,1399.89,14.62,21.61,553.74,2387.96,9058.52,1.3,47.14,522.21,2388.06,8141.78,8.3757,0.03,392,2388,100.0,39.08,23.5207,256,237,Healthy,92.58,0
46,20,0.0026,0.0002,100.0,518.67,641.98,1578.05,1396.41,14.62,21.61,554.42,2388.0,9056.82,1.3,47.23,522.31,2387.99,8140.56,8.3636,0.03,393,2388,100.0,39.04,23.4623,256,236,Healthy,92.19,0
46,21,-0.0011,-0.0001,100.0,518.67,641.66,1593.58,1400.84,14.62,21.61,554.67,2388.05,9054.32,1.3,47.22,522.15,2387.99,8140.16,8.4179,0.03,393,2388,100.0,38.84,23.4118,256,235,Healthy,91.8,0
46,22,-0.0024,0.0002,100.0,518.67,642.2,1589.03,1396.03,14.62,21.6,554.97,2388.02,9057.12,1.3,47.12,522.42,2388.02,8134.46,8.4078,0.03,393,2388,100.0,38.96,23.4641,256,234,Healthy,91.41,0
46,23,-0.0008,0.0002,100.0,518.67,642.09,1577.46,1393.88,14.62,21.61,554.33,2387.97,9054.54,1.3,47.13,522.87,2388.01,8142.43,8.4198,0.03,391,2388,100.0,38.89,23.4135,256,233,Healthy,91.02,0
46,24,0.0006,0.0004,100.0,518.67,641.54,1586.69,1406.26,14.62,21.61,554.31,2388.03,9051.35,1.3,47.26,522.39,2388.01,8148.63,8.3962,0.03,393,2388,100.0,38.87,23.4752,256,232,Healthy,90.62,0
46,25,0.0013,0.0002,100.0,518.67,641.9,1583.38,1399.16,14.62,21.61,554.18,2388.02,9058.81,1.3,47.36,522.76,2387.94,8147.42,8.372,0.03,393,2388,100.0,39.15,23.5212,256,231,Healthy,90.23,0
46,26,0.0028,0.0,100.0,518.67,642.09,1581.7,1397.53,14.62,21.6,554.09,2388.04,9052.05,1.3,47.25,522.51,2388.04,8141.89,8.3991,0.03,392,2388,100.0,39.02,23.3939,256,230,Healthy,89.84,0
46,27,0.0004,-0.0001,100.0,518.67,642.75,1582.76,1395.56,14.62,21.61,554.84,2388.06,9059.07,1.3,47.21,522.36,2388.02,8141.68,8.4032,0.03,390,2388,100.0,38.9,23.4244,256,229,Healthy,89.45,0
46,28,-0.0044,0.0004,100.0,518.67,641.25,1584.57,1400.69,14.62,21.61,554.85,2387.98,9059.0,1.3,47.13,522.55,2388.06,8142.12,8.3893,0.03,392,2388,100.0,39.11,23.4039,256,228,Healthy,89.06,0
46,29,0.0009,-0.0,100.0,518.67,642.19,1577.07,1398.68,14.62,21.61,554.35,2388.02,9059.82,1.3,47.13,521.76,2388.03,8144.92,8.4077,0.03,392,2388,100.0,39.13,23.485,256,227,Healthy,88.67,0
46,30,0.0038,0.0003,100.0,518.67,642.33,1578.99,1397.7,14.62,21.61,554.34,2388.01,9058.95,1.3,47.16,522.36,2388.0,8141.86,8.406,0.03,392,2388,100.0,39.14,23.4362,256,226,Healthy,88.28,0
46,31,0.002,-0.0005,100.0,518.67,642.35,1586.94,1396.89,14.62,21.6,554.66,2388.02,9058.14,1.3,47.05,522.3,2388.04,8134.38,8.3797,0.03,392,2388,100.0,39.16,23.3133,256,225,Healthy,87.89,0
46,32,-0.0031,-0.0003,100.0,518.67,641.39,1584.24,1403.01,14.62,21.61,554.53,2388.02,9056.41,1.3,47.14,522.52,2388.02,8148.08,8.4222,0.03,392,2388,100.0,39.08,23.3657,256,224,Healthy,87.5,0
46,33,0.0035,-0.0,100.0,518.67,642.32,1586.57,1400.78,14.62,21.61,554.86,2387.99,9055.39,1.3,47.26,522.41,2387.98,8140.48,8.3948,0.03,391,2388,100.0,39.04,23.3739,256,223,Healthy,87.11,0
46,34,0.0022,-0.0001,100.0,518.67,642.28,1584.32,1390.82,14.62,21.61,554.62,2387.98,9060.24,1.3,47.16,522.34,2388.03,8138.73,8.378,0.03,391,2388,100.0,39.03,23.3771,256,222,Healthy,86.72,0
46,35,-0.0,-0.0002,100.0,518.67,641.91,1585.18,1396.24,14.62,21.61,554.76,2387.98,9064.02,1.3,47.21,522.72,2388.06,8138.38,8.4236,0.03,392,2388,100.0,39.16,23.4367,256,221,Healthy,86.33,0
46,36,0.0023,-0.0004,100.0,518.67,642.14,1582.79,1398.65,14.62,21.61,554.65,2388.01,9060.26,1.3,47.37,522.28,2387.99,8136.86,8.4049,0.03,391,2388,100.0,38.96,23.4498,256,220,Healthy,85.94,0
46,37,0.0001,0.0003,100.0,518.67,642.44,1589.08,1399.04,14.62,21.61,554.37,2387.97,9064.85,1.3,47.13,522.39,2388.04,8139.44,8.3863,0.03,391,2388,100.0,39.14,23.4994,256,219,Healthy,85.55,0
46,38,0.0033,0.0,100.0,518.67,641.8,1592.73,1398.42,14.62,21.61,554.09,2387.99,9064.66,1.3,47.11,522.35,2388.01,8145.08,8.4093,0.03,391,2388,100.0,39.01,23.361,256,218,Healthy,85.16,0
46,39,-0.0001,-0.0003,100.0,518.67,642.51,1587.55,1400.02,14.62,21.61,553.54,2388.0,9059.85,1.3,47.16,522.85,2388.02,8142.67,8.3806,0.03,392,2388,100.0,38.95,23.4235,256,217,Healthy,84.77,0
46,40,-0.0008,0.0,100.0,518.67,642.26,1582.52,1402.52,14.62,21.61,554.6,2388.01,9052.98,1.3,47.13,522.81,2387.97,8137.32,8.4034,0.03,392,2388,100.0,39.0,23.4005,256,216,Healthy,84.38,0
46,41,0.0004,-0.0001,100.0,518.67,642.06,1586.78,1402.66,14.62,21.61,553.82,2388.04,9055.5,1.3,47.19,522.0,2387.99,8132.46,8.4117,0.03,392,2388,100.0,39.11,23.437,256,215,Healthy,83.98,0
46,42,-0.0007,-0.0001,100.0,518.67,642.58,1580.61,1402.43,14.62,21.61,555.52,2388.04,9057.95,1.3,47.14,522.59,2388.01,8136.29,8.4056,0.03,391,2388,100.0,38.95,23.3629,256,214,Healthy,83.59,0
46,43,0.0003,0.0003,100.0,518.67,641.91,1587.01,1398.94,14.62,21.61,554.43,2388.03,9054.4,1.3,47.17,522.04,2388.0,8137.39,8.4038,0.03,390,2388,100.0,39.17,23.5208,256,213,Healthy,83.2,0
46,44,0.0001,-0.0005,100.0,518.67,642.1,1585.31,1400.49,14.62,21.61,554.9,2387.98,9061.58,1.3,47.44,522.32,2388.04,8137.85,8.3807,0.03,391,2388,100.0,38.85,23.427,256,212,Healthy,82.81,0
46,45,-0.0032,0.0004,100.0,518.67,642.03,1582.99,1397.49,14.62,21.61,554.82,2388.0,9056.6,1.3,47.16,522.39,2387.95,8142.3,8.3736,0.03,392,2388,100.0,39.03,23.4351,256,211,Healthy,82.42,0
46,46,0.0013,0.0004,100.0,518.67,642.31,1585.1,1403.21,14.62,21.61,553.85,2388.04,9058.95,1.3,47.13,521.72,2388.05,8140.63,8.3888,0.03,390,2388,100.0,39.2,23.4145,256,210,Healthy,82.03,0
46,47,-0.0017,0.0002,100.0,518.67,642.1,1587.82,1394.22,14.62,21.61,554.52,2388.04,9054.49,1.3,47.2,522.36,2388.04,8140.56,8.4278,0.03,393,2388,100.0,38.95,23.4633,256,209,Healthy,81.64,0
46,48,-0.0005,0.0005,100.0,518.67,641.72,1586.79,1396.17,14.62,21.61,554.18,2388.08,9058.78,1.3,47.24,522.43,2388.02,8140.86,8.4034,0.03,391,2388,100.0,39.08,23.505,256,208,Healthy,81.25,0
46,49,0.0028,-0.0002,100.0,518.67,642.19,1584.21,1402.59,14.62,21.61,554.75,2388.06,9061.49,1.3,47.24,522.66,2387.98,8142.27,8.4296,0.03,393,2388,100.0,38.94,23.4069,256,207,Healthy,80.86,0
46,50,-0.0017,0.0003,100.0,518.67,641.88,1583.42,1399.0,14.62,21.61,554.32,2388.01,9061.67,1.3,47.34,521.85,2388.0,8142.49,8.4445,0.03,390,2388,100.0,38.99,23.3023,256,206,Healthy,80.47,0
47,1,0.0018,0.0001,100.0,518.67,642.27,1581.75,1402.34,14.62,21.61,554.99,2387.98,9059.4,1.3,47.21,522.64,2387.99,8144.86,8.4063,0.03,392,2388,100.0,39.09,23.2883,214,213,Healthy,99.53,0
47,2,0.003,0.0003,100.0,518.67,642.6,1575.94,1401.33,14.62,21.61,555.05,2388.0,9065.97,1.3,47.14,522.29,2388.01,8146.92,8.3743,0.03,392,2388,100.0,39.01,23.5057,214,212,Healthy,99.07,0
47,3,0.0032,-0.0003,100.0,518.67,641.69,1584.8,1398.87,14.62,21.61,554.75,2388.02,9061.19,1.3,47.06,522.82,2387.98,8148.92,8.3818,0.03,391,2388,100.0,39.1,23.4533,214,211,Healthy,98.6,0
47,4,0.0012,0.0002,100.0,518.67,642.01,1578.91,1387.93,14.62,21.61,555.21,2387.98,9060.55,1.3,47.12,523.31,2387.95,8148.12,8.3724,0.03,390,2388,100.0,39.2,23.4821,214,210,Healthy,98.13,0
47,5,0.0019,0.0001,100.0,518.67,641.86,1591.14,1397.29,14.62,21.61,554.99,2388.01,9064.86,1.3,47.22,522.54,2388.04,8153.72,8.3858,0.03,391,2388,100.0,39.02,23.4283,214,209,Healthy,97.66,0
47,6,-0.0013,0.0002,100.0,518.67,641.82,1571.99,1397.98,14.62,21.61,553.56,2387.95,9060.16,1.3,47.26,522.6,2388.02,8143.69,8.3724,0.03,392,2388,100.0,38.93,23.4899,214,208,Healthy,97.2,0
47,7,0.0044,0.0,100.0,518.67,641.85,1584.89,1406.01,14.62,21.61,554.63,2388.04,9066.62,1.3,47.18,522.33,2388.02,8146.4,8.3998,0.03,392,2388,100.0,39.02,23.2455,214,207,Healthy,96.73,0
47,8,0.0008,0.0002,100.0,518.67,641.62,1587.61,1397.07,14.62,21.6,554.31,2388.03,9066.85,1.3,47.13,522.2,2387.94,8146.9,8.3724,0.03,388,2388,100.0,39.02,23.517,214,206,Healthy,96.26,0
47,9,-0.0006,-0.0005,100.0,518.67,641.81,1581.84,1396.05,14.62,21.61,554.84,2388.0,9061.75,1.3,47.29,522.55,2387.96,8147.68,8.4158,0.03,392,2388,100.0,38.85,23.4162,214,205,Healthy,95.79,0
47,10,0.0009,-0.0005,100.0,518.67,641.86,1587.28,1400.35,14.62,21.61,554.04,2388.02,9070.63,1.3,47.12,522.09,2388.05,8145.79,8.395,0.03,392,2388,100.0,38.97,23.3734,214,204,Healthy,95.33,0
47,11,0.0013,-0.0001,100.0,518.67,641.95,1577.31,1398.69,14.62,21.61,554.24,2388.05,9054.8,1.3,47.27,522.1,2388.01,8149.89,8.3882,0.03,391,2388,100.0,39.14,23.4639,214,203,Healthy,94.86,0
47,12,0.0023,0.0002,100.0,518.67,642.14,1582.58,1404.15,14.62,21.61,554.83,2387.99,9061.05,1.3,47.3,522.16,2387.95,8146.83,8.4187,0.03,391,2388,100.0,38.97,23.3962,214,202,Healthy,94.39,0
47,13,0.0023,-0.0005,100.0,518.67,642.37,1581.81,1399.37,14.62,21.61,554.18,2388.01,9063.67,1.3,47.25,522.2,2388.02,8144.05,8.3798,0.03,391,2388,100.0,39.02,23.4168,214,201,Healthy,93.93,0
47,14,-0.0016,0.0004,100.0,518.67,642.08,1578.29,1395.7,14.62,21.61,554.21,2388.01,9070.42,1.3,47.13,522.17,2388.02,8147.25,8.4359,0.03,390,2388,100.0,39.08,23.4572,214,200,Healthy,93.46,0
47,15,-0.0005,0.0002,100.0,518.67,642.11,1590.53,1396.66,14.62,21.61,553.46,2387.98,9062.51,1.3,47.24,522.47,2388.02,8144.59,8.3994,0.03,390,2388,100.0,39.03,23.4858,214,199,Healthy,92.99,0
47,16,-0.0009,0.0,100.0,518.67,642.02,1588.73,1398.9,14.62,21.6,555.16,2387.97,9066.42,1.3,47.17,521.96,2387.98,8141.08,8.4188,0.03,392,2388,100.0,39.29,23.3971,214,198,Healthy,92.52,0
47,17,0.0024,0.0002,100.0,518.67,641.94,1580.17,1393.7,14.62,21.61,554.72,2388.01,9059.86,1.3,46.98,522.83,2388.01,8148.43,8.3896,0.03,392,2388,100.0,38.97,23.4019,214,197,Healthy,92.06,0
47,18,0.0026,-0.0005,100.0,518.67,642.56,1585.06,1400.7,14.62,21.61,554.32,2387.9,9064.85,1.3,47.05,522.78,2387.95,8149.09,8.4005,0.03,392,2388,100.0,39.02,23.495,214,196,Healthy,91.59,0
47,19,0.0014,-0.0005,100.0,518.67,642.2,1582.16,1395.54,14.62,21.61,554.24,2387.99,9067.02,1.3,47.43,522.82,2387.98,8144.83,8.3767,0.03,390,2388,100.0,39.09,23.3073,214,195,Healthy,91.12,0
47,20,0.001,-0.0002,100.0,518.67,641.98,1579.78,1405.51,14.62,21.61,554.98,2388.03,9065.74,1.3,47.27,522.38,2388.03,8140.33,8.4178,0.03,391,2388,100.0,39.07,23.3601,214,194,Healthy,90.65,0
47,21,0.0013,-0.0003,100.0,518.67,641.8,1586.68,1408.07,14.62,21.61,554.13,2388.02,9067.49,1.3,47.11,522.78,2388.04,8144.02,8.4339,0.03,392,2388,100.0,39.14,23.3738,214,193,Healthy,90.19,0
47,22,-0.0033,0.0001,100.0,518.67,641.88,1588.12,1398.95,14.62,21.61,554.66,2388.0,9059.01,1.3,47.15,522.01,2387.98,8148.65,8.3869,0.03,393,2388,100.0,38.9,23.3644,214,192,Healthy,89.72,0
47,23,0.0019,0.0001,100.0,518.67,642.33,1589.08,1405.64,14.62,21.6,554.69,2388.01,9074.08,1.3,47.21,522.28,2388.01,8144.33,8.3818,0.03,392,2388,100.0,38.99,23.3279,214,191,Healthy,89.25,0
47,24,-0.0024,-0.0003,100.0,518.67,641.97,1581.26,1400.66,14.62,21.61,554.69,2387.96,9068.9,1.3,47.2,522.1,2388.03,8144.81,8.3992,0.03,390,2388,100.0,39.05,23.3989,214,190,Healthy,88.79,0
47,25,0.0011,0.0003,100.0,518.67,641.97,1576.05,1397.31,14.62,21.61,554.12,2388.01,9062.56,1.3,47.11,521.76,2388.04,8144.69,8.394,0.03,390,2388,100.0,38.8,23.5406,214,189,Healthy,88.32,0
47,26,-0.004,-0.0001,100.0,518.67,642.01,1584.22,1403.91,14.62,21.61,554.17,2388.05,9065.92,1.3,47.27,522.44,2388.02,8146.25,8.3941,0.03,392,2388,100.0,39.24,23.4711,214,188,Healthy,87.85,0
47,27,0.0,-0.0004,100.0,518.67,641.35,1582.95,1404.14,14.62,21.61,554.63,2387.97,9067.49,1.3,46.94,522.45,2388.05,8148.68,8.4026,0.03,392,2388,100.0,39.04,23.4434,214,187,Healthy,87.38,0
47,28,-0.0011,0.0003,100.0,518.67,642.39,1586.61,1400.8,14.62,21.61,554.85,2387.99,9064.2,1.3,47.27,522.3,2388.0,8145.29,8.4185,0.03,390,2388,100.0,39.12,23.3532,214,186,Healthy,86.92,0
47,29,0.0021,0.0004,100.0,518.67,641.98,1582.56,1396.1,14.62,21.61,554.08,2388.03,9070.61,1.3,47.07,522.27,2387.96,8148.45,8.4059,0.03,392,2388,100.0,39.25,23.369,214,185,Healthy,86.45,0
47,30,-0.0016,-0.0001,100.0,518.67,641.88,1579.53,1393.06,14.62,21.61,554.5,2388.03,9063.39,1.3,47.12,522.26,2388.02,8148.28,8.3921,0.03,390,2388,100.0,39.04,23.3996,214,184,Healthy,85.98,0
47,31,-0.0042,-0.0005,100.0,518.67,642.18,1581.87,1393.44,14.62,21.61,554.89,2388.06,9066.92,1.3,47.17,522.17,2388.03,8145.65,8.4029,0.03,393,2388,100.0,38.91,23.4207,214,183,Healthy,85.51,0
47,32,-0.001,0.0001,100.0,518.67,643.04,1583.57,1392.99,14.62,21.61,554.0,2387.98,9063.22,1.3,47.2,522.1,2388.0,8145.7,8.3693,0.03,393,2388,100.0,38.94,23.3922,214,182,Healthy,85.05,0
47,33,0.0002,-0.0003,100.0,518.67,642.78,1587.47,1402.32,14.62,21.61,554.15,2388.03,9064.15,1.3,47.16,522.44,2388.0,8142.85,8.3755,0.03,392,2388,100.0,39.0,23.3781,214,181,Healthy,84.58,0
47,34,0.0029,-0.0003,100.0,518.67,642.43,1588.71,1402.53,14.62,21.61,554.52,2387.99,9063.86,1.3,47.12,522.56,2387.99,8143.79,8.3603,0.03,393,2388,100.0,39.22,23.3781,214,180,Healthy,84.11,0
47,35,-0.0,0.0004,100.0,518.67,642.82,1580.7,1397.95,14.62,21.61,554.51,2387.98,9069.29,1.3,47.38,522.87,2387.98,8146.35,8.4071,0.03,392,2388,100.0,38.98,23.4313,214,179,Healthy,83.64,0
47,36,-0.0008,-0.0,100.0,518.67,642.19,1582.73,1395.97,14.62,21.6,554.52,2388.04,9061.17,1.3,46.98,522.62,2388.0,8142.98,8.42,0.03,393,2388,100.0,38.93,23.3941,214,178,Healthy,83.18,0
47,37,0.0008,0.0001,100.0,518.67,642.43,1584.72,1395.16,14.62,21.61,554.67,2388.0,9063.29,1.3,47.1,522.56,2388.0,8147.49,8.418,0.03,391,2388,100.0,38.99,23.3671,214,177,Healthy,82.71,0
47,38,0.0013,-0.0003,100.0,518.67,641.77,1585.13,1399.56,14.62,21.61,554.34,2387.99,9064.13,1.3,47.09,522.08,2388.01,8141.99,8.3858,0.03,390,2388,100.0,39.12,23.4132,214,176,Healthy,82.24,0
47,39,0.0033,0.0002,100.0,518.67,641.68,1584.17,1401.82,14.62,21.61,554.09,2387.99,9068.76,1.3,47.15,521.83,2388.04,8148.28,8.3963,0.03,392,2388,100.0,39.01,23.3532,214,175,Healthy,81.78,0
47,40,-0.0009,0.0001,100.0,518.67,642.22,1584.92,1398.57,14.62,21.61,554.66,2388.01,9063.92,1.3,47.11,521.92,2387.99,8142.03,8.3957,0.03,390,2388,100.0,39.02,23.387,214,174,Healthy,81.31,0
47,41,0.0026,0.0004,100.0,518.67,642.1,1587.49,1395.16,14.62,21.61,554.33,2388.01,9066.93,1.3,47.11,522.5,2388.05,8144.65,8.4048,0.03,393,2388,100.0,39.07,23.4207,214,173,Healthy,80.84,0
47,42,-0.0007,-0.0,100.0,518.67,642.3,1577.88,1401.27,14.62,21.61,554.42,2388.05,9065.6,1.3,47.26,522.12,2388.01,8149.27,8.4308,0.03,391,2388,100.0,39.11,23.449,214,172,Healthy,80.37,0
47,43,-0.0002,0.0001,100.0,518.67,642.4,1586.97,1402.6,14.62,21.61,553.92,2387.99,9070.42,1.3,47.11,522.51,2387.99,8148.55,8.4122,0.03,391,2388,100.0,39.06,23.4204,214,171,Healthy,79.91,0
47,44,-0.0027,0.0004,100.0,518.67,642.25,1587.39,1397.36,14.62,21.61,554.44,2388.03,9067.51,1.3,47.21,522.91,2387.94,8143.71,8.3965,0.03,391,2388,100.0,39.04,23.3873,214,170,Healthy,79.44,0
47,45,-0.0012,0.0004,100.0,518.67,642.81,1583.7,1395.63,14.62,21.61,554.65,2387.98,9066.32,1.3,47.03,521.88,2388.01,8148.63,8.3898,0.03,392,2388,100.0,38.99,23.4644,214,169,Healthy,78.97,0
47,46,-0.0009,-0.0002,100.0,518.67,642.14,1590.31,1403.93,14.62,21.61,554.24,2388.01,9062.27,1.3,47.25,522.08,2388.06,8146.78,8.4002,0.03,391,2388,100.0,38.99,23.3927,214,168,Healthy,78.5,0
47,47,-0.0,0.0,100.0,518.67,642.07,1586.49,1392.74,14.62,21.61,554.6,2388.01,9067.96,1.3,47.12,522.16,2388.04,8146.52,8.4245,0.03,392,2388,100.0,39.09,23.3596,214,167,Healthy,78.04,0
47,48,0.0017,0.0001,100.0,518.67,641.94,1589.09,1400.99,14.62,21.61,554.37,2388.04,9064.46,1.3,47.19,522.3,2388.0,8146.12,8.421,0.03,392,2388,100.0,39.04,23.4083,214,166,Healthy,77.57,0
47,49,-0.0015,-0.0003,100.0,518.67,642.52,1587.69,1398.19,14.62,21.61,554.35,2388.01,9074.41,1.3,47.13,522.78,2388.02,8149.22,8.427,0.03,392,2388,100.0,39.12,23.4402,214,165,Healthy,77.1,0
47,50,0.0003,-0.0004,100.0,518.67,641.9,1582.73,1395.11,14.62,21.61,553.73,2388.04,9068.01,1.3,47.27,522.04,2388.01,8148.14,8.363,0.03,393,2388,100.0,39.04,23.3386,214,164,Healthy,76.64,0
48,1,0.0022,-0.0001,100.0,518.67,642.39,1576.34,1403.88,14.62,21.61,554.29,2388.01,9062.79,1.3,47.39,521.98,2388.02,8148.9,8.4149,0.03,391,2388,100.0,39.01,23.4323,231,230,Healthy,99.57,0
48,2,0.0033,-0.0,100.0,518.67,642.06,1581.14,1401.49,14.62,21.61,554.11,2387.98,9065.1,1.3,47.26,522.48,2387.99,8144.72,8.4182,0.03,394,2388,100.0,39.0,23.3808,231,229,Healthy,99.13,0
48,3,0.0026,-0.0004,100.0,518.67,642.07,1584.44,1404.37,14.62,21.61,554.97,2387.98,9060.38,1.3,47.38,522.65,2388.03,8145.33,8.3994,0.03,391,2388,100.0,39.17,23.4419,231,228,Healthy,98.7,0
48,4,0.0004,-0.0002,100.0,518.67,642.16,1585.47,1395.88,14.62,21.61,553.67,2388.01,9066.63,1.3,47.39,522.38,2388.03,8148.32,8.4051,0.03,393,2388,100.0,39.21,23.2644,231,227,Healthy,98.27,0
48,5,0.0022,0.0001,100.0,518.67,642.84,1586.98,1400.11,14.62,21.61,553.62,2387.98,9066.16,1.3,47.15,521.8,2388.04,8144.23,8.4181,0.03,394,2388,100.0,38.97,23.4096,231,226,Healthy,97.84,0
48,6,0.0015,0.0002,100.0,518.67,642.25,1587.09,1404.26,14.62,21.61,554.68,2387.97,9066.56,1.3,47.32,522.38,2387.99,8146.34,8.4022,0.03,392,2388,100.0,38.89,23.3299,231,225,Healthy,97.4,0
48,7,-0.004,0.0003,100.0,518.67,642.3,1582.04,1399.55,14.62,21.61,554.63,2387.98,9066.45,1.3,47.38,522.18,2388.03,8147.34,8.4022,0.03,391,2388,100.0,39.02,23.4346,231,224,Healthy,96.97,0
48,8,0.0025,0.0001,100.0,518.67,641.9,1576.47,1397.54,14.62,21.61,553.93,2387.98,9064.2,1.3,47.46,522.15,2388.06,8141.87,8.4118,0.03,391,2388,100.0,39.12,23.3935,231,223,Healthy,96.54,0
48,9,-0.0027,0.0001,100.0,518.67,642.04,1583.9,1396.15,14.62,21.61,554.66,2388.01,9068.56,1.3,47.16,522.13,2387.99,8144.64,8.4081,0.03,393,2388,100.0,38.96,23.3517,231,222,Healthy,96.1,0
48,10,0.003,-0.0001,100.0,518.67,642.86,1583.54,1394.31,14.62,21.61,554.63,2388.0,9058.86,1.3,46.94,521.96,2387.96,8149.69,8.39,0.03,391,2388,100.0,39.01,23.5182,231,221,Healthy,95.67,0
48,11,-0.0003,0.0005,100.0,518.67,642.33,1581.65,1401.42,14.62,21.61,554.17,2387.96,9065.92,1.3,47.27,521.87,2388.0,8150.89,8.4178,0.03,391,2388,100.0,38.85,23.4575,231,220,Healthy,95.24,0
48,12,0.0006,0.0001,100.0,518.67,642.4,1590.97,1396.97,14.62,21.61,554.52,2388.03,9059.34,1.3,47.16,522.4,2388.01,8144.6,8.3824,0.03,391,2388,100.0,39.01,23.4385,231,219,Healthy,94.81,0
48,13,0.0025,-0.0002,100.0,518.67,642.69,1581.93,1395.69,14.62,21.61,554.18,2388.03,9066.23,1.3,47.11,521.79,2387.97,8138.26,8.4151,0.03,392,2388,100.0,38.88,23.4703,231,218,Healthy,94.37,0
48,14,-0.0,-0.0002,100.0,518.67,642.28,1587.36,1394.82,14.62,21.6,554.22,2388.02,9069.23,1.3,47.01,522.16,2388.03,8143.53,8.4054,0.03,390,2388,100.0,38.96,23.3859,231,217,Healthy,93.94,0
48,15,-0.0036,-0.0001,100.0,518.67,642.17,1587.61,1394.65,14.62,21.6,554.16,2388.02,9070.49,1.3,47.31,522.47,2388.01,8148.07,8.4253,0.03,392,2388,100.0,39.14,23.4874,231,216,Healthy,93.51,0
48,16,0.0007,0.0002,100.0,518.67,642.13,1586.28,1389.4,14.62,21.61,554.62,2387.98,9062.83,1.3,47.33,522.66,2387.99,8144.07,8.4081,0.03,392,2388,100.0,39.0,23.3461,231,215,Healthy,93.07,0
48,17,0.0025,-0.0005,100.0,518.67,641.99,1588.51,1395.88,14.62,21.61,554.35,2387.95,9064.41,1.3,47.1,522.43,2388.03,8150.45,8.4168,0.03,392,2388,100.0,38.91,23.4134,231,214,Healthy,92.64,0
48,18,0.0006,0.0001,100.0,518.67,641.72,1584.75,1396.3,14.62,21.61,553.76,2388.05,9058.29,1.3,47.12,522.21,2387.97,8150.72,8.425,0.03,391,2388,100.0,38.88,23.4058,231,213,Healthy,92.21,0
48,19,-0.0012,-0.0004,100.0,518.67,642.57,1585.16,1395.01,14.62,21.61,554.61,2388.0,9061.12,1.3,47.38,522.46,2387.99,8143.83,8.4106,0.03,391,2388,100.0,38.91,23.3902,231,212,Healthy,91.77,0
48,20,0.0006,0.0003,100.0,518.67,641.78,1584.29,1403.8,14.62,21.61,553.69,2388.01,9065.94,1.3,47.12,522.7,2387.99,8144.96,8.3923,0.03,392,2388,100.0,38.95,23.381,231,211,Healthy,91.34,0
48,21,-0.0023,0.0004,100.0,518.67,641.93,1580.07,1398.66,14.62,21.61,554.15,2388.03,9064.54,1.3,47.18,522.21,2388.03,8147.33,8.3984,0.03,392,2388,100.0,39.07,23.4726,231,210,Healthy,90.91,0
48,22,0.0031,0.0004,100.0,518.67,642.34,1585.29,1409.48,14.62,21.61,554.65,2388.04,9066.3,1.3,47.06,522.49,2387.99,8148.61,8.4103,0.03,393,2388,100.0,38.92,23.4722,231,209,Healthy,90.48,0
48,23,-0.0004,0.0001,100.0,518.67,642.51,1572.34,1401.51,14.62,21.6,554.21,2388.03,9060.99,1.3,47.24,522.37,2388.03,8147.17,8.3828,0.03,392,2388,100.0,39.1,23.2976,231,208,Healthy,90.04,0
48,24,-0.0023,0.0002,100.0,518.67,642.16,1587.86,1399.38,14.62,21.61,554.73,2388.04,9063.43,1.3,47.21,522.18,2388.04,8144.37,8.452,0.03,392,2388,100.0,38.97,23.4347,231,207,Healthy,89.61,0
48,25,0.0007,0.0001,100.0,518.67,642.04,1581.05,1390.8,14.62,21.61,554.37,2388.03,9058.03,1.3,47.04,522.26,2388.01,8149.78,8.3806,0.03,392,2388,100.0,38.99,23.4623,231,206,Healthy,89.18,0
48,26,0.0009,-0.0001,100.0,518.67,642.17,1588.21,1396.71,14.62,21.61,554.59,2388.02,9063.8,1.3,47.21,522.44,2388.06,8146.97,8.3984,0.03,390,2388,100.0,38.98,23.3157,231,205,Healthy,88.74,0
48,27,0.0022,0.0001,100.0,518.67,642.32,1583.89,1395.44,14.62,21.61,554.17,2387.99,9063.6,1.3,47.44,522.13,2388.03,8150.42,8.4059,0.03,391,2388,100.0,38.99,23.435,231,204,Healthy,88.31,0
48,28,0.0013,-0.0003,100.0,518.67,641.94,1578.18,1400.78,14.62,21.61,553.91,2388.01,9065.02,1.3,47.31,522.05,2387.99,8151.99,8.3972,0.03,391,2388,100.0,38.85,23.3393,231,203,Healthy,87.88,0
48,29,0.0009,0.0002,100.0,518.67,641.87,1589.61,1396.77,14.62,21.61,553.84,2387.98,9066.41,1.3,47.1,522.45,2387.99,8147.49,8.4041,0.03,392,2388,100.0,39.09,23.4955,231,202,Healthy,87.45,0
48,30,-0.001,-0.0,100.0,518.67,641.98,1590.33,1393.3,14.62,21.61,553.65,2388.02,9057.96,1.3,47.3,522.73,2388.0,8142.15,8.4048,0.03,391,2388,100.0,38.94,23.3828,231,201,Healthy,87.01,0
48,31,0.0055,0.0004,100.0,518.67,642.28,1587.01,1398.14,14.62,21.61,553.86,2387.99,9067.04,1.3,47.28,521.99,2387.99,8149.31,8.4127,0.03,391,2388,100.0,39.25,23.3682,231,200,Healthy,86.58,0
48,32,-0.0036,-0.0004,100.0,518.67,642.58,1584.43,1399.54,14.62,21.6,554.79,2388.01,9060.82,1.3,47.2,521.79,2388.01,8153.82,8.397,0.03,391,2388,100.0,38.96,23.4056,231,199,Healthy,86.15,0
48,33,0.0013,-0.0001,100.0,518.67,642.27,1582.17,1398.03,14.62,21.61,554.42,2388.03,9059.03,1.3,47.24,522.48,2387.98,8142.09,8.4372,0.03,393,2388,100.0,38.91,23.3628,231,198,Healthy,85.71,0
48,34,-0.0015,-0.0001,100.0,518.67,642.31,1576.99,1401.23,14.62,21.61,553.73,2387.99,9070.98,1.3,47.33,522.62,2388.01,8144.97,8.3651,0.03,392,2388,100.0,39.12,23.3232,231,197,Healthy,85.28,0
48,35,0.0034,-0.0001,100.0,518.67,641.84,1583.47,1393.4,14.62,21.61,553.66,2388.03,9067.72,1.3,47.15,522.66,2388.08,8145.03,8.438,0.03,391,2388,100.0,38.72,23.4334,231,196,Healthy,84.85,0
48,36,0.0001,0.0005,100.0,518.67,642.2,1589.6,1406.3,14.62,21.61,553.91,2387.98,9057.89,1.3,47.31,522.45,2388.06,8147.64,8.4164,0.03,390,2388,100.0,39.08,23.4601,231,195,Healthy,84.42,0
48,37,-0.0011,0.0001,100.0,518.67,642.45,1583.54,1395.63,14.62,21.6,553.39,2388.02,9064.29,1.3,47.11,522.06,2388.03,8146.17,8.3687,0.03,392,2388,100.0,39.08,23.4468,231,194,Healthy,83.98,0
48,38,0.0006,-0.0001,100.0,518.67,642.52,1583.12,1403.58,14.62,21.61,554.97,2387.99,9068.09,1.3,47.24,522.41,2388.01,8151.48,8.4222,0.03,392,2388,100.0,38.92,23.3366,231,193,Healthy,83.55,0
48,39,-0.002,0.0004,100.0,518.67,642.17,1584.48,1403.94,14.62,21.61,553.5,2387.98,9067.03,1.3,47.29,522.2,2387.95,8149.6,8.3819,0.03,393,2388,100.0,39.09,23.3152,231,192,Healthy,83.12,0
48,40,-0.0019,-0.0005,100.0,518.67,642.37,1580.52,1402.27,14.62,21.61,554.0,2388.01,9061.16,1.3,47.1,522.27,2387.99,8142.88,8.3993,0.03,392,2388,100.0,39.15,23.4574,231,191,Healthy,82.68,0
48,41,0.0003,-0.0005,100.0,518.67,641.92,1592.88,1398.46,14.62,21.6,553.61,2387.97,9069.62,1.3,47.33,522.23,2388.02,8147.85,8.4133,0.03,392,2388,100.0,38.99,23.4511,231,190,Healthy,82.25,0
48,42,-0.0002,-0.0004,100.0,518.67,641.86,1591.61,1396.98,14.62,21.61,554.32,2388.02,9060.38,1.3,47.13,522.2,2387.99,8147.53,8.3996,0.03,391,2388,100.0,38.82,23.4084,231,189,Healthy,81.82,0
48,43,-0.0,-0.0002,100.0,518.67,641.95,1587.48,1398.16,14.62,21.61,553.89,2388.01,9068.92,1.3,47.07,521.94,2387.98,8144.91,8.4259,0.03,392,2388,100.0,38.89,23.2892,231,188,Healthy,81.39,0
48,44,-0.0013,0.0005,100.0,518.67,642.02,1588.3,1400.69,14.62,21.6,554.58,2387.97,9063.5,1.3,47.05,522.01,2388.03,8146.44,8.3957,0.03,391,2388,100.0,39.05,23.4356,231,187,Healthy,80.95,0
48,45,0.0005,0.0001,100.0,518.67,642.43,1583.17,1406.77,14.62,21.61,554.8,2388.04,9063.39,1.3,47.16,522.12,2388.07,8137.78,8.3878,0.03,392,2388,100.0,38.72,23.3696,231,186,Healthy,80.52,0
48,46,0.0015,0.0001,100.0,518.67,642.1,1591.04,1404.53,14.62,21.61,554.63,2388.05,9067.78,1.3,47.21,522.69,2388.0,8149.34,8.3794,0.03,391,2388,100.0,39.06,23.3096,231,185,Healthy,80.09,0
48,47,0.001,-0.0005,100.0,518.67,642.22,1586.22,1394.9,14.62,21.61,554.28,2388.04,9062.28,1.3,47.24,521.99,2388.04,8147.93,8.4026,0.03,394,2388,100.0,39.0,23.3863,231,184,Healthy,79.65,0
48,48,0.0022,-0.0001,100.0,518.67,641.83,1583.38,1396.86,14.62,21.61,554.11,2388.01,9068.76,1.3,47.27,522.09,2387.94,8148.96,8.4226,0.03,391,2388,100.0,39.01,23.3603,231,183,Healthy,79.22,0
48,49,-0.0025,0.0001,100.0,518.67,642.54,1589.97,1408.52,14.62,21.61,554.07,2388.01,9063.1,1.3,47.2,522.41,2387.97,8149.09,8.3885,0.03,390,2388,100.0,39.16,23.4253,231,182,Healthy,78.79,0
48,50,0.0009,0.0002,100.0,518.67,642.12,1590.3,1400.48,14.62,21.61,554.59,2388.01,9064.86,1.3,47.23,522.22,2388.02,8143.03,8.4059,0.03,392,2388,100.0,39.09,23.3963,231,181,Healthy,78.35,0
49,1,0.0019,0.0002,100.0,518.67,642.31,1595.57,1401.2,14.62,21.61,553.33,2388.12,9041.44,1.3,47.52,521.72,2388.12,8128.95,8.419,0.03,394,2388,100.0,38.87,23.3481,215,214,Healthy,99.53,0
49,2,-0.0023,0.0001,100.0,518.67,642.37,1583.9,1400.51,14.62,21.61,553.25,2388.1,9044.2,1.3,47.54,521.68,2388.12,8121.26,8.4351,0.03,392,2388,100.0,38.62,23.229,215,213,Healthy,99.07,0
49,3,-0.0014,0.0002,100.0,518.67,643.07,1588.82,1408.52,14.62,21.61,553.36,2388.14,9044.87,1.3,47.51,521.15,2388.14,8126.3,8.4225,0.03,392,2388,100.0,38.77,23.2212,215,212,Healthy,98.6,0
49,4,0.0014,-0.0004,100.0,518.67,642.74,1589.17,1410.89,14.62,21.61,553.59,2388.13,9044.73,1.3,47.3,521.25,2388.1,8130.1,8.4122,0.03,393,2388,100.0,38.9,23.1871,215,211,Healthy,98.14,0
49,5,-0.0018,0.0004,100.0,518.67,642.67,1597.75,1406.88,14.62,21.61,553.22,2388.06,9038.16,1.3,47.42,521.43,2388.1,8118.92,8.4456,0.03,393,2388,100.0,38.79,23.2603,215,210,Healthy,97.67,0
49,6,-0.0052,-0.0003,100.0,518.67,642.48,1591.5,1406.92,14.62,21.61,553.69,2388.14,9038.0,1.3,47.53,522.11,2388.17,8128.21,8.4061,0.03,392,2388,100.0,38.8,23.3882,215,209,Healthy,97.21,0
49,7,0.0024,-0.0002,100.0,518.67,642.79,1586.42,1403.15,14.62,21.61,553.81,2388.04,9042.66,1.3,47.42,521.31,2388.09,8125.82,8.4086,0.03,392,2388,100.0,38.79,23.2537,215,208,Healthy,96.74,0
49,8,0.0032,0.0002,100.0,518.67,642.84,1583.72,1402.64,14.62,21.61,553.39,2388.14,9052.53,1.3,47.39,521.24,2388.08,8121.69,8.415,0.03,393,2388,100.0,38.85,23.3083,215,207,Healthy,96.28,0
49,9,-0.001,0.0001,100.0,518.67,642.54,1589.21,1408.57,14.62,21.61,553.43,2388.13,9048.25,1.3,47.6,521.3,2388.13,8129.77,8.4307,0.03,392,2388,100.0,38.84,23.2707,215,206,Healthy,95.81,0
49,10,0.0001,0.0001,100.0,518.67,642.1,1582.51,1402.66,14.62,21.61,553.28,2388.08,9045.12,1.3,47.44,521.48,2388.12,8129.52,8.4286,0.03,394,2388,100.0,38.91,23.21,215,205,Healthy,95.35,0
49,11,-0.0026,0.0003,100.0,518.67,642.65,1586.08,1406.77,14.62,21.61,553.89,2388.11,9041.0,1.3,47.44,521.85,2388.1,8127.82,8.4157,0.03,392,2388,100.0,38.85,23.3905,215,204,Healthy,94.88,0
49,12,-0.0016,0.0002,100.0,518.67,641.96,1591.5,1404.06,14.62,21.61,553.66,2388.16,9036.62,1.3,47.56,521.78,2388.1,8124.51,8.386,0.03,392,2388,100.0,38.89,23.3118,215,203,Healthy,94.42,0
49,13,-0.0025,-0.0004,100.0,518.67,642.66,1584.42,1389.68,14.62,21.61,552.93,2388.1,9050.28,1.3,47.52,521.87,2388.14,8123.05,8.4244,0.03,393,2388,100.0,39.14,23.2094,215,202,Healthy,93.95,0
49,14,0.0011,-0.0003,100.0,518.67,642.46,1582.09,1412.11,14.62,21.61,554.38,2388.09,9050.1,1.3,47.63,521.81,2388.13,8121.3,8.4668,0.03,391,2388,100.0,38.76,23.3011,215,201,Healthy,93.49,0
49,15,-0.0027,0.0001,100.0,518.67,642.69,1586.17,1406.92,14.62,21.61,553.34,2388.11,9052.51,1.3,47.59,521.24,2388.1,8127.6,8.42,0.03,395,2388,100.0,38.78,23.2952,215,200,Healthy,93.02,0
49,16,0.0003,-0.0004,100.0,518.67,642.53,1588.85,1405.52,14.62,21.61,553.11,2388.13,9050.71,1.3,47.38,522.02,2388.08,8122.41,8.4268,0.03,393,2388,100.0,38.87,23.4287,215,199,Healthy,92.56,0
49,17,0.0011,-0.0002,100.0,518.67,642.56,1593.82,1410.71,14.62,21.61,553.73,2388.12,9043.58,1.3,47.46,521.83,2388.13,8129.76,8.441,0.03,392,2388,100.0,38.85,23.2939,215,198,Healthy,92.09,0
49,18,-0.0001,-0.0005,100.0,518.67,642.75,1593.13,1406.56,14.62,21.61,553.37,2388.1,9047.39,1.3,47.6,521.63,2388.18,8124.01,8.3984,0.03,393,2388,100.0,38.94,23.1498,215,197,Healthy,91.63,0
49,19,0.0,0.0001,100.0,518.67,642.42,1581.02,1396.56,14.62,21.61,552.79,2388.13,9052.51,1.3,47.44,521.78,2388.11,8121.95,8.4266,0.03,392,2388,100.0,38.82,23.2514,215,196,Healthy,91.16,0
49,20,-0.0021,-0.0,100.0,518.67,642.7,1586.6,1406.91,14.62,21.61,553.45,2388.16,9047.83,1.3,47.56,521.66,2388.14,8134.64,8.4143,0.03,393,2388,100.0,38.77,23.2923,215,195,Healthy,90.7,0
49,21,0.0001,0.0003,100.0,518.67,642.28,1597.79,1401.38,14.62,21.61,553.74,2388.08,9038.49,1.3,47.41,521.62,2388.11,8127.2,8.4262,0.03,393,2388,100.0,38.84,23.3315,215,194,Healthy,90.23,0
49,22,0.0028,-0.0005,100.0,518.67,642.91,1588.33,1404.09,14.62,21.61,553.31,2388.12,9054.22,1.3,47.52,521.65,2388.12,8125.94,8.4206,0.03,393,2388,100.0,38.84,23.2878,215,193,Healthy,89.77,0
49,23,0.0013,-0.0002,100.0,518.67,642.27,1588.82,1408.5,14.62,21.61,553.57,2388.15,9035.05,1.3,47.2,521.44,2388.13,8128.59,8.4183,0.03,394,2388,100.0,38.89,23.3006,215,192,Healthy,89.3,0
49,24,0.001,-0.0001,100.0,518.67,643.54,1581.77,1408.63,14.62,21.61,553.81,2388.1,9043.09,1.3,47.44,521.03,2388.08,8121.02,8.4238,0.03,393,2388,100.0,38.63,23.2887,215,191,Healthy,88.84,0
49,25,0.0023,-0.0002,100.0,518.67,643.03,1590.76,1404.64,14.62,21.61,553.99,2388.08,9049.72,1.3,47.51,521.42,2388.11,8124.23,8.4059,0.03,391,2388,100.0,38.76,23.368,215,190,Healthy,88.37,0
49,26,-0.0005,-0.0002,100.0,518.67,642.17,1589.64,1408.56,14.62,21.61,553.42,2388.09,9042.85,1.3,47.56,521.78,2388.1,8120.35,8.4198,0.03,392,2388,100.0,38.89,23.3934,215,189,Healthy,87.91,0
49,27,-0.0007,0.0004,100.0,518.67,642.41,1592.51,1409.84,14.62,21.61,553.69,2388.13,9046.1,1.3,47.49,521.6,2388.13,8122.99,8.4303,0.03,392,2388,100.0,38.94,23.2167,215,188,Healthy,87.44,0
49,28,-0.0007,0.0003,100.0,518.67,642.25,1584.27,1405.18,14.62,21.61,553.62,2388.1,9049.57,1.3,47.39,521.82,2388.1,8123.05,8.426,0.03,393,2388,100.0,38.91,23.3103,215,187,Healthy,86.98,0
49,29,0.0004,0.0001,100.0,518.67,643.17,1589.79,1411.59,14.62,21.61,553.16,2388.16,9041.75,1.3,47.53,521.31,2388.1,8118.11,8.416,0.03,394,2388,100.0,39.05,23.3732,215,186,Healthy,86.51,0
49,30,-0.0006,0.0002,100.0,518.67,642.59,1584.97,1402.61,14.62,21.61,553.21,2388.08,9041.51,1.3,47.31,521.58,2388.1,8125.89,8.4391,0.03,393,2388,100.0,38.78,23.2756,215,185,Healthy,86.05,0
49,31,0.0001,-0.0003,100.0,518.67,642.51,1589.2,1403.36,14.62,21.61,553.46,2388.14,9041.32,1.3,47.37,521.06,2388.12,8124.1,8.4114,0.03,393,2388,100.0,38.74,23.3764,215,184,Healthy,85.58,0
49,32,-0.0014,-0.0002,100.0,518.67,642.93,1589.06,1409.03,14.62,21.61,552.88,2388.17,9042.04,1.3,47.71,521.37,2388.14,8127.59,8.3945,0.03,392,2388,100.0,38.87,23.2173,215,183,Healthy,85.12,0
49,33,-0.002,0.0002,100.0,518.67,642.05,1590.63,1408.19,14.62,21.61,553.32,2388.12,9042.16,1.3,47.69,521.32,2388.15,8123.6,8.4585,0.03,394,2388,100.0,38.9,23.2626,215,182,Healthy,84.65,0
49,34,-0.0006,-0.0001,100.0,518.67,642.65,1593.91,1404.79,14.62,21.61,553.29,2388.11,9042.22,1.3,47.41,521.56,2388.13,8118.93,8.4204,0.03,393,2388,100.0,38.84,23.3675,215,181,Healthy,84.19,0
49,35,-0.0008,-0.0004,100.0,518.67,643.45,1590.74,1404.67,14.62,21.61,553.56,2388.12,9045.23,1.3,47.24,521.99,2388.08,8129.16,8.4142,0.03,393,2388,100.0,39.04,23.1894,215,180,Healthy,83.72,0
49,36,0.0038,0.0003,100.0,518.67,641.9,1591.63,1404.88,14.62,21.61,553.57,2388.12,9042.5,1.3,47.51,521.43,2388.14,8123.04,8.4674,0.03,393,2388,100.0,38.95,23.2955,215,179,Healthy,83.26,0
49,37,-0.0006,0.0001,100.0,518.67,642.49,1592.13,1408.03,14.62,21.61,554.29,2388.14,9049.26,1.3,47.55,521.51,2388.14,8127.96,8.4318,0.03,393,2388,100.0,38.95,23.2534,215,178,Healthy,82.79,0
49,38,0.0014,-0.0005,100.0,518.67,642.64,1583.5,1409.77,14.62,21.61,553.69,2388.07,9049.03,1.3,47.63,521.5,2388.09,8125.54,8.419,0.03,393,2388,100.0,38.75,23.3002,215,177,Healthy,82.33,0
49,39,-0.0023,-0.0002,100.0,518.67,642.39,1582.69,1404.45,14.62,21.61,553.25,2388.1,9041.99,1.3,47.55,521.35,2388.11,8126.35,8.4512,0.03,393,2388,100.0,38.77,23.3319,215,176,Healthy,81.86,0
49,40,-0.0009,0.0002,100.0,518.67,642.29,1585.78,1410.14,14.62,21.61,553.36,2388.14,9041.12,1.3,47.45,521.5,2388.15,8121.9,8.4687,0.03,393,2388,100.0,38.75,23.3071,215,175,Healthy,81.4,0
49,41,0.0041,-0.0002,100.0,518.67,642.77,1589.44,1411.41,14.62,21.61,553.92,2388.12,9046.19,1.3,47.42,521.86,2388.09,8122.96,8.4625,0.03,393,2388,100.0,38.87,23.303,215,174,Healthy,80.93,0
49,42,-0.0029,-0.0004,100.0,518.67,642.81,1591.09,1401.27,14.62,21.61,553.08,2388.1,9039.47,1.3,47.54,521.68,2388.14,8121.85,8.4485,0.03,392,2388,100.0,38.84,23.3008,215,173,Healthy,80.47,0
49,43,0.0007,0.0003,100.0,518.67,642.41,1586.5,1407.63,14.62,21.61,553.37,2388.17,9049.53,1.3,47.56,521.66,2388.08,8127.64,8.3887,0.03,392,2388,100.0,38.88,23.3528,215,172,Healthy,80.0,0
49,44,0.0003,0.0005,100.0,518.67,642.46,1586.31,1410.46,14.62,21.61,552.87,2388.12,9037.6,1.3,47.54,521.43,2388.13,8122.48,8.444,0.03,393,2388,100.0,38.89,23.3859,215,171,Healthy,79.53,0
49,45,0.0016,-0.0,100.0,518.67,642.58,1587.28,1405.66,14.62,21.61,553.57,2388.11,9043.65,1.3,47.6,521.32,2388.13,8128.3,8.4392,0.03,393,2388,100.0,38.71,23.2468,215,170,Healthy,79.07,0
49,46,-0.0006,0.0002,100.0,518.67,642.26,1594.31,1415.29,14.62,21.61,553.98,2388.15,9051.83,1.3,47.69,521.76,2388.11,8127.5,8.4373,0.03,393,2388,100.0,38.87,23.2625,215,169,Healthy,78.6,0
49,47,-0.0044,-0.0005,100.0,518.67,642.58,1592.7,1409.25,14.62,21.61,553.62,2388.14,9045.06,1.3,47.66,521.44,2388.15,8129.1,8.4445,0.03,394,2388,100.0,38.66,23.3348,215,168,Healthy,78.14,0
49,48,-0.0001,0.0004,100.0,518.67,642.32,1585.86,1405.65,14.62,21.61,553.17,2388.11,9042.14,1.3,47.54,521.62,2388.12,8128.5,8.4496,0.03,393,2388,100.0,38.73,23.28,215,167,Healthy,77.67,0
49,49,0.0002,-0.0001,100.0,518.67,642.48,1584.77,1407.57,14.62,21.61,552.98,2388.14,9053.19,1.3,47.51,520.93,2388.08,8121.3,8.4799,0.03,393,2388,100.0,38.98,23.4417,215,166,Healthy,77.21,0
49,50,0.0002,-0.0001,100.0,518.67,642.35,1587.4,1403.72,14.62,21.61,553.53,2388.1,9041.8,1.3,47.54,521.77,2388.13,8125.62,8.4328,0.03,392,2388,100.0,38.81,23.2344,215,165,Healthy,76.74,0
50,1,0.0015,-0.0006,100.0,518.67,642.12,1582.5,1400.44,14.62,21.61,553.76,2388.05,9057.95,1.3,47.31,521.97,2388.08,8141.04,8.4366,0.03,394,2388,100.0,38.96,23.3947,198,197,Healthy,99.49,0
50,2,0.0008,0.0002,100.0,518.67,642.62,1589.9,1404.14,14.62,21.61,554.52,2388.02,9062.85,1.3,47.31,522.27,2388.02,8138.39,8.4211,0.03,394,2388,100.0,38.91,23.4594,198,196,Healthy,98.99,0
50,3,-0.0012,0.0002,100.0,518.67,642.55,1582.75,1403.42,14.62,21.61,554.26,2388.04,9071.21,1.3,47.41,522.4,2388.04,8143.16,8.3931,0.03,392,2388,100.0,38.97,23.323,198,195,Healthy,98.48,0
50,4,-0.0035,-0.0005,100.0,518.67,642.61,1586.91,1403.46,14.62,21.61,554.56,2388.05,9065.42,1.3,47.46,522.25,2388.08,8141.2,8.4286,0.03,393,2388,100.0,38.91,23.3886,198,194,Healthy,97.98,0
50,5,-0.0018,0.0003,100.0,518.67,642.41,1589.7,1401.43,14.62,21.61,554.26,2388.05,9060.73,1.3,47.33,522.1,2388.0,8143.94,8.4295,0.03,394,2388,100.0,38.98,23.334,198,193,Healthy,97.47,0
50,6,0.0023,-0.0,100.0,518.67,642.46,1585.34,1402.43,14.62,21.61,553.63,2388.01,9056.24,1.3,47.48,521.56,2387.97,8143.26,8.4073,0.03,391,2388,100.0,38.87,23.2987,198,192,Healthy,96.97,0
50,7,0.0012,0.0002,100.0,518.67,642.37,1584.77,1402.34,14.62,21.61,553.91,2388.07,9062.94,1.3,47.3,521.59,2388.04,8147.63,8.3972,0.03,393,2388,100.0,39.04,23.4,198,191,Healthy,96.46,0
50,8,0.0009,0.0001,100.0,518.67,642.38,1585.62,1401.11,14.62,21.61,554.15,2388.04,9062.45,1.3,47.38,522.31,2388.11,8147.94,8.4477,0.03,392,2388,100.0,38.88,23.3771,198,190,Healthy,95.96,0
50,9,0.0027,-0.0002,100.0,518.67,642.54,1581.7,1398.03,14.62,21.61,553.67,2388.04,9059.19,1.3,47.37,522.18,2388.08,8143.67,8.4103,0.03,393,2388,100.0,38.95,23.349,198,189,Healthy,95.45,0
50,10,0.0005,0.0003,100.0,518.67,642.33,1585.82,1395.96,14.62,21.61,554.58,2388.09,9061.41,1.3,47.26,521.43,2388.03,8142.77,8.4169,0.03,392,2388,100.0,38.81,23.2714,198,188,Healthy,94.95,0
50,11,-0.0036,-0.0004,100.0,518.67,642.05,1578.46,1396.43,14.62,21.61,553.38,2388.09,9063.78,1.3,47.4,521.57,2388.09,8146.15,8.3979,0.03,392,2388,100.0,38.81,23.3106,198,187,Healthy,94.44,0
50,12,-0.003,0.0003,100.0,518.67,642.76,1581.49,1400.18,14.62,21.61,554.42,2388.07,9060.85,1.3,47.34,522.23,2388.09,8143.07,8.4528,0.03,393,2388,100.0,38.84,23.3407,198,186,Healthy,93.94,0
50,13,-0.0025,0.0,100.0,518.67,642.6,1576.37,1398.64,14.62,21.61,553.14,2388.07,9065.62,1.3,47.4,521.87,2388.07,8142.15,8.4003,0.03,393,2388,100.0,38.85,23.3102,198,185,Healthy,93.43,0
50,14,-0.0014,0.0003,100.0,518.67,641.95,1588.64,1406.48,14.62,21.61,553.63,2388.05,9063.97,1.3,47.43,521.76,2388.05,8143.77,8.4072,0.03,391,2388,100.0,38.95,23.3548,198,184,Healthy,92.93,0
50,15,0.0018,0.0,100.0,518.67,642.19,1588.83,1399.52,14.62,21.61,553.72,2388.02,9061.43,1.3,47.25,522.36,2388.01,8142.46,8.4295,0.03,391,2388,100.0,38.96,23.346,198,183,Healthy,92.42,0
50,16,-0.0009,0.0003,100.0,518.67,641.81,1584.15,1405.48,14.62,21.61,553.85,2388.11,9064.26,1.3,47.43,521.75,2388.01,8138.77,8.4279,0.03,392,2388,100.0,38.89,23.288,198,182,Healthy,91.92,0
50,17,-0.0049,-0.0005,100.0,518.67,642.83,1585.08,1402.0,14.62,21.61,554.4,2388.08,9067.86,1.3,47.41,521.77,2388.06,8143.94,8.4252,0.03,394,2388,100.0,38.83,23.2551,198,181,Healthy,91.41,0
50,18,0.002,0.0001,100.0,518.67,642.47,1582.63,1401.72,14.62,21.61,553.74,2388.05,9057.15,1.3,47.3,522.45,2388.03,8145.89,8.418,0.03,393,2388,100.0,38.9,23.441,198,180,Healthy,90.91,0
50,19,0.0023,-0.0006,100.0,518.67,642.67,1585.14,1404.04,14.62,21.61,554.12,2388.09,9061.05,1.3,47.49,522.02,2388.06,8143.45,8.4178,0.03,392,2388,100.0,39.02,23.3642,198,179,Healthy,90.4,0
50,20,-0.0001,-0.0002,100.0,518.67,642.42,1583.58,1399.71,14.62,21.61,554.51,2388.07,9068.95,1.3,47.46,521.68,2388.08,8142.44,8.4347,0.03,392,2388,100.0,38.82,23.4585,198,178,Healthy,89.9,0
50,21,-0.0001,-0.0001,100.0,518.67,642.56,1585.06,1412.19,14.62,21.61,554.43,2388.04,9062.45,1.3,47.35,521.46,2388.03,8140.47,8.419,0.03,392,2388,100.0,39.0,23.3518,198,177,Healthy,89.39,0
50,22,0.004,0.0002,100.0,518.67,642.39,1584.2,1407.2,14.62,21.61,554.04,2388.03,9063.67,1.3,47.41,521.47,2388.0,8143.65,8.4218,0.03,393,2388,100.0,38.76,23.3956,198,176,Healthy,88.89,0
50,23,-0.0005,-0.0004,100.0,518.67,642.83,1593.36,1400.32,14.62,21.61,553.53,2388.08,9056.7,1.3,47.48,521.89,2388.03,8142.94,8.3873,0.03,391,2388,100.0,38.99,23.4109,198,175,Healthy,88.38,0
50,24,0.0035,-0.0002,100.0,518.67,642.73,1580.39,1400.53,14.62,21.61,554.31,2388.07,9061.05,1.3,47.32,521.94,2388.09,8145.82,8.3854,0.03,392,2388,100.0,38.96,23.3642,198,174,Healthy,87.88,0
50,25,0.0026,0.0003,100.0,518.67,642.4,1589.16,1399.42,14.62,21.61,553.25,2388.04,9063.67,1.3,47.41,521.98,2388.03,8138.58,8.4174,0.03,394,2388,100.0,38.98,23.3005,198,173,Healthy,87.37,0
50,26,0.0035,-0.0001,100.0,518.67,642.74,1579.32,1397.69,14.62,21.61,554.16,2388.06,9074.08,1.3,47.43,521.98,2388.04,8145.23,8.4121,0.03,393,2388,100.0,38.81,23.3646,198,172,Healthy,86.87,0
50,27,-0.0019,-0.0003,100.0,518.67,642.46,1586.65,1402.83,14.62,21.61,553.98,2388.04,9069.01,1.3,47.36,521.67,2388.07,8148.89,8.4403,0.03,392,2388,100.0,38.94,23.3186,198,171,Healthy,86.36,0
50,28,-0.005,0.0,100.0,518.67,642.28,1586.5,1407.03,14.62,21.61,553.44,2388.13,9068.05,1.3,47.46,521.59,2387.99,8139.08,8.4091,0.03,392,2388,100.0,38.91,23.3449,198,170,Healthy,85.86,0
50,29,0.0039,0.0001,100.0,518.67,642.92,1591.07,1399.2,14.62,21.61,553.96,2388.06,9061.73,1.3,47.34,521.57,2387.97,8149.84,8.4099,0.03,391,2388,100.0,38.91,23.3521,198,169,Healthy,85.35,0
50,30,-0.0021,0.0002,100.0,518.67,642.62,1590.45,1407.7,14.62,21.61,554.18,2388.03,9064.09,1.3,47.25,522.31,2388.08,8145.42,8.4132,0.03,393,2388,100.0,38.99,23.1615,198,168,Healthy,84.85,0
50,31,-0.0034,-0.0006,100.0,518.67,642.46,1584.46,1408.24,14.62,21.61,553.98,2388.06,9062.5,1.3,47.18,521.49,2388.04,8142.92,8.4105,0.03,393,2388,100.0,38.91,23.3103,198,167,Healthy,84.34,0
50,32,0.0009,-0.0006,100.0,518.67,642.63,1589.42,1399.63,14.62,21.61,553.37,2388.04,9060.88,1.3,47.44,522.26,2388.06,8148.2,8.3881,0.03,393,2388,100.0,39.0,23.3352,198,166,Healthy,83.84,0
50,33,0.0,-0.0004,100.0,518.67,642.14,1582.13,1405.19,14.62,21.61,553.22,2388.08,9062.7,1.3,47.51,521.78,2388.06,8146.65,8.4352,0.03,391,2388,100.0,38.82,23.3546,198,165,Healthy,83.33,0
50,34,-0.0009,0.0004,100.0,518.67,642.82,1582.82,1408.77,14.62,21.61,554.05,2388.08,9068.04,1.3,47.34,522.29,2388.07,8145.91,8.4409,0.03,393,2388,100.0,38.98,23.3735,198,164,Healthy,82.83,0
50,35,-0.0031,0.0003,100.0,518.67,642.12,1590.81,1400.34,14.62,21.61,553.18,2388.02,9058.77,1.3,47.3,521.23,2388.08,8144.14,8.3706,0.03,393,2388,100.0,38.9,23.3269,198,163,Healthy,82.32,0
50,36,0.0004,-0.0004,100.0,518.67,642.38,1586.38,1403.16,14.62,21.61,554.13,2388.08,9064.08,1.3,47.42,522.38,2388.04,8142.4,8.4335,0.03,394,2388,100.0,38.95,23.4361,198,162,Healthy,81.82,0
50,37,-0.0029,-0.0002,100.0,518.67,642.66,1591.79,1401.3,14.62,21.6,554.6,2388.01,9064.12,1.3,47.47,521.68,2388.06,8151.49,8.4158,0.03,393,2388,100.0,38.8,23.3016,198,161,Healthy,81.31,0
50,38,-0.0002,-0.0005,100.0,518.67,642.28,1587.84,1404.96,14.62,21.61,553.6,2388.06,9065.83,1.3,47.33,522.12,2388.07,8142.72,8.4467,0.03,392,2388,100.0,38.99,23.344,198,160,Healthy,80.81,0
50,39,-0.001,-0.0005,100.0,518.67,642.21,1586.89,1404.47,14.62,21.61,554.31,2388.05,9065.63,1.3,47.48,521.96,2388.05,8139.14,8.4424,0.03,393,2388,100.0,38.91,23.319,198,159,Healthy,80.3,0
50,40,-0.0061,-0.0002,100.0,518.67,643.19,1587.36,1398.9,14.62,21.61,554.35,2388.07,9059.91,1.3,47.3,522.31,2388.04,8145.16,8.4504,0.03,393,2388,100.0,38.95,23.3161,198,158,Healthy,79.8,0
50,41,-0.0002,0.0001,100.0,518.67,642.47,1584.96,1406.08,14.62,21.61,554.03,2388.0,9073.29,1.3,47.44,522.05,2388.05,8145.35,8.3822,0.03,392,2388,100.0,38.83,23.3256,198,157,Healthy,79.29,0
50,42,-0.0003,-0.0003,100.0,518.67,641.82,1585.3,1399.3,14.62,21.61,554.38,2388.02,9068.48,1.3,47.13,522.17,2388.04,8144.13,8.418,0.03,393,2388,100.0,38.8,23.4777,198,156,Healthy,78.79,0
50,43,0.0026,-0.0005,100.0,518.67,642.39,1589.71,1410.44,14.62,21.61,553.41,2388.07,9065.43,1.3,47.32,522.44,2388.07,8142.57,8.4232,0.03,393,2388,100.0,38.7,23.3443,198,155,Healthy,78.28,0
50,44,0.0011,0.0002,100.0,518.67,642.07,1590.7,1403.72,14.62,21.61,553.84,2388.04,9059.48,1.3,47.43,521.9,2388.08,8145.86,8.4063,0.03,393,2388,100.0,38.89,23.3815,198,154,Healthy,77.78,0
50,45,0.0005,-0.0001,100.0,518.67,641.8,1592.23,1401.26,14.62,21.61,553.56,2388.02,9059.32,1.3,47.19,521.73,2388.04,8142.33,8.3988,0.03,390,2388,100.0,38.95,23.3749,198,153,Healthy,77.27,0
50,46,0.0008,0.0001,100.0,518.67,642.26,1586.46,1404.42,14.62,21.61,553.29,2388.04,9071.98,1.3,47.41,521.8,2388.03,8142.1,8.4241,0.03,391,2388,100.0,38.96,23.3982,198,152,Healthy,76.77,0
50,47,0.0016,0.0002,100.0,518.67,642.78,1594.91,1404.75,14.62,21.61,553.26,2388.0,9061.25,1.3,47.48,522.25,2388.05,8142.54,8.438,0.03,391,2388,100.0,38.94,23.253,198,151,Healthy,76.26,0
50,48,-0.0005,-0.0001,100.0,518.67,642.22,1580.13,1403.97,14.62,21.61,553.98,2388.11,9069.15,1.3,47.43,522.09,2388.08,8141.59,8.4472,0.03,392,2388,100.0,38.9,23.3085,198,150,Healthy,75.76,0
50,49,0.0026,-0.0002,100.0,518.67,642.85,1586.51,1403.74,14.62,21.61,553.53,2388.07,9056.25,1.3,47.38,521.63,2388.07,8140.68,8.403,0.03,393,2388,100.0,38.91,23.1514,198,149,Healthy,75.25,0
50,50,-0.0036,0.0002,100.0,518.67,642.17,1593.23,1396.05,14.62,21.61,554.17,2388.06,9061.89,1.3,47.63,521.69,2388.02,8147.92,8.4304,0.03,392,2388,100.0,38.84,23.38,198,148,Healthy,74.75,0
51,1,0.0032,-0.0003,100.0,518.67,641.83,1583.55,1408.68,14.62,21.61,553.56,2387.98,9065.98,1.3,47.25,521.79,2387.99,8149.56,8.3884,0.03,391,2388,100.0,39.08,23.3214,213,212,Healthy,99.53,0
51,2,-0.0011,-0.0002,100.0,518.67,642.09,1580.84,1397.69,14.62,21.61,553.74,2387.97,9060.95,1.3,47.19,522.13,2387.98,8145.73,8.3922,0.03,391,2388,100.0,38.83,23.3451,213,211,Healthy,99.06,0
51,3,0.0008,-0.0004,100.0,518.67,642.49,1591.56,1398.4,14.62,21.6,553.8,2387.98,9064.23,1.3,47.06,522.27,2388.0,8142.38,8.4018,0.03,392,2388,100.0,39.18,23.3495,213,210,Healthy,98.59,0
51,4,-0.001,-0.0,100.0,518.67,642.42,1573.22,1397.74,14.62,21.61,554.93,2388.07,9072.7,1.3,47.19,522.71,2387.99,8148.23,8.39,0.03,393,2388,100.0,38.89,23.4847,213,209,Healthy,98.12,0
51,5,0.0024,0.0003,100.0,518.67,642.08,1587.52,1388.02,14.62,21.61,553.9,2387.99,9062.93,1.3,47.25,522.14,2388.02,8147.25,8.4024,0.03,391,2388,100.0,39.05,23.4072,213,208,Healthy,97.65,0
51,6,0.0009,-0.0003,100.0,518.67,642.36,1588.81,1413.03,14.62,21.61,553.71,2388.0,9066.39,1.3,47.07,521.99,2387.98,8145.04,8.3998,0.03,389,2388,100.0,39.25,23.4322,213,207,Healthy,97.18,0
51,7,-0.0032,0.0003,100.0,518.67,642.59,1586.67,1397.9,14.62,21.61,554.3,2387.96,9065.31,1.3,47.35,522.66,2388.0,8150.71,8.402,0.03,390,2388,100.0,38.95,23.4541,213,206,Healthy,96.71,0
51,8,0.0007,0.0002,100.0,518.67,642.13,1585.18,1389.85,14.62,21.61,554.97,2388.01,9070.65,1.3,47.23,522.84,2388.01,8148.9,8.3824,0.03,390,2388,100.0,39.14,23.3908,213,205,Healthy,96.24,0
51,9,-0.0002,-0.0003,100.0,518.67,641.92,1581.31,1391.19,14.62,21.61,553.82,2388.04,9070.01,1.3,47.22,522.91,2387.98,8146.25,8.3882,0.03,393,2388,100.0,39.1,23.4177,213,204,Healthy,95.77,0
51,10,0.0044,-0.0003,100.0,518.67,641.95,1579.59,1395.93,14.62,21.61,554.78,2387.99,9061.13,1.3,47.13,522.07,2387.98,8152.59,8.3868,0.03,392,2388,100.0,39.04,23.4171,213,203,Healthy,95.31,0
51,11,0.0032,0.0,100.0,518.67,641.99,1585.7,1393.19,14.62,21.61,553.77,2387.97,9068.79,1.3,47.34,522.38,2388.02,8150.89,8.4186,0.03,392,2388,100.0,38.92,23.4027,213,202,Healthy,94.84,0
51,12,0.0005,0.0004,100.0,518.67,642.21,1583.55,1389.2,14.62,21.61,554.52,2387.99,9065.9,1.3,47.15,522.05,2388.06,8144.55,8.4291,0.03,391,2388,100.0,39.1,23.3517,213,201,Healthy,94.37,0
51,13,-0.0029,0.0005,100.0,518.67,641.58,1587.14,1396.97,14.62,21.61,554.59,2388.03,9071.65,1.3,47.24,522.49,2388.04,8145.81,8.3808,0.03,392,2388,100.0,39.08,23.4121,213,200,Healthy,93.9,0
51,14,-0.002,-0.0005,100.0,518.67,642.45,1579.21,1403.43,14.62,21.61,554.42,2388.03,9061.97,1.3,47.18,523.01,2387.99,8144.39,8.4423,0.03,392,2388,100.0,38.99,23.4162,213,199,Healthy,93.43,0
51,15,-0.0001,-0.0001,100.0,518.67,642.06,1584.57,1396.03,14.62,21.61,553.91,2388.03,9060.32,1.3,47.27,522.01,2388.0,8147.09,8.4001,0.03,392,2388,100.0,38.9,23.4238,213,198,Healthy,92.96,0
51,16,0.0001,-0.0002,100.0,518.67,641.76,1587.33,1397.08,14.62,21.61,554.2,2388.02,9071.14,1.3,47.3,522.29,2388.03,8144.6,8.4088,0.03,392,2388,100.0,39.12,23.3354,213,197,Healthy,92.49,0
51,17,-0.0017,-0.0002,100.0,518.67,642.11,1578.84,1396.02,14.62,21.61,554.76,2387.99,9068.06,1.3,47.04,521.96,2388.03,8151.42,8.3953,0.03,391,2388,100.0,38.87,23.4162,213,196,Healthy,92.02,0
51,18,-0.0031,0.0003,100.0,518.67,642.5,1585.74,1390.17,14.62,21.61,554.52,2388.01,9065.7,1.3,47.17,522.27,2387.96,8141.5,8.4231,0.03,392,2388,100.0,39.1,23.3507,213,195,Healthy,91.55,0
51,19,-0.002,0.0004,100.0,518.67,641.54,1586.4,1400.69,14.62,21.61,554.69,2388.02,9064.79,1.3,47.24,522.27,2388.0,8138.56,8.3937,0.03,391,2388,100.0,38.82,23.4286,213,194,Healthy,91.08,0
51,20,-0.0002,0.0003,100.0,518.67,642.5,1590.56,1399.39,14.62,21.61,554.25,2388.03,9058.19,1.3,47.41,522.69,2388.04,8150.28,8.4209,0.03,392,2388,100.0,39.04,23.2901,213,193,Healthy,90.61,0
51,21,0.0051,0.0003,100.0,518.67,642.07,1581.87,1398.51,14.62,21.61,554.34,2387.99,9064.35,1.3,47.09,522.15,2387.94,8149.93,8.3907,0.03,392,2388,100.0,38.99,23.2898,213,192,Healthy,90.14,0
51,22,-0.0026,0.0001,100.0,518.67,642.19,1577.01,1402.11,14.62,21.61,555.04,2387.98,9062.26,1.3,47.18,522.69,2387.99,8147.21,8.361,0.03,392,2388,100.0,38.95,23.4309,213,191,Healthy,89.67,0
51,23,-0.0022,-0.0005,100.0,518.67,642.38,1584.38,1395.99,14.62,21.61,554.79,2388.01,9065.78,1.3,47.39,522.6,2388.01,8143.61,8.415,0.03,392,2388,100.0,39.06,23.3853,213,190,Healthy,89.2,0
51,24,0.0006,-0.0001,100.0,518.67,642.0,1583.36,1399.28,14.62,21.61,554.48,2388.01,9063.45,1.3,47.29,522.21,2388.02,8150.43,8.4044,0.03,391,2388,100.0,38.9,23.3236,213,189,Healthy,88.73,0
51,25,0.0004,-0.0005,100.0,518.67,641.87,1587.45,1398.14,14.62,21.61,555.07,2388.08,9057.63,1.3,47.16,522.59,2387.96,8146.1,8.3719,0.03,392,2388,100.0,39.02,23.3845,213,188,Healthy,88.26,0
51,26,-0.0034,0.0003,100.0,518.67,641.97,1586.1,1397.02,14.62,21.61,554.29,2388.03,9069.78,1.3,46.97,522.18,2387.98,8152.07,8.3953,0.03,394,2388,100.0,39.04,23.3796,213,187,Healthy,87.79,0
51,27,-0.0016,-0.0005,100.0,518.67,642.43,1587.92,1397.9,14.62,21.61,554.5,2388.01,9065.78,1.3,47.25,522.21,2388.01,8152.2,8.3918,0.03,393,2388,100.0,39.05,23.4449,213,186,Healthy,87.32,0
51,28,-0.0007,-0.0004,100.0,518.67,642.21,1580.72,1394.09,14.62,21.61,553.34,2387.99,9066.77,1.3,47.21,522.67,2388.03,8144.06,8.3837,0.03,392,2388,100.0,39.08,23.3686,213,185,Healthy,86.85,0
51,29,-0.0013,-0.0001,100.0,518.67,642.0,1589.57,1395.6,14.62,21.61,554.25,2388.0,9069.51,1.3,47.23,522.35,2388.03,8145.93,8.3822,0.03,392,2388,100.0,39.02,23.4774,213,184,Healthy,86.38,0
51,30,0.0006,0.0001,100.0,518.67,642.44,1583.31,1397.49,14.62,21.61,554.14,2387.97,9064.15,1.3,47.12,522.53,2387.97,8148.14,8.4299,0.03,392,2388,100.0,38.98,23.3854,213,183,Healthy,85.92,0
51,31,-0.0026,-0.0002,100.0,518.67,642.57,1589.98,1394.81,14.62,21.61,553.31,2388.01,9069.88,1.3,47.06,522.6,2388.03,8155.46,8.3994,0.03,392,2388,100.0,39.02,23.3859,213,182,Healthy,85.45,0
51,32,0.0007,0.0004,100.0,518.67,641.9,1588.91,1402.73,14.62,21.61,553.6,2388.03,9069.05,1.3,47.15,521.96,2388.07,8146.25,8.4454,0.03,391,2388,100.0,39.01,23.3623,213,181,Healthy,84.98,0
51,33,-0.001,0.0001,100.0,518.67,642.38,1580.28,1402.87,14.62,21.61,555.11,2388.0,9071.64,1.3,47.18,522.39,2388.07,8148.43,8.4054,0.03,392,2388,100.0,38.9,23.4073,213,180,Healthy,84.51,0
51,34,0.0006,0.0004,100.0,518.67,642.04,1580.13,1394.64,14.62,21.61,554.38,2387.98,9069.82,1.3,47.1,522.87,2388.01,8154.57,8.4032,0.03,392,2388,100.0,38.93,23.4866,213,179,Healthy,84.04,0
51,35,-0.001,0.0003,100.0,518.67,642.07,1584.53,1403.04,14.62,21.61,554.02,2388.01,9065.98,1.3,47.15,522.16,2388.04,8146.52,8.3551,0.03,393,2388,100.0,39.14,23.3543,213,178,Healthy,83.57,0
51,36,-0.0002,0.0,100.0,518.67,642.27,1585.42,1400.76,14.62,21.61,554.63,2387.97,9065.16,1.3,47.08,521.8,2388.01,8151.69,8.4338,0.03,392,2388,100.0,39.08,23.4072,213,177,Healthy,83.1,0
51,37,-0.0062,0.0004,100.0,518.67,642.31,1578.13,1400.38,14.62,21.61,553.93,2387.98,9066.67,1.3,47.35,522.41,2388.04,8144.68,8.4037,0.03,393,2388,100.0,39.0,23.4549,213,176,Healthy,82.63,0
51,38,-0.0032,-0.0005,100.0,518.67,642.53,1578.81,1397.83,14.62,21.61,554.25,2387.98,9068.23,1.3,47.04,522.25,2388.04,8141.69,8.3871,0.03,391,2388,100.0,39.12,23.413,213,175,Healthy,82.16,0
51,39,-0.0012,-0.0003,100.0,518.67,642.27,1578.65,1399.7,14.62,21.61,554.13,2388.01,9060.11,1.3,47.12,522.61,2388.02,8143.77,8.4055,0.03,391,2388,100.0,38.94,23.4417,213,174,Healthy,81.69,0
51,40,0.0005,-0.0001,100.0,518.67,642.3,1587.11,1401.09,14.62,21.61,554.72,2388.0,9066.2,1.3,47.14,522.41,2388.01,8145.1,8.4084,0.03,394,2388,100.0,39.02,23.5103,213,173,Healthy,81.22,0
51,41,0.0027,0.0003,100.0,518.67,642.37,1589.88,1402.95,14.62,21.61,554.98,2388.06,9070.69,1.3,47.25,522.22,2387.96,8155.59,8.4242,0.03,392,2388,100.0,38.92,23.3851,213,172,Healthy,80.75,0
51,42,-0.0018,0.0001,100.0,518.67,641.77,1583.89,1406.52,14.62,21.61,554.55,2388.03,9066.26,1.3,47.1,522.35,2387.99,8145.62,8.3691,0.03,391,2388,100.0,39.09,23.4411,213,171,Healthy,80.28,0
51,43,-0.0023,-0.0004,100.0,518.67,641.75,1590.87,1390.27,14.62,21.6,555.22,2388.01,9065.07,1.3,47.05,522.86,2387.99,8146.23,8.4266,0.03,391,2388,100.0,39.06,23.3238,213,170,Healthy,79.81,0
51,44,-0.002,0.0002,100.0,518.67,642.35,1579.96,1401.64,14.62,21.6,554.09,2388.02,9073.44,1.3,47.13,522.38,2388.01,8151.05,8.4022,0.03,392,2388,100.0,39.1,23.3925,213,169,Healthy,79.34,0
51,45,-0.0009,0.0004,100.0,518.67,642.3,1585.72,1407.09,14.62,21.61,554.14,2388.0,9063.8,1.3,47.25,522.2,2388.0,8139.54,8.3736,0.03,393,2388,100.0,38.97,23.3901,213,168,Healthy,78.87,0
51,46,-0.002,0.0004,100.0,518.67,642.59,1580.8,1393.9,14.62,21.61,554.99,2388.02,9071.14,1.3,47.11,522.11,2387.95,8149.89,8.4039,0.03,391,2388,100.0,39.16,23.3419,213,167,Healthy,78.4,0
51,47,0.0012,-0.0005,100.0,518.67,641.89,1584.02,1394.6,14.62,21.6,555.0,2388.05,9063.82,1.3,47.35,522.46,2388.05,8145.38,8.4086,0.03,393,2388,100.0,39.11,23.4013,213,166,Healthy,77.93,0
51,48,0.0035,0.0002,100.0,518.67,641.94,1590.27,1396.94,14.62,21.61,554.11,2387.99,9068.28,1.3,47.26,522.11,2387.96,8146.86,8.3985,0.03,392,2388,100.0,38.84,23.547,213,165,Healthy,77.46,0
51,49,-0.0004,-0.0005,100.0,518.67,641.65,1583.44,1397.07,14.62,21.61,554.18,2387.95,9068.79,1.3,47.21,522.09,2388.05,8149.32,8.4013,0.03,393,2388,100.0,39.07,23.3951,213,164,Healthy,77.0,0
51,50,-0.0015,0.0001,100.0,518.67,642.14,1583.81,1403.18,14.62,21.61,554.37,2388.06,9065.88,1.3,47.48,522.39,2387.97,8148.73,8.4097,0.03,391,2388,100.0,39.02,23.4311,213,163,Healthy,76.53,0
52,1,0.0002,0.0001,100.0,518.67,642.67,1587.47,1405.02,14.62,21.61,553.94,2388.11,9049.17,1.3,47.5,521.23,2388.08,8130.94,8.3885,0.03,394,2388,100.0,38.77,23.3636,213,212,Healthy,99.53,0
52,2,-0.0008,-0.0004,100.0,518.67,642.48,1593.3,1413.05,14.62,21.61,554.11,2388.1,9047.76,1.3,47.46,521.75,2388.06,8129.41,8.4687,0.03,392,2388,100.0,39.02,23.2396,213,211,Healthy,99.06,0
52,3,-0.0018,-0.0,100.0,518.67,642.54,1587.35,1407.83,14.62,21.61,554.11,2388.08,9050.85,1.3,47.61,521.25,2388.07,8128.58,8.4006,0.03,393,2388,100.0,38.85,23.3873,213,210,Healthy,98.59,0
52,4,0.0015,0.0002,100.0,518.67,643.11,1579.1,1406.11,14.62,21.61,554.27,2388.11,9047.38,1.3,47.29,521.11,2388.15,8123.91,8.4665,0.03,393,2388,100.0,38.83,23.3497,213,209,Healthy,98.12,0
52,5,-0.0015,-0.0001,100.0,518.67,642.71,1573.75,1407.56,14.62,21.61,553.9,2388.09,9054.59,1.3,47.33,521.49,2388.1,8130.27,8.4556,0.03,394,2388,100.0,38.97,23.4487,213,208,Healthy,97.65,0
52,6,0.0009,-0.0003,100.0,518.67,642.49,1587.19,1401.13,14.62,21.61,553.98,2388.1,9038.36,1.3,47.41,521.27,2388.07,8126.2,8.4286,0.03,392,2388,100.0,38.96,23.2617,213,207,Healthy,97.18,0
52,7,0.0022,0.0005,100.0,518.67,643.3,1592.37,1399.82,14.62,21.61,553.4,2388.05,9045.55,1.3,47.39,521.61,2388.15,8127.98,8.4051,0.03,393,2388,100.0,38.91,23.282,213,206,Healthy,96.71,0
52,8,-0.002,-0.0005,100.0,518.67,642.53,1587.08,1406.6,14.62,21.61,553.14,2388.11,9053.94,1.3,47.41,522.14,2388.07,8127.94,8.4552,0.03,395,2388,100.0,38.77,23.287,213,205,Healthy,96.24,0
52,9,-0.0016,0.0001,100.0,518.67,642.85,1589.17,1415.36,14.62,21.61,553.45,2388.05,9046.16,1.3,47.58,521.61,2388.05,8127.31,8.421,0.03,392,2388,100.0,38.85,23.321,213,204,Healthy,95.77,0
52,10,-0.0003,-0.0001,100.0,518.67,642.87,1591.95,1408.29,14.62,21.6,553.55,2388.11,9048.65,1.3,47.53,521.53,2388.12,8133.98,8.4214,0.03,392,2388,100.0,38.9,23.3184,213,203,Healthy,95.31,0
52,11,-0.0026,-0.0003,100.0,518.67,642.65,1579.6,1415.0,14.62,21.61,553.23,2388.04,9043.07,1.3,47.4,521.22,2388.12,8130.41,8.404,0.03,393,2388,100.0,38.83,23.3505,213,202,Healthy,94.84,0
52,12,0.0008,0.0004,100.0,518.67,642.82,1595.83,1400.51,14.62,21.61,553.76,2388.09,9052.35,1.3,47.4,521.98,2388.16,8124.64,8.3991,0.03,393,2388,100.0,38.7,23.2869,213,201,Healthy,94.37,0
52,13,-0.0012,-0.0004,100.0,518.67,642.19,1583.7,1400.17,14.62,21.61,553.56,2388.07,9053.27,1.3,47.34,521.98,2388.11,8128.76,8.4204,0.03,394,2388,100.0,38.84,23.1843,213,200,Healthy,93.9,0
52,14,0.0025,-0.0001,100.0,518.67,642.75,1594.47,1408.49,14.62,21.61,553.53,2388.13,9048.91,1.3,47.46,521.53,2388.08,8128.24,8.4527,0.03,393,2388,100.0,39.13,23.3208,213,199,Healthy,93.43,0
52,15,0.0006,-0.0002,100.0,518.67,641.93,1589.33,1400.21,14.62,21.61,553.64,2388.09,9046.61,1.3,47.41,521.48,2388.04,8136.24,8.3959,0.03,392,2388,100.0,38.88,23.3944,213,198,Healthy,92.96,0
52,16,0.0051,0.0001,100.0,518.67,642.86,1589.64,1406.02,14.62,21.61,553.55,2388.14,9042.53,1.3,47.46,521.59,2388.12,8124.18,8.451,0.03,392,2388,100.0,38.81,23.3576,213,197,Healthy,92.49,0
52,17,-0.0025,0.0004,100.0,518.67,642.75,1591.46,1403.28,14.62,21.61,553.83,2388.11,9044.08,1.3,47.51,521.82,2388.1,8128.5,8.4333,0.03,392,2388,100.0,38.68,23.2854,213,196,Healthy,92.02,0
52,18,0.0021,0.0002,100.0,518.67,642.91,1595.55,1407.97,14.62,21.61,553.65,2388.13,9052.0,1.3,47.33,521.56,2388.09,8127.35,8.4708,0.03,392,2388,100.0,38.79,23.2752,213,195,Healthy,91.55,0
52,19,0.0004,-0.0001,100.0,518.67,642.32,1590.09,1404.1,14.62,21.61,553.53,2388.09,9053.31,1.3,47.56,521.68,2388.09,8127.82,8.4138,0.03,393,2388,100.0,38.8,23.2662,213,194,Healthy,91.08,0
52,20,-0.0006,0.0004,100.0,518.67,642.93,1587.17,1400.51,14.62,21.61,553.65,2388.06,9050.9,1.3,47.31,521.09,2388.13,8126.24,8.43,0.03,393,2388,100.0,38.85,23.2657,213,193,Healthy,90.61,0
52,21,-0.0015,-0.0005,100.0,518.67,642.28,1589.67,1409.16,14.62,21.61,553.61,2388.09,9048.48,1.3,47.49,521.34,2388.14,8124.98,8.4441,0.03,394,2388,100.0,38.99,23.3216,213,192,Healthy,90.14,0
52,22,-0.0026,0.0004,100.0,518.67,642.64,1588.46,1401.3,14.62,21.61,554.14,2388.09,9050.7,1.3,47.3,521.39,2388.16,8132.33,8.4221,0.03,392,2388,100.0,39.06,23.2732,213,191,Healthy,89.67,0
52,23,0.0023,0.0005,100.0,518.67,642.63,1587.5,1405.12,14.62,21.61,553.59,2388.12,9037.07,1.3,47.56,520.92,2388.15,8124.28,8.4432,0.03,393,2388,100.0,38.84,23.3642,213,190,Healthy,89.2,0
52,24,-0.0019,-0.0002,100.0,518.67,642.34,1593.9,1399.81,14.62,21.61,554.3,2388.13,9043.7,1.3,47.47,521.64,2388.13,8134.01,8.4196,0.03,393,2388,100.0,38.9,23.4299,213,189,Healthy,88.73,0
52,25,0.0015,0.0002,100.0,518.67,642.0,1585.47,1403.01,14.62,21.61,554.52,2388.06,9053.43,1.3,47.41,521.2,2388.09,8132.22,8.4428,0.03,392,2388,100.0,38.87,23.4114,213,188,Healthy,88.26,0
52,26,-0.0017,-0.0002,100.0,518.67,642.5,1591.04,1407.07,14.62,21.61,553.67,2388.09,9047.13,1.3,47.46,521.57,2388.11,8129.57,8.4351,0.03,392,2388,100.0,38.76,23.3168,213,187,Healthy,87.79,0
52,27,0.0041,-0.0003,100.0,518.67,642.72,1593.13,1406.78,14.62,21.61,552.58,2388.06,9051.68,1.3,47.55,521.55,2388.04,8126.72,8.426,0.03,395,2388,100.0,38.86,23.2791,213,186,Healthy,87.32,0
52,28,-0.0052,-0.0001,100.0,518.67,642.76,1581.04,1411.7,14.62,21.61,553.67,2388.14,9048.86,1.3,47.28,522.3,2388.1,8132.23,8.413,0.03,391,2388,100.0,38.97,23.3864,213,185,Healthy,86.85,0
52,29,0.0031,0.0003,100.0,518.67,642.15,1582.21,1406.01,14.62,21.61,553.58,2388.06,9046.07,1.3,47.64,521.62,2388.11,8126.76,8.4118,0.03,393,2388,100.0,38.86,23.2453,213,184,Healthy,86.38,0
52,30,-0.0002,0.0001,100.0,518.67,642.42,1587.37,1398.15,14.62,21.61,553.37,2388.08,9046.63,1.3,47.56,521.41,2388.14,8134.0,8.4636,0.03,393,2388,100.0,38.92,23.2807,213,183,Healthy,85.92,0
52,31,-0.002,-0.0,100.0,518.67,642.44,1583.62,1401.4,14.62,21.61,553.47,2388.12,9049.11,1.3,47.47,521.27,2388.09,8130.66,8.4219,0.03,392,2388,100.0,38.95,23.2019,213,182,Healthy,85.45,0
52,32,-0.0004,-0.0004,100.0,518.67,642.48,1591.17,1407.6,14.62,21.61,553.58,2388.16,9048.56,1.3,47.53,522.11,2388.12,8131.31,8.4433,0.03,393,2388,100.0,38.83,23.2381,213,181,Healthy,84.98,0
52,33,0.0016,-0.0004,100.0,518.67,642.3,1586.39,1402.3,14.62,21.61,553.92,2388.1,9044.14,1.3,47.41,521.62,2388.12,8128.41,8.4339,0.03,393,2388,100.0,38.91,23.2628,213,180,Healthy,84.51,0
52,34,-0.0009,0.0004,100.0,518.67,642.68,1584.03,1403.42,14.62,21.61,553.72,2388.09,9048.74,1.3,47.47,521.43,2388.17,8129.01,8.4462,0.03,393,2388,100.0,38.81,23.3559,213,179,Healthy,84.04,0
52,35,0.0019,0.0002,100.0,518.67,642.3,1587.16,1410.37,14.62,21.61,553.07,2388.12,9048.53,1.3,47.55,521.89,2388.12,8125.8,8.4273,0.03,392,2388,100.0,38.81,23.3821,213,178,Healthy,83.57,0
52,36,-0.0025,0.0002,100.0,518.67,642.75,1588.34,1404.1,14.62,21.61,554.01,2388.07,9047.99,1.3,47.52,521.17,2388.12,8132.08,8.4144,0.03,392,2388,100.0,38.76,23.2153,213,177,Healthy,83.1,0
52,37,0.0013,-0.0004,100.0,518.67,642.79,1587.64,1412.72,14.62,21.61,553.18,2388.12,9044.53,1.3,47.39,522.3,2388.08,8131.04,8.4491,0.03,393,2388,100.0,38.92,23.3225,213,176,Healthy,82.63,0
52,38,0.0023,-0.0005,100.0,518.67,642.56,1588.22,1406.96,14.62,21.61,553.71,2388.14,9054.8,1.3,47.58,520.71,2388.06,8129.12,8.4324,0.03,393,2388,100.0,38.81,23.3561,213,175,Healthy,82.16,0
52,39,-0.0005,-0.0003,100.0,518.67,642.15,1582.64,1403.74,14.62,21.61,553.35,2388.11,9045.83,1.3,47.6,521.49,2388.12,8127.17,8.4331,0.03,391,2388,100.0,38.78,23.3035,213,174,Healthy,81.69,0
52,40,0.001,0.0003,100.0,518.67,642.62,1586.68,1402.29,14.62,21.61,553.48,2388.11,9048.8,1.3,47.45,521.46,2388.07,8133.08,8.4387,0.03,393,2388,100.0,38.97,23.3361,213,173,Healthy,81.22,0
52,41,-0.0018,-0.0004,100.0,518.67,642.29,1587.24,1414.94,14.62,21.61,552.88,2388.14,9055.36,1.3,47.46,521.24,2388.08,8131.07,8.3995,0.03,394,2388,100.0,38.88,23.363,213,172,Healthy,80.75,0
52,42,0.001,-0.0002,100.0,518.67,641.93,1592.62,1412.38,14.62,21.61,553.53,2388.09,9045.42,1.3,47.63,521.55,2388.1,8128.58,8.4463,0.03,392,2388,100.0,38.92,23.2624,213,171,Healthy,80.28,0
52,43,-0.0002,-0.0003,100.0,518.67,642.09,1586.98,1404.83,14.62,21.61,554.4,2388.04,9059.13,1.3,47.5,521.53,2388.1,8128.29,8.4245,0.03,393,2388,100.0,38.85,23.322,213,170,Healthy,79.81,0
52,44,0.0043,0.0002,100.0,518.67,642.68,1585.75,1408.5,14.62,21.61,553.68,2388.07,9049.2,1.3,47.51,521.47,2388.09,8128.94,8.4103,0.03,393,2388,100.0,38.94,23.4136,213,169,Healthy,79.34,0
52,45,-0.0038,-0.0002,100.0,518.67,642.33,1592.62,1402.0,14.62,21.61,553.46,2388.12,9050.33,1.3,47.31,521.08,2388.09,8132.4,8.4321,0.03,393,2388,100.0,38.93,23.2351,213,168,Healthy,78.87,0
52,46,0.0003,-0.0005,100.0,518.67,642.89,1593.78,1405.45,14.62,21.61,554.42,2388.1,9046.43,1.3,47.49,521.81,2388.06,8125.07,8.4433,0.03,393,2388,100.0,38.75,23.3052,213,167,Healthy,78.4,0
52,47,-0.0003,0.0001,100.0,518.67,642.11,1597.61,1407.16,14.62,21.61,553.63,2388.06,9048.32,1.3,47.65,521.11,2388.12,8128.17,8.4231,0.03,393,2388,100.0,38.88,23.2489,213,166,Healthy,77.93,0
52,48,-0.0025,-0.0003,100.0,518.67,642.22,1593.27,1408.39,14.62,21.61,553.05,2388.1,9048.79,1.3,47.46,521.8,2388.11,8133.78,8.424,0.03,391,2388,100.0,38.65,23.3486,213,165,Healthy,77.46,0
52,49,-0.0011,-0.0002,100.0,518.67,642.54,1588.04,1407.32,14.62,21.61,553.44,2388.1,9053.49,1.3,47.38,521.26,2388.18,8129.31,8.4433,0.03,393,2388,100.0,38.84,23.2384,213,164,Healthy,77.0,0
52,50,-0.0013,-0.0002,100.0,518.67,642.39,1582.07,1396.32,14.62,21.61,553.21,2388.07,9049.35,1.3,47.48,521.62,2388.07,8128.43,8.4631,0.03,393,2388,100.0,38.86,23.2804,213,163,Healthy,76.53,0
53,1,-0.002,-0.0003,100.0,518.67,642.33,1589.39,1407.73,14.62,21.61,554.42,2388.09,9065.54,1.3,47.47,522.14,2388.1,8146.36,8.4451,0.03,392,2388,100.0,38.91,23.2416,195,194,Healthy,99.49,0
53,2,0.0026,-0.0001,100.0,518.67,642.65,1586.85,1407.05,14.62,21.61,553.99,2388.06,9064.74,1.3,47.32,522.29,2388.07,8141.85,8.4543,0.03,392,2388,100.0,38.74,23.5065,195,193,Healthy,98.97,0
53,3,-0.0016,-0.0003,100.0,518.67,641.7,1583.06,1397.92,14.62,21.61,553.97,2388.0,9055.57,1.3,47.34,521.9,2388.05,8138.86,8.4192,0.03,392,2388,100.0,38.87,23.3221,195,192,Healthy,98.46,0
53,4,-0.0007,0.0003,100.0,518.67,642.52,1584.19,1402.41,14.62,21.61,553.77,2388.07,9063.3,1.3,47.34,521.6,2388.06,8138.48,8.4328,0.03,392,2388,100.0,38.86,23.427,195,191,Healthy,97.95,0
53,5,0.0008,-0.0003,100.0,518.67,642.41,1587.38,1400.73,14.62,21.61,553.94,2388.03,9057.34,1.3,47.43,521.75,2388.02,8138.52,8.3914,0.03,393,2388,100.0,38.92,23.3399,195,190,Healthy,97.44,0
53,6,0.0001,-0.0001,100.0,518.67,642.45,1588.68,1398.73,14.62,21.61,554.03,2388.08,9053.5,1.3,47.37,521.87,2388.12,8140.44,8.4392,0.03,392,2388,100.0,39.13,23.3291,195,189,Healthy,96.92,0
53,7,-0.0039,-0.0,100.0,518.67,642.76,1585.02,1400.97,14.62,21.61,553.84,2388.06,9067.56,1.3,47.31,521.68,2388.05,8142.13,8.4197,0.03,392,2388,100.0,38.93,23.4027,195,188,Healthy,96.41,0
53,8,0.0008,0.0001,100.0,518.67,642.19,1586.23,1399.29,14.62,21.61,554.26,2388.09,9059.63,1.3,47.48,521.81,2388.07,8140.29,8.4079,0.03,392,2388,100.0,39.05,23.3508,195,187,Healthy,95.9,0
53,9,-0.0005,-0.0,100.0,518.67,642.7,1582.96,1401.05,14.62,21.61,554.15,2388.06,9057.86,1.3,47.42,522.11,2388.04,8137.18,8.4343,0.03,392,2388,100.0,38.98,23.3708,195,186,Healthy,95.38,0
53,10,-0.0007,-0.0002,100.0,518.67,642.49,1584.81,1401.99,14.62,21.61,554.14,2388.01,9067.05,1.3,47.38,522.22,2388.06,8140.04,8.4194,0.03,393,2388,100.0,38.94,23.3621,195,185,Healthy,94.87,0
53,11,-0.0018,-0.0005,100.0,518.67,642.22,1583.8,1403.49,14.62,21.61,554.0,2388.02,9064.52,1.3,47.15,522.08,2388.05,8139.59,8.3929,0.03,391,2388,100.0,38.77,23.3473,195,184,Healthy,94.36,0
53,12,0.0016,0.0005,100.0,518.67,641.87,1590.68,1403.76,14.62,21.61,553.73,2388.0,9062.78,1.3,47.42,522.35,2388.05,8140.31,8.4422,0.03,391,2388,100.0,39.09,23.4389,195,183,Healthy,93.85,0
53,13,-0.0022,0.0004,100.0,518.67,642.17,1595.97,1407.32,14.62,21.61,553.84,2388.05,9052.96,1.3,47.38,521.92,2388.08,8140.89,8.3914,0.03,392,2388,100.0,38.85,23.4165,195,182,Healthy,93.33,0
53,14,0.0036,-0.0001,100.0,518.67,642.14,1579.92,1403.23,14.62,21.61,553.46,2388.05,9056.61,1.3,47.53,522.04,2388.06,8143.19,8.4731,0.03,393,2388,100.0,39.03,23.4137,195,181,Healthy,92.82,0
53,15,-0.0022,0.0004,100.0,518.67,642.56,1587.85,1401.8,14.62,21.61,554.13,2388.03,9060.89,1.3,47.18,522.4,2388.03,8140.65,8.4304,0.03,393,2388,100.0,39.19,23.3667,195,180,Healthy,92.31,0
53,16,-0.0025,-0.0001,100.0,518.67,642.53,1580.18,1402.35,14.62,21.61,553.59,2388.05,9057.94,1.3,47.45,522.22,2388.06,8140.54,8.4048,0.03,392,2388,100.0,38.9,23.4223,195,179,Healthy,91.79,0
53,17,0.001,0.0003,100.0,518.67,642.6,1587.78,1397.58,14.62,21.61,553.68,2388.13,9064.49,1.3,47.36,522.23,2388.04,8146.08,8.4069,0.03,394,2388,100.0,38.87,23.413,195,178,Healthy,91.28,0
53,18,0.0016,0.0002,100.0,518.67,642.17,1593.15,1403.15,14.62,21.61,553.93,2388.05,9062.66,1.3,47.46,521.79,2388.07,8132.49,8.4432,0.03,393,2388,100.0,38.85,23.3182,195,177,Healthy,90.77,0
53,19,0.0019,-0.0001,100.0,518.67,642.65,1583.6,1404.34,14.62,21.61,554.05,2388.07,9059.08,1.3,47.53,521.77,2388.06,8142.39,8.4088,0.03,392,2388,100.0,38.91,23.4,195,176,Healthy,90.26,0
53,20,-0.0005,0.0005,100.0,518.67,642.8,1591.1,1401.42,14.62,21.61,553.37,2388.08,9060.61,1.3,47.31,522.12,2388.02,8143.12,8.4107,0.03,393,2388,100.0,39.01,23.3917,195,175,Healthy,89.74,0
53,21,0.0001,0.0001,100.0,518.67,642.52,1586.83,1395.11,14.62,21.61,553.99,2388.04,9061.02,1.3,47.37,522.24,2388.08,8141.38,8.4084,0.03,393,2388,100.0,38.94,23.344,195,174,Healthy,89.23,0
53,22,0.0004,-0.0001,100.0,518.67,641.9,1587.96,1403.71,14.62,21.61,553.31,2388.07,9062.64,1.3,47.45,521.76,2388.02,8140.2,8.4549,0.03,391,2388,100.0,38.96,23.2755,195,173,Healthy,88.72,0
53,23,0.0023,0.0004,100.0,518.67,642.61,1585.59,1402.46,14.62,21.61,553.8,2388.05,9059.24,1.3,47.39,521.71,2388.03,8140.34,8.4261,0.03,393,2388,100.0,38.81,23.4494,195,172,Healthy,88.21,0
53,24,0.001,0.0001,100.0,518.67,642.54,1590.73,1409.08,14.62,21.61,553.73,2388.08,9060.44,1.3,47.47,521.6,2388.05,8135.1,8.4626,0.03,394,2388,100.0,38.84,23.3491,195,171,Healthy,87.69,0
53,25,-0.0019,-0.0003,100.0,518.67,642.74,1583.09,1408.11,14.62,21.61,553.66,2388.03,9068.35,1.3,47.39,521.76,2388.04,8143.61,8.4221,0.03,392,2388,100.0,38.96,23.2925,195,170,Healthy,87.18,0
53,26,-0.0029,-0.0004,100.0,518.67,642.46,1585.87,1399.51,14.62,21.61,553.91,2388.03,9064.76,1.3,47.43,521.94,2388.04,8143.51,8.4352,0.03,392,2388,100.0,39.06,23.3651,195,169,Healthy,86.67,0
53,27,0.0041,0.0001,100.0,518.67,642.45,1580.47,1404.09,14.62,21.61,553.62,2388.03,9056.23,1.3,47.51,521.86,2388.06,8141.92,8.4066,0.03,392,2388,100.0,38.92,23.3085,195,168,Healthy,86.15,0
53,28,0.005,-0.0001,100.0,518.67,642.58,1590.89,1404.78,14.62,21.61,553.79,2388.12,9055.96,1.3,47.37,521.99,2388.06,8143.09,8.4273,0.03,392,2388,100.0,38.84,23.3255,195,167,Healthy,85.64,0
53,29,-0.0002,-0.0003,100.0,518.67,642.09,1590.18,1406.27,14.62,21.61,554.06,2388.1,9062.46,1.3,47.52,521.81,2387.99,8136.68,8.3914,0.03,392,2388,100.0,39.01,23.3982,195,166,Healthy,85.13,0
53,30,0.0026,-0.0001,100.0,518.67,642.37,1588.81,1407.05,14.62,21.61,554.48,2388.07,9061.41,1.3,47.38,522.09,2388.08,8144.91,8.4022,0.03,392,2388,100.0,38.99,23.296,195,165,Healthy,84.62,0
53,31,-0.0011,-0.0002,100.0,518.67,642.24,1586.54,1401.94,14.62,21.6,553.37,2388.07,9057.65,1.3,47.38,521.68,2388.06,8136.94,8.4212,0.03,391,2388,100.0,38.96,23.3953,195,164,Healthy,84.1,0
53,32,0.0012,0.0003,100.0,518.67,642.33,1587.83,1400.34,14.62,21.61,553.17,2388.07,9057.79,1.3,47.44,521.31,2387.98,8138.54,8.4097,0.03,392,2388,100.0,38.83,23.2882,195,163,Healthy,83.59,0
53,33,-0.003,-0.0,100.0,518.67,642.11,1585.96,1401.5,14.62,21.61,553.59,2388.04,9063.9,1.3,47.31,521.78,2388.04,8137.23,8.4329,0.03,392,2388,100.0,38.81,23.3623,195,162,Healthy,83.08,0
53,34,-0.0033,0.0002,100.0,518.67,642.65,1585.09,1409.02,14.62,21.61,554.64,2388.02,9068.72,1.3,47.36,521.12,2388.07,8143.13,8.439,0.03,392,2388,100.0,38.97,23.445,195,161,Healthy,82.56,0
53,35,-0.0029,-0.0003,100.0,518.67,642.37,1584.34,1402.66,14.62,21.61,553.91,2388.04,9062.4,1.3,47.32,521.62,2388.06,8140.04,8.4361,0.03,392,2388,100.0,39.01,23.3309,195,160,Healthy,82.05,0
53,36,0.0038,0.0,100.0,518.67,642.32,1592.96,1408.17,14.62,21.61,553.67,2388.08,9053.45,1.3,47.24,522.08,2388.04,8137.98,8.4265,0.03,391,2388,100.0,38.95,23.3724,195,159,Healthy,81.54,0
53,37,0.0026,0.0004,100.0,518.67,642.4,1589.56,1407.75,14.62,21.61,553.64,2388.06,9063.68,1.3,47.41,521.89,2388.05,8145.79,8.4056,0.03,393,2388,100.0,38.83,23.4553,195,158,Healthy,81.03,0
53,38,0.003,0.0,100.0,518.67,642.08,1592.01,1399.76,14.62,21.61,553.77,2388.07,9062.64,1.3,47.41,522.28,2388.04,8141.03,8.4077,0.03,391,2388,100.0,38.87,23.3572,195,157,Healthy,80.51,0
53,39,0.0008,0.0004,100.0,518.67,642.89,1588.75,1403.05,14.62,21.61,553.67,2388.1,9059.72,1.3,47.48,522.06,2388.08,8146.96,8.3639,0.03,393,2388,100.0,38.87,23.3097,195,156,Healthy,80.0,0
53,40,0.0008,-0.0001,100.0,518.67,642.32,1589.66,1403.58,14.62,21.61,554.27,2388.03,9066.58,1.3,47.55,521.56,2388.04,8136.0,8.4324,0.03,391,2388,100.0,38.89,23.3813,195,155,Healthy,79.49,0
53,41,-0.0013,0.0005,100.0,518.67,642.32,1591.26,1402.52,14.62,21.61,554.48,2388.05,9054.05,1.3,47.39,521.95,2388.07,8140.15,8.4321,0.03,392,2388,100.0,38.91,23.3865,195,154,Healthy,78.97,0
53,42,0.0013,0.0002,100.0,518.67,642.26,1587.45,1405.02,14.62,21.61,553.1,2388.06,9063.27,1.3,47.38,522.09,2388.06,8141.78,8.3915,0.03,391,2388,100.0,38.92,23.315,195,153,Healthy,78.46,0
53,43,0.0027,0.0005,100.0,518.67,642.96,1590.48,1408.62,14.62,21.61,553.67,2388.07,9060.8,1.3,47.21,521.88,2388.07,8144.56,8.4173,0.03,393,2388,100.0,38.9,23.4905,195,152,Healthy,77.95,0
53,44,-0.0027,-0.0002,100.0,518.67,643.41,1592.38,1396.65,14.62,21.61,553.89,2388.1,9062.26,1.3,47.53,521.72,2388.04,8143.21,8.4282,0.03,391,2388,100.0,38.95,23.3288,195,151,Healthy,77.44,0
53,45,0.0004,0.0004,100.0,518.67,641.79,1586.09,1403.7,14.62,21.61,553.82,2388.05,9062.88,1.3,47.28,522.23,2388.03,8138.64,8.3641,0.03,391,2388,100.0,38.73,23.4475,195,150,Healthy,76.92,0
53,46,0.0013,-0.0001,100.0,518.67,642.17,1585.53,1400.26,14.62,21.61,553.45,2388.06,9060.16,1.3,47.51,521.56,2388.06,8137.7,8.4349,0.03,393,2388,100.0,38.78,23.3843,195,149,Healthy,76.41,0
53,47,-0.0001,-0.0,100.0,518.67,642.77,1584.68,1404.72,14.62,21.61,553.59,2388.05,9061.08,1.3,47.36,521.93,2388.08,8135.36,8.4227,0.03,392,2388,100.0,38.82,23.3819,195,148,Healthy,75.9,0
53,48,0.0021,0.0003,100.0,518.67,642.36,1588.1,1402.17,14.62,21.6,554.29,2388.09,9059.12,1.3,47.3,521.89,2388.02,8143.47,8.4071,0.03,392,2388,100.0,38.93,23.3574,195,147,Healthy,75.38,0
53,49,0.0025,0.0004,100.0,518.67,642.52,1589.92,1401.57,14.62,21.61,554.27,2388.12,9061.55,1.3,47.43,521.76,2388.06,8141.58,8.4436,0.03,394,2388,100.0,38.8,23.2958,195,146,Healthy,74.87,0
53,50,-0.0029,-0.0002,100.0,518.67,642.3,1583.21,1400.47,14.62,21.6,554.09,2388.05,9066.75,1.3,47.37,521.66,2387.99,8142.71,8.412,0.03,391,2388,100.0,38.88,23.3694,195,145,Healthy,74.36,0
54,1,0.0015,-0.0,100.0,518.67,642.55,1582.13,1395.54,14.62,21.61,554.37,2388.02,9056.97,1.3,47.16,521.64,2388.05,8139.33,8.39,0.03,390,2388,100.0,39.16,23.3164,257,256,Healthy,99.61,0
54,2,0.0018,0.0001,100.0,518.67,642.43,1585.29,1399.09,14.62,21.61,553.95,2388.07,9069.85,1.3,47.23,522.25,2387.95,8145.65,8.3852,0.03,392,2388,100.0,39.2,23.3992,257,255,Healthy,99.22,0
54,3,-0.0043,-0.0004,100.0,518.67,642.05,1578.18,1406.34,14.62,21.61,554.45,2388.01,9070.61,1.3,47.15,522.65,2388.05,8145.7,8.4075,0.03,391,2388,100.0,38.94,23.4346,257,254,Healthy,98.83,0
54,4,-0.0005,-0.0003,100.0,518.67,642.33,1582.9,1395.75,14.62,21.61,554.43,2388.02,9062.2,1.3,47.15,522.27,2388.02,8142.2,8.4278,0.03,392,2388,100.0,39.08,23.4222,257,253,Healthy,98.44,0
54,5,-0.0036,-0.0001,100.0,518.67,641.6,1580.9,1396.71,14.62,21.61,555.07,2387.96,9068.9,1.3,47.23,522.64,2388.03,8145.19,8.4028,0.03,391,2388,100.0,38.75,23.4799,257,252,Healthy,98.05,0
54,6,0.0015,-0.0005,100.0,518.67,641.79,1586.12,1402.14,14.62,21.6,554.68,2388.0,9060.9,1.3,47.11,522.26,2387.99,8142.64,8.4175,0.03,392,2388,100.0,38.98,23.3702,257,251,Healthy,97.67,0
54,7,-0.0,-0.0,100.0,518.67,642.24,1581.51,1399.72,14.62,21.61,554.26,2387.99,9059.89,1.3,47.24,522.13,2387.97,8141.67,8.4285,0.03,392,2388,100.0,39.11,23.4091,257,250,Healthy,97.28,0
54,8,-0.0019,0.0002,100.0,518.67,642.02,1584.37,1391.81,14.62,21.61,554.44,2388.05,9058.02,1.3,47.05,522.06,2387.98,8140.85,8.3697,0.03,390,2388,100.0,38.81,23.3924,257,249,Healthy,96.89,0
54,9,-0.0013,-0.0002,100.0,518.67,642.1,1580.37,1398.73,14.62,21.61,554.04,2388.02,9065.66,1.3,47.22,522.47,2387.96,8143.39,8.4109,0.03,391,2388,100.0,39.15,23.3135,257,248,Healthy,96.5,0
54,10,0.0004,-0.0004,100.0,518.67,641.84,1587.73,1397.06,14.62,21.61,554.66,2388.04,9064.51,1.3,47.11,522.29,2387.99,8147.93,8.4022,0.03,393,2388,100.0,39.08,23.3512,257,247,Healthy,96.11,0
54,11,-0.0023,-0.0002,100.0,518.67,642.12,1591.03,1395.48,14.62,21.61,554.29,2388.01,9058.35,1.3,47.09,523.04,2388.03,8143.02,8.4109,0.03,393,2388,100.0,39.11,23.3691,257,246,Healthy,95.72,0
54,12,-0.0002,-0.0005,100.0,518.67,642.28,1585.08,1400.94,14.62,21.61,554.95,2387.98,9063.6,1.3,47.12,522.34,2388.03,8146.69,8.4092,0.03,392,2388,100.0,38.95,23.3154,257,245,Healthy,95.33,0
54,13,0.0005,0.0002,100.0,518.67,642.53,1583.77,1398.01,14.62,21.61,554.28,2388.04,9061.23,1.3,47.17,522.74,2387.98,8144.64,8.3972,0.03,392,2388,100.0,39.03,23.4262,257,244,Healthy,94.94,0
54,14,-0.0017,-0.0,100.0,518.67,642.09,1576.44,1400.1,14.62,21.61,554.16,2388.0,9056.18,1.3,47.24,522.64,2388.02,8145.94,8.3683,0.03,391,2388,100.0,38.85,23.3487,257,243,Healthy,94.55,0
54,15,0.0017,-0.0003,100.0,518.67,642.06,1583.65,1396.34,14.62,21.61,554.91,2387.94,9073.32,1.3,46.99,521.85,2387.99,8139.13,8.3695,0.03,392,2388,100.0,38.92,23.5147,257,242,Healthy,94.16,0
54,16,0.0038,-0.0004,100.0,518.67,642.35,1591.18,1392.85,14.62,21.61,555.05,2387.97,9059.68,1.3,47.22,522.32,2388.01,8140.8,8.3986,0.03,390,2388,100.0,39.15,23.5105,257,241,Healthy,93.77,0
54,17,0.0004,-0.0003,100.0,518.67,642.28,1586.23,1394.06,14.62,21.61,554.31,2388.02,9067.37,1.3,47.04,522.52,2387.98,8147.85,8.4156,0.03,390,2388,100.0,39.03,23.3913,257,240,Healthy,93.39,0
54,18,-0.0002,-0.0005,100.0,518.67,641.87,1579.23,1393.99,14.62,21.61,554.92,2388.03,9064.42,1.3,47.23,521.78,2387.98,8143.13,8.4046,0.03,392,2388,100.0,38.97,23.4212,257,239,Healthy,93.0,0
54,19,-0.0029,-0.0,100.0,518.67,641.95,1584.51,1399.71,14.62,21.61,554.63,2387.98,9067.24,1.3,47.24,522.98,2387.99,8145.78,8.38,0.03,391,2388,100.0,39.05,23.4868,257,238,Healthy,92.61,0
54,20,0.0004,-0.0003,100.0,518.67,642.57,1580.06,1404.71,14.62,21.61,554.25,2388.04,9054.31,1.3,47.28,521.64,2387.99,8142.79,8.3898,0.03,391,2388,100.0,38.99,23.462,257,237,Healthy,92.22,0
54,21,0.0041,0.0002,100.0,518.67,641.86,1581.29,1398.54,14.62,21.61,554.25,2387.98,9061.49,1.3,47.17,522.33,2388.02,8145.69,8.4125,0.03,393,2388,100.0,38.9,23.4714,257,236,Healthy,91.83,0
54,22,0.0025,-0.0003,100.0,518.67,641.99,1587.52,1397.13,14.62,21.61,554.91,2388.03,9063.28,1.3,47.26,522.67,2388.04,8138.29,8.4112,0.03,394,2388,100.0,39.1,23.4519,257,235,Healthy,91.44,0
54,23,0.0043,0.0003,100.0,518.67,641.9,1580.25,1400.76,14.62,21.61,554.5,2388.02,9067.72,1.3,47.2,522.4,2387.98,8143.88,8.4302,0.03,392,2388,100.0,39.09,23.4204,257,234,Healthy,91.05,0
54,24,-0.0027,-0.0002,100.0,518.67,642.68,1583.76,1396.06,14.62,21.6,554.07,2387.98,9068.84,1.3,47.2,522.3,2388.06,8142.22,8.3667,0.03,390,2388,100.0,38.94,23.3466,257,233,Healthy,90.66,0
54,25,-0.001,0.0002,100.0,518.67,642.19,1590.68,1397.93,14.62,21.61,555.03,2388.04,9058.55,1.3,47.13,522.55,2388.05,8147.84,8.4197,0.03,392,2388,100.0,39.02,23.3691,257,232,Healthy,90.27,0
54,26,-0.0002,-0.0004,100.0,518.67,642.21,1582.08,1398.27,14.62,21.61,553.79,2388.04,9057.48,1.3,47.31,522.38,2388.05,8138.98,8.3774,0.03,393,2388,100.0,39.04,23.5266,257,231,Healthy,89.88,0
54,27,-0.0006,0.0003,100.0,518.67,642.09,1582.84,1394.06,14.62,21.61,554.77,2388.01,9053.85,1.3,47.11,522.67,2388.02,8145.69,8.3926,0.03,392,2388,100.0,38.83,23.3941,257,230,Healthy,89.49,0
54,28,0.0008,0.0002,100.0,518.67,641.84,1583.22,1392.16,14.62,21.61,554.32,2387.95,9066.71,1.3,47.29,522.65,2388.03,8142.23,8.399,0.03,391,2388,100.0,39.13,23.4203,257,229,Healthy,89.11,0
54,29,-0.0023,0.0001,100.0,518.67,642.16,1590.72,1404.53,14.62,21.61,553.43,2388.03,9070.18,1.3,47.09,521.76,2387.98,8146.15,8.3977,0.03,393,2388,100.0,38.98,23.4736,257,228,Healthy,88.72,0
54,30,-0.0003,-0.0002,100.0,518.67,642.08,1583.34,1401.77,14.62,21.61,554.51,2388.0,9063.97,1.3,47.22,522.29,2387.94,8144.06,8.3991,0.03,393,2388,100.0,38.89,23.3667,257,227,Healthy,88.33,0
54,31,-0.0007,-0.0001,100.0,518.67,642.05,1586.25,1402.23,14.62,21.61,554.76,2387.95,9058.49,1.3,47.26,521.87,2387.99,8140.93,8.3918,0.03,393,2388,100.0,38.83,23.3516,257,226,Healthy,87.94,0
54,32,-0.0031,0.0004,100.0,518.67,642.64,1584.63,1398.24,14.62,21.61,553.63,2388.06,9060.06,1.3,47.09,522.15,2388.02,8138.67,8.433,0.03,391,2388,100.0,39.1,23.4876,257,225,Healthy,87.55,0
54,33,0.0016,-0.0004,100.0,518.67,642.29,1578.38,1396.15,14.62,21.61,554.87,2388.03,9067.86,1.3,47.16,522.49,2388.0,8145.66,8.3916,0.03,392,2388,100.0,39.06,23.5014,257,224,Healthy,87.16,0
54,34,-0.0028,0.0,100.0,518.67,641.95,1583.94,1392.55,14.62,21.61,554.4,2388.05,9058.09,1.3,47.19,522.18,2388.04,8144.11,8.4157,0.03,391,2388,100.0,38.99,23.4956,257,223,Healthy,86.77,0
54,35,0.0039,-0.0003,100.0,518.67,642.01,1574.81,1395.25,14.62,21.61,555.49,2387.96,9054.41,1.3,47.09,521.79,2387.97,8145.24,8.4028,0.03,391,2388,100.0,39.01,23.3685,257,222,Healthy,86.38,0
54,36,-0.0011,-0.0003,100.0,518.67,641.76,1584.06,1401.71,14.62,21.61,554.01,2388.02,9059.41,1.3,47.18,522.23,2388.02,8146.64,8.418,0.03,391,2388,100.0,38.92,23.4342,257,221,Healthy,85.99,0
54,37,-0.0041,-0.0002,100.0,518.67,641.9,1584.95,1394.68,14.62,21.61,555.12,2387.99,9062.65,1.3,47.15,522.6,2387.98,8146.16,8.3932,0.03,393,2388,100.0,39.02,23.4406,257,220,Healthy,85.6,0
54,38,0.0031,-0.0003,100.0,518.67,642.28,1582.82,1397.08,14.62,21.61,554.42,2388.05,9072.16,1.3,47.16,522.07,2388.03,8142.01,8.3761,0.03,392,2388,100.0,39.16,23.374,257,219,Healthy,85.21,0
54,39,0.0037,0.0003,100.0,518.67,642.33,1585.26,1393.86,14.62,21.61,555.54,2388.05,9057.94,1.3,47.27,521.94,2388.04,8154.14,8.4046,0.03,391,2388,100.0,39.05,23.4434,257,218,Healthy,84.82,0
54,40,-0.0021,0.0004,100.0,518.67,642.09,1585.52,1396.25,14.62,21.61,554.35,2388.0,9061.11,1.3,47.23,522.05,2388.02,8140.24,8.3922,0.03,391,2388,100.0,39.0,23.3844,257,217,Healthy,84.44,0
54,41,0.0007,0.0004,100.0,518.67,642.32,1575.94,1398.75,14.62,21.61,554.73,2387.95,9053.22,1.3,47.42,522.21,2388.01,8147.08,8.4622,0.03,391,2388,100.0,39.08,23.4296,257,216,Healthy,84.05,0
54,42,0.0022,0.0003,100.0,518.67,642.19,1581.22,1394.76,14.62,21.61,554.95,2387.98,9064.97,1.3,47.28,522.94,2387.98,8144.37,8.3681,0.03,392,2388,100.0,39.14,23.4102,257,215,Healthy,83.66,0
54,43,-0.0009,0.0,100.0,518.67,642.06,1581.53,1387.94,14.62,21.61,554.79,2387.98,9064.46,1.3,47.22,522.31,2388.01,8146.92,8.4155,0.03,393,2388,100.0,38.98,23.3245,257,214,Healthy,83.27,0
54,44,0.001,0.0001,100.0,518.67,641.91,1586.91,1392.19,14.62,21.61,553.85,2388.03,9060.22,1.3,47.35,522.59,2388.04,8148.27,8.4118,0.03,390,2388,100.0,39.11,23.3904,257,213,Healthy,82.88,0
54,45,0.0028,-0.0001,100.0,518.67,642.31,1580.91,1399.13,14.62,21.61,554.18,2387.92,9056.38,1.3,47.22,522.89,2388.03,8140.7,8.4111,0.03,391,2388,100.0,39.09,23.4393,257,212,Healthy,82.49,0
54,46,-0.0007,-0.0003,100.0,518.67,642.1,1588.99,1399.51,14.62,21.61,554.5,2388.01,9065.35,1.3,47.34,522.03,2387.98,8141.18,8.4026,0.03,393,2388,100.0,38.99,23.4705,257,211,Healthy,82.1,0
54,47,-0.0024,0.0003,100.0,518.67,642.4,1579.86,1392.07,14.62,21.61,554.66,2388.0,9054.24,1.3,47.14,522.48,2387.92,8139.95,8.4177,0.03,391,2388,100.0,39.0,23.4603,257,210,Healthy,81.71,0
54,48,-0.0036,-0.0003,100.0,518.67,642.39,1592.11,1393.97,14.62,21.61,554.05,2388.04,9053.38,1.3,47.26,522.3,2388.02,8138.44,8.4014,0.03,391,2388,100.0,38.89,23.2904,257,209,Healthy,81.32,0
54,49,-0.0026,-0.0004,100.0,518.67,642.42,1580.66,1405.03,14.62,21.61,554.51,2387.98,9068.95,1.3,47.11,522.15,2387.99,8143.16,8.3978,0.03,390,2388,100.0,39.02,23.3857,257,208,Healthy,80.93,0
54,50,-0.0025,-0.0003,100.0,518.67,642.03,1583.54,1397.5,14.62,21.61,554.65,2388.0,9059.66,1.3,47.2,522.53,2388.01,8147.65,8.3942,0.03,391,2388,100.0,39.22,23.397,257,207,Healthy,80.54,0
55,1,0.0002,-0.0003,100.0,518.67,642.58,1583.77,1407.45,14.62,21.61,554.39,2388.1,9041.62,1.3,47.39,521.5,2388.1,8133.23,8.4287,0.03,393,2388,100.0,38.95,23.3957,193,192,Healthy,99.48,0
55,2,0.0021,0.0,100.0,518.67,642.14,1588.23,1414.47,14.62,21.61,553.77,2388.1,9047.71,1.3,47.33,521.33,2388.1,8135.6,8.3795,0.03,392,2388,100.0,38.86,23.3376,193,191,Healthy,98.96,0
55,3,0.0012,-0.0,100.0,518.67,642.58,1591.48,1394.99,14.62,21.61,553.52,2388.11,9050.16,1.3,47.44,522.29,2388.12,8129.66,8.4301,0.03,392,2388,100.0,38.92,23.3784,193,190,Healthy,98.45,0
55,4,-0.0049,0.0003,100.0,518.67,643.13,1587.15,1403.6,14.62,21.61,553.53,2388.07,9051.83,1.3,47.4,521.97,2388.08,8132.87,8.411,0.03,394,2388,100.0,38.82,23.3387,193,189,Healthy,97.93,0
55,5,0.0019,-0.0005,100.0,518.67,642.29,1585.74,1403.63,14.62,21.61,553.81,2388.09,9053.23,1.3,47.31,522.02,2388.09,8132.97,8.4194,0.03,393,2388,100.0,38.86,23.3548,193,188,Healthy,97.41,0
55,6,-0.0021,0.0003,100.0,518.67,642.37,1581.14,1413.67,14.62,21.61,553.89,2388.12,9052.13,1.3,47.51,520.98,2388.09,8132.56,8.4479,0.03,392,2388,100.0,38.96,23.2253,193,187,Healthy,96.89,0
55,7,-0.0007,-0.0003,100.0,518.67,642.07,1582.69,1405.68,14.62,21.61,553.9,2388.11,9048.01,1.3,47.17,521.41,2388.11,8131.33,8.4513,0.03,393,2388,100.0,38.95,23.4041,193,186,Healthy,96.37,0
55,8,-0.004,-0.0004,100.0,518.67,642.26,1584.97,1408.63,14.62,21.61,553.4,2388.12,9049.0,1.3,47.36,521.62,2388.06,8134.86,8.4656,0.03,392,2388,100.0,38.98,23.3927,193,185,Healthy,95.85,0
55,9,-0.0003,0.0004,100.0,518.67,642.34,1597.86,1403.04,14.62,21.61,553.32,2388.0,9056.21,1.3,47.58,522.2,2388.08,8127.95,8.4383,0.03,394,2388,100.0,38.74,23.3623,193,184,Healthy,95.34,0
55,10,-0.0024,0.0001,100.0,518.67,642.43,1589.78,1398.95,14.62,21.61,553.54,2388.08,9052.89,1.3,47.38,521.66,2388.07,8135.85,8.4329,0.03,392,2388,100.0,38.94,23.1844,193,183,Healthy,94.82,0
55,11,0.0001,0.0002,100.0,518.67,642.76,1583.23,1402.85,14.62,21.61,553.95,2388.09,9052.67,1.3,47.55,521.93,2388.07,8135.55,8.417,0.03,393,2388,100.0,38.78,23.3875,193,182,Healthy,94.3,0
55,12,0.0013,-0.0004,100.0,518.67,642.1,1592.64,1403.54,14.62,21.61,553.45,2388.11,9050.97,1.3,47.37,521.57,2388.12,8131.79,8.4243,0.03,392,2388,100.0,38.95,23.2287,193,181,Healthy,93.78,0
55,13,-0.0039,-0.0002,100.0,518.67,642.1,1595.2,1401.58,14.62,21.61,553.31,2388.12,9044.03,1.3,47.41,521.45,2388.09,8133.91,8.4336,0.03,392,2388,100.0,38.88,23.1794,193,180,Healthy,93.26,0
55,14,-0.0007,0.0002,100.0,518.67,642.31,1591.19,1403.01,14.62,21.61,554.31,2388.09,9046.62,1.3,47.36,521.02,2388.08,8133.87,8.4327,0.03,394,2388,100.0,38.74,23.368,193,179,Healthy,92.75,0
55,15,0.0002,0.0001,100.0,518.67,642.85,1580.98,1401.38,14.62,21.61,553.45,2388.08,9049.05,1.3,47.44,521.55,2388.11,8136.76,8.4628,0.03,393,2388,100.0,38.77,23.2677,193,178,Healthy,92.23,0
55,16,-0.0008,0.0,100.0,518.67,642.82,1597.64,1410.09,14.62,21.61,553.78,2388.05,9051.28,1.3,47.65,522.1,2388.07,8128.68,8.4224,0.03,393,2388,100.0,38.83,23.2318,193,177,Healthy,91.71,0
55,17,0.002,-0.0004,100.0,518.67,642.36,1590.75,1403.37,14.62,21.61,554.47,2388.1,9047.83,1.3,47.41,521.61,2388.08,8132.25,8.4455,0.03,392,2388,100.0,38.88,23.1939,193,176,Healthy,91.19,0
55,18,-0.0027,0.0003,100.0,518.67,642.59,1591.03,1403.35,14.62,21.61,553.15,2388.07,9049.0,1.3,47.34,521.83,2388.1,8134.26,8.4243,0.03,392,2388,100.0,38.93,23.4089,193,175,Healthy,90.67,0
55,19,-0.0024,-0.0002,100.0,518.67,643.03,1589.11,1410.26,14.62,21.61,554.21,2388.02,9057.1,1.3,47.37,521.87,2388.08,8135.87,8.4019,0.03,391,2388,100.0,38.78,23.3245,193,174,Healthy,90.16,0
55,20,0.0011,-0.0003,100.0,518.67,642.44,1593.78,1410.96,14.62,21.61,553.66,2388.11,9046.73,1.3,47.53,521.69,2388.09,8134.39,8.425,0.03,393,2388,100.0,38.97,23.3576,193,173,Healthy,89.64,0
55,21,0.0004,-0.0001,100.0,518.67,642.5,1581.61,1403.02,14.62,21.61,553.49,2388.02,9053.8,1.3,47.24,521.56,2388.08,8134.43,8.4221,0.03,394,2388,100.0,38.9,23.3596,193,172,Healthy,89.12,0
55,22,0.002,0.0005,100.0,518.67,643.07,1583.91,1409.29,14.62,21.61,554.05,2388.1,9057.18,1.3,47.27,521.03,2388.07,8128.61,8.453,0.03,392,2388,100.0,38.63,23.2477,193,171,Healthy,88.6,0
55,23,-0.0035,-0.0002,100.0,518.67,642.71,1588.78,1411.58,14.62,21.61,553.88,2388.07,9055.32,1.3,47.52,521.69,2388.1,8125.81,8.4265,0.03,392,2388,100.0,38.87,23.3842,193,170,Healthy,88.08,0
55,24,0.0025,0.0002,100.0,518.67,641.71,1590.36,1404.45,14.62,21.61,553.23,2388.1,9043.58,1.3,47.62,522.08,2388.02,8129.73,8.4445,0.03,393,2388,100.0,39.05,23.3608,193,169,Healthy,87.56,0
55,25,-0.0023,0.0004,100.0,518.67,642.24,1586.67,1408.9,14.62,21.61,554.11,2388.11,9057.0,1.3,47.47,521.59,2388.08,8135.48,8.4511,0.03,393,2388,100.0,39.04,23.4263,193,168,Healthy,87.05,0
55,26,-0.0013,-0.0003,100.0,518.67,642.07,1585.16,1400.53,14.62,21.61,553.27,2388.1,9050.07,1.3,47.38,521.24,2388.2,8137.72,8.4353,0.03,392,2388,100.0,38.9,23.3291,193,167,Healthy,86.53,0
55,27,-0.0029,-0.0001,100.0,518.67,642.31,1589.68,1412.27,14.62,21.61,553.87,2388.13,9052.08,1.3,47.37,521.97,2388.1,8131.45,8.4145,0.03,393,2388,100.0,38.82,23.2553,193,166,Healthy,86.01,0
55,28,0.0007,0.0,100.0,518.67,642.55,1589.38,1404.99,14.62,21.61,553.21,2388.15,9054.49,1.3,47.54,521.67,2388.14,8135.71,8.439,0.03,393,2388,100.0,38.91,23.3018,193,165,Healthy,85.49,0
55,29,-0.0013,0.0003,100.0,518.67,642.53,1589.68,1408.66,14.62,21.61,553.37,2388.07,9051.26,1.3,47.42,521.43,2388.06,8133.28,8.4321,0.03,392,2388,100.0,38.73,23.2784,193,164,Healthy,84.97,0
55,30,-0.0033,-0.0002,100.0,518.67,642.07,1590.39,1403.38,14.62,21.61,553.45,2388.01,9049.39,1.3,47.52,522.28,2388.03,8131.72,8.4076,0.03,393,2388,100.0,38.91,23.2435,193,163,Healthy,84.46,0
55,31,0.0015,0.0004,100.0,518.67,642.59,1590.3,1399.6,14.62,21.61,553.71,2388.1,9050.09,1.3,47.38,521.99,2388.06,8136.41,8.4548,0.03,393,2388,100.0,38.85,23.2838,193,162,Healthy,83.94,0
55,32,0.0003,0.0003,100.0,518.67,642.44,1591.72,1404.47,14.62,21.61,553.31,2388.09,9052.16,1.3,47.17,521.76,2388.08,8127.77,8.4529,0.03,392,2388,100.0,38.99,23.3315,193,161,Healthy,83.42,0
55,33,0.0013,0.0002,100.0,518.67,642.7,1587.7,1412.03,14.62,21.61,553.62,2388.12,9050.47,1.3,47.35,521.98,2388.12,8128.95,8.4289,0.03,394,2388,100.0,39.04,23.2675,193,160,Healthy,82.9,0
55,34,-0.0022,0.0003,100.0,518.67,642.55,1586.17,1401.31,14.62,21.61,553.23,2388.07,9054.37,1.3,47.41,521.21,2388.08,8140.69,8.44,0.03,393,2388,100.0,39.04,23.3541,193,159,Healthy,82.38,0
55,35,-0.0007,-0.0004,100.0,518.67,642.71,1591.51,1405.42,14.62,21.61,554.22,2388.09,9050.64,1.3,47.41,521.66,2388.11,8128.38,8.4237,0.03,393,2388,100.0,38.9,23.364,193,158,Healthy,81.87,0
55,36,0.0009,0.0003,100.0,518.67,642.42,1586.16,1400.94,14.62,21.61,553.74,2388.12,9040.33,1.3,47.48,521.44,2388.16,8138.37,8.434,0.03,391,2388,100.0,38.81,23.2812,193,157,Healthy,81.35,0
55,37,-0.0002,-0.0001,100.0,518.67,642.34,1590.66,1399.72,14.62,21.61,553.8,2388.12,9052.45,1.3,47.38,521.6,2388.05,8134.75,8.4126,0.03,394,2388,100.0,38.85,23.4516,193,156,Healthy,80.83,0
55,38,-0.0004,-0.0002,100.0,518.67,643.03,1587.43,1405.96,14.62,21.61,553.86,2388.07,9056.19,1.3,47.41,521.56,2388.13,8133.35,8.3921,0.03,393,2388,100.0,38.78,23.2366,193,155,Healthy,80.31,0
55,39,0.0001,0.0005,100.0,518.67,643.21,1587.54,1407.22,14.62,21.61,554.64,2388.1,9052.09,1.3,47.5,521.69,2388.08,8128.76,8.4453,0.03,392,2388,100.0,39.02,23.3673,193,154,Healthy,79.79,0
55,40,-0.0015,-0.0003,100.0,518.67,642.54,1584.95,1400.48,14.62,21.61,554.19,2388.09,9054.94,1.3,47.23,522.42,2388.09,8134.08,8.4506,0.03,392,2388,100.0,38.93,23.2373,193,153,Healthy,79.27,0
55,41,-0.002,-0.0002,100.0,518.67,642.5,1588.53,1417.32,14.62,21.61,553.05,2388.12,9054.32,1.3,47.65,521.36,2388.07,8137.65,8.4549,0.03,392,2388,100.0,39.0,23.3044,193,152,Healthy,78.76,0
55,42,0.0009,0.0003,100.0,518.67,642.46,1593.49,1403.59,14.62,21.61,553.84,2388.03,9056.68,1.3,47.25,521.56,2388.07,8141.85,8.4449,0.03,393,2388,100.0,38.75,23.4016,193,151,Healthy,78.24,0
55,43,-0.0002,-0.0002,100.0,518.67,642.71,1586.63,1404.7,14.62,21.61,552.75,2388.08,9044.79,1.3,47.32,521.83,2388.12,8127.64,8.4453,0.03,393,2388,100.0,39.0,23.2492,193,150,Healthy,77.72,0
55,44,0.0013,-0.0001,100.0,518.67,642.2,1587.01,1401.61,14.62,21.61,553.75,2388.06,9050.6,1.3,47.34,521.3,2388.05,8130.73,8.4178,0.03,392,2388,100.0,38.92,23.3216,193,149,Healthy,77.2,0
55,45,-0.0015,-0.0003,100.0,518.67,643.06,1585.46,1399.45,14.62,21.61,553.46,2388.05,9061.86,1.3,47.25,522.26,2388.1,8130.9,8.4312,0.03,394,2388,100.0,38.99,23.178,193,148,Healthy,76.68,0
55,46,0.0005,-0.0005,100.0,518.67,642.3,1588.39,1404.44,14.62,21.61,553.59,2388.08,9051.27,1.3,47.4,521.79,2388.12,8129.26,8.4243,0.03,392,2388,100.0,38.87,23.2873,193,147,Healthy,76.17,0
55,47,0.0001,0.0005,100.0,518.67,642.5,1583.4,1403.73,14.62,21.61,553.28,2388.07,9048.47,1.3,47.32,521.79,2388.07,8130.35,8.426,0.03,392,2388,100.0,38.71,23.3041,193,146,Healthy,75.65,0
55,48,0.0057,-0.0,100.0,518.67,642.44,1589.78,1406.0,14.62,21.61,553.47,2388.1,9055.99,1.3,47.31,521.32,2388.09,8128.37,8.4148,0.03,393,2388,100.0,39.28,23.3804,193,145,Healthy,75.13,0
55,49,0.0002,-0.0,100.0,518.67,642.5,1590.36,1408.59,14.62,21.61,554.29,2388.09,9049.58,1.3,47.34,521.82,2388.06,8131.38,8.421,0.03,393,2388,100.0,38.92,23.2912,193,144,Healthy,74.61,0
55,50,0.0042,0.0005,100.0,518.67,642.84,1583.56,1404.47,14.62,21.61,553.3,2388.1,9048.67,1.3,47.54,521.75,2388.11,8131.26,8.4072,0.03,392,2388,100.0,38.7,23.2224,193,143,Healthy,74.09,0
56,1,-0.0009,-0.0005,100.0,518.67,642.57,1591.56,1405.96,14.62,21.61,553.34,2388.12,9055.81,1.3,47.38,521.93,2388.1,8133.85,8.4444,0.03,391,2388,100.0,38.75,23.3174,275,274,Healthy,99.64,0
56,2,0.0012,-0.0004,100.0,518.67,642.75,1586.44,1415.44,14.62,21.61,552.68,2388.1,9059.1,1.3,47.72,521.18,2388.13,8136.92,8.4412,0.03,395,2388,100.0,38.81,23.2391,275,273,Healthy,99.27,0
56,3,0.0012,-0.0004,100.0,518.67,642.47,1584.96,1410.81,14.62,21.61,552.9,2388.12,9057.99,1.3,47.42,520.82,2388.08,8133.11,8.4461,0.03,394,2388,100.0,38.82,23.334,275,272,Healthy,98.91,0
56,4,0.0026,0.0005,100.0,518.67,642.52,1587.64,1403.7,14.62,21.61,553.52,2388.13,9054.91,1.3,47.48,521.7,2388.12,8136.86,8.4357,0.03,394,2388,100.0,38.89,23.2844,275,271,Healthy,98.55,0
56,5,0.0034,-0.0002,100.0,518.67,642.51,1587.8,1411.17,14.62,21.61,553.6,2388.13,9045.3,1.3,47.49,522.06,2388.18,8132.53,8.4411,0.03,394,2388,100.0,38.79,23.3204,275,270,Healthy,98.18,0
56,6,0.0024,-0.0001,100.0,518.67,643.08,1593.15,1401.46,14.62,21.61,553.45,2388.03,9046.37,1.3,47.67,521.36,2388.16,8133.47,8.4824,0.03,394,2388,100.0,39.0,23.3592,275,269,Healthy,97.82,0
56,7,0.001,-0.0002,100.0,518.67,642.52,1589.19,1408.88,14.62,21.61,553.22,2388.12,9054.19,1.3,47.77,520.98,2388.13,8132.14,8.4382,0.03,393,2388,100.0,38.83,23.2568,275,268,Healthy,97.45,0
56,8,-0.0033,0.0001,100.0,518.67,642.73,1585.09,1405.88,14.62,21.61,552.52,2388.12,9049.44,1.3,47.63,520.83,2388.1,8128.3,8.4429,0.03,394,2388,100.0,38.86,23.1591,275,267,Healthy,97.09,0
56,9,0.0027,-0.0003,100.0,518.67,643.07,1586.0,1409.73,14.62,21.61,552.68,2388.09,9054.87,1.3,47.67,521.14,2388.11,8130.56,8.4567,0.03,392,2388,100.0,38.79,23.2923,275,266,Healthy,96.73,0
56,10,-0.0031,-0.0001,100.0,518.67,642.56,1591.69,1409.36,14.62,21.61,552.76,2388.1,9058.91,1.3,47.53,521.23,2388.12,8129.56,8.403,0.03,394,2388,100.0,38.96,23.2503,275,265,Healthy,96.36,0
56,11,-0.0018,0.0001,100.0,518.67,643.0,1591.38,1409.87,14.62,21.61,553.25,2388.12,9062.51,1.3,47.62,521.83,2388.06,8132.73,8.4092,0.03,393,2388,100.0,38.91,23.2937,275,264,Healthy,96.0,0
56,12,-0.0011,-0.0001,100.0,518.67,642.71,1589.35,1406.95,14.62,21.61,553.1,2388.08,9049.4,1.3,47.59,521.54,2388.14,8134.3,8.4431,0.03,394,2388,100.0,38.78,23.2707,275,263,Healthy,95.64,0
56,13,-0.0024,0.0003,100.0,518.67,643.01,1593.52,1402.8,14.62,21.61,553.64,2388.13,9054.31,1.3,47.55,521.17,2388.09,8132.34,8.4335,0.03,393,2388,100.0,38.81,23.3705,275,262,Healthy,95.27,0
56,14,0.0029,0.0002,100.0,518.67,642.11,1589.07,1407.53,14.62,21.61,553.05,2388.1,9049.69,1.3,47.58,521.33,2388.05,8131.68,8.4253,0.03,393,2388,100.0,38.77,23.2475,275,261,Healthy,94.91,0
56,15,0.0001,0.0,100.0,518.67,642.38,1584.78,1408.41,14.62,21.61,552.86,2388.07,9054.43,1.3,47.67,521.42,2388.09,8134.18,8.4481,0.03,393,2388,100.0,38.86,23.3557,275,260,Healthy,94.55,0
56,16,-0.0003,0.0002,100.0,518.67,643.19,1590.76,1400.65,14.62,21.61,553.1,2388.16,9050.84,1.3,47.58,520.95,2388.17,8134.61,8.4309,0.03,393,2388,100.0,38.77,23.2353,275,259,Healthy,94.18,0
56,17,0.0007,0.0001,100.0,518.67,642.85,1589.32,1413.36,14.62,21.61,553.36,2388.07,9047.82,1.3,47.44,521.42,2388.15,8131.91,8.4317,0.03,393,2388,100.0,38.91,23.2356,275,258,Healthy,93.82,0
56,18,-0.0015,0.0004,100.0,518.67,642.9,1595.72,1411.48,14.62,21.61,553.67,2388.09,9055.67,1.3,47.69,521.4,2388.13,8136.35,8.4419,0.03,396,2388,100.0,38.75,23.3865,275,257,Healthy,93.45,0
56,19,-0.0036,0.0003,100.0,518.67,642.07,1588.96,1408.61,14.62,21.61,553.0,2388.14,9047.62,1.3,47.59,521.1,2388.15,8132.61,8.4558,0.03,393,2388,100.0,38.84,23.3301,275,256,Healthy,93.09,0
56,20,0.002,-0.0001,100.0,518.67,642.79,1588.4,1409.01,14.62,21.61,553.75,2388.14,9052.77,1.3,47.57,521.63,2388.14,8132.61,8.4339,0.03,394,2388,100.0,38.74,23.3115,275,255,Healthy,92.73,0
56,21,-0.0004,0.0,100.0,518.67,642.43,1589.18,1405.39,14.62,21.61,553.73,2388.11,9059.19,1.3,47.61,520.94,2388.11,8128.71,8.4471,0.03,394,2388,100.0,38.77,23.263,275,254,Healthy,92.36,0
56,22,-0.0005,-0.0004,100.0,518.67,642.31,1592.3,1398.7,14.62,21.61,553.65,2388.1,9050.52,1.3,47.45,520.82,2388.13,8131.19,8.4288,0.03,392,2388,100.0,38.78,23.1921,275,253,Healthy,92.0,0
56,23,-0.0017,-0.0,100.0,518.67,642.6,1586.27,1414.61,14.62,21.61,553.51,2388.09,9041.14,1.3,47.74,521.35,2388.16,8135.68,8.4098,0.03,395,2388,100.0,38.57,23.3052,275,252,Healthy,91.64,0
56,24,0.0009,-0.0001,100.0,518.67,642.05,1587.45,1408.53,14.62,21.61,553.87,2388.15,9052.32,1.3,47.65,521.36,2388.12,8136.64,8.4669,0.03,394,2388,100.0,38.82,23.3351,275,251,Healthy,91.27,0
56,25,0.002,-0.0002,100.0,518.67,642.83,1589.49,1405.08,14.62,21.61,553.13,2388.15,9058.23,1.3,47.3,521.35,2388.12,8132.6,8.4173,0.03,392,2388,100.0,38.83,23.2847,275,250,Healthy,90.91,0
56,26,0.0024,0.0001,100.0,518.67,642.75,1591.81,1418.45,14.62,21.61,553.5,2388.15,9050.99,1.3,47.57,521.75,2388.1,8132.67,8.4321,0.03,394,2388,100.0,38.84,23.2586,275,249,Healthy,90.55,0
56,27,-0.0009,0.0003,100.0,518.67,643.2,1594.66,1400.57,14.62,21.61,553.1,2388.13,9051.74,1.3,47.59,521.27,2388.13,8132.91,8.43,0.03,395,2388,100.0,38.78,23.313,275,248,Healthy,90.18,0
56,28,0.0017,-0.0004,100.0,518.67,642.17,1592.05,1410.47,14.62,21.61,553.06,2388.17,9051.2,1.3,47.52,521.51,2388.09,8133.85,8.4428,0.03,394,2388,100.0,38.87,23.2896,275,247,Healthy,89.82,0
56,29,-0.0016,-0.0001,100.0,518.67,642.88,1593.33,1403.53,14.62,21.61,553.61,2388.14,9050.7,1.3,47.44,522.01,2388.05,8133.93,8.4591,0.03,393,2388,100.0,38.93,23.3212,275,246,Healthy,89.45,0
56,30,-0.0012,0.0001,100.0,518.67,642.54,1590.92,1409.46,14.62,21.61,553.42,2388.11,9053.73,1.3,47.45,521.71,2388.07,8131.46,8.4609,0.03,393,2388,100.0,38.96,23.3234,275,245,Healthy,89.09,0
56,31,0.0012,0.0003,100.0,518.67,642.62,1589.65,1411.89,14.62,21.61,552.94,2388.13,9053.23,1.3,47.77,521.76,2388.15,8134.64,8.4368,0.03,394,2388,100.0,38.73,23.2379,275,244,Healthy,88.73,0
56,32,-0.0013,0.0002,100.0,518.67,642.56,1589.25,1409.01,14.62,21.61,553.1,2388.13,9048.98,1.3,47.59,521.2,2388.17,8131.66,8.4544,0.03,394,2388,100.0,38.82,23.4416,275,243,Healthy,88.36,0
56,33,0.0,-0.0004,100.0,518.67,642.71,1593.05,1414.89,14.62,21.61,552.73,2388.09,9053.68,1.3,47.49,521.16,2388.1,8132.39,8.4181,0.03,394,2388,100.0,38.78,23.2514,275,242,Healthy,88.0,0
56,34,-0.0003,-0.0003,100.0,518.67,642.21,1594.65,1414.14,14.62,21.61,552.92,2388.13,9047.1,1.3,47.56,521.27,2388.14,8126.39,8.454,0.03,393,2388,100.0,38.78,23.3502,275,241,Healthy,87.64,0
56,35,0.0021,0.0004,100.0,518.67,642.42,1589.81,1407.29,14.62,21.61,553.29,2388.06,9050.06,1.3,47.47,521.72,2388.11,8127.01,8.4638,0.03,394,2388,100.0,38.82,23.375,275,240,Healthy,87.27,0
56,36,0.0021,0.0005,100.0,518.67,642.3,1585.1,1401.82,14.62,21.61,553.66,2388.11,9052.15,1.3,47.44,520.77,2388.07,8133.22,8.4298,0.03,393,2388,100.0,38.78,23.2955,275,239,Healthy,86.91,0
56,37,-0.0041,-0.0001,100.0,518.67,642.41,1591.27,1406.48,14.62,21.61,553.1,2388.11,9051.75,1.3,47.56,521.54,2388.12,8130.73,8.4733,0.03,393,2388,100.0,38.7,23.1426,275,238,Healthy,86.55,0
56,38,-0.0045,0.0005,100.0,518.67,642.77,1595.03,1404.82,14.62,21.61,553.83,2388.11,9050.45,1.3,47.67,521.23,2388.16,8134.74,8.4415,0.03,393,2388,100.0,38.76,23.2404,275,237,Healthy,86.18,0
56,39,0.0017,-0.0004,100.0,518.67,641.91,1592.36,1410.69,14.62,21.61,553.56,2388.18,9054.03,1.3,47.48,521.38,2388.11,8133.76,8.4167,0.03,394,2388,100.0,38.83,23.3242,275,236,Healthy,85.82,0
56,40,-0.001,0.0005,100.0,518.67,642.53,1588.66,1411.38,14.62,21.61,553.04,2388.13,9054.91,1.3,47.45,521.78,2388.12,8132.67,8.4609,0.03,393,2388,100.0,38.76,23.3385,275,235,Healthy,85.45,0
56,41,-0.0047,0.0001,100.0,518.67,642.27,1595.57,1410.19,14.62,21.61,554.25,2388.15,9048.6,1.3,47.45,521.71,2388.11,8130.79,8.4325,0.03,392,2388,100.0,38.89,23.3159,275,234,Healthy,85.09,0
56,42,-0.0009,0.0002,100.0,518.67,643.1,1595.98,1408.09,14.62,21.61,553.46,2388.14,9049.36,1.3,47.45,521.43,2388.09,8127.29,8.4744,0.03,392,2388,100.0,38.84,23.3908,275,233,Healthy,84.73,0
56,43,-0.0013,-0.0004,100.0,518.67,642.51,1588.29,1408.08,14.62,21.61,553.41,2388.09,9053.96,1.3,47.52,521.74,2388.07,8130.39,8.4427,0.03,392,2388,100.0,38.92,23.2327,275,232,Healthy,84.36,0
56,44,-0.001,-0.0001,100.0,518.67,642.36,1583.49,1405.88,14.62,21.61,552.75,2388.11,9044.92,1.3,47.49,521.63,2388.16,8133.55,8.4364,0.03,392,2388,100.0,38.82,23.2695,275,231,Healthy,84.0,0
56,45,0.0001,0.0001,100.0,518.67,642.55,1586.54,1410.75,14.62,21.61,553.51,2388.14,9054.16,1.3,47.46,521.33,2388.16,8132.21,8.4138,0.03,392,2388,100.0,38.86,23.1958,275,230,Healthy,83.64,0
56,46,0.0014,-0.0003,100.0,518.67,642.55,1593.62,1412.19,14.62,21.61,552.96,2388.07,9051.69,1.3,47.44,521.64,2388.09,8129.02,8.4137,0.03,394,2388,100.0,38.93,23.3222,275,229,Healthy,83.27,0
56,47,0.0071,0.0001,100.0,518.67,642.34,1591.89,1408.24,14.62,21.61,553.49,2388.12,9052.12,1.3,47.65,521.76,2388.16,8130.56,8.4404,0.03,394,2388,100.0,38.7,23.2987,275,228,Healthy,82.91,0
56,48,-0.0017,-0.0002,100.0,518.67,642.37,1587.48,1408.37,14.62,21.61,553.9,2388.13,9056.36,1.3,47.43,521.11,2388.19,8133.99,8.4535,0.03,394,2388,100.0,38.89,23.2669,275,227,Healthy,82.55,0
56,49,-0.0031,0.0002,100.0,518.67,643.3,1589.21,1412.02,14.62,21.61,552.32,2388.12,9059.76,1.3,47.68,521.06,2388.06,8129.19,8.4649,0.03,393,2388,100.0,38.83,23.3571,275,226,Healthy,82.18,0
56,50,0.0016,0.0001,100.0,518.67,643.1,1595.74,1413.06,14.62,21.61,553.06,2388.09,9046.81,1.3,47.62,520.93,2388.08,8128.46,8.4692,0.03,393,2388,100.0,38.59,23.3578,275,225,Healthy,81.82,0
57,1,-0.0037,-0.0004,100.0,518.67,642.64,1593.48,1402.4,14.62,21.61,553.58,2388.07,9049.3,1.3,47.41,521.82,2388.08,8136.11,8.3973,0.03,391,2388,100.0,38.96,23.3836,137,136,Healthy,99.27,0
57,2,0.0038,-0.0,100.0,518.67,641.94,1586.18,1397.07,14.62,21.61,553.94,2388.05,9048.85,1.3,47.2,521.82,2388.05,8135.12,8.4227,0.03,393,2388,100.0,38.94,23.368,137,135,Healthy,98.54,0
57,3,-0.0014,-0.0004,100.0,518.67,642.19,1591.6,1407.08,14.62,21.61,554.51,2388.11,9049.73,1.3,47.43,521.98,2388.06,8130.46,8.42,0.03,393,2388,100.0,38.88,23.4072,137,134,Healthy,97.81,0
57,4,-0.0002,-0.0003,100.0,518.67,642.66,1588.64,1396.73,14.62,21.61,554.21,2388.11,9038.04,1.3,47.42,522.19,2388.04,8136.11,8.446,0.03,393,2388,100.0,38.97,23.3827,137,133,Healthy,97.08,0
57,5,-0.0022,0.0004,100.0,518.67,642.48,1589.61,1408.72,14.62,21.61,553.52,2388.09,9046.44,1.3,47.47,521.8,2388.07,8128.88,8.4349,0.03,392,2388,100.0,38.67,23.3019,137,132,Healthy,96.35,0
57,6,-0.0017,-0.0004,100.0,518.67,642.0,1586.4,1397.39,14.62,21.61,554.33,2388.03,9060.78,1.3,47.45,522.16,2388.06,8132.49,8.4302,0.03,394,2388,100.0,39.09,23.4559,137,131,Healthy,95.62,0
57,7,-0.0011,-0.0005,100.0,518.67,642.27,1578.13,1407.15,14.62,21.61,554.09,2388.04,9052.65,1.3,47.26,522.68,2387.99,8133.53,8.4043,0.03,393,2388,100.0,38.87,23.3655,137,130,Healthy,94.89,0
57,8,0.0,-0.0003,100.0,518.67,642.39,1590.65,1396.75,14.62,21.61,553.93,2388.05,9039.78,1.3,47.32,522.1,2388.11,8129.08,8.4106,0.03,393,2388,100.0,38.95,23.3547,137,129,Healthy,94.16,0
57,9,-0.0035,-0.0005,100.0,518.67,642.87,1587.52,1399.3,14.62,21.61,554.95,2388.08,9045.12,1.3,47.35,522.11,2388.05,8132.56,8.4274,0.03,393,2388,100.0,38.88,23.3217,137,128,Healthy,93.43,0
57,10,-0.0006,-0.0003,100.0,518.67,642.7,1583.95,1402.36,14.62,21.61,554.38,2388.08,9056.1,1.3,47.39,522.26,2388.06,8132.43,8.4475,0.03,392,2388,100.0,38.91,23.4265,137,127,Healthy,92.7,0
57,11,0.0026,0.0001,100.0,518.67,642.46,1584.69,1402.15,14.62,21.61,554.0,2388.07,9047.78,1.3,47.34,522.33,2388.06,8135.69,8.4025,0.03,393,2388,100.0,38.99,23.3497,137,126,Healthy,91.97,0
57,12,-0.0003,-0.0002,100.0,518.67,642.66,1585.84,1405.32,14.62,21.61,553.98,2388.03,9052.31,1.3,47.41,521.82,2388.05,8132.28,8.4294,0.03,393,2388,100.0,38.98,23.4722,137,125,Healthy,91.24,0
57,13,0.0014,-0.0001,100.0,518.67,642.02,1584.93,1401.05,14.62,21.61,554.23,2388.08,9051.1,1.3,47.44,521.85,2388.12,8126.27,8.4206,0.03,391,2388,100.0,39.09,23.3077,137,124,Healthy,90.51,0
57,14,0.0014,-0.0001,100.0,518.67,642.74,1585.87,1400.77,14.62,21.61,553.89,2388.12,9056.15,1.3,47.13,521.85,2388.11,8133.1,8.4345,0.03,393,2388,100.0,39.04,23.3957,137,123,Healthy,89.78,0
57,15,-0.0006,0.0004,100.0,518.67,641.95,1590.39,1403.26,14.62,21.61,553.44,2388.14,9053.76,1.3,47.36,521.43,2388.06,8125.23,8.4061,0.03,392,2388,100.0,39.03,23.3704,137,122,Healthy,89.05,0
57,16,-0.0003,-0.0002,100.0,518.67,642.25,1583.06,1394.64,14.62,21.61,553.98,2388.08,9043.8,1.3,47.13,522.47,2388.08,8128.44,8.3969,0.03,394,2388,100.0,38.94,23.382,137,121,Healthy,88.32,0
57,17,0.001,-0.0005,100.0,518.67,642.35,1585.93,1404.35,14.62,21.61,553.63,2388.04,9052.89,1.3,47.31,521.76,2388.14,8128.86,8.3926,0.03,391,2388,100.0,39.02,23.4033,137,120,Early_Wear,87.59,0
57,18,-0.0004,-0.0005,100.0,518.67,642.01,1587.74,1405.64,14.62,21.61,553.51,2388.04,9047.0,1.3,47.3,522.18,2388.09,8129.3,8.4117,0.03,393,2388,100.0,38.82,23.3115,137,119,Early_Wear,86.86,0
57,19,-0.0011,0.0002,100.0,518.67,642.16,1587.96,1403.47,14.62,21.61,553.49,2388.11,9052.3,1.3,47.59,521.63,2388.07,8127.76,8.3961,0.03,392,2388,100.0,38.88,23.3028,137,118,Early_Wear,86.13,0
57,20,0.0026,-0.0005,100.0,518.67,642.74,1587.18,1406.77,14.62,21.61,554.12,2388.03,9043.82,1.3,47.3,522.28,2388.06,8134.13,8.403,0.03,392,2388,100.0,38.92,23.4218,137,117,Early_Wear,85.4,0
57,21,0.0004,0.0001,100.0,518.67,642.3,1586.16,1403.1,14.62,21.61,553.98,2388.05,9046.63,1.3,47.21,521.83,2388.06,8133.06,8.4349,0.03,392,2388,100.0,38.91,23.355,137,116,Early_Wear,84.67,0
57,22,-0.0032,0.0002,100.0,518.67,642.33,1579.32,1397.23,14.62,21.61,554.28,2388.09,9052.72,1.3,47.35,521.55,2388.11,8137.75,8.4293,0.03,391,2388,100.0,39.03,23.3531,137,115,Early_Wear,83.94,0
57,23,0.0003,0.0003,100.0,518.67,642.77,1588.33,1399.28,14.62,21.61,554.12,2388.05,9050.2,1.3,47.29,521.87,2388.0,8129.4,8.4297,0.03,392,2388,100.0,38.88,23.2694,137,114,Early_Wear,83.21,0
57,24,0.0033,-0.0,100.0,518.67,642.65,1586.97,1405.22,14.62,21.61,553.79,2388.01,9046.42,1.3,47.32,521.99,2388.05,8134.97,8.4177,0.03,392,2388,100.0,39.0,23.3688,137,113,Early_Wear,82.48,0
57,25,0.0017,0.0001,100.0,518.67,642.65,1584.95,1404.09,14.62,21.61,554.45,2388.09,9061.65,1.3,47.63,521.68,2388.1,8135.55,8.4187,0.03,392,2388,100.0,39.08,23.3005,137,112,Early_Wear,81.75,0
57,26,0.0028,0.0004,100.0,518.67,642.01,1584.39,1409.99,14.62,21.6,554.35,2388.01,9045.58,1.3,47.3,522.07,2388.05,8128.64,8.3846,0.03,393,2388,100.0,38.97,23.4061,137,111,Early_Wear,81.02,0
57,27,-0.0003,0.0002,100.0,518.67,642.24,1586.8,1396.78,14.62,21.61,554.28,2388.08,9047.77,1.3,47.33,522.28,2388.07,8130.43,8.3978,0.03,393,2388,100.0,38.82,23.406,137,110,Early_Wear,80.29,0
57,28,0.0038,-0.0005,100.0,518.67,642.43,1585.55,1401.98,14.62,21.61,553.22,2388.16,9047.27,1.3,47.23,521.8,2388.03,8130.51,8.456,0.03,393,2388,100.0,38.9,23.4147,137,109,Early_Wear,79.56,0
57,29,-0.0039,0.0004,100.0,518.67,642.47,1584.86,1404.57,14.62,21.61,553.76,2388.03,9044.86,1.3,47.23,521.88,2388.05,8131.66,8.3828,0.03,392,2388,100.0,38.88,23.4126,137,108,Early_Wear,78.83,0
57,30,-0.0051,0.0001,100.0,518.67,642.19,1592.99,1390.35,14.62,21.61,553.93,2388.06,9039.8,1.3,47.28,521.74,2388.07,8133.16,8.434,0.03,393,2388,100.0,38.95,23.2258,137,107,Early_Wear,78.1,0
57,31,-0.0011,0.0001,100.0,518.67,642.37,1581.17,1405.48,14.62,21.61,554.31,2388.08,9049.6,1.3,47.57,521.38,2388.08,8131.67,8.3972,0.03,391,2388,100.0,38.91,23.2808,137,106,Early_Wear,77.37,0
57,32,-0.0039,-0.0004,100.0,518.67,642.7,1589.06,1410.09,14.62,21.61,554.31,2388.08,9053.0,1.3,47.37,521.77,2388.02,8139.74,8.4152,0.03,393,2388,100.0,39.03,23.454,137,105,Early_Wear,76.64,0
57,33,0.002,-0.0002,100.0,518.67,642.59,1580.61,1393.08,14.62,21.61,553.5,2388.08,9051.66,1.3,47.28,522.28,2388.06,8130.25,8.4128,0.03,391,2388,100.0,39.02,23.3196,137,104,Early_Wear,75.91,0
57,34,-0.0018,-0.0001,100.0,518.67,641.84,1590.6,1403.72,14.62,21.61,553.83,2388.06,9058.15,1.3,47.53,521.6,2388.12,8131.18,8.4007,0.03,392,2388,100.0,38.92,23.3577,137,103,Early_Wear,75.18,0
57,35,-0.0003,-0.0,100.0,518.67,642.13,1588.52,1407.28,14.62,21.61,554.24,2388.06,9043.47,1.3,47.48,522.32,2388.07,8130.42,8.3933,0.03,393,2388,100.0,38.85,23.4341,137,102,Early_Wear,74.45,0
57,36,0.0023,0.0,100.0,518.67,642.32,1585.56,1401.31,14.62,21.61,553.46,2388.07,9053.06,1.3,47.52,521.24,2388.1,8135.68,8.452,0.03,391,2388,100.0,38.98,23.3515,137,101,Early_Wear,73.72,0
57,37,-0.0012,-0.0002,100.0,518.67,641.97,1588.01,1406.09,14.62,21.61,553.43,2388.06,9044.76,1.3,47.21,522.15,2388.1,8135.24,8.4486,0.03,393,2388,100.0,38.75,23.4992,137,100,Early_Wear,72.99,0
57,38,0.0019,-0.0004,100.0,518.67,642.62,1585.32,1399.73,14.62,21.61,553.94,2388.08,9048.47,1.3,47.37,522.37,2388.08,8131.7,8.4218,0.03,392,2388,100.0,39.23,23.3812,137,99,Early_Wear,72.26,0
57,39,-0.0009,0.0001,100.0,518.67,642.37,1591.21,1403.75,14.62,21.61,553.6,2388.01,9054.2,1.3,47.28,522.21,2388.08,8134.23,8.4272,0.03,392,2388,100.0,38.86,23.3355,137,98,Early_Wear,71.53,0
57,40,0.001,-0.0002,100.0,518.67,641.68,1579.67,1405.19,14.62,21.61,553.48,2388.08,9047.11,1.3,47.43,521.81,2388.07,8130.77,8.4074,0.03,393,2388,100.0,38.9,23.4048,137,97,Early_Wear,70.8,0
57,41,0.0021,0.0004,100.0,518.67,642.1,1593.06,1402.96,14.62,21.61,553.63,2388.1,9048.5,1.3,47.21,521.7,2388.11,8132.25,8.4208,0.03,393,2388,100.0,38.9,23.3181,137,96,Early_Wear,70.07,0
57,42,-0.0002,0.0002,100.0,518.67,642.54,1584.14,1397.7,14.62,21.61,554.37,2388.08,9043.62,1.3,47.18,521.99,2388.08,8131.77,8.4267,0.03,392,2388,100.0,38.82,23.3376,137,95,Early_Wear,69.34,0
57,43,-0.0044,-0.0004,100.0,518.67,641.59,1586.15,1406.06,14.62,21.61,553.52,2388.12,9049.8,1.3,47.34,521.5,2388.06,8125.71,8.3896,0.03,394,2388,100.0,38.79,23.2991,137,94,Early_Wear,68.61,0
57,44,-0.0008,-0.0004,100.0,518.67,642.48,1585.91,1401.68,14.62,21.61,553.57,2388.08,9038.72,1.3,47.18,522.06,2388.07,8128.46,8.3731,0.03,393,2388,100.0,39.07,23.3478,137,93,Early_Wear,67.88,0
57,45,0.0035,-0.0,100.0,518.67,642.76,1584.91,1410.21,14.62,21.61,554.17,2388.07,9052.16,1.3,47.49,522.23,2388.07,8129.78,8.4499,0.03,392,2388,100.0,38.71,23.444,137,92,Early_Wear,67.15,0
57,46,0.002,0.0,100.0,518.67,642.74,1582.19,1397.98,14.62,21.61,554.34,2388.08,9054.63,1.3,47.31,521.61,2388.11,8130.38,8.4277,0.03,392,2388,100.0,39.04,23.3469,137,91,Early_Wear,66.42,0
57,47,-0.0003,-0.0002,100.0,518.67,642.39,1584.87,1400.91,14.62,21.61,553.26,2388.15,9050.06,1.3,47.28,521.65,2388.09,8134.15,8.4619,0.03,392,2388,100.0,38.91,23.3216,137,90,Early_Wear,65.69,0
57,48,-0.0031,-0.0005,100.0,518.67,642.17,1585.84,1402.14,14.62,21.61,554.01,2388.07,9047.5,1.3,47.5,521.73,2388.09,8128.38,8.414,0.03,394,2388,100.0,38.78,23.3214,137,89,Early_Wear,64.96,0
57,49,-0.0019,0.0002,100.0,518.67,642.56,1585.47,1401.05,14.62,21.61,553.98,2388.07,9046.34,1.3,47.49,521.89,2388.08,8133.33,8.4004,0.03,392,2388,100.0,38.86,23.3607,137,88,Early_Wear,64.23,0
57,50,0.0047,-0.0005,100.0,518.67,642.89,1590.75,1397.95,14.62,21.61,554.36,2388.1,9053.31,1.3,47.39,521.79,2388.03,8130.05,8.4036,0.03,392,2388,100.0,38.79,23.3338,137,87,Early_Wear,63.5,0
58,1,-0.0015,0.0003,100.0,518.67,642.71,1587.27,1405.1,14.62,21.61,553.55,2387.99,9063.94,1.3,47.4,521.98,2388.0,8145.98,8.3982,0.03,391,2388,100.0,39.03,23.4821,147,146,Healthy,99.32,0
58,2,-0.0004,0.0,100.0,518.67,642.59,1583.62,1402.26,14.62,21.61,555.09,2388.05,9068.08,1.3,47.27,521.95,2388.07,8146.23,8.4185,0.03,393,2388,100.0,39.14,23.3301,147,145,Healthy,98.64,0
58,3,-0.0004,0.0003,100.0,518.67,641.87,1587.99,1412.41,14.62,21.61,554.45,2388.02,9064.87,1.3,47.44,522.37,2388.06,8142.33,8.3964,0.03,392,2388,100.0,38.99,23.3706,147,144,Healthy,97.96,0
58,4,-0.0,-0.0003,100.0,518.67,642.2,1590.72,1402.53,14.62,21.61,554.32,2388.03,9066.19,1.3,47.3,521.94,2388.06,8149.51,8.3994,0.03,392,2388,100.0,38.85,23.3627,147,143,Healthy,97.28,0
58,5,-0.0001,-0.0,100.0,518.67,642.57,1589.26,1402.45,14.62,21.61,554.33,2388.08,9066.68,1.3,47.29,521.75,2388.02,8148.3,8.4047,0.03,392,2388,100.0,38.89,23.3105,147,142,Healthy,96.6,0
58,6,-0.0013,0.0003,100.0,518.67,641.66,1586.94,1403.95,14.62,21.61,554.48,2388.02,9067.9,1.3,47.37,521.91,2388.03,8145.43,8.4041,0.03,393,2388,100.0,39.15,23.3695,147,141,Healthy,95.92,0
58,7,-0.0011,-0.0002,100.0,518.67,642.56,1593.65,1406.83,14.62,21.61,554.18,2388.06,9064.05,1.3,47.41,521.87,2388.04,8145.54,8.4185,0.03,392,2388,100.0,38.75,23.3598,147,140,Healthy,95.24,0
58,8,-0.0019,0.0003,100.0,518.67,642.74,1594.24,1402.7,14.62,21.61,554.19,2388.01,9060.16,1.3,47.22,521.81,2388.06,8141.66,8.4192,0.03,392,2388,100.0,38.91,23.5189,147,139,Healthy,94.56,0
58,9,0.0005,0.0002,100.0,518.67,642.43,1583.03,1398.76,14.62,21.61,553.2,2388.05,9056.44,1.3,47.42,522.07,2388.03,8145.0,8.4073,0.03,390,2388,100.0,38.97,23.3778,147,138,Healthy,93.88,0
58,10,-0.002,-0.0005,100.0,518.67,641.86,1580.31,1405.86,14.62,21.61,553.11,2388.06,9062.61,1.3,47.41,522.12,2388.06,8145.25,8.3926,0.03,391,2388,100.0,39.04,23.5128,147,137,Healthy,93.2,0
58,11,-0.0003,-0.0005,100.0,518.67,642.02,1587.24,1396.24,14.62,21.61,554.03,2388.08,9061.95,1.3,47.36,521.82,2388.08,8145.67,8.4095,0.03,394,2388,100.0,38.84,23.311,147,136,Healthy,92.52,0
58,12,0.0039,0.0002,100.0,518.67,642.07,1591.21,1402.25,14.62,21.61,553.95,2388.03,9070.55,1.3,47.38,521.93,2388.08,8143.58,8.4077,0.03,393,2388,100.0,39.1,23.2931,147,135,Healthy,91.84,0
58,13,-0.0012,-0.0005,100.0,518.67,643.05,1588.88,1404.52,14.62,21.61,554.0,2388.01,9063.62,1.3,47.47,522.33,2388.04,8147.01,8.4022,0.03,391,2388,100.0,39.01,23.2346,147,134,Healthy,91.16,0
58,14,-0.0002,0.0002,100.0,518.67,643.05,1582.9,1394.69,14.62,21.61,554.17,2388.03,9066.98,1.3,47.45,522.1,2388.03,8144.63,8.4014,0.03,390,2388,100.0,38.88,23.3799,147,133,Healthy,90.48,0
58,15,-0.0024,-0.0003,100.0,518.67,642.27,1583.34,1405.36,14.62,21.61,554.08,2388.03,9063.22,1.3,47.4,521.65,2388.02,8143.39,8.4141,0.03,392,2388,100.0,38.91,23.364,147,132,Healthy,89.8,0
58,16,0.0017,-0.0001,100.0,518.67,642.33,1591.22,1400.87,14.62,21.61,553.7,2388.01,9064.49,1.3,47.34,521.77,2388.06,8146.41,8.4039,0.03,392,2388,100.0,39.06,23.2707,147,131,Healthy,89.12,0
58,17,-0.0,-0.0003,100.0,518.67,642.59,1582.01,1401.08,14.62,21.61,553.73,2388.08,9069.3,1.3,47.3,522.16,2388.06,8145.51,8.4518,0.03,393,2388,100.0,38.93,23.3628,147,130,Healthy,88.44,0
58,18,-0.0017,-0.0002,100.0,518.67,642.49,1589.98,1401.49,14.62,21.61,553.9,2387.98,9058.1,1.3,47.31,521.62,2388.04,8145.99,8.4498,0.03,391,2388,100.0,38.98,23.4576,147,129,Healthy,87.76,0
58,19,0.0009,-0.0005,100.0,518.67,641.58,1598.84,1401.43,14.62,21.61,554.24,2388.08,9065.52,1.3,47.26,521.7,2388.04,8137.59,8.436,0.03,391,2388,100.0,39.06,23.406,147,128,Healthy,87.07,0
58,20,-0.0003,0.0003,100.0,518.67,642.16,1588.21,1398.46,14.62,21.61,553.99,2388.02,9064.44,1.3,47.26,521.84,2388.01,8143.27,8.4245,0.03,392,2388,100.0,38.87,23.4072,147,127,Healthy,86.39,0
58,21,-0.0013,0.0001,100.0,518.67,642.54,1592.01,1401.75,14.62,21.61,554.32,2388.04,9067.65,1.3,47.38,522.09,2388.01,8146.07,8.4377,0.03,392,2388,100.0,39.05,23.4713,147,126,Healthy,85.71,0
58,22,-0.0034,0.0,100.0,518.67,642.86,1588.05,1407.54,14.62,21.61,553.01,2388.11,9061.87,1.3,47.35,521.81,2388.08,8144.12,8.442,0.03,392,2388,100.0,38.95,23.3168,147,125,Healthy,85.03,0
58,23,-0.0016,0.0004,100.0,518.67,642.73,1588.91,1399.14,14.62,21.61,553.42,2388.03,9064.61,1.3,47.21,522.35,2388.03,8145.65,8.4065,0.03,392,2388,100.0,39.0,23.3572,147,124,Healthy,84.35,0
58,24,0.0001,0.0002,100.0,518.67,642.67,1592.14,1407.04,14.62,21.61,553.24,2388.05,9066.2,1.3,47.44,522.04,2388.04,8146.07,8.4067,0.03,391,2388,100.0,38.93,23.3207,147,123,Healthy,83.67,0
58,25,-0.0027,0.0001,100.0,518.67,642.5,1590.75,1403.68,14.62,21.61,553.81,2388.04,9069.54,1.3,47.48,522.45,2388.06,8148.71,8.4276,0.03,392,2388,100.0,38.93,23.3306,147,122,Healthy,82.99,0
58,26,-0.004,0.0001,100.0,518.67,642.37,1598.31,1402.54,14.62,21.61,553.8,2388.01,9065.84,1.3,47.57,521.96,2388.06,8142.77,8.4114,0.03,392,2388,100.0,39.08,23.3497,147,121,Healthy,82.31,0
58,27,0.0004,-0.0,100.0,518.67,642.66,1587.88,1396.46,14.62,21.61,553.84,2388.07,9061.12,1.3,47.18,521.69,2388.07,8140.97,8.3984,0.03,392,2388,100.0,38.84,23.3886,147,120,Early_Wear,81.63,0
58,28,-0.0017,0.0001,100.0,518.67,642.0,1590.0,1409.81,14.62,21.61,553.76,2387.99,9066.79,1.3,47.31,522.51,2388.05,8147.84,8.4077,0.03,392,2388,100.0,39.13,23.4317,147,119,Early_Wear,80.95,0
58,29,0.0015,0.0,100.0,518.67,642.42,1590.61,1403.78,14.62,21.61,553.45,2388.07,9065.36,1.3,47.34,521.46,2388.07,8141.76,8.4324,0.03,392,2388,100.0,38.88,23.2306,147,118,Early_Wear,80.27,0
58,30,-0.0029,-0.0004,100.0,518.67,642.86,1588.46,1403.65,14.62,21.61,554.38,2388.07,9069.03,1.3,47.33,521.96,2388.04,8145.16,8.4084,0.03,391,2388,100.0,39.06,23.3015,147,117,Early_Wear,79.59,0
58,31,0.0003,-0.0,100.0,518.67,642.5,1591.23,1405.79,14.62,21.61,554.24,2388.09,9056.0,1.3,47.22,521.98,2388.08,8143.54,8.4182,0.03,393,2388,100.0,38.87,23.2809,147,116,Early_Wear,78.91,0
58,32,0.0021,-0.0005,100.0,518.67,642.3,1582.64,1400.88,14.62,21.61,553.9,2388.05,9061.94,1.3,47.34,521.94,2388.06,8147.62,8.4299,0.03,391,2388,100.0,39.14,23.433,147,115,Early_Wear,78.23,0
58,33,-0.0022,0.0002,100.0,518.67,641.82,1585.41,1401.47,14.62,21.61,553.85,2388.01,9072.37,1.3,47.3,522.07,2388.02,8140.24,8.435,0.03,392,2388,100.0,38.89,23.4138,147,114,Early_Wear,77.55,0
58,34,-0.0041,-0.0005,100.0,518.67,642.38,1583.1,1395.59,14.62,21.61,554.01,2388.02,9071.37,1.3,47.36,522.14,2388.03,8139.77,8.4584,0.03,393,2388,100.0,38.99,23.4256,147,113,Early_Wear,76.87,0
58,35,0.0013,-0.0001,100.0,518.67,642.82,1590.34,1403.64,14.62,21.61,554.2,2388.04,9062.28,1.3,47.34,522.26,2388.09,8145.47,8.4218,0.03,394,2388,100.0,39.02,23.4101,147,112,Early_Wear,76.19,0
58,36,-0.0055,0.0004,100.0,518.67,642.8,1589.18,1402.1,14.62,21.61,553.84,2388.14,9060.63,1.3,47.38,521.76,2388.04,8146.48,8.409,0.03,393,2388,100.0,39.0,23.4206,147,111,Early_Wear,75.51,0
58,37,0.0028,-0.0001,100.0,518.67,641.9,1588.94,1403.49,14.62,21.61,553.1,2388.03,9068.16,1.3,47.2,522.24,2388.09,8147.24,8.4216,0.03,392,2388,100.0,38.72,23.4423,147,110,Early_Wear,74.83,0
58,38,0.0016,0.0002,100.0,518.67,642.59,1586.97,1404.17,14.62,21.61,554.53,2388.0,9066.04,1.3,47.52,521.89,2387.99,8143.47,8.4355,0.03,392,2388,100.0,38.74,23.376,147,109,Early_Wear,74.15,0
58,39,0.005,-0.0,100.0,518.67,641.68,1588.58,1411.78,14.62,21.61,554.61,2388.05,9057.63,1.3,47.43,521.78,2388.06,8145.04,8.4908,0.03,391,2388,100.0,38.84,23.4197,147,108,Early_Wear,73.47,0
58,40,-0.0025,-0.0002,100.0,518.67,642.26,1589.31,1411.44,14.62,21.61,553.52,2388.09,9059.81,1.3,47.4,521.56,2388.01,8145.11,8.4183,0.03,393,2388,100.0,38.81,23.4656,147,107,Early_Wear,72.79,0
58,41,-0.0049,0.0004,100.0,518.67,642.49,1591.7,1403.21,14.62,21.61,554.15,2388.09,9058.87,1.3,47.34,521.26,2388.02,8146.51,8.4173,0.03,392,2388,100.0,38.87,23.3199,147,106,Early_Wear,72.11,0
58,42,-0.0033,-0.0005,100.0,518.67,641.95,1587.77,1408.32,14.62,21.61,554.15,2388.06,9062.85,1.3,47.21,521.48,2388.1,8146.15,8.3991,0.03,393,2388,100.0,38.65,23.4807,147,105,Early_Wear,71.43,0
58,43,0.0015,-0.0003,100.0,518.67,643.14,1588.53,1407.16,14.62,21.61,553.59,2388.05,9062.75,1.3,47.32,522.02,2388.1,8145.15,8.4206,0.03,391,2388,100.0,38.87,23.3472,147,104,Early_Wear,70.75,0
58,44,0.0025,0.0004,100.0,518.67,642.88,1592.66,1395.1,14.62,21.61,554.31,2388.09,9061.41,1.3,47.43,521.73,2388.04,8140.9,8.433,0.03,394,2388,100.0,38.93,23.3056,147,103,Early_Wear,70.07,0
58,45,-0.0002,0.0001,100.0,518.67,642.8,1577.14,1399.9,14.62,21.61,554.07,2388.02,9061.62,1.3,47.29,521.73,2388.07,8147.67,8.391,0.03,392,2388,100.0,38.93,23.2825,147,102,Early_Wear,69.39,0
58,46,0.0012,-0.0005,100.0,518.67,642.51,1588.35,1406.91,14.62,21.61,552.84,2388.08,9065.81,1.3,47.37,522.1,2388.09,8142.71,8.4128,0.03,393,2388,100.0,39.02,23.2679,147,101,Early_Wear,68.71,0
58,47,0.0021,-0.0005,100.0,518.67,642.7,1591.51,1404.46,14.62,21.61,553.82,2388.01,9062.6,1.3,47.24,522.26,2388.02,8143.92,8.4183,0.03,391,2388,100.0,38.93,23.3569,147,100,Early_Wear,68.03,0
58,48,0.0003,-0.0004,100.0,518.67,642.85,1590.34,1404.82,14.62,21.61,554.31,2388.04,9068.24,1.3,47.39,522.23,2388.07,8139.44,8.419,0.03,393,2388,100.0,38.86,23.4273,147,99,Early_Wear,67.35,0
58,49,-0.0017,0.0,100.0,518.67,642.36,1585.2,1397.92,14.62,21.61,554.07,2388.02,9064.86,1.3,47.53,521.36,2388.14,8142.77,8.4683,0.03,392,2388,100.0,39.09,23.4328,147,98,Early_Wear,66.67,0
58,50,-0.0002,0.0002,100.0,518.67,642.45,1585.79,1404.24,14.62,21.61,554.03,2388.06,9064.16,1.3,47.51,521.89,2388.06,8142.1,8.3835,0.03,391,2388,100.0,38.91,23.2407,147,97,Early_Wear,65.99,0
59,1,0.0,0.0002,100.0,518.67,642.23,1583.85,1394.9,14.62,21.61,554.96,2388.01,9054.46,1.3,47.12,522.76,2387.99,8138.74,8.4077,0.03,390,2388,100.0,38.95,23.3631,231,230,Healthy,99.57,0
59,2,-0.0006,0.0003,100.0,518.67,641.68,1583.38,1391.57,14.62,21.61,554.44,2388.0,9048.32,1.3,47.05,522.92,2388.0,8143.46,8.4237,0.03,391,2388,100.0,39.07,23.5368,231,229,Healthy,99.13,0
59,3,0.0006,0.0003,100.0,518.67,642.12,1593.37,1396.53,14.62,21.61,554.45,2388.01,9048.23,1.3,47.09,522.29,2388.04,8142.43,8.3694,0.03,391,2388,100.0,39.08,23.3646,231,228,Healthy,98.7,0
59,4,-0.0016,-0.0002,100.0,518.67,641.91,1582.06,1397.24,14.62,21.6,554.75,2388.01,9057.77,1.3,47.14,522.65,2388.01,8144.85,8.3991,0.03,391,2388,100.0,38.94,23.4428,231,227,Healthy,98.27,0
59,5,-0.0028,-0.0003,100.0,518.67,642.45,1587.57,1397.78,14.62,21.61,553.96,2388.02,9058.48,1.3,47.15,522.12,2387.99,8139.1,8.3991,0.03,390,2388,100.0,39.18,23.503,231,226,Healthy,97.84,0
59,6,0.004,-0.0003,100.0,518.67,642.06,1581.03,1394.81,14.62,21.61,554.4,2387.99,9051.75,1.3,47.23,522.22,2387.96,8135.43,8.4062,0.03,391,2388,100.0,39.12,23.4303,231,225,Healthy,97.4,0
59,7,0.0012,-0.0003,100.0,518.67,642.27,1584.95,1396.13,14.62,21.61,555.24,2387.96,9054.09,1.3,47.07,522.2,2388.03,8135.67,8.3909,0.03,391,2388,100.0,39.03,23.4483,231,224,Healthy,96.97,0
59,8,0.0029,0.0004,100.0,518.67,642.02,1583.08,1398.88,14.62,21.61,555.13,2388.01,9068.66,1.3,47.11,522.43,2387.99,8139.45,8.4222,0.03,389,2388,100.0,39.05,23.4404,231,223,Healthy,96.54,0
59,9,-0.0003,0.0002,100.0,518.67,642.36,1576.47,1397.44,14.62,21.61,554.87,2388.01,9053.1,1.3,46.95,522.74,2387.97,8139.97,8.3953,0.03,391,2388,100.0,39.12,23.4364,231,222,Healthy,96.1,0
59,10,-0.0019,-0.0004,100.0,518.67,642.46,1580.88,1395.39,14.62,21.61,555.07,2387.98,9050.94,1.3,47.23,522.5,2387.98,8141.35,8.4098,0.03,391,2388,100.0,39.04,23.4173,231,221,Healthy,95.67,0
59,11,0.0005,-0.0001,100.0,518.67,642.21,1583.2,1404.76,14.62,21.61,554.57,2388.0,9049.98,1.3,47.14,522.15,2387.94,8135.85,8.3806,0.03,392,2388,100.0,39.03,23.4487,231,220,Healthy,95.24,0
59,12,0.0011,-0.0001,100.0,518.67,642.63,1581.27,1395.08,14.62,21.61,554.47,2388.01,9054.86,1.3,47.04,522.45,2388.02,8139.12,8.3833,0.03,392,2388,100.0,38.98,23.4486,231,219,Healthy,94.81,0
59,13,0.0043,-0.0002,100.0,518.67,641.96,1586.06,1397.83,14.62,21.61,554.75,2387.99,9058.86,1.3,46.99,522.15,2387.98,8140.48,8.3712,0.03,392,2388,100.0,38.92,23.5137,231,218,Healthy,94.37,0
59,14,-0.0006,-0.0005,100.0,518.67,642.07,1581.3,1392.85,14.62,21.61,554.03,2388.03,9061.5,1.3,47.03,522.26,2388.02,8134.36,8.3657,0.03,390,2388,100.0,39.11,23.5179,231,217,Healthy,93.94,0
59,15,-0.0045,-0.0003,100.0,518.67,642.06,1583.71,1395.08,14.62,21.61,554.7,2387.93,9059.47,1.3,47.12,523.06,2388.0,8136.23,8.4163,0.03,392,2388,100.0,39.08,23.4219,231,216,Healthy,93.51,0
59,16,0.0014,-0.0002,100.0,518.67,641.94,1581.83,1403.74,14.62,21.61,554.99,2388.03,9053.85,1.3,47.16,522.08,2387.99,8141.52,8.4463,0.03,392,2388,100.0,39.08,23.4022,231,215,Healthy,93.07,0
59,17,0.003,0.0004,100.0,518.67,641.61,1586.13,1397.73,14.62,21.61,554.8,2388.04,9063.44,1.3,47.25,522.39,2388.0,8143.47,8.4167,0.03,391,2388,100.0,38.96,23.4058,231,214,Healthy,92.64,0
59,18,0.0007,0.0003,100.0,518.67,642.66,1582.76,1401.69,14.62,21.6,554.44,2387.98,9055.75,1.3,47.09,522.85,2387.96,8137.83,8.4325,0.03,391,2388,100.0,39.1,23.4539,231,213,Healthy,92.21,0
59,19,0.0021,-0.0005,100.0,518.67,641.97,1586.95,1390.1,14.62,21.61,554.54,2388.0,9057.81,1.3,47.17,522.35,2387.97,8142.07,8.3961,0.03,390,2388,100.0,39.08,23.3528,231,212,Healthy,91.77,0
59,20,-0.0019,0.0005,100.0,518.67,642.3,1584.6,1396.49,14.62,21.6,554.45,2387.98,9052.58,1.3,47.06,522.53,2388.03,8139.59,8.4255,0.03,391,2388,100.0,39.25,23.5442,231,211,Healthy,91.34,0
59,21,-0.0002,0.0003,100.0,518.67,642.3,1581.47,1399.84,14.62,21.61,554.76,2387.95,9058.96,1.3,47.15,522.35,2388.04,8137.05,8.3814,0.03,390,2388,100.0,39.18,23.4255,231,210,Healthy,90.91,0
59,22,-0.0023,-0.0003,100.0,518.67,642.31,1591.06,1398.76,14.62,21.61,554.75,2387.99,9058.43,1.3,47.09,522.96,2387.99,8137.92,8.4299,0.03,391,2388,100.0,39.15,23.5255,231,209,Healthy,90.48,0
59,23,-0.0009,0.0002,100.0,518.67,642.2,1585.82,1397.61,14.62,21.61,554.91,2388.01,9058.4,1.3,47.03,522.9,2387.99,8141.08,8.3634,0.03,392,2388,100.0,39.2,23.3611,231,208,Healthy,90.04,0
59,24,-0.0015,0.0001,100.0,518.67,642.41,1581.11,1398.28,14.62,21.61,555.24,2388.01,9055.94,1.3,47.46,522.53,2387.98,8138.81,8.4076,0.03,390,2388,100.0,39.15,23.4705,231,207,Healthy,89.61,0
59,25,-0.0031,0.0002,100.0,518.67,642.22,1579.22,1402.15,14.62,21.61,555.16,2388.01,9051.53,1.3,47.19,522.27,2387.96,8139.97,8.3888,0.03,391,2388,100.0,39.09,23.3908,231,206,Healthy,89.18,0
59,26,0.0012,-0.0004,100.0,518.67,642.14,1592.32,1392.7,14.62,21.61,554.58,2388.03,9061.38,1.3,47.13,522.3,2388.04,8140.34,8.3785,0.03,392,2388,100.0,39.07,23.5365,231,205,Healthy,88.74,0
59,27,0.0021,-0.0005,100.0,518.67,642.08,1587.53,1396.91,14.62,21.61,553.97,2388.03,9051.92,1.3,47.14,522.89,2388.0,8133.63,8.3792,0.03,390,2388,100.0,38.98,23.3086,231,204,Healthy,88.31,0
59,28,0.002,0.0001,100.0,518.67,642.07,1580.79,1393.16,14.62,21.61,555.01,2387.97,9051.83,1.3,47.3,522.45,2388.02,8139.29,8.4047,0.03,392,2388,100.0,39.27,23.3488,231,203,Healthy,87.88,0
59,29,-0.003,-0.0004,100.0,518.67,642.86,1584.38,1399.44,14.62,21.61,554.69,2388.01,9060.54,1.3,47.1,521.93,2387.98,8140.16,8.4304,0.03,392,2388,100.0,39.15,23.2982,231,202,Healthy,87.45,0
59,30,-0.0029,0.0004,100.0,518.67,642.12,1576.66,1399.97,14.62,21.61,554.42,2387.97,9052.83,1.3,47.06,522.7,2387.95,8138.1,8.3812,0.03,392,2388,100.0,38.97,23.3897,231,201,Healthy,87.01,0
59,31,0.0015,-0.0003,100.0,518.67,642.0,1589.11,1395.91,14.62,21.6,554.56,2388.01,9058.0,1.3,47.09,522.53,2388.07,8143.7,8.381,0.03,391,2388,100.0,38.91,23.4557,231,200,Healthy,86.58,0
59,32,0.0039,0.0003,100.0,518.67,641.73,1581.49,1396.72,14.62,21.61,554.81,2388.04,9051.29,1.3,47.13,522.38,2388.02,8132.43,8.3773,0.03,391,2388,100.0,39.04,23.5383,231,199,Healthy,86.15,0
59,33,-0.0002,0.0,100.0,518.67,642.33,1585.08,1395.03,14.62,21.61,554.78,2388.02,9057.88,1.3,47.24,522.46,2387.97,8134.83,8.3886,0.03,391,2388,100.0,39.09,23.382,231,198,Healthy,85.71,0
59,34,0.0014,0.0005,100.0,518.67,642.08,1583.01,1392.14,14.62,21.6,554.48,2388.02,9061.14,1.3,47.1,522.31,2388.04,8134.0,8.4044,0.03,391,2388,100.0,39.1,23.4074,231,197,Healthy,85.28,0
59,35,-0.0042,0.0004,100.0,518.67,641.95,1579.09,1397.35,14.62,21.61,554.32,2387.97,9060.9,1.3,47.02,522.67,2388.07,8143.61,8.3856,0.03,391,2388,100.0,39.13,23.3904,231,196,Healthy,84.85,0
59,36,0.0019,0.0003,100.0,518.67,641.95,1589.87,1396.41,14.62,21.61,555.29,2387.96,9064.12,1.3,47.02,522.26,2388.0,8138.28,8.4135,0.03,390,2388,100.0,38.97,23.4566,231,195,Healthy,84.42,0
59,37,0.0006,-0.0001,100.0,518.67,642.42,1577.67,1398.99,14.62,21.61,554.49,2387.98,9056.82,1.3,47.17,522.01,2388.06,8134.09,8.3613,0.03,392,2388,100.0,38.95,23.3906,231,194,Healthy,83.98,0
59,38,-0.0028,0.0005,100.0,518.67,642.31,1582.94,1391.74,14.62,21.61,555.02,2388.05,9051.53,1.3,47.26,522.9,2388.02,8136.93,8.3705,0.03,392,2388,100.0,39.04,23.4085,231,193,Healthy,83.55,0
59,39,0.0034,0.0004,100.0,518.67,642.14,1587.79,1397.2,14.62,21.61,553.67,2388.01,9060.96,1.3,47.2,522.43,2388.0,8139.41,8.395,0.03,391,2388,100.0,39.13,23.3136,231,192,Healthy,83.12,0
59,40,0.0025,-0.0001,100.0,518.67,641.67,1580.34,1398.95,14.62,21.61,554.49,2388.08,9057.36,1.3,47.16,522.59,2388.04,8138.98,8.3846,0.03,391,2388,100.0,39.25,23.3541,231,191,Healthy,82.68,0
59,41,0.0008,-0.0004,100.0,518.67,642.37,1576.02,1400.48,14.62,21.61,554.75,2388.01,9052.35,1.3,47.05,522.48,2388.03,8137.78,8.4202,0.03,391,2388,100.0,39.25,23.5002,231,190,Healthy,82.25,0
59,42,0.0035,0.0002,100.0,518.67,642.06,1588.54,1394.96,14.62,21.61,554.65,2387.99,9053.16,1.3,47.38,522.34,2387.99,8139.02,8.3533,0.03,391,2388,100.0,39.01,23.3713,231,189,Healthy,81.82,0
59,43,0.0012,-0.0004,100.0,518.67,642.21,1576.53,1399.68,14.62,21.61,554.06,2388.01,9049.78,1.3,47.26,522.43,2387.97,8144.32,8.373,0.03,392,2388,100.0,38.93,23.5115,231,188,Healthy,81.39,0
59,44,-0.0005,0.0005,100.0,518.67,641.72,1590.2,1400.09,14.62,21.6,553.94,2388.03,9055.95,1.3,47.17,522.35,2387.99,8142.0,8.4216,0.03,392,2388,100.0,38.94,23.3515,231,187,Healthy,80.95,0
59,45,0.0024,0.0004,100.0,518.67,642.56,1578.99,1403.09,14.62,21.61,555.6,2387.96,9060.77,1.3,47.02,523.21,2387.96,8135.25,8.4064,0.03,391,2388,100.0,38.99,23.405,231,186,Healthy,80.52,0
59,46,0.0018,0.0,100.0,518.67,642.18,1580.76,1394.89,14.62,21.61,554.17,2388.04,9052.97,1.3,47.21,522.78,2387.98,8135.86,8.4075,0.03,392,2388,100.0,39.09,23.4232,231,185,Healthy,80.09,0
59,47,0.0016,0.0003,100.0,518.67,642.24,1582.66,1405.06,14.62,21.61,553.64,2388.0,9057.58,1.3,47.1,522.82,2388.03,8137.94,8.3928,0.03,392,2388,100.0,39.0,23.4924,231,184,Healthy,79.65,0
59,48,-0.0001,0.0005,100.0,518.67,641.5,1588.83,1394.15,14.62,21.61,553.94,2388.01,9055.14,1.3,47.27,522.16,2387.97,8135.83,8.4216,0.03,393,2388,100.0,39.11,23.4603,231,183,Healthy,79.22,0
59,49,-0.0017,0.0004,100.0,518.67,642.28,1583.82,1397.94,14.62,21.61,554.61,2387.99,9058.71,1.3,47.2,522.17,2387.98,8142.06,8.3839,0.03,391,2388,100.0,39.12,23.3419,231,182,Healthy,78.79,0
59,50,0.0032,-0.0,100.0,518.67,642.3,1588.59,1393.23,14.62,21.61,554.87,2388.0,9055.62,1.3,47.2,522.44,2387.99,8141.81,8.4101,0.03,392,2388,100.0,39.1,23.5059,231,181,Healthy,78.35,0
60,1,0.0018,0.0001,100.0,518.67,642.65,1585.71,1394.7,14.62,21.61,554.13,2388.14,9044.2,1.3,47.69,521.92,2388.11,8135.39,8.4409,0.03,392,2388,100.0,38.89,23.3721,172,171,Healthy,99.42,0
60,2,-0.0004,0.0003,100.0,518.67,642.42,1593.58,1400.03,14.62,21.61,553.43,2388.08,9057.18,1.3,47.44,521.18,2388.1,8138.29,8.4322,0.03,392,2388,100.0,38.85,23.2555,172,170,Healthy,98.84,0
60,3,-0.0021,-0.0005,100.0,518.67,642.6,1593.09,1410.91,14.62,21.61,552.92,2388.09,9055.05,1.3,47.45,521.78,2388.09,8137.73,8.3939,0.03,392,2388,100.0,38.91,23.3312,172,169,Healthy,98.26,0
60,4,0.002,0.0,100.0,518.67,643.16,1589.06,1402.44,14.62,21.61,553.71,2388.08,9054.31,1.3,47.42,521.86,2388.1,8138.23,8.4385,0.03,394,2388,100.0,38.81,23.3245,172,168,Healthy,97.67,0
60,5,-0.0002,-0.0005,100.0,518.67,642.07,1585.92,1406.07,14.62,21.61,553.36,2388.13,9059.62,1.3,47.3,521.3,2388.12,8134.97,8.4046,0.03,394,2388,100.0,38.91,23.3379,172,167,Healthy,97.09,0
60,6,-0.0033,-0.0002,100.0,518.67,642.55,1593.88,1412.78,14.62,21.61,553.5,2388.12,9059.94,1.3,47.34,521.6,2388.05,8134.75,8.45,0.03,392,2388,100.0,39.04,23.3846,172,166,Healthy,96.51,0
60,7,-0.003,0.0002,100.0,518.67,642.35,1587.41,1403.04,14.62,21.61,553.45,2388.08,9048.99,1.3,47.5,521.76,2388.04,8133.01,8.4698,0.03,392,2388,100.0,39.04,23.4062,172,165,Healthy,95.93,0
60,8,-0.001,0.0002,100.0,518.67,642.63,1588.18,1407.92,14.62,21.61,553.93,2388.08,9050.76,1.3,47.49,521.72,2388.05,8132.31,8.4035,0.03,392,2388,100.0,38.77,23.4709,172,164,Healthy,95.35,0
60,9,-0.0025,-0.0,100.0,518.67,642.71,1572.98,1400.44,14.62,21.61,553.78,2388.11,9048.7,1.3,47.46,521.76,2388.11,8131.83,8.4011,0.03,392,2388,100.0,38.87,23.2853,172,163,Healthy,94.77,0
60,10,0.0028,-0.0002,100.0,518.67,642.46,1591.97,1411.79,14.62,21.61,553.24,2388.03,9054.97,1.3,47.49,521.58,2388.08,8130.02,8.3946,0.03,393,2388,100.0,38.88,23.429,172,162,Healthy,94.19,0
60,11,-0.0006,-0.0002,100.0,518.67,642.49,1585.55,1403.58,14.62,21.61,554.03,2388.1,9050.53,1.3,47.59,521.96,2388.06,8136.65,8.4247,0.03,393,2388,100.0,38.91,23.3262,172,161,Healthy,93.6,0
60,12,0.0026,-0.0003,100.0,518.67,643.33,1588.89,1407.71,14.62,21.61,553.15,2388.08,9054.65,1.3,47.52,521.59,2388.1,8130.45,8.4066,0.03,394,2388,100.0,38.75,23.3193,172,160,Healthy,93.02,0
60,13,0.0005,0.0003,100.0,518.67,642.96,1588.41,1401.59,14.62,21.61,554.25,2388.08,9058.96,1.3,47.27,521.47,2388.04,8132.87,8.4144,0.03,394,2388,100.0,38.95,23.2478,172,159,Healthy,92.44,0
60,14,0.0022,0.0001,100.0,518.67,643.09,1584.49,1400.98,14.62,21.61,554.27,2388.04,9050.07,1.3,47.51,521.58,2388.09,8131.22,8.4358,0.03,394,2388,100.0,39.02,23.2697,172,158,Healthy,91.86,0
60,15,0.0001,0.0003,100.0,518.67,642.4,1580.48,1406.37,14.62,21.61,554.39,2388.14,9056.42,1.3,47.5,521.72,2387.98,8134.0,8.4241,0.03,392,2388,100.0,38.96,23.3323,172,157,Healthy,91.28,0
60,16,0.0014,-0.0004,100.0,518.67,643.08,1594.84,1405.9,14.62,21.61,554.13,2388.09,9061.88,1.3,47.32,521.63,2388.08,8136.78,8.4041,0.03,393,2388,100.0,38.97,23.2768,172,156,Healthy,90.7,0
60,17,-0.001,-0.0003,100.0,518.67,642.63,1581.38,1402.37,14.62,21.61,553.87,2388.04,9057.68,1.3,47.49,521.85,2388.05,8137.56,8.3793,0.03,393,2388,100.0,39.03,23.2617,172,155,Healthy,90.12,0
60,18,0.0013,-0.0005,100.0,518.67,642.55,1584.62,1401.8,14.62,21.61,553.85,2388.11,9056.39,1.3,47.34,521.99,2388.09,8135.74,8.4304,0.03,394,2388,100.0,39.0,23.3598,172,154,Healthy,89.53,0
60,19,0.0022,0.0003,100.0,518.67,642.65,1585.16,1401.74,14.62,21.61,553.72,2388.1,9049.18,1.3,47.18,521.58,2388.1,8133.99,8.4135,0.03,392,2388,100.0,38.8,23.471,172,153,Healthy,88.95,0
60,20,0.001,0.0004,100.0,518.67,642.62,1589.33,1410.94,14.62,21.61,553.84,2388.04,9054.02,1.3,47.42,521.46,2388.09,8130.33,8.4509,0.03,393,2388,100.0,38.79,23.256,172,152,Healthy,88.37,0
60,21,0.0026,-0.0004,100.0,518.67,642.68,1591.44,1407.02,14.62,21.61,553.36,2388.09,9051.5,1.3,47.53,521.46,2388.08,8134.13,8.4351,0.03,392,2388,100.0,38.96,23.2967,172,151,Healthy,87.79,0
60,22,0.0026,-0.0003,100.0,518.67,642.69,1590.2,1402.06,14.62,21.61,553.93,2388.09,9062.25,1.3,47.55,521.54,2388.08,8137.17,8.4588,0.03,391,2388,100.0,38.86,23.2582,172,150,Healthy,87.21,0
60,23,0.0027,0.0002,100.0,518.67,642.64,1586.31,1403.05,14.62,21.61,553.89,2388.04,9050.75,1.3,47.4,521.82,2388.08,8130.47,8.4232,0.03,393,2388,100.0,38.92,23.4326,172,149,Healthy,86.63,0
60,24,0.0002,-0.0002,100.0,518.67,643.12,1585.76,1399.39,14.62,21.61,553.18,2388.13,9046.47,1.3,47.45,521.42,2388.09,8133.9,8.4293,0.03,393,2388,100.0,38.99,23.3995,172,148,Healthy,86.05,0
60,25,-0.0004,0.0004,100.0,518.67,642.88,1591.03,1396.96,14.62,21.61,552.73,2388.09,9058.47,1.3,47.44,521.41,2388.07,8135.07,8.4058,0.03,393,2388,100.0,38.87,23.3572,172,147,Healthy,85.47,0
60,26,-0.0005,-0.0,100.0,518.67,642.9,1586.17,1405.04,14.62,21.61,553.55,2388.11,9047.03,1.3,47.53,521.37,2388.09,8136.52,8.4342,0.03,392,2388,100.0,39.02,23.4094,172,146,Healthy,84.88,0
60,27,0.0022,-0.0001,100.0,518.67,642.57,1582.8,1408.74,14.62,21.61,553.95,2388.15,9056.78,1.3,47.53,521.45,2388.11,8134.36,8.4271,0.03,393,2388,100.0,38.88,23.3326,172,145,Healthy,84.3,0
60,28,-0.001,0.0002,100.0,518.67,642.53,1584.89,1407.07,14.62,21.61,553.47,2387.98,9048.83,1.3,47.39,521.76,2388.09,8135.41,8.4429,0.03,394,2388,100.0,38.72,23.2892,172,144,Healthy,83.72,0
60,29,0.0006,-0.0002,100.0,518.67,642.69,1588.32,1405.24,14.62,21.61,553.56,2388.1,9059.57,1.3,47.4,521.68,2388.13,8132.54,8.42,0.03,393,2388,100.0,38.72,23.3482,172,143,Healthy,83.14,0
60,30,-0.0005,-0.0005,100.0,518.67,642.61,1589.44,1405.61,14.62,21.61,553.9,2387.99,9056.83,1.3,47.65,521.13,2388.06,8136.96,8.4442,0.03,392,2388,100.0,38.84,23.2398,172,142,Healthy,82.56,0
60,31,0.0034,-0.0001,100.0,518.67,642.42,1583.82,1405.05,14.62,21.61,553.72,2388.06,9049.8,1.3,47.35,521.82,2388.13,8130.1,8.4217,0.03,393,2388,100.0,38.95,23.3924,172,141,Healthy,81.98,0
60,32,-0.004,0.0,100.0,518.67,642.29,1587.91,1408.66,14.62,21.61,553.0,2388.09,9058.73,1.3,47.49,521.92,2388.07,8136.5,8.4101,0.03,392,2388,100.0,39.01,23.3438,172,140,Healthy,81.4,0
60,33,-0.0009,0.0003,100.0,518.67,642.19,1586.51,1401.11,14.62,21.61,554.04,2388.06,9056.19,1.3,47.31,521.47,2388.04,8139.59,8.4186,0.03,392,2388,100.0,39.12,23.4086,172,139,Healthy,80.81,0
60,34,-0.0037,-0.0001,100.0,518.67,642.55,1586.15,1408.11,14.62,21.61,553.31,2388.07,9053.71,1.3,47.36,521.63,2388.15,8130.14,8.4326,0.03,393,2388,100.0,38.92,23.3377,172,138,Healthy,80.23,0
60,35,-0.0034,-0.0003,100.0,518.67,642.5,1585.77,1404.51,14.62,21.61,553.89,2388.05,9050.01,1.3,47.37,521.84,2388.03,8133.62,8.4279,0.03,392,2388,100.0,38.91,23.3598,172,137,Healthy,79.65,0
60,36,-0.001,-0.0,100.0,518.67,642.22,1592.15,1411.93,14.62,21.61,553.42,2388.0,9044.31,1.3,47.46,521.25,2388.15,8133.2,8.4441,0.03,392,2388,100.0,38.91,23.356,172,136,Healthy,79.07,0
60,37,0.0038,0.0002,100.0,518.67,642.79,1585.3,1406.96,14.62,21.61,553.38,2388.13,9053.42,1.3,47.35,522.25,2388.1,8135.06,8.4495,0.03,393,2388,100.0,38.92,23.2589,172,135,Healthy,78.49,0
60,38,0.0027,-0.0004,100.0,518.67,642.54,1583.17,1405.01,14.62,21.61,553.36,2388.11,9048.53,1.3,47.51,522.39,2388.09,8138.54,8.4264,0.03,394,2388,100.0,39.0,23.1759,172,134,Healthy,77.91,0
60,39,0.001,-0.0004,100.0,518.67,642.87,1589.74,1402.28,14.62,21.61,553.81,2388.14,9051.08,1.3,47.48,521.79,2388.04,8134.4,8.4485,0.03,392,2388,100.0,38.67,23.3824,172,133,Healthy,77.33,0
60,40,-0.0017,-0.0,100.0,518.67,642.43,1591.92,1409.06,14.62,21.61,554.14,2388.07,9050.64,1.3,47.49,521.36,2388.14,8133.34,8.4151,0.03,393,2388,100.0,38.99,23.3045,172,132,Healthy,76.74,0
60,41,0.0005,0.0002,100.0,518.67,642.5,1590.12,1404.31,14.62,21.61,554.33,2388.08,9050.83,1.3,47.3,521.46,2388.12,8135.94,8.4204,0.03,394,2388,100.0,38.9,23.322,172,131,Healthy,76.16,0
60,42,-0.0038,-0.0004,100.0,518.67,642.3,1591.12,1406.26,14.62,21.61,553.95,2388.06,9056.48,1.3,47.49,521.33,2388.07,8136.19,8.4492,0.03,392,2388,100.0,38.9,23.299,172,130,Healthy,75.58,0
60,43,-0.0003,-0.0003,100.0,518.67,642.08,1595.6,1396.66,14.62,21.61,553.92,2388.09,9052.01,1.3,47.43,521.86,2388.12,8137.68,8.4607,0.03,394,2388,100.0,38.96,23.4068,172,129,Healthy,75.0,0
60,44,-0.0011,-0.0004,100.0,518.67,642.35,1590.0,1405.38,14.62,21.61,552.95,2388.09,9047.74,1.3,47.64,521.51,2388.09,8136.07,8.4333,0.03,393,2388,100.0,38.87,23.3188,172,128,Healthy,74.42,0
60,45,-0.0023,-0.0,100.0,518.67,642.26,1584.41,1405.56,14.62,21.61,554.66,2388.08,9057.41,1.3,47.48,521.71,2388.04,8132.58,8.4623,0.03,394,2388,100.0,38.82,23.3781,172,127,Healthy,73.84,0
60,46,-0.0027,0.0001,100.0,518.67,642.72,1583.27,1404.31,14.62,21.61,553.78,2388.09,9049.58,1.3,47.71,521.67,2388.14,8138.42,8.4426,0.03,392,2388,100.0,39.13,23.3543,172,126,Healthy,73.26,0
60,47,-0.0024,-0.0003,100.0,518.67,642.47,1592.7,1407.69,14.62,21.61,553.22,2388.09,9055.9,1.3,47.39,521.5,2388.1,8138.68,8.4185,0.03,393,2388,100.0,38.94,23.2281,172,125,Healthy,72.67,0
60,48,-0.0001,-0.0001,100.0,518.67,642.29,1582.93,1404.54,14.62,21.61,552.99,2388.09,9061.48,1.3,47.6,521.62,2388.09,8135.81,8.4264,0.03,394,2388,100.0,38.83,23.1595,172,124,Healthy,72.09,0
60,49,0.0021,0.0001,100.0,518.67,642.19,1598.5,1401.84,14.62,21.61,553.57,2388.08,9057.73,1.3,47.45,521.64,2388.04,8134.16,8.4628,0.03,393,2388,100.0,38.86,23.3232,172,123,Healthy,71.51,0
60,50,0.0016,-0.0,100.0,518.67,642.71,1577.76,1405.06,14.62,21.61,553.2,2388.12,9059.47,1.3,47.58,521.52,2388.08,8139.86,8.4519,0.03,392,2388,100.0,38.88,23.2795,172,122,Healthy,70.93,0
61,1,-0.0006,0.0005,100.0,518.67,641.89,1582.05,1399.41,14.62,21.61,554.88,2387.98,9063.7,1.3,47.15,522.36,2388.01,8140.09,8.3703,0.03,391,2388,100.0,39.27,23.4459,185,184,Healthy,99.46,0
61,2,0.0001,0.0004,100.0,518.67,641.79,1578.38,1397.21,14.62,21.61,554.86,2387.97,9064.77,1.3,47.45,522.39,2387.95,8146.75,8.4195,0.03,391,2388,100.0,38.99,23.51,185,183,Healthy,98.92,0
61,3,-0.0006,-0.0002,100.0,518.67,641.83,1584.92,1394.93,14.62,21.61,555.18,2387.97,9067.64,1.3,47.1,522.39,2388.03,8146.4,8.3592,0.03,392,2388,100.0,39.16,23.3222,185,182,Healthy,98.38,0
61,4,-0.0041,0.0002,100.0,518.67,642.0,1584.04,1396.35,14.62,21.61,554.65,2388.0,9054.69,1.3,47.17,522.12,2387.99,8145.1,8.4005,0.03,390,2388,100.0,39.07,23.5221,185,181,Healthy,97.84,0
61,5,0.0005,0.0001,100.0,518.67,642.12,1584.25,1395.61,14.62,21.61,554.74,2387.99,9065.42,1.3,47.34,522.6,2388.07,8146.28,8.4133,0.03,392,2388,100.0,39.07,23.3733,185,180,Healthy,97.3,0
61,6,0.0017,-0.0002,100.0,518.67,642.27,1585.73,1396.52,14.62,21.61,555.11,2387.97,9062.54,1.3,47.3,522.57,2387.94,8140.21,8.4128,0.03,391,2388,100.0,38.99,23.4047,185,179,Healthy,96.76,0
61,7,0.0005,-0.0003,100.0,518.67,642.23,1593.23,1400.51,14.62,21.61,554.66,2387.98,9057.02,1.3,47.07,522.69,2387.93,8145.9,8.385,0.03,391,2388,100.0,39.16,23.4766,185,178,Healthy,96.22,0
61,8,-0.0016,-0.0,100.0,518.67,642.01,1585.31,1387.62,14.62,21.61,554.06,2387.92,9061.52,1.3,47.05,522.24,2387.96,8139.74,8.4177,0.03,392,2388,100.0,39.14,23.4355,185,177,Healthy,95.68,0
61,9,0.0014,-0.0002,100.0,518.67,641.74,1582.42,1393.68,14.62,21.61,554.63,2388.03,9066.54,1.3,47.21,522.42,2388.03,8140.7,8.3747,0.03,391,2388,100.0,39.08,23.3879,185,176,Healthy,95.14,0
61,10,-0.0011,-0.0004,100.0,518.67,642.0,1580.05,1391.52,14.62,21.61,554.61,2387.96,9059.7,1.3,46.95,522.99,2387.93,8146.36,8.38,0.03,390,2388,100.0,39.21,23.5685,185,175,Healthy,94.59,0
61,11,-0.0037,-0.0004,100.0,518.67,642.05,1575.01,1401.0,14.62,21.6,554.23,2387.97,9056.57,1.3,47.01,523.0,2388.03,8140.96,8.3805,0.03,392,2388,100.0,38.96,23.3606,185,174,Healthy,94.05,0
61,12,-0.0015,0.0,100.0,518.67,642.55,1587.68,1395.53,14.62,21.61,554.7,2388.0,9057.47,1.3,47.15,522.36,2387.97,8142.87,8.3746,0.03,392,2388,100.0,39.08,23.4503,185,173,Healthy,93.51,0
61,13,0.0023,-0.0003,100.0,518.67,642.31,1585.1,1397.64,14.62,21.61,553.9,2387.98,9061.94,1.3,47.25,522.13,2388.03,8145.51,8.4255,0.03,392,2388,100.0,39.07,23.4047,185,172,Healthy,92.97,0
61,14,-0.001,0.0002,100.0,518.67,641.96,1587.93,1400.13,14.62,21.61,555.1,2388.0,9064.92,1.3,47.1,522.07,2387.95,8143.47,8.3739,0.03,391,2388,100.0,39.26,23.4843,185,171,Healthy,92.43,0
61,15,-0.0024,0.0003,100.0,518.67,642.0,1585.8,1397.46,14.62,21.61,554.76,2387.98,9058.39,1.3,47.26,522.11,2388.01,8141.88,8.3552,0.03,391,2388,100.0,39.1,23.4815,185,170,Healthy,91.89,0
61,16,0.0011,0.0002,100.0,518.67,641.89,1581.62,1397.98,14.62,21.61,554.14,2388.03,9065.41,1.3,47.12,522.91,2387.95,8144.4,8.4071,0.03,391,2388,100.0,39.04,23.4515,185,169,Healthy,91.35,0
61,17,-0.0032,0.0002,100.0,518.67,642.53,1586.79,1396.9,14.62,21.61,554.42,2387.94,9063.86,1.3,47.27,522.88,2387.99,8144.65,8.4034,0.03,390,2388,100.0,39.14,23.4869,185,168,Healthy,90.81,0
61,18,0.0033,0.0001,100.0,518.67,642.6,1575.71,1396.89,14.62,21.61,555.31,2387.98,9060.89,1.3,46.88,522.61,2387.99,8153.12,8.3795,0.03,389,2388,100.0,39.07,23.3292,185,167,Healthy,90.27,0
61,19,0.0024,-0.0005,100.0,518.67,641.74,1582.14,1395.31,14.62,21.61,555.05,2388.01,9064.97,1.3,46.97,522.42,2387.99,8142.43,8.3878,0.03,390,2388,100.0,39.14,23.4077,185,166,Healthy,89.73,0
61,20,-0.0007,-0.0005,100.0,518.67,641.97,1587.01,1391.93,14.62,21.61,555.09,2388.08,9057.3,1.3,47.2,522.19,2388.0,8141.07,8.4138,0.03,390,2388,100.0,39.08,23.3209,185,165,Healthy,89.19,0
61,21,0.0026,-0.0004,100.0,518.67,642.09,1582.89,1393.75,14.62,21.61,554.28,2388.07,9057.04,1.3,46.94,522.2,2388.0,8142.87,8.3585,0.03,391,2388,100.0,39.18,23.4199,185,164,Healthy,88.65,0
61,22,0.0013,-0.0001,100.0,518.67,642.7,1581.77,1395.37,14.62,21.61,555.13,2387.93,9058.36,1.3,47.15,522.7,2388.02,8145.08,8.3578,0.03,390,2388,100.0,38.94,23.4023,185,163,Healthy,88.11,0
61,23,0.0037,0.0004,100.0,518.67,641.81,1580.59,1404.09,14.62,21.61,554.78,2388.01,9065.9,1.3,47.27,523.13,2387.98,8145.57,8.3866,0.03,390,2388,100.0,38.93,23.4079,185,162,Healthy,87.57,0
61,24,-0.0015,-0.0005,100.0,518.67,641.85,1577.6,1397.46,14.62,21.61,554.63,2388.0,9066.97,1.3,47.08,522.76,2387.95,8149.13,8.4012,0.03,390,2388,100.0,39.14,23.4993,185,161,Healthy,87.03,0
61,25,-0.0005,-0.0005,100.0,518.67,641.85,1578.67,1396.31,14.62,21.61,555.86,2387.96,9064.74,1.3,47.26,523.12,2388.02,8141.9,8.3949,0.03,392,2388,100.0,39.16,23.3639,185,160,Healthy,86.49,0
61,26,0.0011,0.0,100.0,518.67,642.24,1583.09,1399.38,14.62,21.6,553.89,2388.02,9062.13,1.3,47.11,522.1,2387.98,8141.34,8.4021,0.03,392,2388,100.0,39.08,23.4386,185,159,Healthy,85.95,0
61,27,-0.003,-0.0001,100.0,518.67,642.25,1581.72,1396.4,14.62,21.61,554.33,2388.02,9067.63,1.3,47.18,522.15,2388.0,8147.11,8.3937,0.03,392,2388,100.0,39.16,23.5115,185,158,Healthy,85.41,0
61,28,0.0011,-0.0,100.0,518.67,641.91,1582.38,1391.54,14.62,21.61,554.47,2387.99,9062.91,1.3,47.2,522.52,2387.97,8143.83,8.402,0.03,390,2388,100.0,39.13,23.4566,185,157,Healthy,84.86,0
61,29,0.0023,0.0001,100.0,518.67,641.79,1575.95,1396.08,14.62,21.61,554.18,2388.01,9067.56,1.3,47.06,522.49,2387.99,8143.03,8.4149,0.03,392,2388,100.0,39.05,23.4149,185,156,Healthy,84.32,0
61,30,0.0001,0.0001,100.0,518.67,642.08,1585.37,1401.37,14.62,21.6,554.43,2388.01,9063.39,1.3,47.05,522.98,2388.01,8151.15,8.3939,0.03,392,2388,100.0,38.96,23.4509,185,155,Healthy,83.78,0
61,31,-0.0013,-0.0002,100.0,518.67,642.33,1585.71,1396.31,14.62,21.61,554.58,2388.03,9060.66,1.3,47.18,522.75,2388.01,8148.15,8.3444,0.03,391,2388,100.0,39.02,23.375,185,154,Healthy,83.24,0
61,32,-0.0032,-0.0,100.0,518.67,642.28,1583.93,1398.32,14.62,21.61,554.3,2387.98,9069.6,1.3,47.24,522.52,2387.97,8148.58,8.3807,0.03,393,2388,100.0,39.19,23.3665,185,153,Healthy,82.7,0
61,33,0.0015,-0.0001,100.0,518.67,642.21,1590.48,1392.19,14.62,21.61,555.39,2387.97,9071.34,1.3,47.13,522.78,2387.96,8148.23,8.3923,0.03,391,2388,100.0,39.02,23.5131,185,152,Healthy,82.16,0
61,34,-0.0042,-0.0002,100.0,518.67,641.99,1584.07,1403.92,14.62,21.6,554.38,2388.0,9065.63,1.3,47.15,522.54,2387.96,8141.86,8.4201,0.03,390,2388,100.0,39.11,23.4399,185,151,Healthy,81.62,0
61,35,-0.0002,-0.0005,100.0,518.67,642.07,1587.29,1389.4,14.62,21.61,554.25,2388.01,9062.01,1.3,47.15,521.72,2388.01,8141.98,8.3906,0.03,391,2388,100.0,39.23,23.332,185,150,Healthy,81.08,0
61,36,0.0032,-0.0005,100.0,518.67,642.39,1584.89,1396.22,14.62,21.61,554.54,2388.01,9065.36,1.3,47.04,522.61,2387.97,8148.56,8.3573,0.03,391,2388,100.0,39.31,23.5103,185,149,Healthy,80.54,0
61,37,-0.0008,0.0,100.0,518.67,642.13,1581.72,1393.46,14.62,21.61,554.3,2388.01,9070.21,1.3,47.26,522.18,2387.98,8146.35,8.4442,0.03,391,2388,100.0,39.02,23.4485,185,148,Healthy,80.0,0
61,38,0.0048,-0.0004,100.0,518.67,641.21,1589.07,1394.77,14.62,21.61,554.33,2387.97,9065.17,1.3,47.14,522.35,2388.01,8142.68,8.3642,0.03,392,2388,100.0,38.97,23.4614,185,147,Healthy,79.46,0
61,39,0.0041,0.0001,100.0,518.67,642.09,1584.27,1393.72,14.62,21.61,555.02,2387.98,9060.8,1.3,47.03,522.37,2388.02,8142.46,8.395,0.03,391,2388,100.0,39.18,23.3393,185,146,Healthy,78.92,0
61,40,-0.0035,-0.0002,100.0,518.67,641.85,1583.34,1400.9,14.62,21.6,554.79,2387.93,9060.33,1.3,47.02,522.32,2387.97,8146.48,8.3994,0.03,393,2388,100.0,39.08,23.3248,185,145,Healthy,78.38,0
61,41,-0.0037,-0.0005,100.0,518.67,641.97,1587.64,1401.65,14.62,21.61,554.85,2388.0,9063.74,1.3,47.21,522.39,2387.96,8147.77,8.4249,0.03,391,2388,100.0,39.1,23.5359,185,144,Healthy,77.84,0
61,42,-0.0017,0.0003,100.0,518.67,641.62,1591.73,1394.91,14.62,21.61,554.25,2387.94,9056.02,1.3,47.18,522.2,2388.02,8143.61,8.3768,0.03,391,2388,100.0,39.19,23.4075,185,143,Healthy,77.3,0
61,43,0.0047,0.0001,100.0,518.67,641.91,1589.55,1398.73,14.62,21.61,555.57,2387.96,9072.56,1.3,47.1,522.13,2388.01,8140.65,8.34,0.03,390,2388,100.0,38.9,23.4371,185,142,Healthy,76.76,0
61,44,0.0015,-0.0003,100.0,518.67,642.05,1578.17,1401.28,14.62,21.61,555.3,2388.02,9056.16,1.3,47.08,522.38,2388.0,8147.71,8.3719,0.03,391,2388,100.0,38.94,23.4357,185,141,Healthy,76.22,0
61,45,-0.0032,-0.0,100.0,518.67,641.65,1586.51,1402.3,14.62,21.61,554.9,2388.0,9061.12,1.3,47.05,522.37,2387.99,8145.58,8.3898,0.03,393,2388,100.0,38.96,23.4382,185,140,Healthy,75.68,0
61,46,-0.0018,-0.0004,100.0,518.67,642.19,1588.03,1402.73,14.62,21.61,554.57,2388.0,9062.32,1.3,46.86,522.74,2387.98,8142.09,8.3876,0.03,392,2388,100.0,39.05,23.3767,185,139,Healthy,75.14,0
61,47,0.0022,-0.0004,100.0,518.67,641.67,1588.11,1403.35,14.62,21.61,554.74,2387.99,9063.26,1.3,47.18,522.27,2387.99,8141.56,8.4041,0.03,392,2388,100.0,38.94,23.382,185,138,Healthy,74.59,0
61,48,-0.0001,0.0003,100.0,518.67,641.84,1581.37,1405.84,14.62,21.61,554.26,2388.04,9062.75,1.3,47.06,522.56,2388.02,8146.37,8.3623,0.03,390,2388,100.0,38.84,23.3452,185,137,Healthy,74.05,0
61,49,0.0007,-0.0002,100.0,518.67,641.76,1588.59,1399.53,14.62,21.61,554.41,2388.0,9058.58,1.3,47.16,522.28,2387.95,8143.24,8.3832,0.03,390,2388,100.0,39.03,23.4995,185,136,Healthy,73.51,0
61,50,0.0022,0.0,100.0,518.67,642.18,1582.93,1399.9,14.62,21.61,554.42,2388.04,9058.16,1.3,47.08,522.25,2388.01,8136.16,8.3822,0.03,391,2388,100.0,39.41,23.338,185,135,Healthy,72.97,0
62,1,-0.0019,-0.0002,100.0,518.67,642.77,1588.2,1413.2,14.62,21.61,553.04,2388.07,9060.26,1.3,47.55,521.52,2388.1,8140.43,8.4479,0.03,392,2388,100.0,38.94,23.2366,180,179,Healthy,99.44,0
62,2,-0.0037,0.0001,100.0,518.67,642.53,1580.22,1412.82,14.62,21.61,553.68,2388.08,9058.77,1.3,47.5,520.92,2388.1,8139.12,8.451,0.03,394,2388,100.0,38.86,23.3081,180,178,Healthy,98.89,0
62,3,-0.0004,0.0004,100.0,518.67,642.52,1589.38,1408.06,14.62,21.61,553.07,2388.08,9055.76,1.3,47.68,521.57,2388.09,8137.36,8.4472,0.03,394,2388,100.0,38.88,23.2851,180,177,Healthy,98.33,0
62,4,0.0037,0.0002,100.0,518.67,642.55,1592.7,1414.49,14.62,21.61,553.18,2388.13,9054.51,1.3,47.39,521.35,2388.1,8135.16,8.4726,0.03,394,2388,100.0,38.83,23.3822,180,176,Healthy,97.78,0
62,5,-0.0007,0.0002,100.0,518.67,642.48,1594.58,1406.66,14.62,21.61,553.2,2388.09,9057.34,1.3,47.46,521.81,2388.12,8135.8,8.4468,0.03,394,2388,100.0,38.7,23.3021,180,175,Healthy,97.22,0
62,6,-0.0017,-0.0003,100.0,518.67,642.55,1588.81,1411.51,14.62,21.61,553.5,2388.13,9053.97,1.3,47.55,521.85,2388.13,8133.35,8.4738,0.03,393,2388,100.0,38.84,23.2778,180,174,Healthy,96.67,0
62,7,-0.0001,-0.0003,100.0,518.67,642.44,1590.91,1410.77,14.62,21.61,553.27,2388.13,9049.31,1.3,47.56,521.58,2388.08,8137.8,8.4606,0.03,394,2388,100.0,38.83,23.3421,180,173,Healthy,96.11,0
62,8,0.0031,0.0005,100.0,518.67,642.47,1594.19,1408.83,14.62,21.61,553.54,2388.11,9051.55,1.3,47.45,520.61,2388.09,8136.48,8.4607,0.03,393,2388,100.0,39.01,23.204,180,172,Healthy,95.56,0
62,9,-0.0019,0.0002,100.0,518.67,642.61,1590.49,1407.77,14.62,21.61,553.9,2388.06,9059.34,1.3,47.52,521.92,2388.14,8137.48,8.4343,0.03,394,2388,100.0,38.8,23.3007,180,171,Healthy,95.0,0
62,10,-0.0026,0.0002,100.0,518.67,642.0,1594.78,1406.07,14.62,21.61,553.38,2388.1,9056.02,1.3,47.83,520.74,2388.12,8138.6,8.4353,0.03,393,2388,100.0,38.72,23.3199,180,170,Healthy,94.44,0
62,11,0.0035,0.0001,100.0,518.67,643.0,1588.03,1411.29,14.62,21.61,553.09,2388.13,9053.53,1.3,47.74,521.05,2388.1,8134.02,8.4644,0.03,393,2388,100.0,38.71,23.3129,180,169,Healthy,93.89,0
62,12,0.0004,0.0004,100.0,518.67,642.5,1587.15,1411.1,14.62,21.61,553.51,2388.09,9060.59,1.3,47.53,521.08,2388.16,8138.42,8.4513,0.03,392,2388,100.0,38.88,23.1887,180,168,Healthy,93.33,0
62,13,0.0016,0.0004,100.0,518.67,642.91,1585.28,1412.85,14.62,21.61,553.58,2388.17,9067.54,1.3,47.8,521.17,2388.14,8136.13,8.4616,0.03,392,2388,100.0,38.73,23.2376,180,167,Healthy,92.78,0
62,14,0.0037,-0.0003,100.0,518.67,642.75,1595.56,1406.94,14.62,21.61,552.91,2388.06,9055.2,1.3,47.6,521.84,2388.11,8137.32,8.4511,0.03,392,2388,100.0,38.69,23.3035,180,166,Healthy,92.22,0
62,15,0.0002,0.0002,100.0,518.67,642.66,1591.3,1406.98,14.62,21.61,553.61,2388.15,9054.87,1.3,47.63,521.17,2388.09,8133.7,8.4489,0.03,393,2388,100.0,38.79,23.2675,180,165,Healthy,91.67,0
62,16,-0.0008,0.0004,100.0,518.67,642.49,1590.6,1415.43,14.62,21.61,553.46,2388.1,9055.03,1.3,47.61,521.4,2388.11,8132.83,8.4956,0.03,392,2388,100.0,38.81,23.2082,180,164,Healthy,91.11,0
62,17,0.0022,-0.0002,100.0,518.67,642.79,1594.19,1398.21,14.62,21.61,553.15,2388.12,9059.33,1.3,47.46,521.73,2388.2,8138.53,8.4168,0.03,391,2388,100.0,38.88,23.3373,180,163,Healthy,90.56,0
62,18,0.0019,0.0001,100.0,518.67,643.01,1591.88,1406.25,14.62,21.61,552.93,2388.11,9057.93,1.3,47.7,521.42,2388.06,8141.7,8.4038,0.03,394,2388,100.0,38.71,23.3272,180,162,Healthy,90.0,0
62,19,-0.0009,0.0002,100.0,518.67,642.36,1582.75,1407.26,14.62,21.61,553.63,2388.17,9053.46,1.3,47.74,521.14,2388.08,8137.02,8.4299,0.03,393,2388,100.0,38.86,23.2892,180,161,Healthy,89.44,0
62,20,0.0018,0.0004,100.0,518.67,642.91,1585.24,1414.27,14.62,21.61,553.65,2388.08,9060.28,1.3,47.63,521.21,2388.13,8133.29,8.4684,0.03,394,2388,100.0,38.81,23.1553,180,160,Healthy,88.89,0
62,21,0.0015,-0.0003,100.0,518.67,642.53,1590.73,1409.23,14.62,21.61,553.39,2388.17,9070.01,1.3,47.55,521.33,2388.13,8136.16,8.4538,0.03,393,2388,100.0,38.74,23.1925,180,159,Healthy,88.33,0
62,22,-0.0018,0.0003,100.0,518.67,642.21,1591.23,1407.09,14.62,21.61,552.39,2388.08,9055.42,1.3,47.57,521.41,2388.16,8138.1,8.4825,0.03,392,2388,100.0,38.8,23.3909,180,158,Healthy,87.78,0
62,23,-0.002,-0.0002,100.0,518.67,642.35,1593.99,1404.89,14.62,21.61,553.13,2388.13,9058.76,1.3,47.53,521.0,2388.1,8134.11,8.4256,0.03,392,2388,100.0,38.81,23.3098,180,157,Healthy,87.22,0
62,24,0.0039,-0.0004,100.0,518.67,643.05,1589.14,1408.05,14.62,21.61,553.06,2388.1,9061.7,1.3,47.61,521.33,2388.09,8137.2,8.479,0.03,393,2388,100.0,38.86,23.3371,180,156,Healthy,86.67,0
62,25,0.0012,-0.0,100.0,518.67,642.63,1592.98,1406.74,14.62,21.61,552.47,2388.08,9050.07,1.3,47.62,521.26,2388.09,8137.39,8.4096,0.03,394,2388,100.0,39.02,23.2612,180,155,Healthy,86.11,0
62,26,-0.0005,0.0005,100.0,518.67,643.04,1593.21,1408.69,14.62,21.61,552.64,2388.11,9056.43,1.3,47.5,521.39,2388.07,8139.42,8.4435,0.03,393,2388,100.0,38.92,23.2603,180,154,Healthy,85.56,0
62,27,0.0033,0.0001,100.0,518.67,643.02,1594.89,1414.84,14.62,21.61,553.17,2388.13,9056.94,1.3,47.43,521.04,2388.15,8132.02,8.4319,0.03,393,2388,100.0,38.83,23.2148,180,153,Healthy,85.0,0
62,28,-0.0001,0.0003,100.0,518.67,642.37,1587.16,1409.02,14.62,21.61,552.98,2388.12,9053.39,1.3,47.4,521.34,2388.13,8135.56,8.4379,0.03,393,2388,100.0,38.85,23.2734,180,152,Healthy,84.44,0
62,29,0.0026,0.0001,100.0,518.67,642.78,1595.36,1410.11,14.62,21.61,553.33,2388.19,9060.39,1.3,47.6,521.77,2388.15,8139.18,8.4882,0.03,393,2388,100.0,38.77,23.263,180,151,Healthy,83.89,0
62,30,-0.001,0.0005,100.0,518.67,642.5,1591.94,1412.14,14.62,21.61,552.99,2388.12,9060.53,1.3,47.65,521.75,2388.13,8136.55,8.4135,0.03,393,2388,100.0,38.67,23.3297,180,150,Healthy,83.33,0
62,31,0.0031,-0.0,100.0,518.67,643.11,1598.06,1410.57,14.62,21.61,552.63,2388.1,9060.52,1.3,47.59,521.22,2388.06,8134.15,8.4183,0.03,393,2388,100.0,38.76,23.1726,180,149,Healthy,82.78,0
62,32,-0.0023,-0.0002,100.0,518.67,642.68,1591.31,1411.31,14.62,21.61,553.47,2388.15,9057.44,1.3,47.5,521.2,2388.11,8137.75,8.4488,0.03,392,2388,100.0,38.99,23.3329,180,148,Healthy,82.22,0
62,33,-0.0033,0.0004,100.0,518.67,642.24,1590.59,1411.03,14.62,21.61,553.95,2388.14,9050.12,1.3,47.62,521.38,2388.05,8140.6,8.4512,0.03,393,2388,100.0,38.84,23.2909,180,147,Healthy,81.67,0
62,34,-0.0005,-0.0004,100.0,518.67,642.25,1590.12,1416.58,14.62,21.61,553.16,2388.15,9056.04,1.3,47.49,521.41,2388.16,8134.03,8.4759,0.03,393,2388,100.0,38.94,23.2215,180,146,Healthy,81.11,0
62,35,0.0035,-0.0002,100.0,518.67,642.88,1591.24,1409.62,14.62,21.61,553.99,2388.08,9052.1,1.3,47.62,520.87,2388.12,8133.94,8.4333,0.03,393,2388,100.0,38.8,23.2969,180,145,Healthy,80.56,0
62,36,0.0029,0.0004,100.0,518.67,642.47,1584.89,1409.3,14.62,21.61,552.42,2388.05,9056.56,1.3,47.45,521.54,2388.11,8139.77,8.422,0.03,392,2388,100.0,38.83,23.3676,180,144,Healthy,80.0,0
62,37,0.0017,0.0004,100.0,518.67,642.2,1592.17,1411.42,14.62,21.61,552.75,2388.15,9056.32,1.3,47.69,521.3,2388.1,8139.22,8.4486,0.03,393,2388,100.0,38.67,23.2645,180,143,Healthy,79.44,0
62,38,-0.0027,0.0002,100.0,518.67,642.24,1590.42,1413.17,14.62,21.61,553.03,2388.11,9058.6,1.3,47.83,520.72,2388.12,8138.51,8.4496,0.03,392,2388,100.0,38.98,23.3147,180,142,Healthy,78.89,0
62,39,-0.0028,0.0003,100.0,518.67,642.79,1594.87,1414.58,14.62,21.61,553.8,2388.12,9060.09,1.3,47.78,521.03,2388.11,8141.65,8.4785,0.03,394,2388,100.0,38.88,23.2311,180,141,Healthy,78.33,0
62,40,-0.0014,0.0006,100.0,518.67,643.09,1590.73,1404.55,14.62,21.61,553.29,2388.12,9058.08,1.3,47.73,521.36,2388.12,8131.41,8.4408,0.03,394,2388,100.0,38.9,23.3245,180,140,Healthy,77.78,0
62,41,0.0025,-0.0002,100.0,518.67,642.24,1596.1,1406.87,14.62,21.61,553.31,2388.1,9059.22,1.3,47.76,521.34,2388.12,8139.53,8.4444,0.03,393,2388,100.0,38.88,23.3163,180,139,Healthy,77.22,0
62,42,-0.0029,-0.0001,100.0,518.67,642.51,1596.25,1407.3,14.62,21.61,553.49,2388.13,9056.64,1.3,47.59,521.52,2388.13,8136.73,8.442,0.03,395,2388,100.0,38.83,23.3433,180,138,Healthy,76.67,0
62,43,-0.0039,-0.0001,100.0,518.67,643.39,1584.8,1409.41,14.62,21.61,552.97,2388.13,9057.27,1.3,47.53,521.22,2388.15,8135.26,8.4477,0.03,394,2388,100.0,38.8,23.2545,180,137,Healthy,76.11,0
62,44,0.0044,-0.0001,100.0,518.67,642.64,1593.48,1409.52,14.62,21.61,554.17,2388.13,9055.18,1.3,47.63,521.57,2388.15,8136.9,8.4407,0.03,394,2388,100.0,38.83,23.2683,180,136,Healthy,75.56,0
62,45,-0.0015,0.0,100.0,518.67,642.69,1586.3,1409.73,14.62,21.61,553.62,2388.12,9050.9,1.3,47.47,521.52,2388.06,8131.78,8.4485,0.03,394,2388,100.0,38.8,23.3059,180,135,Healthy,75.0,0
62,46,-0.0023,0.0004,100.0,518.67,643.05,1596.44,1410.74,14.62,21.61,553.58,2388.11,9061.54,1.3,47.55,520.98,2388.11,8137.63,8.468,0.03,394,2388,100.0,38.74,23.2349,180,134,Healthy,74.44,0
62,47,-0.0005,0.0002,100.0,518.67,642.51,1595.96,1413.37,14.62,21.61,553.01,2388.1,9059.6,1.3,47.62,521.19,2388.06,8137.72,8.4528,0.03,393,2388,100.0,38.83,23.291,180,133,Healthy,73.89,0
62,48,0.0014,0.0003,100.0,518.67,642.34,1593.0,1410.81,14.62,21.61,554.08,2388.1,9057.6,1.3,47.44,520.99,2388.09,8136.21,8.463,0.03,393,2388,100.0,38.74,23.2814,180,132,Healthy,73.33,0
62,49,-0.0016,-0.0003,100.0,518.67,643.12,1582.68,1416.11,14.62,21.61,552.94,2388.1,9060.98,1.3,47.53,521.22,2388.11,8136.29,8.424,0.03,394,2388,100.0,38.85,23.3831,180,131,Healthy,72.78,0
62,50,-0.0034,0.0002,100.0,518.67,642.4,1580.85,1414.34,14.62,21.61,553.18,2388.1,9049.71,1.3,47.55,521.41,2388.09,8140.28,8.4255,0.03,393,2388,100.0,38.78,23.3653,180,130,Healthy,72.22,0
63,1,0.0005,-0.0001,100.0,518.67,642.61,1585.01,1405.59,14.62,21.61,553.95,2388.07,9050.26,1.3,47.38,521.24,2388.09,8137.64,8.395,0.03,392,2388,100.0,38.98,23.4455,174,173,Healthy,99.43,0
63,2,0.0024,0.0003,100.0,518.67,642.8,1585.07,1396.99,14.62,21.61,554.28,2388.09,9057.95,1.3,47.46,521.77,2388.05,8139.83,8.4431,0.03,393,2388,100.0,38.91,23.3626,174,172,Healthy,98.85,0
63,3,-0.0015,-0.0001,100.0,518.67,642.55,1600.15,1404.54,14.62,21.61,553.22,2388.09,9057.29,1.3,47.52,521.53,2388.06,8134.44,8.4368,0.03,392,2388,100.0,39.0,23.3173,174,171,Healthy,98.28,0
63,4,-0.0027,-0.0,100.0,518.67,642.37,1583.64,1399.57,14.62,21.61,553.79,2388.08,9053.81,1.3,47.28,522.12,2388.04,8132.61,8.4006,0.03,392,2388,100.0,38.97,23.2563,174,170,Healthy,97.7,0
63,5,0.0009,-0.0,100.0,518.67,642.15,1590.16,1412.41,14.62,21.61,553.28,2388.1,9051.93,1.3,47.52,521.46,2388.1,8139.9,8.4435,0.03,393,2388,100.0,38.76,23.3926,174,169,Healthy,97.13,0
63,6,0.0014,0.0005,100.0,518.67,642.26,1588.0,1402.95,14.62,21.61,553.23,2388.12,9047.9,1.3,47.53,521.22,2388.1,8134.14,8.43,0.03,393,2388,100.0,38.79,23.3105,174,168,Healthy,96.55,0
63,7,0.0014,0.0004,100.0,518.67,642.9,1592.37,1404.86,14.62,21.61,553.68,2388.11,9055.9,1.3,47.39,521.96,2388.09,8134.61,8.4151,0.03,392,2388,100.0,38.8,23.3713,174,167,Healthy,95.98,0
63,8,-0.0001,0.0004,100.0,518.67,642.95,1590.26,1404.07,14.62,21.61,553.02,2388.09,9064.74,1.3,47.44,521.28,2388.03,8140.86,8.4183,0.03,392,2388,100.0,38.78,23.3722,174,166,Healthy,95.4,0
63,9,0.0029,-0.0004,100.0,518.67,642.37,1587.8,1397.96,14.62,21.61,554.19,2388.1,9052.73,1.3,47.29,521.19,2388.1,8136.72,8.4453,0.03,394,2388,100.0,39.05,23.2224,174,165,Healthy,94.83,0
63,10,0.0015,-0.0004,100.0,518.67,642.32,1586.36,1413.78,14.62,21.61,553.61,2388.09,9058.88,1.3,47.46,522.16,2388.05,8138.6,8.3979,0.03,392,2388,100.0,38.9,23.2731,174,164,Healthy,94.25,0
63,11,-0.0012,-0.0003,100.0,518.67,642.18,1579.97,1407.38,14.62,21.61,554.16,2388.11,9062.53,1.3,47.36,522.04,2388.09,8138.89,8.4264,0.03,393,2388,100.0,38.98,23.3233,174,163,Healthy,93.68,0
63,12,-0.0012,-0.0003,100.0,518.67,642.6,1586.14,1406.98,14.62,21.61,554.24,2388.09,9060.87,1.3,47.59,521.7,2388.06,8133.77,8.4486,0.03,393,2388,100.0,38.89,23.3231,174,162,Healthy,93.1,0
63,13,0.0012,-0.0,100.0,518.67,642.63,1586.02,1405.53,14.62,21.61,553.78,2388.08,9056.79,1.3,47.29,522.27,2388.08,8134.45,8.4231,0.03,392,2388,100.0,38.98,23.277,174,161,Healthy,92.53,0
63,14,-0.0015,0.0005,100.0,518.67,642.55,1588.64,1407.18,14.62,21.61,553.89,2388.11,9062.15,1.3,47.38,521.71,2388.08,8137.27,8.4222,0.03,392,2388,100.0,38.81,23.3437,174,160,Healthy,91.95,0
63,15,0.0,0.0001,100.0,518.67,642.54,1595.45,1402.24,14.62,21.61,554.62,2388.08,9053.05,1.3,47.51,521.8,2388.06,8133.9,8.4354,0.03,392,2388,100.0,38.88,23.2272,174,159,Healthy,91.38,0
63,16,0.0005,0.0002,100.0,518.67,643.16,1588.1,1406.88,14.62,21.61,553.2,2388.1,9054.25,1.3,47.6,521.71,2388.1,8140.86,8.4311,0.03,393,2388,100.0,39.03,23.4545,174,158,Healthy,90.8,0
63,17,0.0025,-0.0,100.0,518.67,642.06,1581.34,1408.52,14.62,21.61,554.39,2388.09,9059.59,1.3,47.67,521.14,2388.05,8138.27,8.4445,0.03,391,2388,100.0,38.86,23.391,174,157,Healthy,90.23,0
63,18,-0.0021,-0.0,100.0,518.67,642.64,1593.26,1409.26,14.62,21.61,553.39,2388.04,9056.31,1.3,47.36,521.17,2388.09,8132.82,8.4219,0.03,393,2388,100.0,38.83,23.0453,174,156,Healthy,89.66,0
63,19,-0.0002,0.0002,100.0,518.67,642.76,1584.69,1407.84,14.62,21.61,553.61,2388.12,9056.18,1.3,47.31,521.6,2388.08,8134.89,8.4443,0.03,393,2388,100.0,38.91,23.3216,174,155,Healthy,89.08,0
63,20,0.0004,-0.0004,100.0,518.67,642.66,1588.4,1397.29,14.62,21.61,554.14,2388.1,9051.0,1.3,47.42,522.18,2388.12,8142.87,8.4242,0.03,392,2388,100.0,38.9,23.4307,174,154,Healthy,88.51,0
63,21,0.0024,0.0,100.0,518.67,642.53,1588.08,1409.94,14.62,21.61,554.53,2388.06,9060.73,1.3,47.48,521.35,2388.04,8136.7,8.4192,0.03,393,2388,100.0,39.06,23.3518,174,153,Healthy,87.93,0
63,22,0.0021,-0.0004,100.0,518.67,642.23,1579.97,1411.07,14.62,21.61,553.71,2388.1,9057.48,1.3,47.45,521.5,2388.11,8138.11,8.4302,0.03,393,2388,100.0,38.84,23.3918,174,152,Healthy,87.36,0
63,23,0.0021,0.0003,100.0,518.67,642.99,1592.95,1401.63,14.62,21.61,553.78,2388.07,9054.25,1.3,47.42,521.48,2388.11,8139.17,8.4512,0.03,392,2388,100.0,38.92,23.2857,174,151,Healthy,86.78,0
63,24,0.002,0.0003,100.0,518.67,642.84,1588.6,1404.91,14.62,21.61,554.08,2388.06,9056.68,1.3,47.45,521.46,2388.08,8136.95,8.3822,0.03,393,2388,100.0,38.9,23.3423,174,150,Healthy,86.21,0
63,25,0.0029,0.0003,100.0,518.67,642.55,1583.62,1406.0,14.62,21.61,554.16,2388.04,9056.01,1.3,47.46,521.92,2388.05,8136.42,8.4381,0.03,392,2388,100.0,38.78,23.3139,174,149,Healthy,85.63,0
63,26,0.0009,-0.0002,100.0,518.67,642.17,1589.3,1408.13,14.62,21.61,553.69,2388.1,9068.49,1.3,47.46,521.31,2388.12,8133.34,8.4375,0.03,391,2388,100.0,38.8,23.3081,174,148,Healthy,85.06,0
63,27,-0.0014,0.0004,100.0,518.67,642.26,1587.05,1409.2,14.62,21.61,553.94,2388.05,9059.25,1.3,47.57,521.74,2388.0,8135.92,8.4508,0.03,394,2388,100.0,38.92,23.353,174,147,Healthy,84.48,0
63,28,0.0001,-0.0003,100.0,518.67,641.95,1587.86,1408.06,14.62,21.61,552.85,2388.07,9053.76,1.3,47.39,521.5,2388.05,8138.6,8.4557,0.03,392,2388,100.0,38.81,23.2689,174,146,Healthy,83.91,0
63,29,-0.0012,0.0003,100.0,518.67,642.55,1579.07,1398.82,14.62,21.61,553.74,2388.02,9060.98,1.3,47.34,521.28,2388.06,8140.4,8.442,0.03,393,2388,100.0,38.88,23.3618,174,145,Healthy,83.33,0
63,30,0.0007,-0.0,100.0,518.67,642.37,1585.54,1410.0,14.62,21.61,553.75,2388.1,9056.41,1.3,47.52,522.08,2388.15,8134.1,8.4458,0.03,392,2388,100.0,38.85,23.3697,174,144,Healthy,82.76,0
63,31,0.0004,-0.0003,100.0,518.67,642.33,1595.69,1410.76,14.62,21.61,553.22,2388.06,9058.44,1.3,47.55,522.31,2388.07,8134.34,8.4467,0.03,393,2388,100.0,38.93,23.4287,174,143,Healthy,82.18,0
63,32,-0.0009,-0.0003,100.0,518.67,642.74,1592.55,1406.72,14.62,21.61,554.16,2388.08,9058.37,1.3,47.47,521.44,2388.08,8137.17,8.4228,0.03,393,2388,100.0,38.93,23.3022,174,142,Healthy,81.61,0
63,33,-0.0007,0.0001,100.0,518.67,642.65,1586.61,1400.47,14.62,21.61,552.91,2388.03,9057.01,1.3,47.6,521.81,2388.05,8142.84,8.409,0.03,393,2388,100.0,38.93,23.3823,174,141,Healthy,81.03,0
63,34,0.0007,-0.0003,100.0,518.67,643.24,1586.18,1409.54,14.62,21.61,554.34,2388.06,9057.59,1.3,47.58,521.36,2388.06,8136.53,8.4818,0.03,392,2388,100.0,38.93,23.3219,174,140,Healthy,80.46,0
63,35,-0.0008,0.0001,100.0,518.67,642.5,1587.64,1409.16,14.62,21.61,553.43,2388.1,9059.41,1.3,47.3,521.63,2388.08,8136.38,8.4206,0.03,394,2388,100.0,39.04,23.3259,174,139,Healthy,79.89,0
63,36,0.0017,0.0001,100.0,518.67,642.76,1585.36,1414.87,14.62,21.61,553.03,2388.13,9059.16,1.3,47.56,521.88,2388.1,8139.84,8.3808,0.03,393,2388,100.0,38.83,23.2547,174,138,Healthy,79.31,0
63,37,-0.0013,-0.0001,100.0,518.67,642.42,1584.89,1401.88,14.62,21.61,553.96,2388.11,9056.2,1.3,47.44,522.06,2388.08,8135.62,8.3872,0.03,392,2388,100.0,38.81,23.2723,174,137,Healthy,78.74,0
63,38,0.0034,0.0002,100.0,518.67,642.99,1595.37,1409.91,14.62,21.61,553.93,2388.11,9061.43,1.3,47.52,521.9,2388.09,8135.09,8.4208,0.03,391,2388,100.0,38.9,23.2345,174,136,Healthy,78.16,0
63,39,0.0048,-0.0002,100.0,518.67,642.25,1587.72,1403.99,14.62,21.61,553.5,2388.09,9059.19,1.3,47.53,521.23,2388.07,8135.76,8.4108,0.03,392,2388,100.0,38.77,23.4026,174,135,Healthy,77.59,0
63,40,0.001,-0.0,100.0,518.67,642.31,1582.4,1404.36,14.62,21.61,553.43,2388.12,9055.53,1.3,47.41,521.63,2388.08,8144.88,8.4628,0.03,393,2388,100.0,38.91,23.3214,174,134,Healthy,77.01,0
63,41,-0.0031,0.0004,100.0,518.67,642.21,1585.67,1409.05,14.62,21.61,553.23,2388.08,9062.53,1.3,47.39,521.56,2388.09,8135.89,8.4119,0.03,393,2388,100.0,38.88,23.2994,174,133,Healthy,76.44,0
63,42,-0.0017,0.0003,100.0,518.67,641.93,1575.0,1408.74,14.62,21.61,553.75,2388.06,9053.36,1.3,47.49,521.53,2388.14,8135.83,8.4298,0.03,394,2388,100.0,38.71,23.2958,174,132,Healthy,75.86,0
63,43,0.0036,0.0003,100.0,518.67,643.23,1587.99,1403.78,14.62,21.61,553.32,2388.06,9053.33,1.3,47.45,521.86,2388.11,8137.63,8.4211,0.03,392,2388,100.0,38.79,23.4082,174,131,Healthy,75.29,0
63,44,0.0033,0.0005,100.0,518.67,642.51,1582.46,1402.64,14.62,21.61,553.46,2388.11,9060.96,1.3,47.37,521.69,2388.06,8137.73,8.3958,0.03,393,2388,100.0,38.98,23.2904,174,130,Healthy,74.71,0
63,45,-0.0049,0.0002,100.0,518.67,642.95,1598.14,1405.24,14.62,21.61,554.37,2388.07,9062.22,1.3,47.41,521.42,2388.05,8145.36,8.4157,0.03,393,2388,100.0,38.98,23.3761,174,129,Healthy,74.14,0
63,46,0.0021,0.0004,100.0,518.67,642.8,1591.24,1405.02,14.62,21.61,553.57,2388.1,9058.63,1.3,47.53,521.44,2388.1,8139.27,8.4361,0.03,395,2388,100.0,38.81,23.3302,174,128,Healthy,73.56,0
63,47,0.0003,0.0,100.0,518.67,642.6,1586.08,1406.3,14.62,21.61,553.84,2388.04,9061.69,1.3,47.48,521.57,2388.04,8139.11,8.4019,0.03,393,2388,100.0,38.9,23.3668,174,127,Healthy,72.99,0
63,48,0.0004,-0.0004,100.0,518.67,642.13,1581.25,1403.47,14.62,21.61,553.66,2388.07,9065.86,1.3,47.57,522.15,2388.03,8140.86,8.431,0.03,392,2388,100.0,38.83,23.306,174,126,Healthy,72.41,0
63,49,0.0001,0.0004,100.0,518.67,642.82,1583.45,1401.34,14.62,21.61,553.11,2388.09,9057.26,1.3,47.37,521.51,2388.11,8137.26,8.4857,0.03,392,2388,100.0,39.02,23.3586,174,125,Healthy,71.84,0
63,50,0.001,-0.0003,100.0,518.67,642.45,1588.4,1407.39,14.62,21.61,554.3,2388.11,9059.89,1.3,47.61,521.6,2388.1,8141.96,8.4788,0.03,394,2388,100.0,38.76,23.4488,174,124,Healthy,71.26,0
64,1,-0.0004,-0.0005,100.0,518.67,642.36,1586.12,1408.33,14.62,21.61,553.72,2388.06,9061.0,1.3,47.36,522.38,2388.02,8139.39,8.4304,0.03,393,2388,100.0,38.91,23.325,283,282,Healthy,99.65,0
64,2,-0.0008,0.0001,100.0,518.67,642.88,1581.13,1411.2,14.62,21.61,554.33,2388.09,9058.96,1.3,47.34,521.81,2388.08,8132.32,8.4046,0.03,392,2388,100.0,38.86,23.3201,283,281,Healthy,99.29,0
64,3,-0.001,0.0002,100.0,518.67,642.4,1588.42,1398.31,14.62,21.61,554.17,2388.05,9056.99,1.3,47.49,521.78,2388.07,8140.83,8.4201,0.03,394,2388,100.0,38.8,23.3658,283,280,Healthy,98.94,0
64,4,0.0011,-0.0001,100.0,518.67,642.09,1592.03,1402.35,14.62,21.61,553.62,2388.07,9062.12,1.3,47.31,522.07,2388.07,8132.35,8.4306,0.03,393,2388,100.0,38.89,23.3541,283,279,Healthy,98.59,0
64,5,-0.0015,-0.0,100.0,518.67,642.08,1593.79,1409.68,14.62,21.61,553.6,2388.04,9058.71,1.3,47.48,522.14,2388.09,8139.14,8.4214,0.03,392,2388,100.0,38.84,23.3954,283,278,Healthy,98.23,0
64,6,0.0025,-0.0001,100.0,518.67,642.41,1584.39,1398.68,14.62,21.61,553.67,2388.05,9061.62,1.3,47.47,521.74,2388.1,8143.41,8.4229,0.03,393,2388,100.0,38.82,23.2814,283,277,Healthy,97.88,0
64,7,-0.0022,-0.0,100.0,518.67,642.67,1588.0,1402.33,14.62,21.61,554.02,2388.09,9053.91,1.3,47.42,522.39,2388.03,8134.71,8.4504,0.03,393,2388,100.0,38.68,23.3219,283,276,Healthy,97.53,0
64,8,0.0018,-0.0,100.0,518.67,642.92,1585.98,1403.88,14.62,21.6,553.77,2388.08,9052.52,1.3,47.46,522.1,2388.02,8138.17,8.4096,0.03,395,2388,100.0,38.99,23.2747,283,275,Healthy,97.17,0
64,9,-0.0018,0.0003,100.0,518.67,642.58,1584.6,1403.35,14.62,21.61,553.59,2388.03,9049.69,1.3,47.44,521.75,2388.06,8136.09,8.4512,0.03,393,2388,100.0,38.87,23.2603,283,274,Healthy,96.82,0
64,10,0.0007,0.0001,100.0,518.67,642.05,1589.08,1400.76,14.62,21.61,553.58,2388.06,9058.7,1.3,47.46,521.95,2388.1,8137.78,8.4355,0.03,394,2388,100.0,38.73,23.3419,283,273,Healthy,96.47,0
64,11,0.0004,0.0001,100.0,518.67,642.73,1586.57,1403.66,14.62,21.61,554.32,2388.09,9064.09,1.3,47.16,521.91,2388.08,8136.78,8.4122,0.03,393,2388,100.0,38.89,23.3741,283,272,Healthy,96.11,0
64,12,-0.0043,-0.0001,100.0,518.67,642.21,1587.6,1405.13,14.62,21.61,553.58,2388.03,9061.78,1.3,47.32,521.45,2388.02,8137.28,8.4069,0.03,391,2388,100.0,38.75,23.3205,283,271,Healthy,95.76,0
64,13,0.0009,-0.0001,100.0,518.67,643.21,1591.73,1406.05,14.62,21.61,553.56,2388.14,9059.2,1.3,47.3,521.24,2388.06,8141.79,8.3911,0.03,393,2388,100.0,39.13,23.4087,283,270,Healthy,95.41,0
64,14,0.0,0.0002,100.0,518.67,642.44,1587.32,1407.95,14.62,21.61,554.05,2388.08,9054.83,1.3,47.2,521.57,2388.07,8136.39,8.4282,0.03,393,2388,100.0,38.89,23.3249,283,269,Healthy,95.05,0
64,15,-0.0003,0.0004,100.0,518.67,642.21,1588.68,1406.99,14.62,21.61,554.05,2388.1,9057.31,1.3,47.46,521.99,2388.02,8137.18,8.4026,0.03,394,2388,100.0,38.93,23.4367,283,268,Healthy,94.7,0
64,16,-0.0011,-0.0003,100.0,518.67,641.91,1587.52,1408.94,14.62,21.61,554.21,2388.04,9054.81,1.3,47.33,521.82,2388.11,8135.11,8.4365,0.03,392,2388,100.0,38.75,23.4245,283,267,Healthy,94.35,0
64,17,0.0021,0.0003,100.0,518.67,641.54,1583.34,1404.85,14.62,21.61,553.45,2388.06,9054.8,1.3,47.47,521.52,2388.09,8134.74,8.3864,0.03,393,2388,100.0,38.9,23.2712,283,266,Healthy,93.99,0
64,18,0.0002,-0.0004,100.0,518.67,642.7,1588.04,1403.62,14.62,21.61,553.6,2388.08,9052.06,1.3,47.5,522.21,2388.03,8136.11,8.4421,0.03,393,2388,100.0,38.97,23.3743,283,265,Healthy,93.64,0
64,19,0.0001,-0.0003,100.0,518.67,642.52,1583.21,1403.95,14.62,21.61,553.88,2388.07,9053.91,1.3,47.49,521.69,2388.07,8140.09,8.4335,0.03,394,2388,100.0,38.88,23.4951,283,264,Healthy,93.29,0
64,20,-0.0015,0.0001,100.0,518.67,642.55,1592.9,1402.36,14.62,21.61,553.21,2388.03,9051.3,1.3,47.47,522.03,2388.09,8136.92,8.4575,0.03,393,2388,100.0,38.89,23.4117,283,263,Healthy,92.93,0
64,21,0.0032,-0.0005,100.0,518.67,642.99,1584.23,1399.48,14.62,21.61,553.32,2388.07,9052.5,1.3,47.4,521.58,2388.1,8138.43,8.4267,0.03,394,2388,100.0,38.9,23.3402,283,262,Healthy,92.58,0
64,22,-0.0022,-0.0005,100.0,518.67,642.36,1592.92,1408.15,14.62,21.61,553.25,2388.08,9059.98,1.3,47.45,521.44,2388.13,8137.92,8.3941,0.03,394,2388,100.0,38.86,23.3198,283,261,Healthy,92.23,0
64,23,0.0006,-0.0004,100.0,518.67,643.49,1590.75,1404.34,14.62,21.61,553.52,2388.11,9058.45,1.3,47.47,522.13,2388.04,8133.45,8.4454,0.03,391,2388,100.0,39.0,23.3449,283,260,Healthy,91.87,0
64,24,0.0057,-0.0004,100.0,518.67,642.5,1589.22,1404.82,14.62,21.61,554.45,2388.01,9060.52,1.3,47.46,521.86,2388.03,8138.03,8.4462,0.03,392,2388,100.0,38.75,23.2963,283,259,Healthy,91.52,0
64,25,0.0025,0.0003,100.0,518.67,642.41,1588.52,1407.61,14.62,21.61,554.6,2388.1,9057.14,1.3,47.36,521.79,2388.08,8138.72,8.4296,0.03,392,2388,100.0,38.74,23.2693,283,258,Healthy,91.17,0
64,26,-0.0047,-0.0002,100.0,518.67,642.23,1585.5,1401.43,14.62,21.61,553.54,2388.05,9052.56,1.3,47.44,521.75,2388.05,8134.32,8.3796,0.03,393,2388,100.0,38.84,23.2994,283,257,Healthy,90.81,0
64,27,-0.0001,-0.0001,100.0,518.67,642.65,1591.62,1410.3,14.62,21.61,553.97,2388.06,9056.46,1.3,47.52,521.96,2388.09,8135.93,8.4304,0.03,394,2388,100.0,38.83,23.313,283,256,Healthy,90.46,0
64,28,-0.0019,0.0003,100.0,518.67,642.18,1591.39,1400.18,14.62,21.61,554.0,2388.14,9055.21,1.3,47.42,521.5,2388.07,8136.11,8.4295,0.03,393,2388,100.0,38.86,23.2164,283,255,Healthy,90.11,0
64,29,-0.0009,-0.0,100.0,518.67,642.3,1589.93,1408.05,14.62,21.61,553.43,2388.09,9058.49,1.3,47.58,522.02,2388.09,8140.44,8.4545,0.03,392,2388,100.0,38.83,23.2943,283,254,Healthy,89.75,0
64,30,-0.0036,0.0001,100.0,518.67,641.91,1595.94,1410.51,14.62,21.61,553.14,2388.08,9055.54,1.3,47.49,521.65,2388.08,8140.35,8.4513,0.03,393,2388,100.0,38.94,23.3681,283,253,Healthy,89.4,0
64,31,0.0003,-0.0001,100.0,518.67,642.17,1586.6,1404.97,14.62,21.61,553.58,2388.06,9056.75,1.3,47.45,521.64,2388.04,8135.46,8.4456,0.03,393,2388,100.0,38.96,23.262,283,252,Healthy,89.05,0
64,32,0.0005,-0.0005,100.0,518.67,642.48,1586.13,1408.83,14.62,21.61,553.77,2388.09,9051.22,1.3,47.37,521.53,2388.04,8137.76,8.4394,0.03,394,2388,100.0,38.94,23.332,283,251,Healthy,88.69,0
64,33,-0.0017,-0.0002,100.0,518.67,642.92,1589.38,1403.15,14.62,21.61,553.69,2388.05,9064.32,1.3,47.56,521.86,2388.09,8135.44,8.3924,0.03,393,2388,100.0,38.88,23.4644,283,250,Healthy,88.34,0
64,34,-0.0,0.0004,100.0,518.67,642.73,1589.62,1404.77,14.62,21.61,554.66,2388.07,9063.36,1.3,47.34,521.69,2388.05,8134.85,8.4376,0.03,393,2388,100.0,38.83,23.4207,283,249,Healthy,87.99,0
64,35,-0.0008,-0.0003,100.0,518.67,642.39,1588.65,1408.47,14.62,21.61,554.06,2388.11,9062.96,1.3,47.53,521.79,2388.1,8135.33,8.4336,0.03,392,2388,100.0,38.89,23.3186,283,248,Healthy,87.63,0
64,36,0.0019,0.0,100.0,518.67,641.99,1595.28,1401.76,14.62,21.61,553.41,2388.03,9050.44,1.3,47.3,521.59,2388.09,8134.22,8.4127,0.03,392,2388,100.0,38.84,23.3819,283,247,Healthy,87.28,0
64,37,0.0022,-0.0001,100.0,518.67,642.3,1582.82,1399.7,14.62,21.61,553.55,2388.12,9052.43,1.3,47.38,521.89,2388.07,8137.69,8.4114,0.03,392,2388,100.0,38.99,23.3067,283,246,Healthy,86.93,0
64,38,-0.0012,0.0003,100.0,518.67,642.61,1584.92,1405.8,14.62,21.61,554.12,2388.08,9065.18,1.3,47.24,521.36,2388.08,8135.37,8.4566,0.03,392,2388,100.0,38.98,23.3457,283,245,Healthy,86.57,0
64,39,-0.0047,-0.0002,100.0,518.67,642.5,1588.5,1411.84,14.62,21.61,553.53,2388.07,9059.02,1.3,47.38,521.81,2388.1,8136.04,8.4361,0.03,392,2388,100.0,38.93,23.4014,283,244,Healthy,86.22,0
64,40,0.0005,-0.0,100.0,518.67,642.57,1591.54,1401.89,14.62,21.61,554.0,2388.08,9059.23,1.3,47.3,521.5,2388.08,8135.61,8.4176,0.03,392,2388,100.0,38.86,23.3505,283,243,Healthy,85.87,0
64,41,-0.0034,-0.0004,100.0,518.67,642.25,1590.18,1404.56,14.62,21.61,553.19,2388.05,9057.96,1.3,47.57,521.9,2388.12,8139.44,8.3974,0.03,393,2388,100.0,38.94,23.3885,283,242,Healthy,85.51,0
64,42,0.0008,0.0004,100.0,518.67,642.56,1586.53,1401.27,14.62,21.61,553.52,2388.1,9059.38,1.3,47.37,521.15,2388.06,8137.39,8.4009,0.03,394,2388,100.0,38.86,23.3463,283,241,Healthy,85.16,0
64,43,0.002,-0.0,100.0,518.67,642.67,1588.24,1409.04,14.62,21.61,554.23,2388.06,9056.0,1.3,47.38,521.62,2388.07,8134.52,8.3979,0.03,393,2388,100.0,38.86,23.3228,283,240,Healthy,84.81,0
64,44,-0.0026,-0.0003,100.0,518.67,642.26,1588.9,1405.53,14.62,21.61,553.55,2388.16,9049.08,1.3,47.4,521.24,2388.15,8140.91,8.4176,0.03,393,2388,100.0,39.0,23.3457,283,239,Healthy,84.45,0
64,45,-0.0005,-0.0001,100.0,518.67,642.46,1590.21,1408.07,14.62,21.61,554.18,2388.07,9053.92,1.3,47.57,521.25,2388.07,8137.54,8.448,0.03,393,2388,100.0,38.84,23.3911,283,238,Healthy,84.1,0
64,46,-0.0006,0.0001,100.0,518.67,643.28,1583.66,1400.05,14.62,21.61,553.84,2388.01,9058.69,1.3,47.42,521.82,2388.06,8133.14,8.4413,0.03,391,2388,100.0,38.82,23.4893,283,237,Healthy,83.75,0
64,47,0.0023,-0.0003,100.0,518.67,642.41,1590.62,1404.87,14.62,21.61,553.85,2388.09,9062.18,1.3,47.43,521.91,2388.03,8136.63,8.4175,0.03,391,2388,100.0,38.81,23.3696,283,236,Healthy,83.39,0
64,48,0.0006,-0.0003,100.0,518.67,642.8,1589.78,1407.41,14.62,21.61,553.55,2388.08,9055.07,1.3,47.44,521.7,2388.06,8135.61,8.4171,0.03,393,2388,100.0,38.85,23.3587,283,235,Healthy,83.04,0
64,49,0.002,0.0005,100.0,518.67,642.42,1592.98,1414.69,14.62,21.61,553.66,2388.06,9057.87,1.3,47.36,522.19,2388.07,8139.47,8.4186,0.03,393,2388,100.0,38.86,23.2685,283,234,Healthy,82.69,0
64,50,0.0028,0.0001,100.0,518.67,641.89,1593.29,1404.3,14.62,21.61,554.32,2388.05,9047.65,1.3,47.28,522.26,2388.09,8133.85,8.4607,0.03,392,2388,100.0,38.82,23.3027,283,233,Healthy,82.33,0
65,1,-0.0007,0.0003,100.0,518.67,642.2,1586.71,1398.93,14.62,21.61,554.78,2387.93,9055.53,1.3,47.12,522.03,2388.05,8141.36,8.4242,0.03,392,2388,100.0,39.12,23.4108,153,152,Healthy,99.35,0
65,2,-0.0007,0.0001,100.0,518.67,641.7,1580.85,1403.05,14.62,21.61,554.12,2388.0,9067.05,1.3,47.22,522.72,2387.97,8144.19,8.3931,0.03,391,2388,100.0,39.05,23.4484,153,151,Healthy,98.69,0
65,3,0.0014,-0.0001,100.0,518.67,642.05,1577.46,1404.75,14.62,21.61,554.38,2387.99,9056.05,1.3,47.03,522.66,2388.04,8146.1,8.4203,0.03,392,2388,100.0,39.21,23.4586,153,150,Healthy,98.04,0
65,4,-0.0019,0.0004,100.0,518.67,642.6,1586.51,1399.61,14.62,21.61,553.7,2388.04,9063.07,1.3,47.18,522.84,2387.96,8150.55,8.4187,0.03,392,2388,100.0,38.94,23.3548,153,149,Healthy,97.39,0
65,5,-0.0011,0.0002,100.0,518.67,642.2,1584.74,1401.17,14.62,21.61,554.29,2388.04,9069.06,1.3,47.15,522.37,2387.99,8143.64,8.374,0.03,394,2388,100.0,39.0,23.4887,153,148,Healthy,96.73,0
65,6,0.0025,0.0005,100.0,518.67,641.92,1583.24,1399.53,14.62,21.61,554.33,2387.96,9056.89,1.3,47.21,522.4,2387.97,8141.84,8.4409,0.03,392,2388,100.0,39.01,23.4372,153,147,Healthy,96.08,0
65,7,-0.0003,0.0005,100.0,518.67,642.34,1586.99,1394.65,14.62,21.61,554.63,2388.03,9061.36,1.3,47.49,522.45,2388.01,8139.4,8.3901,0.03,392,2388,100.0,39.03,23.3065,153,146,Healthy,95.42,0
65,8,-0.0014,-0.0003,100.0,518.67,642.14,1583.18,1402.85,14.62,21.61,554.72,2387.99,9055.8,1.3,47.01,522.85,2387.97,8143.49,8.4037,0.03,393,2388,100.0,38.85,23.4653,153,145,Healthy,94.77,0
65,9,-0.0012,0.0004,100.0,518.67,642.5,1584.76,1396.58,14.62,21.61,554.6,2388.03,9067.66,1.3,47.15,522.32,2387.98,8144.41,8.4054,0.03,392,2388,100.0,38.88,23.3633,153,144,Healthy,94.12,0
65,10,0.0003,-0.0001,100.0,518.67,642.44,1583.31,1402.04,14.62,21.61,554.63,2388.02,9066.58,1.3,47.29,522.41,2388.09,8145.51,8.3829,0.03,391,2388,100.0,38.79,23.2399,153,143,Healthy,93.46,0
65,11,0.0041,0.0004,100.0,518.67,642.23,1578.93,1398.67,14.62,21.61,554.36,2388.01,9065.7,1.3,47.26,522.55,2388.0,8144.13,8.3986,0.03,393,2388,100.0,39.06,23.3523,153,142,Healthy,92.81,0
65,12,-0.0012,0.0005,100.0,518.67,642.57,1582.23,1396.26,14.62,21.61,554.54,2387.99,9057.29,1.3,47.24,522.21,2387.97,8146.75,8.4099,0.03,392,2388,100.0,39.23,23.3973,153,141,Healthy,92.16,0
65,13,0.0006,-0.0004,100.0,518.67,642.06,1584.35,1394.71,14.62,21.61,554.05,2388.02,9065.57,1.3,47.11,522.53,2388.02,8145.93,8.3987,0.03,390,2388,100.0,39.02,23.445,153,140,Healthy,91.5,0
65,14,0.0008,-0.0004,100.0,518.67,641.82,1588.73,1397.98,14.62,21.61,554.17,2388.03,9057.84,1.3,47.35,522.14,2388.0,8145.69,8.4239,0.03,394,2388,100.0,38.96,23.3263,153,139,Healthy,90.85,0
65,15,-0.0022,0.0003,100.0,518.67,642.19,1576.99,1395.51,14.62,21.6,554.24,2387.99,9061.17,1.3,47.31,522.21,2388.06,8147.0,8.4099,0.03,391,2388,100.0,39.06,23.2863,153,138,Healthy,90.2,0
65,16,-0.0003,-0.0003,100.0,518.67,642.52,1583.81,1398.96,14.62,21.61,554.75,2388.01,9061.2,1.3,47.34,522.43,2388.02,8140.42,8.3675,0.03,392,2388,100.0,38.86,23.4538,153,137,Healthy,89.54,0
65,17,0.0021,-0.0001,100.0,518.67,642.09,1584.47,1408.99,14.62,21.61,554.53,2387.99,9067.34,1.3,47.1,522.56,2388.05,8148.73,8.3942,0.03,391,2388,100.0,39.17,23.347,153,136,Healthy,88.89,0
65,18,-0.0005,0.0004,100.0,518.67,642.66,1586.93,1398.41,14.62,21.61,555.07,2387.99,9064.99,1.3,47.02,522.03,2387.98,8143.02,8.4166,0.03,391,2388,100.0,39.1,23.4334,153,135,Healthy,88.24,0
65,19,0.0011,-0.0001,100.0,518.67,641.91,1583.52,1393.44,14.62,21.61,554.62,2387.96,9066.07,1.3,47.22,522.39,2388.0,8139.5,8.3833,0.03,391,2388,100.0,39.1,23.3751,153,134,Healthy,87.58,0
65,20,-0.0032,0.0001,100.0,518.67,641.64,1578.53,1398.74,14.62,21.61,553.95,2388.04,9053.44,1.3,47.09,522.68,2387.99,8141.32,8.4251,0.03,391,2388,100.0,38.93,23.353,153,133,Healthy,86.93,0
65,21,-0.0011,0.0002,100.0,518.67,642.06,1581.99,1395.18,14.62,21.61,554.67,2388.07,9062.63,1.3,47.32,521.96,2388.03,8150.33,8.4245,0.03,393,2388,100.0,39.0,23.5519,153,132,Healthy,86.27,0
65,22,-0.0004,-0.0001,100.0,518.67,642.06,1584.11,1398.84,14.62,21.61,554.59,2388.04,9060.91,1.3,47.3,521.92,2388.04,8150.16,8.3996,0.03,392,2388,100.0,39.06,23.3882,153,131,Healthy,85.62,0
65,23,0.0014,-0.0002,100.0,518.67,642.17,1587.24,1400.08,14.62,21.61,553.67,2388.05,9057.61,1.3,47.35,522.4,2388.0,8150.87,8.4208,0.03,394,2388,100.0,39.02,23.4076,153,130,Healthy,84.97,0
65,24,-0.0002,-0.0001,100.0,518.67,642.51,1584.95,1402.97,14.62,21.61,554.25,2388.01,9051.01,1.3,47.28,522.32,2388.04,8143.83,8.4064,0.03,391,2388,100.0,39.01,23.4342,153,129,Healthy,84.31,0
65,25,0.0026,-0.0001,100.0,518.67,642.14,1581.47,1396.7,14.62,21.61,554.4,2388.01,9061.24,1.3,47.15,522.13,2388.02,8145.29,8.3992,0.03,391,2388,100.0,39.0,23.4705,153,128,Healthy,83.66,0
65,26,-0.0043,-0.0003,100.0,518.67,641.76,1580.05,1396.15,14.62,21.6,553.84,2387.98,9064.38,1.3,47.25,522.29,2388.01,8139.04,8.3656,0.03,391,2388,100.0,39.0,23.4348,153,127,Healthy,83.01,0
65,27,-0.0008,0.0,100.0,518.67,642.32,1582.39,1399.68,14.62,21.61,554.52,2388.05,9063.78,1.3,47.21,521.72,2388.06,8142.36,8.3758,0.03,391,2388,100.0,39.06,23.4295,153,126,Healthy,82.35,0
65,28,-0.0023,0.0003,100.0,518.67,642.37,1586.12,1397.24,14.62,21.61,554.55,2388.03,9060.8,1.3,47.16,522.37,2388.01,8144.61,8.3945,0.03,392,2388,100.0,38.83,23.4577,153,125,Healthy,81.7,0
65,29,-0.0009,0.0002,100.0,518.67,642.21,1589.3,1393.27,14.62,21.61,554.93,2387.99,9065.19,1.3,47.35,522.18,2387.97,8144.75,8.4261,0.03,391,2388,100.0,39.12,23.4114,153,124,Healthy,81.05,0
65,30,-0.004,-0.0002,100.0,518.67,641.98,1587.54,1404.47,14.62,21.61,553.92,2388.02,9061.88,1.3,47.28,522.04,2388.06,8137.38,8.3866,0.03,391,2388,100.0,39.14,23.4249,153,123,Healthy,80.39,0
65,31,-0.0007,-0.0002,100.0,518.67,642.48,1589.18,1398.78,14.62,21.6,554.5,2388.01,9058.69,1.3,47.3,522.34,2388.04,8146.58,8.3961,0.03,391,2388,100.0,38.94,23.4398,153,122,Healthy,79.74,0
65,32,0.0025,0.0002,100.0,518.67,641.98,1584.62,1398.58,14.62,21.61,553.64,2388.0,9061.0,1.3,47.19,521.96,2388.02,8147.22,8.3691,0.03,394,2388,100.0,38.93,23.354,153,121,Healthy,79.08,0
65,33,0.0007,0.0004,100.0,518.67,641.96,1584.08,1402.64,14.62,21.61,554.12,2388.01,9058.33,1.3,47.3,522.25,2387.98,8140.61,8.4019,0.03,390,2388,100.0,38.84,23.5443,153,120,Early_Wear,78.43,0
65,34,0.004,-0.0003,100.0,518.67,642.42,1582.25,1396.8,14.62,21.61,554.6,2388.03,9062.7,1.3,47.38,521.99,2388.05,8141.83,8.3771,0.03,391,2388,100.0,38.87,23.3753,153,119,Early_Wear,77.78,0
65,35,-0.002,0.0002,100.0,518.67,642.1,1586.79,1396.63,14.62,21.61,555.25,2388.03,9066.18,1.3,47.4,522.29,2388.0,8143.69,8.3797,0.03,392,2388,100.0,39.09,23.3618,153,118,Early_Wear,77.12,0
65,36,0.0005,-0.0004,100.0,518.67,642.36,1586.9,1393.82,14.62,21.61,553.46,2388.01,9063.84,1.3,47.41,521.89,2388.03,8139.46,8.3766,0.03,392,2388,100.0,38.99,23.442,153,117,Early_Wear,76.47,0
65,37,0.0017,-0.0001,100.0,518.67,641.99,1581.52,1392.3,14.62,21.61,554.22,2388.01,9061.59,1.3,47.26,522.38,2387.99,8144.41,8.3932,0.03,391,2388,100.0,39.04,23.3466,153,116,Early_Wear,75.82,0
65,38,0.0012,-0.0003,100.0,518.67,642.21,1584.63,1395.58,14.62,21.61,553.09,2388.01,9056.31,1.3,47.28,521.47,2387.98,8143.92,8.4335,0.03,392,2388,100.0,38.85,23.3588,153,115,Early_Wear,75.16,0
65,39,-0.0011,0.0002,100.0,518.67,642.16,1590.79,1392.99,14.62,21.61,554.66,2387.96,9056.12,1.3,47.23,522.33,2388.01,8140.48,8.4302,0.03,393,2388,100.0,39.12,23.4243,153,114,Early_Wear,74.51,0
65,40,-0.0011,0.0002,100.0,518.67,642.18,1581.15,1396.98,14.62,21.61,553.77,2388.0,9060.92,1.3,47.2,522.74,2388.02,8139.39,8.4123,0.03,390,2388,100.0,38.96,23.4495,153,113,Early_Wear,73.86,0
65,41,-0.0032,-0.0003,100.0,518.67,642.26,1586.91,1403.3,14.62,21.61,554.31,2388.03,9053.06,1.3,47.18,522.48,2388.02,8138.73,8.4239,0.03,392,2388,100.0,39.21,23.3799,153,112,Early_Wear,73.2,0
65,42,0.0048,0.0005,100.0,518.67,642.44,1581.24,1396.97,14.62,21.61,553.29,2388.08,9058.92,1.3,47.39,521.65,2388.04,8135.31,8.3664,0.03,392,2388,100.0,39.06,23.4386,153,111,Early_Wear,72.55,0
65,43,0.001,-0.0004,100.0,518.67,642.13,1585.74,1405.19,14.62,21.61,554.16,2388.03,9061.17,1.3,47.29,522.27,2388.04,8141.33,8.4361,0.03,394,2388,100.0,39.05,23.2935,153,110,Early_Wear,71.9,0
65,44,0.0011,-0.0001,100.0,518.67,642.0,1581.89,1396.59,14.62,21.61,554.77,2387.95,9063.68,1.3,47.19,522.03,2387.98,8145.72,8.4057,0.03,391,2388,100.0,38.88,23.4112,153,109,Early_Wear,71.24,0
65,45,0.0023,0.0006,100.0,518.67,642.23,1587.12,1405.46,14.62,21.61,554.72,2388.01,9060.87,1.3,46.99,522.75,2388.05,8142.8,8.3891,0.03,391,2388,100.0,39.04,23.3672,153,108,Early_Wear,70.59,0
65,46,0.0009,-0.0004,100.0,518.67,642.44,1589.28,1400.44,14.62,21.61,554.17,2388.03,9055.66,1.3,47.28,522.15,2388.03,8145.37,8.4115,0.03,392,2388,100.0,38.97,23.3909,153,107,Early_Wear,69.93,0
65,47,-0.0005,0.0003,100.0,518.67,641.82,1578.14,1396.33,14.62,21.61,555.05,2387.97,9054.61,1.3,47.25,521.84,2388.02,8144.42,8.4105,0.03,391,2388,100.0,38.91,23.4262,153,106,Early_Wear,69.28,0
65,48,-0.0018,0.0002,100.0,518.67,642.82,1582.29,1405.74,14.62,21.61,554.38,2388.04,9060.4,1.3,47.33,522.08,2388.0,8143.01,8.4054,0.03,392,2388,100.0,39.0,23.4352,153,105,Early_Wear,68.63,0
65,49,0.004,0.0004,100.0,518.67,642.38,1591.73,1399.78,14.62,21.6,554.38,2388.06,9064.52,1.3,47.02,522.62,2388.01,8145.67,8.412,0.03,392,2388,100.0,39.1,23.3363,153,104,Early_Wear,67.97,0
65,50,0.0009,-0.0003,100.0,518.67,642.15,1589.11,1396.8,14.62,21.61,554.55,2387.97,9057.39,1.3,47.21,521.93,2388.03,8142.06,8.3836,0.03,391,2388,100.0,39.02,23.3261,153,103,Early_Wear,67.32,0
66,1,0.0018,-0.0003,100.0,518.67,642.5,1589.58,1408.97,14.62,21.61,553.37,2388.08,9055.8,1.3,47.6,521.13,2388.08,8139.28,8.4472,0.03,394,2388,100.0,38.83,23.2739,202,201,Healthy,99.5,0
66,2,-0.0012,0.0,100.0,518.67,642.81,1595.37,1410.63,14.62,21.61,553.74,2388.15,9059.79,1.3,47.69,520.88,2388.08,8137.77,8.4827,0.03,394,2388,100.0,38.91,23.2101,202,200,Healthy,99.01,0
66,3,0.0017,0.0004,100.0,518.67,642.53,1584.2,1415.2,14.62,21.61,553.39,2388.08,9054.91,1.3,47.75,521.5,2388.14,8139.29,8.4491,0.03,394,2388,100.0,38.58,23.2292,202,199,Healthy,98.51,0
66,4,0.0002,0.0,100.0,518.67,643.16,1585.91,1406.68,14.62,21.61,552.85,2388.16,9053.77,1.3,47.5,520.89,2388.1,8136.82,8.4858,0.03,392,2388,100.0,38.82,23.2697,202,198,Healthy,98.02,0
66,5,-0.0004,-0.0001,100.0,518.67,642.65,1588.17,1409.5,14.62,21.61,553.29,2388.14,9057.02,1.3,47.75,521.29,2388.16,8134.68,8.4467,0.03,393,2388,100.0,38.74,23.253,202,197,Healthy,97.52,0
66,6,0.0023,-0.0004,100.0,518.67,642.85,1590.71,1405.56,14.62,21.61,553.33,2388.13,9061.77,1.3,47.77,521.32,2388.08,8138.7,8.4496,0.03,394,2388,100.0,38.57,23.3112,202,196,Healthy,97.03,0
66,7,-0.0006,0.0003,100.0,518.67,642.42,1591.37,1400.12,14.62,21.61,553.42,2388.12,9064.08,1.3,47.63,521.06,2388.13,8134.8,8.4399,0.03,393,2388,100.0,38.79,23.2641,202,195,Healthy,96.53,0
66,8,0.0001,-0.0002,100.0,518.67,642.47,1591.6,1412.13,14.62,21.61,553.05,2388.13,9061.81,1.3,47.61,520.63,2388.13,8135.3,8.4374,0.03,394,2388,100.0,38.67,23.204,202,194,Healthy,96.04,0
66,9,-0.0014,-0.0004,100.0,518.67,642.65,1592.8,1406.29,14.62,21.61,553.14,2388.12,9060.51,1.3,47.55,521.45,2388.12,8137.53,8.4236,0.03,394,2388,100.0,38.82,23.2657,202,193,Healthy,95.54,0
66,10,-0.0006,0.0001,100.0,518.67,643.01,1585.32,1407.68,14.62,21.61,552.93,2388.14,9054.16,1.3,47.65,521.1,2388.09,8137.15,8.4651,0.03,394,2388,100.0,38.66,23.4151,202,192,Healthy,95.05,0
66,11,0.002,0.0005,100.0,518.67,642.68,1597.09,1409.66,14.62,21.61,552.51,2388.06,9052.27,1.3,47.39,521.22,2388.13,8132.79,8.4563,0.03,393,2388,100.0,38.71,23.2859,202,191,Healthy,94.55,0
66,12,-0.0018,-0.0002,100.0,518.67,643.35,1585.12,1413.91,14.62,21.61,553.44,2388.13,9061.18,1.3,47.63,520.83,2388.14,8137.62,8.4068,0.03,395,2388,100.0,38.95,23.2115,202,190,Healthy,94.06,0
66,13,-0.0018,-0.0001,100.0,518.67,643.01,1592.68,1411.43,14.62,21.61,553.53,2388.14,9059.76,1.3,47.73,521.09,2388.09,8141.46,8.4528,0.03,393,2388,100.0,38.95,23.2095,202,189,Healthy,93.56,0
66,14,-0.0019,-0.0004,100.0,518.67,643.1,1589.64,1412.5,14.62,21.61,553.5,2388.12,9056.71,1.3,47.58,521.25,2388.15,8146.08,8.4475,0.03,393,2388,100.0,38.71,23.2269,202,188,Healthy,93.07,0
66,15,-0.0034,-0.0001,100.0,518.67,642.96,1591.16,1409.03,14.62,21.61,553.47,2388.09,9063.58,1.3,47.77,520.82,2388.09,8131.34,8.465,0.03,392,2388,100.0,38.79,23.1692,202,187,Healthy,92.57,0
66,16,-0.0045,0.0002,100.0,518.67,642.75,1596.49,1409.58,14.62,21.61,553.5,2388.14,9056.75,1.3,47.55,521.75,2388.13,8145.04,8.4559,0.03,395,2388,100.0,38.78,23.1988,202,186,Healthy,92.08,0
66,17,0.0033,0.0001,100.0,518.67,642.97,1589.07,1412.03,14.62,21.61,553.07,2388.08,9059.87,1.3,47.47,520.77,2388.11,8138.82,8.4574,0.03,394,2388,100.0,38.93,23.3128,202,185,Healthy,91.58,0
66,18,0.0032,0.0003,100.0,518.67,642.98,1593.98,1409.59,14.62,21.61,553.59,2388.16,9060.55,1.3,47.44,521.32,2388.12,8140.45,8.4463,0.03,392,2388,100.0,38.87,23.2896,202,184,Healthy,91.09,0
66,19,0.0035,0.0003,100.0,518.67,642.68,1595.57,1412.68,14.62,21.61,552.84,2388.03,9066.34,1.3,47.49,521.27,2388.13,8137.56,8.432,0.03,394,2388,100.0,38.88,23.388,202,183,Healthy,90.59,0
66,20,0.0037,0.0003,100.0,518.67,642.51,1587.16,1413.35,14.62,21.61,552.46,2388.1,9060.45,1.3,47.6,521.41,2388.12,8133.24,8.4176,0.03,393,2388,100.0,38.84,23.3693,202,182,Healthy,90.1,0
66,21,-0.0022,-0.0004,100.0,518.67,642.41,1594.01,1410.24,14.62,21.61,552.6,2388.13,9057.91,1.3,47.67,521.62,2388.07,8136.4,8.445,0.03,393,2388,100.0,38.68,23.2409,202,181,Healthy,89.6,0
66,22,0.0013,-0.0003,100.0,518.67,642.34,1591.67,1407.94,14.62,21.61,553.07,2388.17,9066.27,1.3,47.46,521.4,2388.14,8132.45,8.4284,0.03,392,2388,100.0,38.75,23.4009,202,180,Healthy,89.11,0
66,23,0.0017,0.0004,100.0,518.67,642.87,1593.53,1420.02,14.62,21.61,553.33,2388.1,9058.75,1.3,47.68,521.2,2388.1,8136.43,8.4516,0.03,393,2388,100.0,38.8,23.3824,202,179,Healthy,88.61,0
66,24,0.0016,-0.0002,100.0,518.67,642.48,1586.77,1405.83,14.62,21.61,553.37,2388.15,9060.56,1.3,47.65,521.53,2388.07,8138.64,8.4074,0.03,393,2388,100.0,38.97,23.3852,202,178,Healthy,88.12,0
66,25,-0.0022,-0.0004,100.0,518.67,642.82,1591.1,1416.26,14.62,21.61,553.22,2388.08,9058.37,1.3,47.6,520.8,2388.11,8142.01,8.4524,0.03,393,2388,100.0,38.75,23.1491,202,177,Healthy,87.62,0
66,26,-0.0029,0.0001,100.0,518.67,642.52,1592.06,1409.87,14.62,21.61,553.49,2388.09,9058.18,1.3,47.5,521.83,2388.12,8134.23,8.4647,0.03,393,2388,100.0,38.85,23.2384,202,176,Healthy,87.13,0
66,27,-0.0003,-0.0002,100.0,518.67,642.84,1584.97,1415.65,14.62,21.61,552.73,2388.13,9066.67,1.3,47.55,520.78,2388.08,8134.87,8.4371,0.03,394,2388,100.0,38.79,23.3053,202,175,Healthy,86.63,0
66,28,-0.0019,-0.0002,100.0,518.67,642.27,1586.41,1415.54,14.62,21.61,553.62,2388.08,9058.81,1.3,47.56,521.52,2388.09,8141.44,8.4652,0.03,393,2388,100.0,38.55,23.3794,202,174,Healthy,86.14,0
66,29,-0.0003,-0.0002,100.0,518.67,642.88,1578.03,1415.63,14.62,21.61,553.27,2388.16,9064.34,1.3,47.59,521.36,2388.11,8137.33,8.4152,0.03,393,2388,100.0,38.83,23.2144,202,173,Healthy,85.64,0
66,30,-0.0028,0.0005,100.0,518.67,642.33,1593.33,1404.77,14.62,21.61,553.24,2388.12,9057.26,1.3,47.61,521.39,2388.11,8135.07,8.4608,0.03,394,2388,100.0,38.75,23.2144,202,172,Healthy,85.15,0
66,31,-0.0017,-0.0001,100.0,518.67,643.07,1596.34,1401.68,14.62,21.61,553.75,2388.12,9060.3,1.3,47.55,521.38,2388.11,8140.79,8.4565,0.03,392,2388,100.0,38.9,23.3183,202,171,Healthy,84.65,0
66,32,0.0012,0.0002,100.0,518.67,642.24,1583.19,1408.02,14.62,21.61,553.59,2388.13,9053.72,1.3,47.54,521.27,2388.11,8138.9,8.44,0.03,393,2388,100.0,38.89,23.2433,202,170,Healthy,84.16,0
66,33,0.001,0.0001,100.0,518.67,642.53,1595.44,1409.96,14.62,21.61,553.41,2388.12,9062.43,1.3,47.32,521.57,2388.13,8132.32,8.4341,0.03,392,2388,100.0,38.83,23.3394,202,169,Healthy,83.66,0
66,34,0.002,-0.0,100.0,518.67,642.84,1593.96,1409.91,14.62,21.61,552.43,2388.09,9060.99,1.3,47.58,520.97,2388.12,8135.54,8.4607,0.03,392,2388,100.0,38.76,23.2984,202,168,Healthy,83.17,0
66,35,-0.003,0.0002,100.0,518.67,642.43,1591.41,1416.38,14.62,21.61,553.43,2388.12,9062.4,1.3,47.52,521.02,2388.13,8134.57,8.4554,0.03,395,2388,100.0,38.66,23.3328,202,167,Healthy,82.67,0
66,36,-0.0036,0.0004,100.0,518.67,642.38,1578.44,1412.53,14.62,21.61,553.0,2388.11,9061.67,1.3,47.49,521.37,2388.09,8137.36,8.4497,0.03,394,2388,100.0,38.8,23.2919,202,166,Healthy,82.18,0
66,37,0.0028,0.0003,100.0,518.67,642.74,1593.29,1406.74,14.62,21.61,553.05,2388.13,9046.72,1.3,47.56,521.63,2388.12,8131.84,8.4495,0.03,394,2388,100.0,38.83,23.208,202,165,Healthy,81.68,0
66,38,-0.0038,0.0002,100.0,518.67,642.95,1597.33,1410.17,14.62,21.61,553.06,2388.11,9057.99,1.3,47.42,521.49,2388.11,8138.87,8.5098,0.03,393,2388,100.0,38.77,23.2678,202,164,Healthy,81.19,0
66,39,-0.0057,-0.0001,100.0,518.67,642.75,1591.05,1408.61,14.62,21.61,552.99,2388.11,9059.74,1.3,47.5,521.49,2388.13,8141.77,8.459,0.03,394,2388,100.0,38.82,23.2896,202,163,Healthy,80.69,0
66,40,0.003,0.0003,100.0,518.67,642.74,1588.86,1412.18,14.62,21.61,552.75,2388.12,9064.13,1.3,47.72,521.08,2388.09,8134.11,8.4348,0.03,394,2388,100.0,38.73,23.2737,202,162,Healthy,80.2,0
66,41,-0.0031,0.0005,100.0,518.67,642.81,1591.27,1410.36,14.62,21.61,553.17,2388.13,9053.62,1.3,47.51,520.95,2388.11,8133.17,8.4284,0.03,394,2388,100.0,38.79,23.3166,202,161,Healthy,79.7,0
66,42,-0.0004,0.0002,100.0,518.67,642.99,1586.7,1404.56,14.62,21.61,552.74,2388.11,9057.03,1.3,47.44,521.6,2388.12,8134.48,8.4496,0.03,393,2388,100.0,38.83,23.2515,202,160,Healthy,79.21,0
66,43,-0.0014,0.0002,100.0,518.67,642.43,1596.57,1405.88,14.62,21.61,552.94,2388.15,9063.8,1.3,47.5,521.85,2388.11,8140.45,8.4728,0.03,393,2388,100.0,38.72,23.3286,202,159,Healthy,78.71,0
66,44,-0.0007,0.0004,100.0,518.67,642.64,1585.61,1415.51,14.62,21.61,553.21,2388.11,9052.49,1.3,47.56,521.02,2388.1,8133.55,8.4453,0.03,393,2388,100.0,38.64,23.3008,202,158,Healthy,78.22,0
66,45,0.0001,0.0003,100.0,518.67,642.91,1593.34,1414.97,14.62,21.61,553.38,2388.08,9060.31,1.3,47.83,521.22,2388.15,8134.65,8.4486,0.03,393,2388,100.0,38.77,23.2148,202,157,Healthy,77.72,0
66,46,0.0041,0.0002,100.0,518.67,642.76,1585.52,1408.89,14.62,21.61,553.36,2388.12,9052.33,1.3,47.71,521.4,2388.14,8141.42,8.4494,0.03,393,2388,100.0,38.71,23.2489,202,156,Healthy,77.23,0
66,47,-0.0016,-0.0,100.0,518.67,642.95,1591.55,1408.93,14.62,21.61,553.15,2388.13,9062.54,1.3,47.43,521.36,2388.13,8137.68,8.4544,0.03,394,2388,100.0,38.74,23.2815,202,155,Healthy,76.73,0
66,48,-0.0016,0.0003,100.0,518.67,642.87,1588.45,1409.54,14.62,21.61,553.06,2388.15,9060.28,1.3,47.47,521.23,2388.12,8135.35,8.4226,0.03,394,2388,100.0,38.82,23.1818,202,154,Healthy,76.24,0
66,49,0.0014,0.0,100.0,518.67,642.84,1588.26,1417.22,14.62,21.61,552.79,2388.17,9060.24,1.3,47.47,521.08,2388.11,8142.57,8.442,0.03,394,2388,100.0,38.77,23.2633,202,153,Healthy,75.74,0
66,50,-0.0049,0.0001,100.0,518.67,642.17,1583.51,1403.1,14.62,21.61,553.14,2388.13,9067.4,1.3,47.55,521.61,2388.11,8131.69,8.4307,0.03,394,2388,100.0,38.68,23.2547,202,152,Healthy,75.25,0
67,1,0.0014,-0.0003,100.0,518.67,642.52,1583.12,1398.16,14.62,21.61,553.89,2388.09,9062.52,1.3,47.28,521.92,2388.04,8134.47,8.4813,0.03,391,2388,100.0,39.03,23.3564,313,312,Healthy,99.68,0
67,2,-0.0025,-0.0003,100.0,518.67,642.12,1591.12,1404.59,14.62,21.61,553.72,2388.12,9060.29,1.3,47.23,521.72,2388.04,8143.35,8.3883,0.03,393,2388,100.0,38.8,23.4387,313,311,Healthy,99.36,0
67,3,0.0019,-0.0001,100.0,518.67,642.52,1591.87,1408.07,14.62,21.61,553.63,2388.08,9069.27,1.3,47.16,522.17,2388.02,8149.79,8.4786,0.03,391,2388,100.0,38.92,23.3917,313,310,Healthy,99.04,0
67,4,-0.0009,0.0002,100.0,518.67,642.55,1589.54,1398.73,14.62,21.61,553.5,2388.0,9063.39,1.3,47.28,522.04,2388.09,8144.8,8.4327,0.03,392,2388,100.0,38.92,23.486,313,309,Healthy,98.72,0
67,5,0.0022,-0.0002,100.0,518.67,642.08,1591.25,1395.19,14.62,21.61,554.75,2388.07,9067.98,1.3,47.36,521.9,2388.06,8142.97,8.4489,0.03,392,2388,100.0,39.04,23.3165,313,308,Healthy,98.4,0
67,6,0.0038,0.0003,100.0,518.67,642.32,1594.72,1401.03,14.62,21.61,553.46,2388.08,9063.97,1.3,47.48,521.96,2388.03,8142.24,8.4434,0.03,393,2388,100.0,38.78,23.3504,313,307,Healthy,98.08,0
67,7,0.0015,-0.0004,100.0,518.67,642.28,1579.75,1403.27,14.62,21.61,554.28,2388.07,9063.91,1.3,47.34,522.06,2388.09,8152.22,8.414,0.03,392,2388,100.0,38.9,23.2431,313,306,Healthy,97.76,0
67,8,-0.0007,0.0,100.0,518.67,641.73,1584.85,1402.44,14.62,21.61,554.18,2388.03,9059.68,1.3,47.49,521.84,2388.06,8142.69,8.4307,0.03,394,2388,100.0,38.94,23.3818,313,305,Healthy,97.44,0
67,9,-0.0031,0.0001,100.0,518.67,642.12,1580.02,1401.75,14.62,21.61,553.15,2388.04,9060.99,1.3,47.37,521.87,2388.06,8144.5,8.4691,0.03,391,2388,100.0,39.01,23.3086,313,304,Healthy,97.12,0
67,10,0.0047,0.0003,100.0,518.67,641.96,1581.35,1406.78,14.62,21.61,553.05,2388.04,9058.78,1.3,47.42,521.88,2388.08,8143.59,8.3857,0.03,392,2388,100.0,38.9,23.3331,313,303,Healthy,96.81,0
67,11,0.0036,-0.0001,100.0,518.67,641.95,1590.54,1400.88,14.62,21.61,553.92,2388.09,9056.72,1.3,47.24,522.33,2388.05,8146.26,8.4332,0.03,394,2388,100.0,39.16,23.3903,313,302,Healthy,96.49,0
67,12,-0.0015,0.0,100.0,518.67,642.52,1589.2,1398.12,14.62,21.61,553.63,2388.02,9063.19,1.3,47.41,521.69,2388.04,8144.65,8.3826,0.03,393,2388,100.0,39.05,23.3721,313,301,Healthy,96.17,0
67,13,0.0017,-0.0002,100.0,518.67,642.14,1587.24,1404.68,14.62,21.61,554.04,2388.1,9068.16,1.3,47.28,521.97,2388.05,8146.02,8.4271,0.03,393,2388,100.0,38.89,23.3479,313,300,Healthy,95.85,0
67,14,-0.0005,-0.0002,100.0,518.67,642.85,1591.59,1403.96,14.62,21.61,553.65,2388.08,9066.08,1.3,47.51,521.67,2388.07,8149.68,8.3974,0.03,391,2388,100.0,38.96,23.3415,313,299,Healthy,95.53,0
67,15,0.0006,-0.0,100.0,518.67,642.7,1588.66,1404.09,14.62,21.61,554.36,2388.09,9061.94,1.3,47.47,521.4,2388.01,8135.77,8.4485,0.03,392,2388,100.0,38.98,23.3592,313,298,Healthy,95.21,0
67,16,-0.0018,0.0005,100.0,518.67,642.17,1587.7,1402.98,14.62,21.61,553.72,2388.05,9068.27,1.3,47.24,521.43,2388.04,8143.97,8.3969,0.03,393,2388,100.0,38.95,23.4165,313,297,Healthy,94.89,0
67,17,-0.0027,0.0004,100.0,518.67,642.44,1589.76,1398.96,14.62,21.61,554.55,2388.03,9061.57,1.3,47.32,521.76,2388.09,8144.01,8.4572,0.03,393,2388,100.0,39.02,23.3873,313,296,Healthy,94.57,0
67,18,0.0004,0.0,100.0,518.67,643.23,1582.39,1401.05,14.62,21.61,553.7,2387.98,9065.24,1.3,47.41,521.96,2388.1,8142.09,8.4449,0.03,392,2388,100.0,38.7,23.4166,313,295,Healthy,94.25,0
67,19,-0.0037,-0.0004,100.0,518.67,642.4,1583.06,1402.67,14.62,21.61,554.38,2388.03,9064.2,1.3,47.33,522.49,2388.02,8141.73,8.4132,0.03,392,2388,100.0,38.88,23.3814,313,294,Healthy,93.93,0
67,20,0.0009,0.0004,100.0,518.67,642.28,1586.77,1408.78,14.62,21.61,554.04,2388.04,9062.55,1.3,47.33,521.34,2388.05,8149.36,8.4208,0.03,393,2388,100.0,38.89,23.3844,313,293,Healthy,93.61,0
67,21,-0.0003,0.0004,100.0,518.67,642.6,1585.35,1405.31,14.62,21.61,553.73,2388.01,9071.19,1.3,47.4,521.12,2388.03,8146.23,8.3852,0.03,392,2388,100.0,39.01,23.4221,313,292,Healthy,93.29,0
67,22,0.0009,0.0001,100.0,518.67,641.89,1592.69,1401.01,14.62,21.61,554.14,2388.05,9064.81,1.3,47.51,522.15,2388.05,8144.27,8.4196,0.03,393,2388,100.0,38.86,23.4419,313,291,Healthy,92.97,0
67,23,-0.0003,0.0004,100.0,518.67,642.37,1590.12,1404.88,14.62,21.61,553.08,2388.05,9062.69,1.3,47.32,521.34,2388.03,8146.11,8.428,0.03,394,2388,100.0,38.86,23.3601,313,290,Healthy,92.65,0
67,24,-0.0011,-0.0002,100.0,518.67,642.64,1573.58,1402.23,14.62,21.61,554.35,2388.05,9067.25,1.3,47.41,522.21,2388.06,8146.12,8.4191,0.03,391,2388,100.0,39.13,23.3537,313,289,Healthy,92.33,0
67,25,-0.0032,-0.0,100.0,518.67,642.27,1586.41,1403.55,14.62,21.61,553.83,2388.07,9072.62,1.3,47.43,521.92,2388.06,8145.53,8.4035,0.03,391,2388,100.0,39.07,23.3928,313,288,Healthy,92.01,0
67,26,0.0001,0.0003,100.0,518.67,642.25,1594.71,1406.44,14.62,21.61,554.38,2388.08,9068.83,1.3,47.41,521.92,2388.06,8138.74,8.4408,0.03,392,2388,100.0,38.85,23.3136,313,287,Healthy,91.69,0
67,27,-0.0013,0.0002,100.0,518.67,642.51,1592.83,1399.7,14.62,21.61,554.06,2388.01,9063.93,1.3,47.68,521.64,2388.04,8147.45,8.434,0.03,392,2388,100.0,38.81,23.3395,313,286,Healthy,91.37,0
67,28,-0.0025,0.0003,100.0,518.67,642.71,1595.54,1408.01,14.62,21.61,553.88,2388.04,9066.58,1.3,47.43,521.61,2388.04,8143.02,8.4167,0.03,391,2388,100.0,38.83,23.4591,313,285,Healthy,91.05,0
67,29,0.0044,0.0001,100.0,518.67,642.57,1580.96,1408.16,14.62,21.61,554.6,2388.07,9060.51,1.3,47.51,522.37,2388.01,8144.78,8.3978,0.03,394,2388,100.0,38.97,23.3693,313,284,Healthy,90.73,0
67,30,-0.0002,-0.0001,100.0,518.67,642.67,1578.2,1413.82,14.62,21.61,553.17,2388.02,9064.37,1.3,47.38,521.62,2388.1,8145.84,8.4273,0.03,394,2388,100.0,39.04,23.3409,313,283,Healthy,90.42,0
67,31,-0.0022,0.0005,100.0,518.67,642.62,1589.85,1398.18,14.62,21.61,553.53,2388.05,9061.49,1.3,47.4,521.67,2388.05,8143.27,8.4283,0.03,392,2388,100.0,39.0,23.3836,313,282,Healthy,90.1,0
67,32,0.0016,0.0005,100.0,518.67,642.8,1588.21,1404.26,14.62,21.61,553.55,2388.06,9061.85,1.3,47.3,521.6,2388.08,8142.91,8.4452,0.03,392,2388,100.0,38.74,23.2932,313,281,Healthy,89.78,0
67,33,0.0014,-0.0003,100.0,518.67,642.04,1586.72,1398.94,14.62,21.61,553.75,2388.01,9063.22,1.3,47.35,521.99,2388.03,8148.59,8.4203,0.03,393,2388,100.0,38.92,23.3595,313,280,Healthy,89.46,0
67,34,0.0004,0.0002,100.0,518.67,642.25,1585.43,1399.27,14.62,21.61,553.78,2388.06,9062.39,1.3,47.47,521.61,2388.05,8140.35,8.3896,0.03,394,2388,100.0,39.0,23.3112,313,279,Healthy,89.14,0
67,35,-0.0004,0.0001,100.0,518.67,642.5,1590.25,1398.77,14.62,21.61,553.53,2388.11,9070.99,1.3,47.59,521.68,2388.06,8143.77,8.42,0.03,391,2388,100.0,38.89,23.3141,313,278,Healthy,88.82,0
67,36,-0.0007,0.0002,100.0,518.67,642.72,1592.5,1403.38,14.62,21.61,553.58,2388.01,9063.05,1.3,47.33,521.92,2388.09,8144.09,8.4532,0.03,393,2388,100.0,38.8,23.3022,313,277,Healthy,88.5,0
67,37,0.0035,-0.0,100.0,518.67,642.34,1582.27,1398.8,14.62,21.61,553.36,2388.06,9058.48,1.3,47.36,522.05,2388.0,8145.0,8.4271,0.03,392,2388,100.0,38.81,23.2336,313,276,Healthy,88.18,0
67,38,0.0018,-0.0004,100.0,518.67,642.43,1587.25,1406.64,14.62,21.61,554.0,2388.07,9064.0,1.3,47.48,522.37,2388.01,8149.68,8.4275,0.03,392,2388,100.0,38.9,23.4425,313,275,Healthy,87.86,0
67,39,0.002,-0.0004,100.0,518.67,642.18,1584.33,1398.47,14.62,21.61,553.58,2388.05,9066.8,1.3,47.44,521.69,2388.03,8148.99,8.417,0.03,391,2388,100.0,38.98,23.3586,313,274,Healthy,87.54,0
67,40,-0.0002,0.0,100.0,518.67,642.4,1577.7,1405.7,14.62,21.61,553.16,2388.07,9060.04,1.3,47.28,521.57,2388.04,8145.9,8.3888,0.03,392,2388,100.0,38.93,23.2687,313,273,Healthy,87.22,0
67,41,0.0008,-0.0003,100.0,518.67,642.79,1588.31,1403.61,14.62,21.61,553.97,2388.04,9061.91,1.3,47.18,522.33,2388.04,8146.4,8.409,0.03,393,2388,100.0,38.89,23.3984,313,272,Healthy,86.9,0
67,42,-0.0013,0.0003,100.0,518.67,642.32,1586.77,1399.03,14.62,21.61,554.1,2388.04,9064.66,1.3,47.47,522.01,2388.01,8147.01,8.4472,0.03,392,2388,100.0,39.06,23.372,313,271,Healthy,86.58,0
67,43,-0.0027,0.0005,100.0,518.67,642.45,1589.83,1400.39,14.62,21.61,554.28,2388.05,9057.62,1.3,47.37,521.63,2388.05,8142.1,8.4135,0.03,392,2388,100.0,39.08,23.3985,313,270,Healthy,86.26,0
67,44,0.0002,0.0005,100.0,518.67,641.91,1590.29,1402.09,14.62,21.61,553.71,2388.1,9063.6,1.3,47.32,521.83,2388.07,8142.36,8.3834,0.03,392,2388,100.0,38.94,23.3666,313,269,Healthy,85.94,0
67,45,0.004,0.0,100.0,518.67,642.2,1586.25,1404.07,14.62,21.61,554.11,2388.03,9061.75,1.3,47.31,521.28,2388.05,8143.37,8.4168,0.03,391,2388,100.0,38.72,23.3902,313,268,Healthy,85.62,0
67,46,0.0002,-0.0002,100.0,518.67,642.23,1596.15,1407.95,14.62,21.61,553.7,2388.05,9065.58,1.3,47.35,522.05,2388.03,8145.77,8.3849,0.03,394,2388,100.0,38.82,23.3054,313,267,Healthy,85.3,0
67,47,-0.0,0.0003,100.0,518.67,642.69,1585.13,1412.07,14.62,21.61,553.57,2388.05,9057.16,1.3,47.51,522.6,2388.12,8141.4,8.4189,0.03,392,2388,100.0,38.77,23.3956,313,266,Healthy,84.98,0
67,48,0.0016,0.0001,100.0,518.67,642.59,1589.61,1399.78,14.62,21.61,553.16,2388.09,9062.81,1.3,47.5,521.55,2388.02,8144.68,8.4532,0.03,393,2388,100.0,38.95,23.3201,313,265,Healthy,84.66,0
67,49,0.0018,0.0001,100.0,518.67,641.88,1590.62,1404.1,14.62,21.61,553.19,2388.0,9065.42,1.3,47.3,521.71,2388.07,8148.2,8.4252,0.03,391,2388,100.0,39.1,23.3253,313,264,Healthy,84.35,0
67,50,-0.0011,0.0001,100.0,518.67,643.35,1590.34,1408.79,14.62,21.61,553.51,2388.12,9064.85,1.3,47.47,521.8,2388.05,8140.77,8.4051,0.03,390,2388,100.0,38.89,23.2832,313,263,Healthy,84.03,0
68,1,-0.0007,0.0003,100.0,518.67,642.25,1589.89,1408.15,14.62,21.61,553.31,2388.07,9065.09,1.3,47.29,521.73,2388.11,8141.65,8.4583,0.03,394,2388,100.0,38.71,23.3029,199,198,Healthy,99.5,0
68,2,0.0019,0.0005,100.0,518.67,642.82,1586.51,1405.07,14.62,21.61,554.06,2388.1,9060.7,1.3,47.55,522.11,2388.05,8141.33,8.4402,0.03,393,2388,100.0,38.82,23.3188,199,197,Healthy,98.99,0
68,3,-0.0019,0.0004,100.0,518.67,642.33,1584.78,1406.81,14.62,21.61,553.3,2388.12,9065.74,1.3,47.5,520.98,2388.09,8137.02,8.4029,0.03,394,2388,100.0,38.92,23.218,199,196,Healthy,98.49,0
68,4,-0.0017,0.0002,100.0,518.67,642.23,1589.99,1402.66,14.62,21.61,553.77,2388.09,9058.19,1.3,47.43,521.56,2388.13,8145.1,8.4299,0.03,393,2388,100.0,38.89,23.2672,199,195,Healthy,97.99,0
68,5,-0.0009,0.0005,100.0,518.67,642.84,1589.79,1401.77,14.62,21.61,554.16,2388.08,9056.63,1.3,47.42,521.91,2388.03,8143.1,8.4644,0.03,394,2388,100.0,38.86,23.3894,199,194,Healthy,97.49,0
68,6,0.0023,-0.0004,100.0,518.67,642.53,1591.51,1410.22,14.62,21.61,553.41,2388.06,9061.79,1.3,47.29,521.79,2388.1,8148.48,8.4168,0.03,393,2388,100.0,38.83,23.3648,199,193,Healthy,96.98,0
68,7,-0.0014,-0.0004,100.0,518.67,642.38,1583.83,1409.46,14.62,21.61,553.6,2388.07,9057.0,1.3,47.48,521.78,2388.1,8143.1,8.4428,0.03,393,2388,100.0,38.81,23.2661,199,192,Healthy,96.48,0
68,8,-0.0011,-0.0001,100.0,518.67,642.53,1586.51,1394.3,14.62,21.61,554.03,2388.1,9063.88,1.3,47.29,521.27,2388.05,8142.12,8.4014,0.03,392,2388,100.0,38.84,23.2953,199,191,Healthy,95.98,0
68,9,0.0002,0.0005,100.0,518.67,642.65,1588.43,1406.22,14.62,21.61,553.33,2388.07,9058.96,1.3,47.48,521.56,2388.1,8142.41,8.4291,0.03,394,2388,100.0,38.86,23.3536,199,190,Healthy,95.48,0
68,10,0.0006,0.0005,100.0,518.67,642.3,1587.63,1408.46,14.62,21.61,554.08,2388.11,9065.14,1.3,47.58,521.47,2388.04,8140.83,8.4185,0.03,392,2388,100.0,38.9,23.3887,199,189,Healthy,94.97,0
68,11,0.003,0.0001,100.0,518.67,642.89,1588.11,1412.51,14.62,21.61,554.08,2388.06,9059.76,1.3,47.33,521.98,2388.07,8145.18,8.4532,0.03,392,2388,100.0,38.88,23.3126,199,188,Healthy,94.47,0
68,12,0.001,-0.0003,100.0,518.67,642.23,1590.82,1405.1,14.62,21.61,553.49,2388.09,9057.65,1.3,47.46,521.78,2388.07,8140.58,8.4493,0.03,393,2388,100.0,38.92,23.3478,199,187,Healthy,93.97,0
68,13,0.002,0.0002,100.0,518.67,642.69,1589.59,1405.64,14.62,21.61,553.86,2388.07,9060.0,1.3,47.5,521.87,2388.03,8142.57,8.4653,0.03,393,2388,100.0,38.99,23.4064,199,186,Healthy,93.47,0
68,14,-0.0004,-0.0004,100.0,518.67,642.85,1579.07,1406.61,14.62,21.61,554.0,2388.08,9063.11,1.3,47.36,522.04,2388.09,8142.12,8.4322,0.03,393,2388,100.0,38.97,23.2721,199,185,Healthy,92.96,0
68,15,-0.0001,0.0005,100.0,518.67,642.41,1592.39,1400.94,14.62,21.61,553.45,2388.13,9060.61,1.3,47.37,522.01,2388.09,8137.87,8.449,0.03,393,2388,100.0,38.67,23.3774,199,184,Healthy,92.46,0
68,16,-0.0003,-0.0,100.0,518.67,642.5,1587.92,1406.85,14.62,21.61,553.96,2388.07,9062.36,1.3,47.45,521.77,2388.07,8142.09,8.3828,0.03,392,2388,100.0,38.73,23.3839,199,183,Healthy,91.96,0
68,17,0.0008,-0.0004,100.0,518.67,642.37,1589.08,1407.9,14.62,21.61,553.72,2388.11,9068.36,1.3,47.42,521.66,2388.06,8144.04,8.423,0.03,394,2388,100.0,38.87,23.4141,199,182,Healthy,91.46,0
68,18,0.0006,-0.0003,100.0,518.67,642.78,1584.94,1402.62,14.62,21.61,554.23,2388.03,9060.23,1.3,47.39,521.66,2388.06,8140.3,8.4429,0.03,392,2388,100.0,39.04,23.355,199,181,Healthy,90.95,0
68,19,-0.0008,0.0002,100.0,518.67,642.17,1585.56,1407.79,14.62,21.61,553.14,2388.05,9065.14,1.3,47.52,521.25,2388.04,8135.14,8.4374,0.03,394,2388,100.0,38.94,23.4006,199,180,Healthy,90.45,0
68,20,0.0001,0.0001,100.0,518.67,642.84,1588.89,1412.39,14.62,21.61,554.15,2388.07,9065.85,1.3,47.35,522.02,2388.07,8143.35,8.43,0.03,393,2388,100.0,38.92,23.2132,199,179,Healthy,89.95,0
68,21,0.0011,-0.0005,100.0,518.67,642.6,1595.95,1405.17,14.62,21.61,553.26,2388.06,9058.42,1.3,47.67,521.37,2388.06,8138.69,8.4371,0.03,393,2388,100.0,38.96,23.4632,199,178,Healthy,89.45,0
68,22,-0.0014,-0.0004,100.0,518.67,642.89,1580.48,1401.22,14.62,21.61,554.17,2388.05,9055.42,1.3,47.58,521.73,2388.05,8146.56,8.4449,0.03,394,2388,100.0,38.57,23.3679,199,177,Healthy,88.94,0
68,23,0.0014,0.0005,100.0,518.67,642.25,1593.69,1405.38,14.62,21.61,553.57,2388.13,9063.75,1.3,47.39,521.17,2388.12,8138.65,8.4038,0.03,392,2388,100.0,39.02,23.2638,199,176,Healthy,88.44,0
68,24,0.0012,0.0005,100.0,518.67,642.55,1592.87,1406.39,14.62,21.61,554.01,2388.04,9066.38,1.3,47.51,521.61,2388.05,8143.39,8.3962,0.03,392,2388,100.0,38.66,23.3238,199,175,Healthy,87.94,0
68,25,-0.0003,0.0,100.0,518.67,642.54,1590.99,1410.77,14.62,21.61,553.66,2388.06,9069.39,1.3,47.25,521.08,2388.1,8145.02,8.4204,0.03,393,2388,100.0,39.1,23.3636,199,174,Healthy,87.44,0
68,26,0.0023,0.0005,100.0,518.67,642.29,1590.88,1408.65,14.62,21.61,553.28,2388.1,9064.42,1.3,47.52,521.71,2388.02,8142.21,8.4238,0.03,392,2388,100.0,38.79,23.2818,199,173,Healthy,86.93,0
68,27,0.0003,0.0004,100.0,518.67,642.32,1582.9,1406.73,14.62,21.61,554.34,2388.08,9067.22,1.3,47.5,521.78,2388.07,8140.05,8.4203,0.03,392,2388,100.0,38.86,23.3234,199,172,Healthy,86.43,0
68,28,0.0013,0.0,100.0,518.67,642.37,1588.42,1412.37,14.62,21.61,553.67,2388.06,9062.68,1.3,47.46,521.38,2388.05,8137.25,8.4095,0.03,392,2388,100.0,39.03,23.478,199,171,Healthy,85.93,0
68,29,-0.0027,-0.0002,100.0,518.67,643.04,1590.67,1409.13,14.62,21.61,554.19,2388.04,9061.3,1.3,47.52,521.41,2387.99,8137.27,8.4082,0.03,392,2388,100.0,38.78,23.3078,199,170,Healthy,85.43,0
68,30,0.0007,0.0002,100.0,518.67,642.57,1590.42,1406.73,14.62,21.61,553.92,2388.05,9063.37,1.3,47.51,521.68,2388.08,8135.58,8.4279,0.03,392,2388,100.0,38.94,23.2541,199,169,Healthy,84.92,0
68,31,0.0003,-0.0,100.0,518.67,642.05,1591.26,1409.66,14.62,21.61,553.26,2388.08,9061.25,1.3,47.46,522.11,2388.0,8141.01,8.444,0.03,392,2388,100.0,38.79,23.3055,199,168,Healthy,84.42,0
68,32,-0.0005,0.0001,100.0,518.67,642.32,1585.66,1401.7,14.62,21.61,553.08,2388.07,9062.87,1.3,47.43,522.04,2388.06,8142.53,8.4166,0.03,392,2388,100.0,38.83,23.3571,199,167,Healthy,83.92,0
68,33,0.0026,-0.0001,100.0,518.67,642.94,1584.94,1402.85,14.62,21.61,554.4,2388.06,9060.83,1.3,47.44,522.08,2388.03,8147.72,8.4361,0.03,393,2388,100.0,38.98,23.4372,199,166,Healthy,83.42,0
68,34,0.0007,0.0003,100.0,518.67,643.03,1593.34,1404.31,14.62,21.61,553.47,2388.1,9059.55,1.3,47.54,521.26,2388.1,8144.57,8.4445,0.03,392,2388,100.0,38.8,23.4838,199,165,Healthy,82.91,0
68,35,0.0,0.0001,100.0,518.67,642.45,1586.72,1403.0,14.62,21.61,553.53,2388.07,9061.15,1.3,47.51,521.44,2388.07,8142.68,8.4582,0.03,394,2388,100.0,39.06,23.2859,199,164,Healthy,82.41,0
68,36,-0.0016,-0.0004,100.0,518.67,642.54,1594.74,1407.48,14.62,21.61,552.88,2388.09,9060.97,1.3,47.25,521.5,2388.06,8139.25,8.4391,0.03,393,2388,100.0,38.9,23.2895,199,163,Healthy,81.91,0
68,37,0.0048,-0.0003,100.0,518.67,642.4,1584.05,1405.49,14.62,21.61,553.89,2388.06,9060.82,1.3,47.52,521.63,2388.1,8145.63,8.4304,0.03,392,2388,100.0,38.92,23.3258,199,162,Healthy,81.41,0
68,38,0.0019,-0.0,100.0,518.67,642.74,1589.65,1400.73,14.62,21.6,553.58,2388.05,9064.42,1.3,47.38,522.01,2388.11,8141.06,8.46,0.03,393,2388,100.0,38.85,23.3435,199,161,Healthy,80.9,0
68,39,0.0001,-0.0001,100.0,518.67,642.85,1588.98,1400.3,14.62,21.61,553.51,2388.07,9061.28,1.3,47.54,521.75,2388.03,8142.22,8.4105,0.03,395,2388,100.0,38.95,23.4258,199,160,Healthy,80.4,0
68,40,0.0001,0.0002,100.0,518.67,642.1,1586.49,1406.52,14.62,21.61,553.91,2388.08,9063.01,1.3,47.53,521.05,2388.08,8148.18,8.4325,0.03,393,2388,100.0,38.75,23.3531,199,159,Healthy,79.9,0
68,41,0.0014,0.0002,100.0,518.67,642.31,1591.24,1407.75,14.62,21.61,553.17,2388.11,9062.14,1.3,47.52,521.66,2388.06,8141.87,8.436,0.03,391,2388,100.0,39.01,23.2595,199,158,Healthy,79.4,0
68,42,-0.0014,0.0002,100.0,518.67,642.44,1584.92,1406.55,14.62,21.61,553.93,2388.07,9059.85,1.3,47.63,521.54,2388.07,8147.21,8.3959,0.03,390,2388,100.0,38.97,23.2835,199,157,Healthy,78.89,0
68,43,0.0003,0.0003,100.0,518.67,642.84,1585.15,1404.49,14.62,21.61,553.12,2388.1,9064.26,1.3,47.25,521.9,2388.08,8142.88,8.4486,0.03,392,2388,100.0,38.81,23.4724,199,156,Healthy,78.39,0
68,44,0.0026,0.0002,100.0,518.67,642.52,1591.09,1408.4,14.62,21.61,553.9,2388.08,9061.35,1.3,47.59,521.54,2388.15,8142.71,8.4176,0.03,393,2388,100.0,38.81,23.2369,199,155,Healthy,77.89,0
68,45,0.0015,0.0003,100.0,518.67,642.63,1585.58,1400.04,14.62,21.61,553.73,2388.07,9068.1,1.3,47.43,521.56,2388.09,8146.22,8.4254,0.03,393,2388,100.0,38.77,23.2788,199,154,Healthy,77.39,0
68,46,-0.0019,-0.0002,100.0,518.67,643.07,1584.74,1412.31,14.62,21.61,554.32,2388.09,9058.79,1.3,47.66,521.22,2388.08,8144.84,8.436,0.03,393,2388,100.0,38.85,23.2467,199,153,Healthy,76.88,0
68,47,-0.0009,-0.0,100.0,518.67,643.15,1589.16,1406.08,14.62,21.61,554.09,2388.07,9067.14,1.3,47.44,521.62,2388.01,8143.59,8.4522,0.03,393,2388,100.0,38.92,23.3753,199,152,Healthy,76.38,0
68,48,0.0013,0.0001,100.0,518.67,642.33,1597.59,1402.58,14.62,21.61,554.22,2388.06,9064.38,1.3,47.3,521.83,2388.02,8145.13,8.4038,0.03,393,2388,100.0,38.86,23.3714,199,151,Healthy,75.88,0
68,49,0.001,-0.0002,100.0,518.67,642.42,1593.51,1405.3,14.62,21.61,553.84,2388.1,9062.2,1.3,47.34,521.37,2388.1,8141.43,8.437,0.03,392,2388,100.0,38.86,23.2895,199,150,Healthy,75.38,0
68,50,0.0022,0.0001,100.0,518.67,642.53,1588.84,1406.86,14.62,21.61,554.54,2388.09,9063.87,1.3,47.49,522.4,2388.09,8146.1,8.456,0.03,391,2388,100.0,38.95,23.3229,199,149,Healthy,74.87,0
69,1,-0.0014,-0.0001,100.0,518.67,641.96,1587.1,1400.65,14.62,21.61,553.68,2388.0,9054.19,1.3,47.34,522.03,2388.03,8136.88,8.4094,0.03,392,2388,100.0,38.87,23.4081,362,361,Healthy,99.72,0
69,2,-0.0003,-0.0004,100.0,518.67,641.5,1594.24,1401.54,14.62,21.61,554.22,2388.04,9057.57,1.3,47.26,522.08,2388.08,8139.88,8.4172,0.03,392,2388,100.0,39.02,23.4189,362,360,Healthy,99.45,0
69,3,0.0006,-0.0003,100.0,518.67,642.73,1585.41,1405.22,14.62,21.61,554.11,2388.04,9052.77,1.3,47.35,522.05,2388.06,8136.42,8.3869,0.03,392,2388,100.0,38.82,23.3756,362,359,Healthy,99.17,0
69,4,-0.0001,-0.0003,100.0,518.67,642.0,1586.57,1408.44,14.62,21.61,553.84,2388.03,9061.89,1.3,47.35,521.63,2388.05,8142.92,8.389,0.03,391,2388,100.0,38.99,23.2744,362,358,Healthy,98.9,0
69,5,0.0026,0.0002,100.0,518.67,642.37,1582.6,1403.07,14.62,21.61,554.0,2388.06,9064.65,1.3,47.34,522.31,2388.07,8138.93,8.4042,0.03,392,2388,100.0,38.87,23.3195,362,357,Healthy,98.62,0
69,6,-0.0038,0.0004,100.0,518.67,642.66,1586.89,1399.12,14.62,21.61,554.06,2388.0,9053.99,1.3,47.39,521.97,2388.03,8142.62,8.3786,0.03,392,2388,100.0,39.09,23.469,362,356,Healthy,98.34,0
69,7,0.0002,0.0001,100.0,518.67,641.86,1581.58,1399.02,14.62,21.61,553.9,2388.02,9062.66,1.3,47.3,522.14,2388.04,8138.17,8.414,0.03,391,2388,100.0,38.96,23.3916,362,355,Healthy,98.07,0
69,8,-0.0011,-0.0003,100.0,518.67,642.24,1581.77,1402.42,14.62,21.61,554.48,2388.03,9061.03,1.3,47.39,522.21,2388.01,8136.31,8.4132,0.03,393,2388,100.0,38.77,23.4313,362,354,Healthy,97.79,0
69,9,0.0008,0.0002,100.0,518.67,642.53,1582.27,1399.12,14.62,21.61,553.57,2388.0,9056.76,1.3,47.5,522.66,2388.03,8139.81,8.4297,0.03,391,2388,100.0,39.05,23.3284,362,353,Healthy,97.51,0
69,10,-0.0007,-0.0001,100.0,518.67,642.2,1586.82,1405.68,14.62,21.61,553.92,2388.04,9063.43,1.3,47.42,522.31,2388.02,8144.09,8.4457,0.03,393,2388,100.0,38.88,23.3153,362,352,Healthy,97.24,0
69,11,0.0,-0.0003,100.0,518.67,642.5,1594.77,1406.42,14.62,21.61,554.17,2388.05,9056.9,1.3,47.43,522.29,2388.1,8133.74,8.4304,0.03,393,2388,100.0,38.92,23.4431,362,351,Healthy,96.96,0
69,12,-0.0025,0.0,100.0,518.67,642.22,1588.72,1399.64,14.62,21.61,553.62,2388.11,9060.31,1.3,47.31,522.23,2388.05,8137.3,8.4514,0.03,392,2388,100.0,38.84,23.2182,362,350,Healthy,96.69,0
69,13,0.0003,-0.0004,100.0,518.67,642.34,1589.66,1398.65,14.62,21.61,553.81,2388.1,9056.77,1.3,47.35,521.6,2388.04,8135.03,8.4058,0.03,391,2388,100.0,38.92,23.4015,362,349,Healthy,96.41,0
69,14,0.0022,0.0003,100.0,518.67,642.17,1591.26,1402.76,14.62,21.61,553.88,2388.06,9055.95,1.3,47.18,521.53,2388.11,8138.6,8.4368,0.03,392,2388,100.0,38.9,23.3457,362,348,Healthy,96.13,0
69,15,-0.0059,0.0001,100.0,518.67,642.06,1585.51,1404.58,14.62,21.61,553.62,2388.05,9054.82,1.3,47.47,521.72,2388.02,8138.64,8.4268,0.03,390,2388,100.0,38.98,23.3993,362,347,Healthy,95.86,0
69,16,0.0004,0.0002,100.0,518.67,642.51,1583.93,1406.63,14.62,21.61,553.9,2388.08,9067.7,1.3,47.29,522.37,2388.03,8138.65,8.4132,0.03,391,2388,100.0,38.85,23.3434,362,346,Healthy,95.58,0
69,17,-0.0023,-0.0002,100.0,518.67,642.09,1586.48,1402.52,14.62,21.61,554.32,2388.06,9053.41,1.3,47.27,522.14,2388.05,8147.33,8.4084,0.03,392,2388,100.0,38.98,23.521,362,345,Healthy,95.3,0
69,18,0.0016,0.0004,100.0,518.67,642.63,1593.01,1398.91,14.62,21.61,554.41,2388.08,9063.0,1.3,47.33,521.94,2388.02,8140.57,8.4055,0.03,392,2388,100.0,38.87,23.424,362,344,Healthy,95.03,0
69,19,0.0018,-0.0001,100.0,518.67,642.48,1583.71,1402.07,14.62,21.61,554.34,2388.03,9063.62,1.3,47.41,521.54,2388.06,8140.27,8.4271,0.03,392,2388,100.0,38.99,23.4281,362,343,Healthy,94.75,0
69,20,-0.0005,-0.0002,100.0,518.67,642.95,1580.85,1401.35,14.62,21.61,553.46,2388.03,9058.34,1.3,47.41,522.3,2388.03,8146.28,8.3883,0.03,392,2388,100.0,38.89,23.4506,362,342,Healthy,94.48,0
69,21,0.001,-0.0001,100.0,518.67,642.61,1582.64,1400.83,14.62,21.61,554.47,2388.04,9061.93,1.3,47.31,521.45,2388.02,8143.26,8.4128,0.03,392,2388,100.0,38.98,23.2773,362,341,Healthy,94.2,0
69,22,-0.0011,0.0005,100.0,518.67,642.47,1583.51,1408.57,14.62,21.61,553.72,2387.99,9059.64,1.3,47.3,522.15,2388.04,8140.42,8.4106,0.03,390,2388,100.0,38.9,23.392,362,340,Healthy,93.92,0
69,23,0.0014,0.0002,100.0,518.67,641.96,1587.87,1398.51,14.62,21.61,553.85,2388.07,9060.78,1.3,47.21,522.08,2388.07,8138.76,8.4135,0.03,391,2388,100.0,38.98,23.243,362,339,Healthy,93.65,0
69,24,0.0013,-0.0004,100.0,518.67,642.03,1594.35,1404.97,14.62,21.61,553.7,2388.04,9059.9,1.3,47.25,521.44,2388.05,8143.0,8.406,0.03,393,2388,100.0,39.01,23.4064,362,338,Healthy,93.37,0
69,25,-0.0006,-0.0002,100.0,518.67,642.98,1582.81,1402.96,14.62,21.61,553.52,2388.0,9067.34,1.3,47.3,521.81,2388.05,8141.24,8.3933,0.03,392,2388,100.0,39.04,23.4213,362,337,Healthy,93.09,0
69,26,0.0006,0.0004,100.0,518.67,643.05,1582.02,1401.56,14.62,21.61,553.55,2388.05,9050.56,1.3,47.4,521.81,2388.03,8139.07,8.4684,0.03,392,2388,100.0,38.9,23.4005,362,336,Healthy,92.82,0
69,27,0.0005,0.0004,100.0,518.67,642.46,1589.72,1397.94,14.62,21.61,553.9,2388.03,9053.93,1.3,47.24,521.82,2388.0,8142.27,8.4161,0.03,391,2388,100.0,38.93,23.4205,362,335,Healthy,92.54,0
69,28,-0.0053,-0.0004,100.0,518.67,642.39,1583.78,1397.51,14.62,21.61,555.41,2388.02,9051.95,1.3,47.39,521.73,2388.09,8140.09,8.3993,0.03,392,2388,100.0,38.89,23.4389,362,334,Healthy,92.27,0
69,29,-0.0006,-0.0001,100.0,518.67,642.02,1591.48,1403.56,14.62,21.61,553.71,2388.04,9062.09,1.3,47.3,522.26,2388.03,8140.17,8.4371,0.03,390,2388,100.0,39.07,23.4161,362,333,Healthy,91.99,0
69,30,0.0017,0.0003,100.0,518.67,642.11,1596.64,1401.98,14.62,21.61,554.4,2388.03,9060.93,1.3,47.44,521.7,2388.04,8139.49,8.4127,0.03,393,2388,100.0,39.13,23.4085,362,332,Healthy,91.71,0
69,31,0.0001,-0.0001,100.0,518.67,641.76,1585.94,1403.47,14.62,21.61,553.86,2388.05,9060.57,1.3,47.21,521.91,2388.06,8133.23,8.4403,0.03,392,2388,100.0,38.94,23.3638,362,331,Healthy,91.44,0
69,32,0.0006,-0.0004,100.0,518.67,642.54,1583.83,1396.26,14.62,21.61,553.75,2388.01,9058.88,1.3,47.27,521.63,2388.04,8137.36,8.4476,0.03,392,2388,100.0,38.94,23.3449,362,330,Healthy,91.16,0
69,33,0.0012,0.0001,100.0,518.67,642.39,1586.62,1396.31,14.62,21.61,554.17,2388.03,9060.05,1.3,47.11,521.76,2388.05,8138.75,8.424,0.03,391,2388,100.0,38.84,23.4213,362,329,Healthy,90.88,0
69,34,-0.0003,0.0,100.0,518.67,642.26,1587.22,1402.87,14.62,21.61,553.68,2388.05,9052.74,1.3,47.61,521.8,2388.07,8136.4,8.4184,0.03,393,2388,100.0,38.7,23.274,362,328,Healthy,90.61,0
69,35,-0.0015,-0.0,100.0,518.67,642.5,1588.12,1406.54,14.62,21.61,553.92,2388.05,9064.29,1.3,47.2,522.25,2388.07,8137.46,8.4128,0.03,392,2388,100.0,39.01,23.4004,362,327,Healthy,90.33,0
69,36,0.0024,0.0,100.0,518.67,642.96,1584.06,1400.27,14.62,21.61,553.08,2388.0,9056.93,1.3,47.24,522.36,2388.05,8139.19,8.3762,0.03,391,2388,100.0,38.91,23.4458,362,326,Healthy,90.06,0
69,37,-0.0026,-0.0002,100.0,518.67,642.27,1586.96,1403.9,14.62,21.61,554.55,2388.02,9057.54,1.3,47.41,522.19,2388.01,8139.32,8.3834,0.03,393,2388,100.0,38.91,23.3384,362,325,Healthy,89.78,0
69,38,0.0017,0.0002,100.0,518.67,642.14,1585.48,1393.38,14.62,21.61,553.79,2388.03,9057.85,1.3,47.34,521.73,2387.98,8141.77,8.3927,0.03,393,2388,100.0,38.91,23.423,362,324,Healthy,89.5,0
69,39,0.0014,-0.0004,100.0,518.67,642.94,1594.9,1403.49,14.62,21.61,553.69,2388.01,9070.94,1.3,47.16,521.75,2388.03,8135.22,8.4023,0.03,391,2388,100.0,38.93,23.3212,362,323,Healthy,89.23,0
69,40,-0.0025,-0.0001,100.0,518.67,642.37,1579.66,1395.23,14.62,21.61,554.98,2388.01,9062.84,1.3,47.36,522.49,2388.0,8137.83,8.3953,0.03,392,2388,100.0,38.95,23.272,362,322,Healthy,88.95,0
69,41,-0.0021,-0.0004,100.0,518.67,642.81,1583.15,1403.22,14.62,21.61,554.22,2388.05,9054.53,1.3,47.22,522.5,2388.05,8138.32,8.4235,0.03,392,2388,100.0,38.93,23.4194,362,321,Healthy,88.67,0
69,42,-0.0026,-0.0003,100.0,518.67,642.56,1588.95,1393.94,14.62,21.61,553.92,2388.05,9059.64,1.3,47.41,522.24,2388.03,8139.47,8.4167,0.03,393,2388,100.0,38.85,23.3479,362,320,Healthy,88.4,0
69,43,0.0009,0.0001,100.0,518.67,642.48,1590.83,1406.74,14.62,21.61,553.36,2388.07,9066.87,1.3,47.32,522.04,2388.07,8147.04,8.395,0.03,392,2388,100.0,39.0,23.2502,362,319,Healthy,88.12,0
69,44,-0.0,0.0005,100.0,518.67,642.08,1590.48,1402.63,14.62,21.61,553.59,2388.0,9062.19,1.3,47.36,522.08,2388.08,8140.65,8.4196,0.03,392,2388,100.0,38.95,23.3222,362,318,Healthy,87.85,0
69,45,-0.0004,0.0002,100.0,518.67,642.33,1589.66,1408.84,14.62,21.61,554.52,2388.07,9067.54,1.3,47.44,521.67,2388.01,8144.68,8.3736,0.03,394,2388,100.0,38.86,23.2566,362,317,Healthy,87.57,0
69,46,-0.0012,0.0005,100.0,518.67,642.07,1590.88,1400.68,14.62,21.61,553.96,2388.04,9056.72,1.3,47.15,522.43,2387.99,8142.25,8.4282,0.03,392,2388,100.0,39.02,23.3222,362,316,Healthy,87.29,0
69,47,-0.0015,-0.0002,100.0,518.67,642.42,1583.93,1400.96,14.62,21.61,553.83,2388.05,9052.8,1.3,47.17,522.24,2388.06,8137.04,8.4111,0.03,392,2388,100.0,38.95,23.454,362,315,Healthy,87.02,0
69,48,0.0021,-0.0004,100.0,518.67,642.22,1583.95,1394.68,14.62,21.61,553.84,2388.01,9062.15,1.3,47.29,522.1,2388.02,8139.48,8.4212,0.03,392,2388,100.0,39.1,23.4226,362,314,Healthy,86.74,0
69,49,0.0025,-0.0001,100.0,518.67,642.22,1586.24,1401.05,14.62,21.61,554.35,2388.03,9053.59,1.3,47.43,522.43,2388.02,8141.65,8.4092,0.03,391,2388,100.0,38.75,23.4848,362,313,Healthy,86.46,0
69,50,0.0005,-0.0004,100.0,518.67,642.7,1589.78,1409.53,14.62,21.61,554.36,2388.07,9052.96,1.3,47.41,521.93,2388.02,8132.38,8.4397,0.03,393,2388,100.0,38.97,23.4748,362,312,Healthy,86.19,0
70,1,0.0021,0.0001,100.0,518.67,642.26,1588.45,1400.02,14.62,21.61,552.94,2388.09,9065.41,1.3,47.61,521.18,2388.07,8138.06,8.43,0.03,392,2388,100.0,38.81,23.418,137,136,Healthy,99.27,0
70,2,-0.0009,0.0004,100.0,518.67,642.59,1590.0,1407.22,14.62,21.61,552.5,2388.11,9059.25,1.3,47.48,522.08,2388.12,8134.76,8.4447,0.03,394,2388,100.0,38.79,23.3135,137,135,Healthy,98.54,0
70,3,-0.0008,-0.0,100.0,518.67,642.82,1586.05,1408.64,14.62,21.61,553.75,2388.09,9063.08,1.3,47.45,521.93,2388.03,8140.84,8.4202,0.03,392,2388,100.0,38.87,23.414,137,134,Healthy,97.81,0
70,4,0.0005,-0.0005,100.0,518.67,642.24,1591.24,1398.32,14.62,21.61,553.56,2388.09,9057.79,1.3,47.52,521.85,2388.05,8137.74,8.4472,0.03,393,2388,100.0,38.91,23.2512,137,133,Healthy,97.08,0
70,5,-0.0005,-0.0004,100.0,518.67,642.32,1580.76,1399.39,14.62,21.61,554.21,2388.04,9059.36,1.3,47.43,521.6,2388.08,8136.12,8.4073,0.03,391,2388,100.0,39.02,23.3361,137,132,Healthy,96.35,0
70,6,-0.0042,-0.0002,100.0,518.67,642.43,1582.35,1402.19,14.62,21.61,554.3,2388.07,9052.55,1.3,47.47,521.32,2388.08,8145.12,8.4223,0.03,392,2388,100.0,39.02,23.3396,137,131,Healthy,95.62,0
70,7,-0.0003,0.0003,100.0,518.67,642.54,1583.29,1394.98,14.62,21.61,553.55,2388.07,9054.04,1.3,47.44,521.24,2388.12,8136.22,8.3992,0.03,393,2388,100.0,38.75,23.4152,137,130,Healthy,94.89,0
70,8,0.0046,-0.0004,100.0,518.67,642.39,1590.11,1400.12,14.62,21.61,553.2,2388.03,9058.59,1.3,47.39,521.89,2388.05,8140.04,8.4073,0.03,392,2388,100.0,38.91,23.2867,137,129,Healthy,94.16,0
70,9,0.003,-0.0005,100.0,518.67,642.85,1577.69,1402.84,14.62,21.61,553.31,2388.05,9062.32,1.3,47.26,521.76,2388.08,8140.31,8.4612,0.03,394,2388,100.0,38.9,23.2371,137,128,Healthy,93.43,0
70,10,0.0005,-0.0001,100.0,518.67,642.14,1587.3,1402.78,14.62,21.61,553.16,2388.02,9049.3,1.3,47.24,521.34,2388.04,8140.03,8.3876,0.03,392,2388,100.0,39.0,23.3742,137,127,Healthy,92.7,0
70,11,-0.0058,-0.0004,100.0,518.67,642.39,1590.12,1403.65,14.62,21.61,554.57,2388.1,9060.6,1.3,47.59,521.6,2388.03,8141.21,8.4491,0.03,391,2388,100.0,38.72,23.3579,137,126,Healthy,91.97,0
70,12,0.0022,-0.0005,100.0,518.67,642.6,1591.68,1406.19,14.62,21.61,553.79,2388.12,9056.45,1.3,47.44,521.62,2388.06,8141.34,8.3978,0.03,392,2388,100.0,39.08,23.2246,137,125,Healthy,91.24,0
70,13,-0.0014,0.0004,100.0,518.67,642.49,1584.61,1398.07,14.62,21.61,553.15,2388.09,9059.63,1.3,47.32,521.55,2388.09,8140.87,8.4428,0.03,394,2388,100.0,38.76,23.2856,137,124,Healthy,90.51,0
70,14,-0.0018,0.0004,100.0,518.67,642.68,1577.93,1406.18,14.62,21.61,553.6,2388.11,9057.35,1.3,47.25,521.89,2388.05,8140.26,8.4416,0.03,392,2388,100.0,38.83,23.3618,137,123,Healthy,89.78,0
70,15,0.003,-0.0004,100.0,518.67,642.01,1593.14,1409.02,14.62,21.61,553.97,2388.05,9060.71,1.3,47.54,521.43,2388.04,8142.74,8.4113,0.03,393,2388,100.0,38.73,23.3824,137,122,Healthy,89.05,0
70,16,-0.0012,0.0004,100.0,518.67,642.04,1585.98,1410.03,14.62,21.61,553.85,2388.06,9055.5,1.3,47.52,521.55,2388.11,8138.4,8.4516,0.03,393,2388,100.0,38.95,23.4899,137,121,Healthy,88.32,0
70,17,-0.0001,0.0002,100.0,518.67,642.74,1593.04,1397.88,14.62,21.61,553.39,2388.1,9062.04,1.3,47.6,521.57,2388.06,8141.62,8.4469,0.03,394,2388,100.0,38.88,23.3134,137,120,Early_Wear,87.59,0
70,18,-0.0002,0.0002,100.0,518.67,642.34,1597.82,1402.1,14.62,21.61,554.66,2388.04,9054.36,1.3,47.41,521.42,2388.07,8137.34,8.4281,0.03,392,2388,100.0,38.73,23.2929,137,119,Early_Wear,86.86,0
70,19,0.0038,0.0001,100.0,518.67,642.44,1588.83,1405.77,14.62,21.61,553.86,2388.1,9061.15,1.3,47.49,521.83,2388.04,8138.63,8.4449,0.03,393,2388,100.0,38.81,23.415,137,118,Early_Wear,86.13,0
70,20,-0.0024,-0.0004,100.0,518.67,642.2,1588.67,1399.98,14.62,21.61,554.39,2388.05,9052.92,1.3,47.31,522.18,2388.07,8140.45,8.4112,0.03,393,2388,100.0,38.87,23.387,137,117,Early_Wear,85.4,0
70,21,-0.0019,-0.0002,100.0,518.67,642.45,1585.11,1399.8,14.62,21.61,553.99,2388.05,9063.67,1.3,47.29,521.93,2388.06,8142.48,8.4413,0.03,392,2388,100.0,38.88,23.3168,137,116,Early_Wear,84.67,0
70,22,0.0033,-0.0002,100.0,518.67,642.95,1591.54,1401.68,14.62,21.61,553.6,2388.08,9058.57,1.3,47.42,522.36,2388.12,8149.32,8.4137,0.03,393,2388,100.0,38.93,23.3991,137,115,Early_Wear,83.94,0
70,23,0.0011,-0.0,100.0,518.67,642.27,1583.38,1402.88,14.62,21.61,552.58,2388.07,9053.73,1.3,47.45,521.88,2388.06,8139.81,8.4397,0.03,396,2388,100.0,38.87,23.3694,137,114,Early_Wear,83.21,0
70,24,-0.001,0.0003,100.0,518.67,642.6,1590.89,1403.75,14.62,21.61,553.74,2388.04,9063.33,1.3,47.34,521.12,2388.02,8137.7,8.4395,0.03,392,2388,100.0,38.99,23.3001,137,113,Early_Wear,82.48,0
70,25,0.0,-0.0001,100.0,518.67,642.88,1585.1,1406.1,14.62,21.61,554.08,2388.05,9065.93,1.3,47.34,521.45,2388.1,8142.9,8.4418,0.03,394,2388,100.0,38.96,23.3368,137,112,Early_Wear,81.75,0
70,26,-0.0034,-0.0005,100.0,518.67,642.01,1584.22,1400.67,14.62,21.61,553.48,2388.06,9057.13,1.3,47.54,522.15,2388.09,8143.46,8.4692,0.03,393,2388,100.0,38.99,23.2544,137,111,Early_Wear,81.02,0
70,27,-0.002,-0.0001,100.0,518.67,642.6,1585.96,1402.31,14.62,21.61,553.96,2388.06,9058.97,1.3,47.39,521.72,2388.04,8142.78,8.4261,0.03,394,2388,100.0,38.88,23.318,137,110,Early_Wear,80.29,0
70,28,-0.0015,-0.0003,100.0,518.67,642.63,1595.78,1414.5,14.62,21.61,554.0,2388.08,9064.32,1.3,47.69,521.57,2388.04,8142.09,8.4058,0.03,393,2388,100.0,38.84,23.233,137,109,Early_Wear,79.56,0
70,29,-0.0002,0.0003,100.0,518.67,642.3,1585.03,1398.05,14.62,21.61,553.75,2388.07,9055.3,1.3,47.31,521.96,2388.08,8136.39,8.426,0.03,393,2388,100.0,38.86,23.2497,137,108,Early_Wear,78.83,0
70,30,0.0035,-0.0005,100.0,518.67,642.24,1587.35,1404.65,14.62,21.61,554.51,2388.06,9055.94,1.3,47.66,521.41,2388.05,8139.25,8.4254,0.03,393,2388,100.0,38.85,23.3391,137,107,Early_Wear,78.1,0
70,31,-0.0013,-0.0001,100.0,518.67,642.09,1588.25,1402.64,14.62,21.61,553.55,2388.09,9058.46,1.3,47.13,521.67,2388.02,8136.94,8.4026,0.03,394,2388,100.0,38.87,23.3706,137,106,Early_Wear,77.37,0
70,32,0.0019,0.0001,100.0,518.67,642.08,1593.15,1407.46,14.62,21.61,554.07,2388.08,9066.8,1.3,47.38,521.97,2388.04,8135.76,8.4255,0.03,393,2388,100.0,38.88,23.2503,137,105,Early_Wear,76.64,0
70,33,0.0038,-0.0004,100.0,518.67,642.72,1593.15,1403.41,14.62,21.61,553.71,2388.02,9060.73,1.3,47.44,520.97,2388.05,8148.16,8.3948,0.03,395,2388,100.0,38.79,23.2978,137,104,Early_Wear,75.91,0
70,34,-0.0013,-0.0005,100.0,518.67,642.33,1588.77,1405.29,14.62,21.61,553.91,2388.09,9055.98,1.3,47.44,521.32,2388.12,8141.99,8.3882,0.03,393,2388,100.0,38.89,23.3954,137,103,Early_Wear,75.18,0
70,35,-0.0056,-0.0003,100.0,518.67,642.18,1593.21,1406.66,14.62,21.61,553.53,2388.06,9068.78,1.3,47.48,521.59,2388.09,8140.61,8.4356,0.03,392,2388,100.0,38.83,23.3955,137,102,Early_Wear,74.45,0
70,36,0.0025,0.0001,100.0,518.67,642.7,1586.56,1401.61,14.62,21.61,554.39,2388.1,9064.54,1.3,47.51,521.5,2388.06,8141.45,8.399,0.03,391,2388,100.0,38.92,23.3391,137,101,Early_Wear,73.72,0
70,37,0.0009,0.0002,100.0,518.67,642.16,1585.26,1402.85,14.62,21.61,552.96,2388.09,9062.16,1.3,47.4,521.25,2388.03,8139.4,8.4246,0.03,392,2388,100.0,38.8,23.328,137,100,Early_Wear,72.99,0
70,38,0.0011,-0.0005,100.0,518.67,643.02,1582.33,1406.5,14.62,21.61,553.49,2388.14,9067.93,1.3,47.48,522.16,2388.06,8141.72,8.419,0.03,393,2388,100.0,38.79,23.3434,137,99,Early_Wear,72.26,0
70,39,-0.0041,0.0003,100.0,518.67,642.17,1592.36,1411.81,14.62,21.61,553.81,2388.06,9070.76,1.3,47.34,521.46,2388.08,8140.38,8.4603,0.03,394,2388,100.0,38.9,23.3002,137,98,Early_Wear,71.53,0
70,40,-0.0019,-0.0002,100.0,518.67,642.44,1585.76,1403.26,14.62,21.61,554.14,2388.11,9054.79,1.3,47.47,521.72,2388.12,8135.73,8.4497,0.03,392,2388,100.0,38.81,23.401,137,97,Early_Wear,70.8,0
70,41,-0.0003,0.0004,100.0,518.67,642.72,1592.16,1403.48,14.62,21.61,553.64,2388.1,9061.48,1.3,47.41,522.39,2388.05,8140.24,8.4312,0.03,393,2388,100.0,38.86,23.2675,137,96,Early_Wear,70.07,0
70,42,0.0016,0.0002,100.0,518.67,642.12,1581.07,1404.24,14.62,21.61,553.64,2388.08,9062.71,1.3,47.37,521.8,2388.08,8141.96,8.4318,0.03,394,2388,100.0,39.04,23.3231,137,95,Early_Wear,69.34,0
70,43,0.0048,-0.0004,100.0,518.67,642.88,1583.12,1400.31,14.62,21.61,553.37,2388.08,9053.02,1.3,47.36,521.47,2388.09,8139.84,8.4191,0.03,393,2388,100.0,39.1,23.3145,137,94,Early_Wear,68.61,0
70,44,-0.0004,0.0004,100.0,518.67,642.49,1587.92,1406.33,14.62,21.61,553.65,2388.07,9060.44,1.3,47.4,521.93,2388.07,8139.94,8.4028,0.03,392,2388,100.0,38.89,23.3264,137,93,Early_Wear,67.88,0
70,45,0.0003,-0.0003,100.0,518.67,642.38,1595.01,1411.33,14.62,21.61,553.26,2388.04,9064.89,1.3,47.44,521.66,2388.04,8136.24,8.4106,0.03,394,2388,100.0,38.81,23.3484,137,92,Early_Wear,67.15,0
70,46,0.0038,-0.0003,100.0,518.67,642.89,1581.0,1399.87,14.62,21.61,553.56,2388.07,9056.85,1.3,47.36,521.54,2388.06,8134.95,8.4595,0.03,393,2388,100.0,38.89,23.3055,137,91,Early_Wear,66.42,0
70,47,-0.0008,-0.0005,100.0,518.67,642.38,1587.43,1409.08,14.62,21.61,553.47,2388.08,9061.73,1.3,47.69,520.95,2388.11,8136.43,8.4365,0.03,393,2388,100.0,38.95,23.2599,137,90,Early_Wear,65.69,0
70,48,-0.0009,-0.0002,100.0,518.67,642.89,1589.04,1405.39,14.62,21.61,553.83,2388.07,9059.79,1.3,47.5,521.42,2388.06,8144.33,8.4039,0.03,393,2388,100.0,38.84,23.3366,137,89,Early_Wear,64.96,0
70,49,-0.0008,0.0,100.0,518.67,642.68,1581.38,1400.93,14.62,21.61,553.51,2388.07,9060.26,1.3,47.43,521.35,2388.09,8131.34,8.4548,0.03,392,2388,100.0,38.84,23.2824,137,88,Early_Wear,64.23,0
70,50,-0.0007,0.0001,100.0,518.67,642.66,1591.05,1399.28,14.62,21.61,553.91,2388.1,9063.27,1.3,47.32,521.97,2388.12,8139.12,8.4348,0.03,393,2388,100.0,38.84,23.2789,137,87,Early_Wear,63.5,0
71,1,0.0027,-0.0004,100.0,518.67,642.64,1581.95,1407.04,14.62,21.61,553.56,2388.11,9042.7,1.3,47.44,521.9,2388.13,8126.82,8.4372,0.03,391,2388,100.0,38.99,23.2399,208,207,Healthy,99.52,0
71,2,0.0029,-0.0003,100.0,518.67,642.82,1593.17,1403.53,14.62,21.61,553.22,2388.11,9040.58,1.3,47.56,521.24,2388.1,8124.84,8.4068,0.03,392,2388,100.0,38.85,23.2887,208,206,Healthy,99.04,0
71,3,0.0007,0.0003,100.0,518.67,642.5,1582.94,1402.54,14.62,21.61,553.7,2388.11,9044.49,1.3,47.62,521.85,2388.09,8123.24,8.4233,0.03,394,2388,100.0,38.92,23.3668,208,205,Healthy,98.56,0
71,4,-0.0014,0.0003,100.0,518.67,643.04,1584.9,1409.75,14.62,21.61,554.3,2388.14,9042.42,1.3,47.41,521.62,2388.08,8123.7,8.4352,0.03,392,2388,100.0,38.89,23.2722,208,204,Healthy,98.08,0
71,5,0.0015,0.0001,100.0,518.67,642.0,1587.63,1400.43,14.62,21.61,553.49,2388.09,9041.72,1.3,47.51,521.5,2388.04,8123.08,8.4395,0.03,393,2388,100.0,39.03,23.2896,208,203,Healthy,97.6,0
71,6,-0.0035,0.0002,100.0,518.67,642.57,1583.36,1407.16,14.62,21.61,553.27,2388.14,9043.13,1.3,47.25,521.5,2388.07,8127.31,8.4164,0.03,394,2388,100.0,38.86,23.2845,208,202,Healthy,97.12,0
71,7,-0.0025,-0.0003,100.0,518.67,641.74,1592.03,1404.49,14.62,21.61,554.5,2388.17,9044.52,1.3,47.37,521.3,2388.15,8123.34,8.4427,0.03,392,2388,100.0,39.05,23.3778,208,201,Healthy,96.63,0
71,8,-0.0013,0.0001,100.0,518.67,642.65,1586.46,1407.86,14.62,21.61,553.66,2388.12,9046.82,1.3,47.53,521.59,2388.06,8127.03,8.4843,0.03,394,2388,100.0,38.97,23.2339,208,200,Healthy,96.15,0
71,9,-0.0049,0.0004,100.0,518.67,642.1,1578.86,1402.6,14.62,21.61,553.17,2388.09,9040.99,1.3,47.32,521.92,2388.08,8130.55,8.458,0.03,393,2388,100.0,39.04,23.3987,208,199,Healthy,95.67,0
71,10,-0.0003,0.0,100.0,518.67,642.95,1593.6,1405.47,14.62,21.61,553.5,2388.1,9046.86,1.3,47.53,521.19,2388.1,8123.07,8.4249,0.03,392,2388,100.0,38.95,23.3315,208,198,Healthy,95.19,0
71,11,0.0008,-0.0002,100.0,518.67,642.71,1591.08,1404.42,14.62,21.61,553.6,2388.09,9042.41,1.3,47.41,521.62,2388.12,8126.62,8.4535,0.03,393,2388,100.0,38.75,23.2923,208,197,Healthy,94.71,0
71,12,-0.0014,0.0002,100.0,518.67,642.4,1585.72,1408.04,14.62,21.61,553.42,2388.09,9045.03,1.3,47.77,521.5,2388.12,8130.15,8.394,0.03,394,2388,100.0,38.81,23.3506,208,196,Healthy,94.23,0
71,13,-0.003,-0.0003,100.0,518.67,642.48,1595.78,1406.83,14.62,21.61,554.27,2388.06,9046.97,1.3,47.3,521.88,2388.11,8125.51,8.4321,0.03,393,2388,100.0,38.86,23.2711,208,195,Healthy,93.75,0
71,14,0.0052,0.0004,100.0,518.67,642.88,1591.51,1407.85,14.62,21.61,554.12,2388.1,9045.79,1.3,47.59,521.53,2388.08,8126.82,8.4061,0.03,394,2388,100.0,38.8,23.3946,208,194,Healthy,93.27,0
71,15,0.0029,0.0001,100.0,518.67,642.5,1589.43,1402.1,14.62,21.61,553.57,2388.16,9053.62,1.3,47.41,521.55,2388.08,8124.81,8.4393,0.03,392,2388,100.0,38.91,23.2595,208,193,Healthy,92.79,0
71,16,-0.0002,-0.0004,100.0,518.67,642.27,1584.32,1405.75,14.62,21.61,554.6,2388.15,9047.89,1.3,47.36,521.79,2388.11,8133.82,8.4362,0.03,391,2388,100.0,38.95,23.383,208,192,Healthy,92.31,0
71,17,-0.0002,0.0001,100.0,518.67,642.26,1583.56,1407.35,14.62,21.61,552.63,2388.11,9042.1,1.3,47.45,521.65,2388.1,8130.92,8.4675,0.03,394,2388,100.0,38.66,23.3009,208,191,Healthy,91.83,0
71,18,-0.001,0.0,100.0,518.67,642.49,1589.66,1406.81,14.62,21.61,552.97,2388.1,9042.79,1.3,47.37,521.55,2388.1,8130.06,8.4122,0.03,393,2388,100.0,38.67,23.275,208,190,Healthy,91.35,0
71,19,0.0002,0.0002,100.0,518.67,642.18,1585.28,1404.08,14.62,21.61,553.78,2388.11,9045.84,1.3,47.41,521.93,2388.08,8129.04,8.4377,0.03,392,2388,100.0,38.8,23.4691,208,189,Healthy,90.87,0
71,20,0.0001,0.0001,100.0,518.67,642.58,1587.06,1407.59,14.62,21.61,553.97,2388.08,9039.68,1.3,47.36,521.21,2388.05,8130.44,8.426,0.03,392,2388,100.0,39.06,23.4121,208,188,Healthy,90.38,0
71,21,-0.0032,-0.0,100.0,518.67,642.57,1588.62,1406.38,14.62,21.61,553.43,2388.14,9041.76,1.3,47.51,521.62,2388.04,8121.74,8.4088,0.03,392,2388,100.0,38.86,23.3571,208,187,Healthy,89.9,0
71,22,-0.0018,0.0,100.0,518.67,641.77,1591.11,1401.28,14.62,21.61,552.82,2388.08,9044.41,1.3,47.48,521.81,2388.13,8123.43,8.4186,0.03,393,2388,100.0,39.01,23.3477,208,186,Healthy,89.42,0
71,23,-0.0008,-0.0002,100.0,518.67,642.57,1591.09,1407.26,14.62,21.61,553.61,2388.11,9041.83,1.3,47.53,521.38,2388.11,8126.9,8.4058,0.03,393,2388,100.0,38.85,23.2845,208,185,Healthy,88.94,0
71,24,0.0004,-0.0004,100.0,518.67,642.58,1585.89,1405.28,14.62,21.61,552.67,2388.11,9046.73,1.3,47.53,521.65,2388.15,8126.19,8.3894,0.03,393,2388,100.0,38.74,23.3478,208,184,Healthy,88.46,0
71,25,0.0006,-0.0004,100.0,518.67,642.54,1594.72,1403.11,14.62,21.61,553.33,2388.13,9042.61,1.3,47.58,521.37,2388.09,8128.98,8.4402,0.03,394,2388,100.0,38.81,23.3354,208,183,Healthy,87.98,0
71,26,-0.0049,-0.0004,100.0,518.67,642.53,1588.38,1403.23,14.62,21.61,553.76,2388.14,9046.36,1.3,47.22,521.51,2388.11,8123.58,8.4541,0.03,394,2388,100.0,38.76,23.3465,208,182,Healthy,87.5,0
71,27,0.0015,-0.0002,100.0,518.67,642.88,1594.42,1406.95,14.62,21.61,553.71,2388.06,9048.93,1.3,47.57,521.0,2388.09,8127.53,8.4412,0.03,392,2388,100.0,39.0,23.3321,208,181,Healthy,87.02,0
71,28,0.0014,-0.0,100.0,518.67,643.08,1592.86,1412.13,14.62,21.61,553.9,2388.1,9048.17,1.3,47.55,521.7,2388.12,8123.3,8.4401,0.03,395,2388,100.0,38.86,23.2362,208,180,Healthy,86.54,0
71,29,-0.0022,-0.0003,100.0,518.67,642.67,1591.28,1396.89,14.62,21.61,553.46,2388.1,9044.72,1.3,47.55,521.7,2388.1,8125.86,8.4693,0.03,393,2388,100.0,38.73,23.265,208,179,Healthy,86.06,0
71,30,0.0033,0.0003,100.0,518.67,642.79,1585.03,1404.77,14.62,21.61,553.56,2388.09,9040.9,1.3,47.42,521.61,2388.07,8123.92,8.4492,0.03,391,2388,100.0,38.8,23.3872,208,178,Healthy,85.58,0
71,31,-0.0013,0.0002,100.0,518.67,642.24,1585.04,1400.9,14.62,21.61,552.71,2388.14,9042.61,1.3,47.55,520.85,2388.12,8130.8,8.4392,0.03,393,2388,100.0,38.87,23.3666,208,177,Healthy,85.1,0
71,32,-0.0036,-0.0002,100.0,518.67,641.9,1595.55,1404.59,14.62,21.61,554.32,2388.12,9043.73,1.3,47.58,521.5,2388.14,8120.29,8.4725,0.03,393,2388,100.0,38.58,23.3132,208,176,Healthy,84.62,0
71,33,0.0024,0.0002,100.0,518.67,642.36,1586.39,1408.79,14.62,21.61,553.76,2388.14,9042.0,1.3,47.5,521.88,2388.08,8131.86,8.4183,0.03,393,2388,100.0,38.91,23.2622,208,175,Healthy,84.13,0
71,34,0.0006,0.0001,100.0,518.67,642.7,1585.04,1410.58,14.62,21.61,552.91,2388.12,9043.82,1.3,47.33,521.7,2388.09,8121.42,8.4295,0.03,393,2388,100.0,38.93,23.4082,208,174,Healthy,83.65,0
71,35,0.0004,0.0002,100.0,518.67,642.9,1591.38,1409.9,14.62,21.61,554.01,2388.1,9039.9,1.3,47.44,521.32,2388.11,8120.92,8.409,0.03,392,2388,100.0,38.93,23.3789,208,173,Healthy,83.17,0
71,36,0.0031,0.0002,100.0,518.67,642.42,1589.45,1406.38,14.62,21.61,553.23,2388.11,9050.2,1.3,47.45,521.45,2388.08,8130.55,8.3942,0.03,393,2388,100.0,38.92,23.2084,208,172,Healthy,82.69,0
71,37,0.0041,-0.0001,100.0,518.67,642.5,1587.32,1407.48,14.62,21.61,553.49,2388.07,9046.58,1.3,47.51,521.39,2388.07,8122.69,8.4446,0.03,393,2388,100.0,38.76,23.3241,208,171,Healthy,82.21,0
71,38,0.001,0.0004,100.0,518.67,642.88,1582.03,1403.44,14.62,21.61,553.16,2388.1,9042.95,1.3,47.46,521.8,2388.07,8125.66,8.4378,0.03,393,2388,100.0,38.82,23.3434,208,170,Healthy,81.73,0
71,39,0.0038,0.0002,100.0,518.67,642.75,1588.93,1407.7,14.62,21.61,553.84,2388.05,9053.44,1.3,47.52,521.26,2388.11,8131.34,8.4379,0.03,392,2388,100.0,39.05,23.3024,208,169,Healthy,81.25,0
71,40,0.0015,0.0003,100.0,518.67,642.46,1590.25,1414.42,14.62,21.61,553.71,2388.15,9046.35,1.3,47.38,521.6,2388.15,8125.29,8.4088,0.03,393,2388,100.0,38.88,23.3635,208,168,Healthy,80.77,0
71,41,-0.0012,-0.0004,100.0,518.67,643.09,1582.02,1409.96,14.62,21.61,553.39,2388.13,9039.42,1.3,47.48,521.22,2388.07,8125.79,8.4373,0.03,393,2388,100.0,38.8,23.331,208,167,Healthy,80.29,0
71,42,-0.004,-0.0002,100.0,518.67,642.58,1585.54,1400.4,14.62,21.61,553.25,2388.12,9044.24,1.3,47.44,521.42,2388.16,8124.06,8.428,0.03,393,2388,100.0,38.78,23.3256,208,166,Healthy,79.81,0
71,43,0.0016,-0.0004,100.0,518.67,641.93,1591.89,1405.3,14.62,21.61,553.38,2388.12,9042.69,1.3,47.56,520.86,2388.1,8123.95,8.4332,0.03,392,2388,100.0,38.66,23.3316,208,165,Healthy,79.33,0
71,44,-0.003,0.0002,100.0,518.67,642.48,1586.16,1402.2,14.62,21.61,553.21,2388.16,9036.6,1.3,47.46,521.97,2388.08,8130.67,8.4096,0.03,392,2388,100.0,38.86,23.3725,208,164,Healthy,78.85,0
71,45,-0.004,0.0003,100.0,518.67,642.66,1590.3,1406.75,14.62,21.61,553.45,2388.15,9058.66,1.3,47.46,521.05,2388.08,8129.0,8.4638,0.03,392,2388,100.0,38.78,23.3037,208,163,Healthy,78.37,0
71,46,-0.0007,-0.0003,100.0,518.67,642.79,1587.82,1406.88,14.62,21.61,554.13,2388.06,9050.81,1.3,47.47,521.64,2388.1,8125.93,8.3941,0.03,394,2388,100.0,39.0,23.2368,208,162,Healthy,77.88,0
71,47,0.0007,0.0004,100.0,518.67,643.19,1588.74,1409.24,14.62,21.61,553.76,2388.11,9043.26,1.3,47.46,521.42,2388.08,8127.46,8.4683,0.03,391,2388,100.0,38.87,23.2403,208,161,Healthy,77.4,0
71,48,0.0025,0.0001,100.0,518.67,642.72,1589.79,1406.0,14.62,21.61,553.34,2388.08,9036.99,1.3,47.46,521.58,2388.11,8134.82,8.4379,0.03,393,2388,100.0,38.82,23.391,208,160,Healthy,76.92,0
71,49,-0.0016,-0.0001,100.0,518.67,642.52,1589.46,1398.52,14.62,21.61,553.58,2388.08,9047.41,1.3,47.49,521.62,2388.15,8124.52,8.4484,0.03,393,2388,100.0,38.75,23.3431,208,159,Healthy,76.44,0
71,50,-0.0011,0.0003,100.0,518.67,642.29,1593.44,1399.15,14.62,21.61,554.48,2388.15,9051.73,1.3,47.71,521.67,2388.09,8130.54,8.4348,0.03,393,2388,100.0,38.95,23.3188,208,158,Healthy,75.96,0
72,1,-0.0009,0.0004,100.0,518.67,642.76,1581.27,1397.98,14.62,21.61,554.28,2388.09,9051.07,1.3,47.44,522.4,2388.1,8138.35,8.4426,0.03,392,2388,100.0,38.91,23.3684,213,212,Healthy,99.53,0
72,2,0.0023,-0.0,100.0,518.67,642.53,1591.31,1405.73,14.62,21.61,553.7,2388.06,9044.57,1.3,47.34,521.82,2388.12,8125.46,8.4252,0.03,393,2388,100.0,39.15,23.4285,213,211,Healthy,99.06,0
72,3,0.0,0.0001,100.0,518.67,642.39,1588.19,1402.37,14.62,21.61,553.84,2388.04,9043.02,1.3,47.39,521.66,2388.05,8127.28,8.4303,0.03,393,2388,100.0,38.99,23.3593,213,210,Healthy,98.59,0
72,4,-0.0038,-0.0005,100.0,518.67,642.31,1581.9,1394.32,14.62,21.61,554.53,2388.1,9048.48,1.3,47.37,521.9,2388.08,8132.76,8.4618,0.03,392,2388,100.0,38.91,23.3359,213,209,Healthy,98.12,0
72,5,0.0006,-0.0004,100.0,518.67,642.87,1583.99,1400.95,14.62,21.61,554.53,2388.06,9046.92,1.3,47.48,522.12,2388.05,8126.61,8.3926,0.03,393,2388,100.0,38.86,23.4376,213,208,Healthy,97.65,0
72,6,0.0027,-0.0005,100.0,518.67,642.14,1597.17,1405.86,14.62,21.61,554.15,2388.06,9044.78,1.3,47.35,521.95,2388.09,8127.16,8.3984,0.03,393,2388,100.0,39.01,23.2852,213,207,Healthy,97.18,0
72,7,0.0007,0.0001,100.0,518.67,641.95,1584.41,1402.77,14.62,21.61,554.66,2388.08,9050.46,1.3,47.51,521.93,2388.06,8122.99,8.4395,0.03,393,2388,100.0,38.97,23.3341,213,206,Healthy,96.71,0
72,8,0.0014,0.0004,100.0,518.67,642.33,1586.74,1407.47,14.62,21.61,553.55,2388.08,9042.84,1.3,47.36,521.95,2388.12,8128.17,8.4101,0.03,391,2388,100.0,38.89,23.199,213,205,Healthy,96.24,0
72,9,0.0002,0.0002,100.0,518.67,642.25,1590.21,1394.7,14.62,21.61,553.39,2388.11,9043.22,1.3,47.46,522.02,2388.06,8127.26,8.3678,0.03,394,2388,100.0,39.01,23.5178,213,204,Healthy,95.77,0
72,10,-0.0005,-0.0005,100.0,518.67,642.27,1589.65,1398.02,14.62,21.61,553.59,2388.05,9042.12,1.3,47.4,521.61,2388.08,8132.72,8.4002,0.03,391,2388,100.0,39.03,23.2579,213,203,Healthy,95.31,0
72,11,-0.0025,0.0002,100.0,518.67,642.41,1586.85,1401.16,14.62,21.6,553.57,2388.09,9048.78,1.3,47.36,521.89,2388.04,8130.97,8.4067,0.03,393,2388,100.0,38.91,23.4331,213,202,Healthy,94.84,0
72,12,-0.0033,-0.0001,100.0,518.67,642.54,1588.43,1406.14,14.62,21.61,553.56,2388.09,9036.03,1.3,47.15,521.64,2388.11,8126.57,8.4262,0.03,393,2388,100.0,38.92,23.383,213,201,Healthy,94.37,0
72,13,-0.0014,0.0004,100.0,518.67,642.59,1582.37,1406.9,14.62,21.61,554.34,2388.02,9041.84,1.3,47.35,522.25,2388.07,8132.11,8.4279,0.03,394,2388,100.0,38.98,23.3475,213,200,Healthy,93.9,0
72,14,0.0024,0.0003,100.0,518.67,642.65,1582.83,1398.62,14.62,21.61,554.17,2388.03,9039.92,1.3,47.27,522.01,2388.1,8124.11,8.4332,0.03,393,2388,100.0,39.14,23.4272,213,199,Healthy,93.43,0
72,15,-0.0003,0.0001,100.0,518.67,642.11,1582.02,1406.85,14.62,21.61,553.75,2388.1,9044.48,1.3,47.2,521.85,2388.06,8125.89,8.4046,0.03,393,2388,100.0,38.93,23.4104,213,198,Healthy,92.96,0
72,16,-0.001,-0.0004,100.0,518.67,642.44,1584.99,1398.83,14.62,21.61,554.27,2388.12,9048.1,1.3,47.37,522.27,2388.08,8131.76,8.4219,0.03,393,2388,100.0,38.98,23.3591,213,197,Healthy,92.49,0
72,17,0.0004,0.0,100.0,518.67,642.36,1589.92,1403.61,14.62,21.61,553.41,2388.07,9051.21,1.3,47.39,522.01,2388.11,8129.09,8.4115,0.03,392,2388,100.0,38.92,23.2839,213,196,Healthy,92.02,0
72,18,0.001,0.0003,100.0,518.67,642.33,1589.33,1396.85,14.62,21.61,554.96,2388.07,9038.26,1.3,47.33,521.78,2388.05,8126.71,8.4167,0.03,390,2388,100.0,38.96,23.3844,213,195,Healthy,91.55,0
72,19,0.0003,0.0004,100.0,518.67,642.01,1587.78,1406.67,14.62,21.61,553.59,2388.12,9049.94,1.3,47.39,522.17,2388.01,8128.29,8.3752,0.03,393,2388,100.0,39.07,23.3562,213,194,Healthy,91.08,0
72,20,0.0014,-0.0004,100.0,518.67,642.5,1584.24,1406.74,14.62,21.61,553.94,2388.11,9039.54,1.3,47.36,521.94,2388.06,8123.21,8.4223,0.03,392,2388,100.0,38.88,23.4481,213,193,Healthy,90.61,0
72,21,0.0006,0.0001,100.0,518.67,642.96,1588.49,1404.55,14.62,21.61,553.81,2388.08,9040.26,1.3,47.36,521.95,2388.07,8129.09,8.3464,0.03,392,2388,100.0,38.92,23.355,213,192,Healthy,90.14,0
72,22,0.0005,0.0002,100.0,518.67,642.25,1588.6,1400.56,14.62,21.61,554.38,2388.06,9048.04,1.3,47.33,521.86,2388.07,8122.19,8.4283,0.03,393,2388,100.0,39.05,23.3009,213,191,Healthy,89.67,0
72,23,0.0018,0.0005,100.0,518.67,641.93,1587.37,1397.45,14.62,21.61,554.29,2388.09,9040.22,1.3,47.31,521.53,2388.07,8123.78,8.4254,0.03,392,2388,100.0,38.88,23.4429,213,190,Healthy,89.2,0
72,24,-0.0011,0.0,100.0,518.67,642.43,1586.5,1404.68,14.62,21.61,553.3,2388.05,9034.47,1.3,47.34,521.54,2388.12,8125.96,8.3948,0.03,392,2388,100.0,38.99,23.3997,213,189,Healthy,88.73,0
72,25,-0.0011,-0.0001,100.0,518.67,642.42,1590.4,1400.09,14.62,21.61,554.02,2388.05,9046.14,1.3,47.24,522.16,2388.05,8128.16,8.4113,0.03,391,2388,100.0,38.99,23.2881,213,188,Healthy,88.26,0
72,26,-0.0025,0.0003,100.0,518.67,642.0,1588.33,1397.69,14.62,21.61,553.72,2388.1,9042.53,1.3,47.36,521.65,2388.09,8129.31,8.4462,0.03,392,2388,100.0,38.9,23.3184,213,187,Healthy,87.79,0
72,27,-0.0012,-0.0003,100.0,518.67,642.36,1581.79,1394.42,14.62,21.61,553.32,2388.1,9045.68,1.3,47.14,522.48,2388.07,8132.3,8.4074,0.03,391,2388,100.0,38.95,23.3493,213,186,Healthy,87.32,0
72,28,0.0016,0.0001,100.0,518.67,642.53,1584.49,1403.61,14.62,21.61,553.81,2388.0,9042.31,1.3,47.26,521.84,2388.12,8125.23,8.4021,0.03,392,2388,100.0,38.95,23.4271,213,185,Healthy,86.85,0
72,29,0.0016,-0.0003,100.0,518.67,642.51,1589.28,1405.87,14.62,21.61,554.03,2388.06,9040.91,1.3,47.57,521.69,2388.1,8122.38,8.4303,0.03,392,2388,100.0,39.05,23.3153,213,184,Healthy,86.38,0
72,30,0.0016,-0.0002,100.0,518.67,642.11,1586.93,1402.73,14.62,21.61,553.7,2388.11,9047.02,1.3,47.34,522.75,2388.08,8131.0,8.4429,0.03,393,2388,100.0,38.66,23.4715,213,183,Healthy,85.92,0
72,31,-0.0011,0.0002,100.0,518.67,642.3,1587.02,1404.26,14.62,21.61,553.96,2388.07,9044.3,1.3,47.29,521.85,2388.07,8126.27,8.405,0.03,393,2388,100.0,38.89,23.3778,213,182,Healthy,85.45,0
72,32,0.0033,0.0003,100.0,518.67,642.19,1587.69,1396.31,14.62,21.61,554.48,2388.04,9051.96,1.3,47.51,522.44,2388.07,8128.89,8.4423,0.03,394,2388,100.0,39.02,23.4478,213,181,Healthy,84.98,0
72,33,-0.0009,-0.0003,100.0,518.67,642.39,1585.1,1402.5,14.62,21.61,553.96,2388.08,9053.0,1.3,47.34,522.2,2388.11,8127.01,8.424,0.03,392,2388,100.0,38.87,23.3164,213,180,Healthy,84.51,0
72,34,0.0001,-0.0004,100.0,518.67,642.14,1589.84,1399.16,14.62,21.61,553.19,2388.04,9044.22,1.3,47.18,521.83,2388.07,8127.87,8.4196,0.03,392,2388,100.0,38.98,23.3288,213,179,Healthy,84.04,0
72,35,-0.003,-0.0,100.0,518.67,642.44,1583.5,1400.21,14.62,21.61,553.45,2388.06,9047.24,1.3,47.34,522.65,2388.06,8128.54,8.4139,0.03,392,2388,100.0,39.06,23.3642,213,178,Healthy,83.57,0
72,36,0.0004,0.0002,100.0,518.67,642.63,1589.33,1396.31,14.62,21.61,554.17,2388.12,9039.26,1.3,47.19,522.06,2388.09,8130.58,8.4413,0.03,392,2388,100.0,38.91,23.3404,213,177,Healthy,83.1,0
72,37,0.0039,-0.0001,100.0,518.67,642.05,1587.82,1403.74,14.62,21.61,553.58,2388.1,9046.0,1.3,47.48,521.91,2388.13,8129.59,8.4177,0.03,393,2388,100.0,38.93,23.4735,213,176,Healthy,82.63,0
72,38,-0.0018,-0.0002,100.0,518.67,642.5,1580.28,1400.0,14.62,21.61,553.94,2388.08,9047.28,1.3,47.24,522.06,2388.05,8128.05,8.4208,0.03,391,2388,100.0,38.84,23.3409,213,175,Healthy,82.16,0
72,39,0.0031,-0.0002,100.0,518.67,642.37,1579.68,1404.16,14.62,21.61,553.58,2388.08,9044.56,1.3,47.3,522.25,2388.1,8125.66,8.43,0.03,392,2388,100.0,38.95,23.3556,213,174,Healthy,81.69,0
72,40,-0.0023,0.0,100.0,518.67,642.56,1581.44,1401.99,14.62,21.61,554.12,2388.08,9040.77,1.3,47.32,521.79,2388.05,8126.72,8.4294,0.03,391,2388,100.0,38.92,23.3841,213,173,Healthy,81.22,0
72,41,-0.0016,0.0001,100.0,518.67,643.12,1579.11,1399.01,14.62,21.61,554.18,2388.08,9047.53,1.3,47.34,521.77,2388.02,8126.76,8.3696,0.03,392,2388,100.0,38.97,23.3317,213,172,Healthy,80.75,0
72,42,-0.0008,0.0002,100.0,518.67,642.03,1585.93,1397.02,14.62,21.61,553.96,2388.04,9053.36,1.3,47.45,521.48,2388.04,8132.35,8.4466,0.03,393,2388,100.0,39.07,23.2882,213,171,Healthy,80.28,0
72,43,0.0007,-0.0003,100.0,518.67,642.4,1582.59,1404.01,14.62,21.61,553.59,2388.08,9044.36,1.3,47.27,521.74,2388.06,8124.44,8.4017,0.03,391,2388,100.0,38.95,23.3261,213,170,Healthy,79.81,0
72,44,0.0015,-0.0001,100.0,518.67,641.88,1589.27,1404.09,14.62,21.61,553.75,2388.11,9046.16,1.3,47.23,521.32,2388.12,8125.38,8.4197,0.03,393,2388,100.0,39.0,23.335,213,169,Healthy,79.34,0
72,45,-0.0015,-0.0001,100.0,518.67,642.54,1591.29,1403.36,14.62,21.61,553.76,2388.11,9044.07,1.3,47.45,521.63,2388.1,8125.28,8.4237,0.03,392,2388,100.0,38.96,23.3563,213,168,Healthy,78.87,0
72,46,0.0023,-0.0001,100.0,518.67,643.17,1586.89,1404.33,14.62,21.61,554.05,2388.01,9045.6,1.3,47.23,521.88,2388.09,8134.12,8.3975,0.03,392,2388,100.0,38.89,23.3192,213,167,Healthy,78.4,0
72,47,-0.0011,-0.0005,100.0,518.67,642.39,1587.82,1402.83,14.62,21.61,553.9,2388.07,9048.02,1.3,47.28,521.67,2388.04,8127.18,8.4199,0.03,389,2388,100.0,39.1,23.3764,213,166,Healthy,77.93,0
72,48,0.0001,-0.0004,100.0,518.67,642.57,1595.62,1402.47,14.62,21.61,553.98,2388.04,9053.25,1.3,47.27,522.08,2388.07,8129.58,8.4369,0.03,392,2388,100.0,38.82,23.4053,213,165,Healthy,77.46,0
72,49,-0.0023,-0.0004,100.0,518.67,642.5,1589.34,1404.59,14.62,21.61,553.55,2388.08,9042.74,1.3,47.45,521.83,2388.08,8128.88,8.3987,0.03,393,2388,100.0,38.88,23.3656,213,164,Healthy,77.0,0
72,50,0.0027,-0.0003,100.0,518.67,642.44,1591.92,1403.72,14.62,21.61,554.1,2388.03,9043.58,1.3,47.39,522.08,2388.07,8126.92,8.4025,0.03,392,2388,100.0,38.97,23.4179,213,163,Healthy,76.53,0
73,1,0.0032,0.0005,100.0,518.67,642.84,1591.37,1408.94,14.62,21.61,553.29,2388.15,9042.35,1.3,47.46,521.26,2388.11,8122.12,8.4092,0.03,394,2388,100.0,38.72,23.2402,213,212,Healthy,99.53,0
73,2,-0.0055,-0.0003,100.0,518.67,642.46,1594.55,1415.22,14.62,21.61,553.17,2388.15,9043.79,1.3,47.57,521.06,2388.14,8120.45,8.4365,0.03,393,2388,100.0,38.85,23.2368,213,211,Healthy,99.06,0
73,3,-0.0004,0.0003,100.0,518.67,642.78,1593.6,1411.45,14.62,21.61,553.06,2388.14,9039.49,1.3,47.48,521.34,2388.1,8124.08,8.4456,0.03,392,2388,100.0,38.86,23.3427,213,210,Healthy,98.59,0
73,4,-0.0022,0.0003,100.0,518.67,643.02,1596.5,1403.71,14.62,21.61,552.7,2388.16,9041.15,1.3,47.47,521.37,2388.13,8119.63,8.4621,0.03,392,2388,100.0,38.86,23.2171,213,209,Healthy,98.12,0
73,5,0.0024,-0.0004,100.0,518.67,643.26,1586.44,1410.37,14.62,21.61,553.29,2388.1,9042.72,1.3,47.7,520.99,2388.1,8121.89,8.4456,0.03,392,2388,100.0,38.77,23.2411,213,208,Healthy,97.65,0
73,6,-0.0005,0.0004,100.0,518.67,642.57,1596.68,1414.12,14.62,21.61,553.15,2388.16,9038.84,1.3,47.48,521.04,2388.17,8117.73,8.4794,0.03,393,2388,100.0,38.84,23.3956,213,207,Healthy,97.18,0
73,7,-0.0025,0.0005,100.0,518.67,642.47,1593.01,1409.35,14.62,21.61,553.1,2388.13,9037.0,1.3,47.61,521.21,2388.11,8122.62,8.4211,0.03,394,2388,100.0,38.66,23.3231,213,206,Healthy,96.71,0
73,8,0.004,-0.0,100.0,518.67,642.54,1586.11,1402.54,14.62,21.61,553.86,2388.14,9035.87,1.3,47.69,520.85,2388.1,8122.84,8.4295,0.03,393,2388,100.0,38.94,23.1835,213,205,Healthy,96.24,0
73,9,0.0007,-0.0,100.0,518.67,642.89,1587.95,1413.17,14.62,21.61,553.22,2388.12,9037.08,1.3,47.53,521.38,2388.09,8121.09,8.4535,0.03,392,2388,100.0,38.94,23.3646,213,204,Healthy,95.77,0
73,10,0.0007,0.0003,100.0,518.67,643.07,1586.84,1415.07,14.62,21.61,553.0,2388.19,9040.87,1.3,47.44,521.0,2388.1,8122.34,8.4523,0.03,392,2388,100.0,38.92,23.3222,213,203,Healthy,95.31,0
73,11,0.0002,-0.0002,100.0,518.67,641.94,1594.56,1407.69,14.62,21.61,552.68,2388.19,9042.28,1.3,47.56,521.14,2388.11,8118.56,8.4535,0.03,394,2388,100.0,38.74,23.3484,213,202,Healthy,94.84,0
73,12,0.0041,0.0002,100.0,518.67,642.55,1586.23,1402.49,14.62,21.61,553.5,2388.13,9045.61,1.3,47.67,521.16,2388.17,8123.72,8.4598,0.03,393,2388,100.0,38.87,23.2067,213,201,Healthy,94.37,0
73,13,0.0012,-0.0,100.0,518.67,642.84,1592.06,1411.63,14.62,21.61,552.72,2388.12,9041.59,1.3,47.56,521.05,2388.15,8121.57,8.4603,0.03,393,2388,100.0,38.77,23.2815,213,200,Healthy,93.9,0
73,14,-0.0006,0.0002,100.0,518.67,642.39,1587.75,1413.79,14.62,21.61,553.21,2388.15,9046.06,1.3,47.53,521.09,2388.13,8115.13,8.4211,0.03,391,2388,100.0,38.71,23.2478,213,199,Healthy,93.43,0
73,15,0.0018,-0.0002,100.0,518.67,642.47,1589.55,1407.19,14.62,21.61,553.65,2388.15,9046.94,1.3,47.58,521.06,2388.13,8122.33,8.4465,0.03,393,2388,100.0,38.67,23.2624,213,198,Healthy,92.96,0
73,16,0.0016,-0.0002,100.0,518.67,642.42,1592.53,1409.25,14.62,21.61,552.41,2388.15,9045.1,1.3,47.57,521.06,2388.13,8125.62,8.4386,0.03,392,2388,100.0,38.9,23.2383,213,197,Healthy,92.49,0
73,17,0.0002,-0.0002,100.0,518.67,642.82,1593.18,1404.47,14.62,21.61,552.9,2388.1,9040.44,1.3,47.49,521.73,2388.16,8125.12,8.4128,0.03,392,2388,100.0,38.75,23.3393,213,196,Healthy,92.02,0
73,18,-0.0025,0.0002,100.0,518.67,642.65,1599.46,1413.79,14.62,21.61,553.46,2388.11,9040.59,1.3,47.63,520.85,2388.18,8124.0,8.4642,0.03,393,2388,100.0,38.78,23.3479,213,195,Healthy,91.55,0
73,19,0.0006,-0.0002,100.0,518.67,642.64,1598.26,1409.78,14.62,21.61,553.41,2388.22,9043.35,1.3,47.53,520.68,2388.1,8120.0,8.4464,0.03,393,2388,100.0,38.67,23.216,213,194,Healthy,91.08,0
73,20,0.0022,-0.0002,100.0,518.67,642.59,1589.01,1406.02,14.62,21.61,553.29,2388.2,9044.56,1.3,47.63,521.4,2388.19,8123.19,8.4223,0.03,393,2388,100.0,39.07,23.3653,213,193,Healthy,90.61,0
73,21,0.0001,-0.0002,100.0,518.67,642.45,1591.56,1404.15,14.62,21.61,553.36,2388.08,9044.77,1.3,47.48,521.11,2388.13,8123.38,8.4234,0.03,394,2388,100.0,38.75,23.2525,213,192,Healthy,90.14,0
73,22,0.0006,-0.0002,100.0,518.67,642.52,1586.43,1414.03,14.62,21.61,553.42,2388.09,9039.8,1.3,47.44,521.66,2388.13,8128.66,8.4472,0.03,393,2388,100.0,38.86,23.2328,213,191,Healthy,89.67,0
73,23,0.002,-0.0001,100.0,518.67,642.83,1592.5,1405.53,14.62,21.61,553.58,2388.11,9037.24,1.3,47.45,521.2,2388.18,8117.7,8.449,0.03,393,2388,100.0,38.96,23.3368,213,190,Healthy,89.2,0
73,24,0.0003,-0.0004,100.0,518.67,642.84,1585.04,1411.79,14.62,21.61,552.36,2388.2,9038.38,1.3,47.45,521.83,2388.15,8118.39,8.4488,0.03,394,2388,100.0,38.87,23.3439,213,189,Healthy,88.73,0
73,25,-0.0024,-0.0,100.0,518.67,642.58,1592.64,1403.69,14.62,21.61,553.48,2388.19,9039.91,1.3,47.5,521.77,2388.14,8126.42,8.4562,0.03,394,2388,100.0,38.74,23.4097,213,188,Healthy,88.26,0
73,26,0.0004,-0.0005,100.0,518.67,642.24,1589.12,1412.92,14.62,21.61,553.06,2388.08,9042.75,1.3,47.39,521.46,2388.13,8125.87,8.4508,0.03,393,2388,100.0,38.78,23.3176,213,187,Healthy,87.79,0
73,27,0.0027,0.0,100.0,518.67,642.65,1586.44,1412.94,14.62,21.61,552.82,2388.12,9040.4,1.3,47.5,521.43,2388.17,8127.22,8.4313,0.03,393,2388,100.0,38.84,23.2456,213,186,Healthy,87.32,0
73,28,-0.0023,-0.0001,100.0,518.67,642.78,1585.79,1409.27,14.62,21.61,553.75,2388.19,9042.83,1.3,47.61,521.21,2388.13,8125.33,8.4441,0.03,393,2388,100.0,38.91,23.1593,213,185,Healthy,86.85,0
73,29,-0.001,-0.0003,100.0,518.67,642.73,1591.95,1410.52,14.62,21.61,553.18,2388.15,9039.79,1.3,47.6,520.65,2388.13,8126.51,8.4318,0.03,393,2388,100.0,38.96,23.2469,213,184,Healthy,86.38,0
73,30,0.0031,0.0001,100.0,518.67,642.65,1584.84,1408.8,14.62,21.61,552.56,2388.16,9041.55,1.3,47.6,520.83,2388.14,8120.81,8.4135,0.03,393,2388,100.0,38.78,23.3942,213,183,Healthy,85.92,0
73,31,-0.0029,-0.0003,100.0,518.67,642.87,1588.28,1406.67,14.62,21.61,553.08,2388.19,9043.48,1.3,47.8,521.63,2388.14,8124.02,8.4248,0.03,392,2388,100.0,38.89,23.3662,213,182,Healthy,85.45,0
73,32,-0.0016,0.0002,100.0,518.67,643.1,1589.41,1404.87,14.62,21.61,553.18,2388.12,9043.1,1.3,47.54,521.52,2388.13,8123.34,8.4438,0.03,392,2388,100.0,38.81,23.3359,213,181,Healthy,84.98,0
73,33,0.0021,-0.0002,100.0,518.67,642.55,1587.23,1412.66,14.62,21.61,553.64,2388.14,9043.12,1.3,47.56,520.96,2388.15,8132.11,8.4309,0.03,391,2388,100.0,38.86,23.2887,213,180,Healthy,84.51,0
73,34,-0.0018,-0.0002,100.0,518.67,642.36,1593.64,1411.79,14.62,21.61,553.93,2388.07,9046.43,1.3,47.55,521.74,2388.13,8125.27,8.437,0.03,395,2388,100.0,38.85,23.2974,213,179,Healthy,84.04,0
73,35,-0.0,-0.0003,100.0,518.67,642.47,1587.35,1406.13,14.62,21.61,553.62,2388.09,9041.47,1.3,47.6,521.24,2388.14,8119.64,8.4741,0.03,394,2388,100.0,38.77,23.3597,213,178,Healthy,83.57,0
73,36,0.0001,-0.0003,100.0,518.67,643.13,1584.84,1397.25,14.62,21.61,553.31,2388.12,9039.88,1.3,47.59,521.33,2388.15,8116.17,8.4505,0.03,394,2388,100.0,38.9,23.1933,213,177,Healthy,83.1,0
73,37,0.0006,-0.0002,100.0,518.67,642.83,1587.91,1414.6,14.62,21.61,553.35,2388.2,9041.17,1.3,47.51,521.4,2388.15,8124.5,8.45,0.03,393,2388,100.0,38.64,23.3026,213,176,Healthy,82.63,0
73,38,-0.0036,0.0,100.0,518.67,642.58,1598.22,1413.7,14.62,21.61,552.57,2388.16,9042.23,1.3,47.4,521.07,2388.14,8120.11,8.4316,0.03,393,2388,100.0,38.73,23.2314,213,175,Healthy,82.16,0
73,39,0.0011,-0.0001,100.0,518.67,642.74,1586.76,1412.99,14.62,21.61,553.65,2388.16,9038.31,1.3,47.69,520.27,2388.11,8119.99,8.4554,0.03,392,2388,100.0,39.02,23.3392,213,174,Healthy,81.69,0
73,40,-0.001,-0.0002,100.0,518.67,642.6,1590.17,1410.02,14.62,21.61,553.01,2388.13,9043.54,1.3,47.55,522.01,2388.16,8119.83,8.4762,0.03,393,2388,100.0,38.83,23.3191,213,173,Healthy,81.22,0
73,41,-0.0035,0.0004,100.0,518.67,642.76,1588.2,1412.26,14.62,21.61,553.35,2388.11,9039.83,1.3,47.6,521.15,2388.16,8118.07,8.4326,0.03,394,2388,100.0,38.75,23.3459,213,172,Healthy,80.75,0
73,42,-0.0019,-0.0003,100.0,518.67,642.83,1587.98,1409.48,14.62,21.61,553.2,2388.18,9032.56,1.3,47.58,521.17,2388.08,8114.5,8.4846,0.03,393,2388,100.0,38.87,23.3298,213,171,Healthy,80.28,0
73,43,-0.0005,-0.0002,100.0,518.67,642.8,1585.52,1410.93,14.62,21.61,552.99,2388.15,9034.24,1.3,47.71,521.49,2388.12,8123.58,8.4483,0.03,392,2388,100.0,38.83,23.3065,213,170,Healthy,79.81,0
73,44,-0.0024,-0.0002,100.0,518.67,642.47,1592.69,1403.67,14.62,21.61,553.35,2388.16,9047.36,1.3,47.6,521.22,2388.18,8119.02,8.446,0.03,393,2388,100.0,38.75,23.2675,213,169,Healthy,79.34,0
73,45,0.0001,0.0004,100.0,518.67,642.71,1592.13,1408.74,14.62,21.61,553.11,2388.11,9040.78,1.3,47.78,521.33,2388.12,8125.44,8.4545,0.03,393,2388,100.0,38.89,23.1831,213,168,Healthy,78.87,0
73,46,0.0012,0.0004,100.0,518.67,642.4,1593.68,1408.65,14.62,21.61,553.46,2388.16,9039.16,1.3,47.55,521.35,2388.15,8122.66,8.4596,0.03,393,2388,100.0,38.83,23.3397,213,167,Healthy,78.4,0
73,47,-0.0012,-0.0001,100.0,518.67,642.52,1596.73,1409.98,14.62,21.61,553.49,2388.15,9040.61,1.3,47.61,521.16,2388.14,8122.14,8.4817,0.03,393,2388,100.0,38.9,23.272,213,166,Healthy,77.93,0
73,48,-0.0026,0.0003,100.0,518.67,642.86,1596.82,1415.77,14.62,21.61,552.71,2388.11,9043.34,1.3,47.42,521.83,2388.16,8122.59,8.4433,0.03,395,2388,100.0,38.86,23.2784,213,165,Healthy,77.46,0
73,49,0.0036,-0.0002,100.0,518.67,642.45,1594.91,1408.38,14.62,21.61,553.25,2388.13,9040.01,1.3,47.58,521.43,2388.15,8121.95,8.3994,0.03,391,2388,100.0,38.87,23.2672,213,164,Healthy,77.0,0
73,50,-0.003,0.0003,100.0,518.67,642.94,1588.79,1417.73,14.62,21.61,554.16,2388.12,9038.92,1.3,47.5,521.87,2388.16,8115.9,8.4589,0.03,392,2388,100.0,38.86,23.2131,213,163,Healthy,76.53,0
74,1,0.0001,-0.0003,100.0,518.67,642.31,1580.43,1400.18,14.62,21.61,554.02,2388.0,9067.46,1.3,47.21,522.55,2388.0,8148.06,8.379,0.03,391,2388,100.0,39.11,23.405,166,165,Healthy,99.4,0
74,2,-0.0026,-0.0003,100.0,518.67,642.26,1593.03,1398.78,14.62,21.61,554.23,2388.01,9068.21,1.3,47.39,521.58,2388.01,8149.56,8.4144,0.03,392,2388,100.0,38.93,23.3752,166,164,Healthy,98.8,0
74,3,-0.0007,-0.0001,100.0,518.67,642.61,1579.86,1399.5,14.62,21.61,554.45,2388.05,9066.32,1.3,47.2,522.07,2388.01,8144.95,8.3793,0.03,392,2388,100.0,38.8,23.4071,166,163,Healthy,98.19,0
74,4,0.0034,-0.0001,100.0,518.67,642.07,1589.82,1395.3,14.62,21.61,554.09,2387.99,9069.71,1.3,47.31,521.77,2388.03,8148.12,8.3876,0.03,392,2388,100.0,39.0,23.4091,166,162,Healthy,97.59,0
74,5,0.0019,-0.0004,100.0,518.67,642.55,1587.88,1395.03,14.62,21.61,553.44,2387.99,9059.65,1.3,47.47,522.36,2388.02,8142.83,8.398,0.03,393,2388,100.0,39.06,23.4454,166,161,Healthy,96.99,0
74,6,0.0001,-0.0005,100.0,518.67,642.11,1590.19,1401.07,14.62,21.61,554.26,2388.05,9074.52,1.3,47.21,521.99,2387.99,8151.45,8.3862,0.03,393,2388,100.0,39.04,23.3673,166,160,Healthy,96.39,0
74,7,0.0008,-0.0005,100.0,518.67,642.21,1596.43,1398.69,14.62,21.61,554.57,2388.01,9074.0,1.3,47.29,522.6,2388.04,8149.58,8.4398,0.03,392,2388,100.0,38.84,23.434,166,159,Healthy,95.78,0
74,8,0.0037,0.0002,100.0,518.67,642.26,1583.32,1397.7,14.62,21.61,553.6,2388.09,9065.24,1.3,47.35,522.58,2388.07,8147.74,8.4369,0.03,392,2388,100.0,39.08,23.3323,166,158,Healthy,95.18,0
74,9,0.0002,-0.0002,100.0,518.67,642.18,1583.82,1404.52,14.62,21.61,553.27,2388.01,9077.9,1.3,47.37,521.94,2387.98,8142.31,8.4468,0.03,391,2388,100.0,38.81,23.3415,166,157,Healthy,94.58,0
74,10,0.0015,-0.0002,100.0,518.67,642.23,1587.34,1399.13,14.62,21.61,554.35,2388.01,9062.41,1.3,47.39,521.91,2388.02,8141.42,8.4437,0.03,392,2388,100.0,39.1,23.4662,166,156,Healthy,93.98,0
74,11,0.0,-0.0002,100.0,518.67,642.4,1592.61,1400.94,14.62,21.61,554.17,2388.02,9064.84,1.3,47.25,522.05,2388.05,8145.21,8.4108,0.03,393,2388,100.0,38.94,23.3792,166,155,Healthy,93.37,0
74,12,-0.0001,-0.0004,100.0,518.67,642.78,1587.92,1399.83,14.62,21.61,554.76,2387.97,9063.85,1.3,47.34,522.03,2388.04,8149.69,8.389,0.03,391,2388,100.0,38.85,23.3983,166,154,Healthy,92.77,0
74,13,-0.0016,-0.0,100.0,518.67,642.31,1587.15,1409.13,14.62,21.61,554.71,2388.02,9069.98,1.3,47.37,521.98,2387.98,8147.74,8.4122,0.03,393,2388,100.0,38.83,23.3864,166,153,Healthy,92.17,0
74,14,0.0012,-0.0003,100.0,518.67,642.24,1588.65,1398.17,14.62,21.61,553.93,2387.96,9074.08,1.3,47.44,522.36,2388.09,8148.44,8.4135,0.03,393,2388,100.0,38.98,23.3187,166,152,Healthy,91.57,0
74,15,0.0007,0.0003,100.0,518.67,641.79,1588.95,1405.96,14.62,21.61,554.19,2388.02,9060.94,1.3,47.26,521.94,2387.98,8147.68,8.4642,0.03,393,2388,100.0,38.94,23.4213,166,151,Healthy,90.96,0
74,16,-0.0008,0.0003,100.0,518.67,642.3,1591.42,1404.19,14.62,21.61,554.1,2388.05,9067.33,1.3,47.22,521.81,2387.97,8151.04,8.4004,0.03,393,2388,100.0,39.09,23.5525,166,150,Healthy,90.36,0
74,17,-0.0011,-0.0005,100.0,518.67,641.9,1587.62,1399.42,14.62,21.61,554.58,2388.07,9068.21,1.3,47.34,521.92,2388.01,8145.82,8.4142,0.03,394,2388,100.0,38.84,23.3135,166,149,Healthy,89.76,0
74,18,-0.001,-0.0001,100.0,518.67,642.04,1584.45,1400.28,14.62,21.6,554.23,2388.03,9065.4,1.3,47.37,522.18,2388.02,8144.17,8.404,0.03,392,2388,100.0,39.16,23.3719,166,148,Healthy,89.16,0
74,19,0.0001,-0.0,100.0,518.67,642.0,1588.3,1403.17,14.62,21.6,554.77,2388.0,9070.61,1.3,47.3,522.15,2388.03,8150.04,8.3891,0.03,391,2388,100.0,38.97,23.4704,166,147,Healthy,88.55,0
74,20,-0.0013,-0.0005,100.0,518.67,642.4,1577.44,1406.25,14.62,21.61,554.39,2388.03,9065.01,1.3,47.28,522.32,2388.02,8148.2,8.4065,0.03,393,2388,100.0,38.87,23.3186,166,146,Healthy,87.95,0
74,21,0.0033,0.0002,100.0,518.67,642.0,1587.03,1404.32,14.62,21.61,553.92,2388.04,9066.9,1.3,47.37,521.96,2388.04,8152.04,8.4272,0.03,392,2388,100.0,38.96,23.3468,166,145,Healthy,87.35,0
74,22,-0.003,-0.0004,100.0,518.67,641.97,1589.06,1400.03,14.62,21.61,553.93,2388.07,9059.51,1.3,47.28,521.96,2388.03,8149.83,8.4144,0.03,392,2388,100.0,38.8,23.4153,166,144,Healthy,86.75,0
74,23,-0.0017,-0.0001,100.0,518.67,642.44,1582.47,1403.22,14.62,21.61,553.92,2388.01,9060.05,1.3,47.36,522.43,2388.06,8140.39,8.403,0.03,393,2388,100.0,39.03,23.4854,166,143,Healthy,86.14,0
74,24,-0.0005,-0.0003,100.0,518.67,642.48,1584.24,1398.14,14.62,21.61,554.19,2388.02,9071.34,1.3,47.13,522.51,2388.07,8149.0,8.3969,0.03,390,2388,100.0,38.94,23.4012,166,142,Healthy,85.54,0
74,25,-0.0001,-0.0003,100.0,518.67,642.03,1586.06,1398.98,14.62,21.61,554.16,2387.99,9062.79,1.3,47.38,522.18,2387.98,8147.17,8.3802,0.03,393,2388,100.0,39.1,23.3906,166,141,Healthy,84.94,0
74,26,-0.0035,-0.0002,100.0,518.67,642.49,1594.69,1407.46,14.62,21.6,553.85,2388.06,9064.45,1.3,47.32,521.76,2387.98,8144.55,8.4454,0.03,391,2388,100.0,38.74,23.3713,166,140,Healthy,84.34,0
74,27,-0.0016,-0.0004,100.0,518.67,641.79,1587.34,1398.74,14.62,21.61,554.64,2388.0,9058.08,1.3,47.21,521.72,2388.01,8145.3,8.4213,0.03,391,2388,100.0,38.96,23.4215,166,139,Healthy,83.73,0
74,28,-0.0018,-0.0,100.0,518.67,641.84,1584.15,1396.64,14.62,21.61,554.19,2387.99,9061.94,1.3,47.31,522.22,2388.01,8149.77,8.3955,0.03,392,2388,100.0,38.9,23.3685,166,138,Healthy,83.13,0
74,29,-0.0002,0.0001,100.0,518.67,642.45,1582.81,1397.92,14.62,21.61,553.66,2387.99,9073.17,1.3,47.24,522.06,2387.98,8150.71,8.4341,0.03,392,2388,100.0,38.96,23.4575,166,137,Healthy,82.53,0
74,30,-0.0002,-0.0002,100.0,518.67,642.03,1589.83,1404.47,14.62,21.61,554.8,2388.01,9061.41,1.3,47.18,521.33,2388.0,8146.16,8.4025,0.03,393,2388,100.0,39.08,23.4487,166,136,Healthy,81.93,0
74,31,0.0002,0.0003,100.0,518.67,642.1,1593.19,1397.85,14.62,21.61,554.43,2388.02,9077.08,1.3,47.27,522.31,2388.04,8146.04,8.3929,0.03,392,2388,100.0,38.97,23.4466,166,135,Healthy,81.33,0
74,32,0.0005,0.0004,100.0,518.67,642.25,1593.45,1399.46,14.62,21.61,554.21,2388.04,9064.62,1.3,47.39,521.63,2388.03,8153.34,8.4244,0.03,393,2388,100.0,38.91,23.425,166,134,Healthy,80.72,0
74,33,0.0022,0.0,100.0,518.67,642.55,1586.85,1404.05,14.62,21.61,553.97,2388.01,9069.87,1.3,47.35,522.51,2388.0,8146.65,8.3573,0.03,392,2388,100.0,38.85,23.3048,166,133,Healthy,80.12,0
74,34,-0.0025,0.0004,100.0,518.67,642.4,1582.43,1407.9,14.62,21.61,554.15,2388.02,9070.36,1.3,47.52,521.78,2388.02,8143.31,8.4108,0.03,392,2388,100.0,39.08,23.3761,166,132,Healthy,79.52,0
74,35,-0.0017,0.0001,100.0,518.67,642.59,1585.86,1400.38,14.62,21.61,553.75,2388.02,9066.42,1.3,47.32,522.05,2387.97,8147.01,8.4345,0.03,393,2388,100.0,38.88,23.4471,166,131,Healthy,78.92,0
74,36,0.0007,-0.0004,100.0,518.67,642.07,1595.45,1401.54,14.62,21.61,553.94,2388.04,9065.98,1.3,47.18,522.28,2387.96,8144.64,8.4215,0.03,393,2388,100.0,39.1,23.3164,166,130,Healthy,78.31,0
74,37,0.0021,0.0003,100.0,518.67,642.13,1590.41,1412.38,14.62,21.61,554.15,2388.02,9062.55,1.3,47.35,522.32,2388.01,8150.65,8.4012,0.03,392,2388,100.0,38.9,23.4258,166,129,Healthy,77.71,0
74,38,0.0045,0.0001,100.0,518.67,642.1,1586.81,1401.33,14.62,21.61,554.52,2388.05,9068.78,1.3,47.27,522.44,2388.04,8150.87,8.4263,0.03,393,2388,100.0,39.04,23.3353,166,128,Healthy,77.11,0
74,39,0.0007,0.0002,100.0,518.67,642.32,1592.66,1400.67,14.62,21.61,554.35,2388.02,9065.83,1.3,47.36,522.05,2388.02,8144.72,8.418,0.03,393,2388,100.0,39.17,23.3277,166,127,Healthy,76.51,0
74,40,-0.002,0.0002,100.0,518.67,642.24,1582.36,1401.32,14.62,21.61,554.39,2388.03,9069.4,1.3,47.33,521.88,2388.07,8148.28,8.4226,0.03,392,2388,100.0,38.9,23.2851,166,126,Healthy,75.9,0
74,41,0.0029,-0.0004,100.0,518.67,642.47,1593.25,1398.79,14.62,21.61,554.03,2387.99,9064.7,1.3,47.25,521.8,2388.02,8150.15,8.397,0.03,393,2388,100.0,39.01,23.38,166,125,Healthy,75.3,0
74,42,-0.0047,-0.0002,100.0,518.67,642.14,1582.57,1404.37,14.62,21.61,554.28,2388.03,9062.15,1.3,47.42,522.52,2388.02,8152.67,8.4,0.03,390,2388,100.0,38.9,23.4479,166,124,Healthy,74.7,0
74,43,-0.0014,0.0003,100.0,518.67,642.12,1580.45,1404.81,14.62,21.61,553.37,2388.04,9065.58,1.3,47.16,522.19,2388.02,8148.29,8.4216,0.03,393,2388,100.0,38.92,23.3628,166,123,Healthy,74.1,0
74,44,-0.0027,0.0002,100.0,518.67,642.16,1591.77,1401.86,14.62,21.61,553.71,2388.02,9072.55,1.3,47.27,522.01,2388.01,8153.64,8.4334,0.03,392,2388,100.0,38.95,23.3778,166,122,Healthy,73.49,0
74,45,0.0026,-0.0003,100.0,518.67,642.6,1582.73,1402.96,14.62,21.61,554.53,2388.04,9063.28,1.3,47.36,522.0,2388.03,8144.94,8.3879,0.03,393,2388,100.0,39.15,23.3733,166,121,Healthy,72.89,0
74,46,-0.0001,-0.0005,100.0,518.67,642.33,1588.18,1403.24,14.62,21.61,554.43,2387.99,9060.06,1.3,47.18,522.14,2387.96,8145.73,8.4132,0.03,392,2388,100.0,39.0,23.4556,166,120,Early_Wear,72.29,0
74,47,0.0018,0.0001,100.0,518.67,642.51,1587.06,1405.12,14.62,21.61,554.03,2388.03,9061.67,1.3,47.3,521.72,2388.03,8146.31,8.4015,0.03,394,2388,100.0,39.18,23.3342,166,119,Early_Wear,71.69,0
74,48,0.0018,-0.0001,100.0,518.67,642.29,1588.74,1397.89,14.62,21.61,553.78,2388.09,9070.99,1.3,47.25,521.91,2388.03,8144.96,8.4132,0.03,391,2388,100.0,39.08,23.2579,166,118,Early_Wear,71.08,0
74,49,0.0019,-0.0003,100.0,518.67,642.68,1583.52,1403.69,14.62,21.61,554.0,2388.04,9061.26,1.3,47.29,522.44,2388.05,8146.17,8.3917,0.03,392,2388,100.0,38.78,23.3541,166,117,Early_Wear,70.48,0
74,50,-0.0005,-0.0003,100.0,518.67,642.27,1590.88,1399.49,14.62,21.61,554.57,2387.99,9059.12,1.3,47.26,521.78,2388.06,8154.01,8.4272,0.03,391,2388,100.0,38.89,23.3717,166,116,Early_Wear,69.88,0
75,1,-0.0002,0.0004,100.0,518.67,642.1,1590.06,1404.45,14.62,21.61,553.69,2388.1,9045.13,1.3,47.64,521.34,2388.06,8122.59,8.4538,0.03,392,2388,100.0,38.98,23.2272,229,228,Healthy,99.56,0
75,2,0.0012,-0.0003,100.0,518.67,642.5,1591.85,1401.76,14.62,21.61,553.59,2388.13,9039.86,1.3,47.45,521.96,2388.07,8122.2,8.4161,0.03,391,2388,100.0,38.89,23.195,229,227,Healthy,99.13,0
75,3,0.0008,-0.0002,100.0,518.67,642.62,1591.86,1404.45,14.62,21.61,553.74,2388.03,9042.85,1.3,47.6,521.15,2388.08,8123.89,8.4266,0.03,391,2388,100.0,38.89,23.2593,229,226,Healthy,98.69,0
75,4,0.0016,-0.0005,100.0,518.67,642.49,1593.67,1402.91,14.62,21.61,553.05,2388.15,9049.66,1.3,47.58,521.27,2388.18,8127.27,8.4439,0.03,393,2388,100.0,38.87,23.3074,229,225,Healthy,98.25,0
75,5,0.0019,0.0003,100.0,518.67,642.69,1584.46,1408.21,14.62,21.61,553.73,2388.16,9041.92,1.3,47.32,521.95,2388.1,8124.15,8.4267,0.03,393,2388,100.0,38.67,23.3825,229,224,Healthy,97.82,0
75,6,-0.0003,-0.0,100.0,518.67,642.56,1588.83,1408.18,14.62,21.61,553.39,2388.09,9038.09,1.3,47.44,521.59,2388.09,8127.11,8.4402,0.03,394,2388,100.0,38.82,23.234,229,223,Healthy,97.38,0
75,7,0.0019,-0.0002,100.0,518.67,641.88,1588.81,1403.19,14.62,21.61,553.56,2388.14,9048.09,1.3,47.52,521.49,2388.15,8128.81,8.4461,0.03,394,2388,100.0,38.93,23.2628,229,222,Healthy,96.94,0
75,8,0.0,0.0004,100.0,518.67,642.16,1583.86,1405.41,14.62,21.61,553.58,2388.1,9040.83,1.3,47.45,521.48,2388.09,8122.06,8.4447,0.03,392,2388,100.0,38.91,23.2433,229,221,Healthy,96.51,0
75,9,-0.0001,0.0,100.0,518.67,642.39,1583.05,1406.26,14.62,21.61,553.65,2388.09,9049.04,1.3,47.37,521.22,2388.08,8125.4,8.388,0.03,394,2388,100.0,38.65,23.3791,229,220,Healthy,96.07,0
75,10,-0.002,0.0003,100.0,518.67,642.86,1585.13,1401.19,14.62,21.61,553.48,2388.1,9038.96,1.3,47.54,521.63,2388.13,8125.81,8.4439,0.03,394,2388,100.0,38.91,23.3318,229,219,Healthy,95.63,0
75,11,-0.0003,-0.0005,100.0,518.67,642.92,1588.65,1404.13,14.62,21.61,553.44,2388.08,9049.76,1.3,47.43,521.68,2388.11,8123.39,8.4186,0.03,394,2388,100.0,38.98,23.3514,229,218,Healthy,95.2,0
75,12,-0.0001,-0.0001,100.0,518.67,642.52,1585.93,1397.69,14.62,21.61,553.24,2388.09,9042.41,1.3,47.28,521.51,2388.16,8127.79,8.4332,0.03,395,2388,100.0,38.99,23.1449,229,217,Healthy,94.76,0
75,13,-0.0042,-0.0,100.0,518.67,642.2,1589.69,1400.05,14.62,21.61,553.19,2388.2,9045.45,1.3,47.46,521.46,2388.08,8120.9,8.4665,0.03,394,2388,100.0,38.93,23.2982,229,216,Healthy,94.32,0
75,14,0.0031,0.0001,100.0,518.67,642.59,1587.24,1401.28,14.62,21.61,553.55,2388.09,9049.32,1.3,47.5,521.54,2388.14,8124.62,8.4456,0.03,394,2388,100.0,38.64,23.4128,229,215,Healthy,93.89,0
75,15,-0.0006,0.0003,100.0,518.67,642.68,1590.54,1408.6,14.62,21.61,553.92,2388.08,9043.54,1.3,47.61,521.52,2388.12,8123.34,8.4266,0.03,392,2388,100.0,38.95,23.2796,229,214,Healthy,93.45,0
75,16,-0.0023,-0.0002,100.0,518.67,642.47,1590.97,1401.91,14.62,21.61,553.03,2388.1,9053.64,1.3,47.25,521.81,2388.08,8131.44,8.4216,0.03,393,2388,100.0,38.77,23.2824,229,213,Healthy,93.01,0
75,17,0.0015,-0.0001,100.0,518.67,642.54,1589.68,1408.52,14.62,21.61,553.91,2388.05,9046.74,1.3,47.56,521.52,2388.04,8122.27,8.4391,0.03,392,2388,100.0,38.74,23.3395,229,212,Healthy,92.58,0
75,18,-0.0039,0.0001,100.0,518.67,642.56,1588.87,1405.9,14.62,21.61,553.62,2388.13,9042.06,1.3,47.43,521.39,2388.12,8127.06,8.4368,0.03,393,2388,100.0,38.78,23.2307,229,211,Healthy,92.14,0
75,19,-0.0005,-0.0005,100.0,518.67,642.69,1597.83,1406.85,14.62,21.61,553.57,2388.07,9041.53,1.3,47.51,521.48,2388.03,8125.8,8.4872,0.03,392,2388,100.0,38.82,23.1703,229,210,Healthy,91.7,0
75,20,-0.0046,0.0002,100.0,518.67,642.51,1594.99,1408.83,14.62,21.61,554.35,2388.1,9039.13,1.3,47.4,521.04,2388.14,8127.74,8.4508,0.03,394,2388,100.0,38.78,23.2674,229,209,Healthy,91.27,0
75,21,-0.0024,-0.0004,100.0,518.67,642.44,1592.53,1420.87,14.62,21.61,553.31,2388.14,9040.22,1.3,47.6,521.56,2388.11,8119.92,8.426,0.03,392,2388,100.0,38.95,23.3144,229,208,Healthy,90.83,0
75,22,0.0013,0.0003,100.0,518.67,642.39,1587.18,1402.52,14.62,21.61,553.48,2388.09,9037.04,1.3,47.34,521.51,2388.14,8126.56,8.4603,0.03,393,2388,100.0,38.87,23.3685,229,207,Healthy,90.39,0
75,23,-0.0002,0.0004,100.0,518.67,642.64,1587.76,1404.36,14.62,21.61,553.81,2388.13,9038.1,1.3,47.52,521.67,2388.07,8126.24,8.4201,0.03,393,2388,100.0,38.69,23.3583,229,206,Healthy,89.96,0
75,24,0.0026,-0.0002,100.0,518.67,642.53,1590.9,1402.35,14.62,21.61,553.59,2388.15,9043.63,1.3,47.49,521.57,2388.12,8128.88,8.4353,0.03,393,2388,100.0,38.86,23.2487,229,205,Healthy,89.52,0
75,25,0.0025,0.0003,100.0,518.67,642.47,1582.39,1400.39,14.62,21.61,553.32,2388.06,9044.92,1.3,47.43,521.73,2388.16,8129.76,8.4098,0.03,393,2388,100.0,38.9,23.2733,229,204,Healthy,89.08,0
75,26,0.0015,0.0001,100.0,518.67,642.68,1591.18,1404.03,14.62,21.61,553.56,2388.13,9046.48,1.3,47.5,521.21,2388.1,8120.71,8.429,0.03,392,2388,100.0,38.68,23.3265,229,203,Healthy,88.65,0
75,27,0.0014,-0.0003,100.0,518.67,642.17,1594.22,1409.44,14.62,21.61,553.32,2388.09,9042.68,1.3,47.37,521.25,2388.09,8123.0,8.451,0.03,393,2388,100.0,38.79,23.2463,229,202,Healthy,88.21,0
75,28,0.002,-0.0002,100.0,518.67,642.23,1585.87,1408.75,14.62,21.61,553.5,2388.1,9049.27,1.3,47.37,521.75,2388.12,8121.42,8.4199,0.03,393,2388,100.0,38.85,23.3315,229,201,Healthy,87.77,0
75,29,0.0034,-0.0001,100.0,518.67,642.64,1586.82,1405.48,14.62,21.61,554.08,2388.08,9046.15,1.3,47.47,521.71,2388.1,8121.83,8.4446,0.03,394,2388,100.0,38.81,23.3549,229,200,Healthy,87.34,0
75,30,-0.0012,-0.0004,100.0,518.67,642.46,1581.54,1412.48,14.62,21.61,553.39,2388.11,9038.73,1.3,47.47,521.24,2388.13,8120.22,8.4698,0.03,392,2388,100.0,38.89,23.251,229,199,Healthy,86.9,0
75,31,-0.0029,-0.0004,100.0,518.67,642.37,1585.53,1413.3,14.62,21.61,553.24,2388.15,9049.49,1.3,47.57,521.37,2388.1,8118.49,8.3968,0.03,392,2388,100.0,38.73,23.3385,229,198,Healthy,86.46,0
75,32,0.0039,0.0003,100.0,518.67,642.4,1590.5,1405.33,14.62,21.61,553.78,2388.12,9036.2,1.3,47.64,522.02,2388.17,8118.9,8.4126,0.03,394,2388,100.0,38.77,23.2555,229,197,Healthy,86.03,0
75,33,-0.0035,-0.0003,100.0,518.67,642.03,1587.15,1413.84,14.62,21.61,552.84,2388.12,9047.04,1.3,47.41,521.09,2388.1,8124.79,8.4357,0.03,393,2388,100.0,38.71,23.3136,229,196,Healthy,85.59,0
75,34,-0.0009,-0.0004,100.0,518.67,642.45,1580.71,1405.26,14.62,21.61,553.65,2388.14,9046.13,1.3,47.6,521.24,2388.1,8123.45,8.4409,0.03,394,2388,100.0,38.81,23.3381,229,195,Healthy,85.15,0
75,35,-0.0018,-0.0002,100.0,518.67,642.47,1592.67,1413.98,14.62,21.61,553.65,2388.16,9045.61,1.3,47.51,521.48,2388.15,8126.37,8.4634,0.03,392,2388,100.0,38.75,23.1933,229,194,Healthy,84.72,0
75,36,0.0009,0.0003,100.0,518.67,642.83,1597.59,1406.13,14.62,21.61,553.58,2388.12,9044.81,1.3,47.56,521.73,2388.07,8127.3,8.4106,0.03,394,2388,100.0,38.85,23.4196,229,193,Healthy,84.28,0
75,37,-0.0044,0.0005,100.0,518.67,642.72,1590.03,1401.26,14.62,21.61,553.65,2388.09,9046.82,1.3,47.54,521.67,2388.1,8122.57,8.4594,0.03,391,2388,100.0,38.8,23.3121,229,192,Healthy,83.84,0
75,38,0.0004,-0.0002,100.0,518.67,642.75,1586.28,1408.76,14.62,21.61,553.24,2388.12,9045.86,1.3,47.42,521.32,2388.15,8120.88,8.4215,0.03,393,2388,100.0,38.84,23.213,229,191,Healthy,83.41,0
75,39,0.0021,-0.0002,100.0,518.67,642.3,1587.0,1403.45,14.62,21.61,554.1,2388.14,9042.47,1.3,47.46,521.48,2388.09,8128.51,8.3925,0.03,392,2388,100.0,38.8,23.2519,229,190,Healthy,82.97,0
75,40,0.0029,0.0002,100.0,518.67,642.38,1589.64,1408.81,14.62,21.61,553.72,2388.19,9044.28,1.3,47.59,521.61,2388.1,8126.88,8.4216,0.03,393,2388,100.0,38.89,23.3169,229,189,Healthy,82.53,0
75,41,-0.0016,0.0002,100.0,518.67,642.24,1588.94,1403.8,14.62,21.61,553.98,2388.09,9035.25,1.3,47.47,521.55,2388.08,8126.19,8.4336,0.03,392,2388,100.0,38.62,23.3154,229,188,Healthy,82.1,0
75,42,0.0042,-0.0004,100.0,518.67,642.42,1587.56,1410.79,14.62,21.61,553.27,2388.08,9045.68,1.3,47.57,521.49,2388.12,8123.19,8.4377,0.03,393,2388,100.0,38.77,23.4222,229,187,Healthy,81.66,0
75,43,0.0034,-0.0003,100.0,518.67,643.09,1585.47,1407.01,14.62,21.61,553.42,2388.14,9040.33,1.3,47.54,521.54,2388.1,8120.5,8.3988,0.03,395,2388,100.0,39.0,23.3374,229,186,Healthy,81.22,0
75,44,-0.0016,0.0003,100.0,518.67,642.5,1590.63,1407.94,14.62,21.61,553.49,2388.12,9042.85,1.3,47.49,521.18,2388.13,8123.1,8.4742,0.03,393,2388,100.0,38.93,23.3429,229,185,Healthy,80.79,0
75,45,0.0019,-0.0004,100.0,518.67,643.01,1588.06,1411.18,14.62,21.61,553.0,2388.17,9047.97,1.3,47.56,520.69,2388.13,8123.43,8.4097,0.03,393,2388,100.0,38.81,23.2695,229,184,Healthy,80.35,0
75,46,-0.0026,-0.0004,100.0,518.67,642.47,1593.21,1409.76,14.62,21.61,552.57,2388.16,9038.45,1.3,47.46,521.25,2388.13,8123.25,8.4229,0.03,392,2388,100.0,38.72,23.3038,229,183,Healthy,79.91,0
75,47,0.0015,-0.0004,100.0,518.67,641.97,1589.95,1404.21,14.62,21.61,552.88,2388.15,9034.95,1.3,47.46,521.71,2388.12,8125.11,8.4222,0.03,394,2388,100.0,38.97,23.264,229,182,Healthy,79.48,0
75,48,-0.0,0.0001,100.0,518.67,642.22,1589.96,1403.56,14.62,21.61,553.07,2388.14,9041.64,1.3,47.69,521.71,2388.16,8120.38,8.4329,0.03,393,2388,100.0,38.97,23.361,229,181,Healthy,79.04,0
75,49,-0.0016,-0.0001,100.0,518.67,642.23,1584.88,1410.52,14.62,21.61,553.37,2388.13,9038.45,1.3,47.53,521.28,2388.11,8121.02,8.4285,0.03,395,2388,100.0,38.88,23.34,229,180,Healthy,78.6,0
75,50,-0.0027,-0.0003,100.0,518.67,642.81,1596.21,1404.58,14.62,21.61,553.19,2388.12,9042.97,1.3,47.6,521.17,2388.14,8127.32,8.4117,0.03,393,2388,100.0,38.76,23.3472,229,179,Healthy,78.17,0
76,1,0.0005,0.0,100.0,518.67,642.66,1585.01,1411.33,14.62,21.61,554.11,2388.12,9054.53,1.3,47.5,521.51,2388.1,8128.52,8.4346,0.03,393,2388,100.0,38.75,23.3154,210,209,Healthy,99.52,0
76,2,0.0034,-0.0002,100.0,518.67,642.24,1589.03,1411.7,14.62,21.61,553.24,2388.13,9056.49,1.3,47.71,521.38,2388.11,8129.09,8.4192,0.03,394,2388,100.0,38.79,23.3319,210,208,Healthy,99.05,0
76,3,-0.0014,-0.0004,100.0,518.67,642.92,1597.35,1404.75,14.62,21.61,553.55,2388.06,9059.17,1.3,47.44,521.89,2388.08,8137.35,8.473,0.03,393,2388,100.0,38.88,23.2503,210,207,Healthy,98.57,0
76,4,-0.0042,0.0001,100.0,518.67,642.92,1598.29,1407.19,14.62,21.61,553.94,2388.01,9061.95,1.3,47.36,521.86,2388.1,8134.24,8.4419,0.03,393,2388,100.0,38.77,23.3645,210,206,Healthy,98.1,0
76,5,-0.0001,0.0004,100.0,518.67,642.42,1590.91,1408.04,14.62,21.61,553.17,2388.15,9050.41,1.3,47.34,521.83,2388.12,8134.47,8.4566,0.03,394,2388,100.0,38.73,23.3993,210,205,Healthy,97.62,0
76,6,0.0006,0.0001,100.0,518.67,642.6,1590.97,1404.87,14.62,21.61,553.27,2388.08,9054.86,1.3,47.32,520.76,2388.09,8135.55,8.4539,0.03,393,2388,100.0,38.79,23.279,210,204,Healthy,97.14,0
76,7,-0.0023,-0.0004,100.0,518.67,642.27,1595.97,1409.9,14.62,21.61,553.24,2388.1,9057.46,1.3,47.39,521.15,2388.09,8128.33,8.4195,0.03,392,2388,100.0,38.8,23.3957,210,203,Healthy,96.67,0
76,8,0.0002,-0.0003,100.0,518.67,642.73,1593.1,1409.33,14.62,21.61,553.91,2388.13,9056.95,1.3,47.62,521.7,2388.07,8131.54,8.4268,0.03,393,2388,100.0,38.7,23.4049,210,202,Healthy,96.19,0
76,9,-0.0008,-0.0003,100.0,518.67,642.93,1594.11,1407.76,14.62,21.61,553.28,2388.13,9057.0,1.3,47.4,521.39,2388.11,8134.52,8.4215,0.03,394,2388,100.0,38.83,23.303,210,201,Healthy,95.71,0
76,10,-0.003,0.0004,100.0,518.67,642.66,1586.93,1410.44,14.62,21.61,553.06,2388.13,9053.21,1.3,47.36,521.38,2388.08,8133.26,8.5026,0.03,394,2388,100.0,38.96,23.3141,210,200,Healthy,95.24,0
76,11,0.0007,0.0003,100.0,518.67,642.87,1583.32,1404.44,14.62,21.61,553.7,2388.08,9059.04,1.3,47.53,521.43,2388.13,8128.92,8.4178,0.03,391,2388,100.0,38.96,23.3043,210,199,Healthy,94.76,0
76,12,0.0003,-0.0001,100.0,518.67,642.96,1590.68,1406.24,14.62,21.61,553.98,2388.1,9052.12,1.3,47.44,521.53,2388.14,8129.72,8.4189,0.03,394,2388,100.0,38.75,23.3658,210,198,Healthy,94.29,0
76,13,-0.0007,-0.0001,100.0,518.67,642.74,1587.61,1404.4,14.62,21.61,553.15,2388.12,9052.98,1.3,47.53,521.5,2388.07,8133.89,8.4424,0.03,393,2388,100.0,38.71,23.418,210,197,Healthy,93.81,0
76,14,-0.0055,0.0001,100.0,518.67,642.63,1581.53,1409.47,14.62,21.61,553.16,2388.1,9050.7,1.3,47.64,521.43,2388.14,8131.74,8.4431,0.03,393,2388,100.0,38.66,23.3179,210,196,Healthy,93.33,0
76,15,0.0027,-0.0001,100.0,518.67,642.55,1596.42,1411.75,14.62,21.61,552.98,2388.1,9049.21,1.3,47.38,521.67,2388.1,8129.45,8.4212,0.03,392,2388,100.0,38.83,23.2887,210,195,Healthy,92.86,0
76,16,0.0008,0.0005,100.0,518.67,642.84,1588.74,1412.99,14.62,21.61,553.04,2388.05,9049.55,1.3,47.57,521.96,2388.14,8135.66,8.4322,0.03,393,2388,100.0,38.77,23.3078,210,194,Healthy,92.38,0
76,17,-0.0007,0.0001,100.0,518.67,642.92,1585.8,1412.45,14.62,21.61,553.25,2388.15,9055.05,1.3,47.42,521.47,2388.07,8130.44,8.437,0.03,394,2388,100.0,38.81,23.2183,210,193,Healthy,91.9,0
76,18,-0.0007,0.0002,100.0,518.67,642.72,1590.76,1408.55,14.62,21.61,553.02,2388.1,9056.81,1.3,47.57,521.62,2388.1,8129.78,8.4581,0.03,393,2388,100.0,38.77,23.3008,210,192,Healthy,91.43,0
76,19,0.0013,0.0005,100.0,518.67,642.42,1597.76,1413.46,14.62,21.61,553.1,2388.11,9041.42,1.3,47.5,521.43,2388.08,8126.68,8.4156,0.03,392,2388,100.0,38.85,23.3492,210,191,Healthy,90.95,0
76,20,0.0029,-0.0004,100.0,518.67,643.13,1594.17,1412.77,14.62,21.61,553.27,2388.1,9042.24,1.3,47.35,521.31,2388.12,8137.36,8.4145,0.03,394,2388,100.0,39.06,23.1958,210,190,Healthy,90.48,0
76,21,-0.0001,-0.0003,100.0,518.67,642.52,1599.13,1409.64,14.62,21.61,553.15,2388.11,9051.67,1.3,47.46,521.48,2388.09,8130.88,8.4379,0.03,392,2388,100.0,38.62,23.3327,210,189,Healthy,90.0,0
76,22,-0.0043,0.0001,100.0,518.67,642.44,1594.32,1408.64,14.62,21.61,553.57,2388.12,9056.58,1.3,47.65,521.27,2388.13,8126.53,8.4504,0.03,394,2388,100.0,38.96,23.2354,210,188,Healthy,89.52,0
76,23,-0.0027,0.0003,100.0,518.67,642.97,1585.85,1410.55,14.62,21.61,553.63,2388.1,9048.04,1.3,47.61,521.26,2388.18,8133.11,8.4696,0.03,394,2388,100.0,38.74,23.4387,210,187,Healthy,89.05,0
76,24,-0.0,-0.0002,100.0,518.67,642.54,1586.57,1410.16,14.62,21.61,552.92,2388.14,9050.75,1.3,47.61,521.06,2388.12,8130.84,8.4809,0.03,393,2388,100.0,38.78,23.3079,210,186,Healthy,88.57,0
76,25,0.0019,0.0003,100.0,518.67,642.56,1595.93,1415.39,14.62,21.61,553.56,2388.1,9053.24,1.3,47.68,521.39,2388.12,8133.69,8.4362,0.03,393,2388,100.0,38.81,23.2934,210,185,Healthy,88.1,0
76,26,0.0026,-0.0002,100.0,518.67,642.99,1585.34,1404.41,14.62,21.61,553.01,2388.13,9047.89,1.3,47.69,521.75,2388.14,8129.43,8.4612,0.03,394,2388,100.0,38.88,23.371,210,184,Healthy,87.62,0
76,27,0.0006,0.0001,100.0,518.67,642.99,1593.2,1408.09,14.62,21.61,553.69,2388.13,9056.06,1.3,47.4,521.05,2388.11,8131.09,8.4698,0.03,394,2388,100.0,38.8,23.2755,210,183,Healthy,87.14,0
76,28,0.0047,0.0005,100.0,518.67,642.65,1592.03,1404.77,14.62,21.61,552.35,2388.12,9050.53,1.3,47.6,521.03,2388.11,8127.1,8.4234,0.03,394,2388,100.0,38.72,23.2718,210,182,Healthy,86.67,0
76,29,-0.0008,-0.0003,100.0,518.67,642.84,1592.65,1404.43,14.62,21.61,554.01,2388.07,9056.25,1.3,47.47,521.48,2388.12,8134.66,8.4613,0.03,394,2388,100.0,38.89,23.3389,210,181,Healthy,86.19,0
76,30,0.0004,-0.0001,100.0,518.67,642.52,1588.03,1412.88,14.62,21.61,553.67,2388.09,9048.38,1.3,47.4,521.54,2388.09,8133.67,8.4777,0.03,392,2388,100.0,38.88,23.2997,210,180,Healthy,85.71,0
76,31,0.0036,-0.0003,100.0,518.67,643.1,1595.99,1403.25,14.62,21.61,553.55,2388.11,9051.59,1.3,47.55,521.39,2388.11,8134.13,8.4742,0.03,392,2388,100.0,38.74,23.2797,210,179,Healthy,85.24,0
76,32,-0.0008,-0.0004,100.0,518.67,642.13,1587.33,1407.38,14.62,21.61,553.73,2388.15,9052.85,1.3,47.34,521.87,2388.09,8132.37,8.4468,0.03,391,2388,100.0,38.77,23.2616,210,178,Healthy,84.76,0
76,33,-0.0007,0.0002,100.0,518.67,642.9,1592.25,1408.43,14.62,21.61,552.6,2388.07,9054.88,1.3,47.49,521.57,2388.15,8133.21,8.4216,0.03,393,2388,100.0,38.84,23.3688,210,177,Healthy,84.29,0
76,34,0.0027,0.0001,100.0,518.67,642.82,1593.27,1404.06,14.62,21.61,553.35,2388.1,9054.0,1.3,47.49,521.26,2388.1,8133.88,8.4595,0.03,391,2388,100.0,38.95,23.3993,210,176,Healthy,83.81,0
76,35,-0.0018,0.0001,100.0,518.67,643.48,1594.35,1405.63,14.62,21.61,553.67,2388.11,9038.25,1.3,47.62,521.4,2388.12,8128.35,8.4319,0.03,393,2388,100.0,38.83,23.228,210,175,Healthy,83.33,0
76,36,-0.0031,-0.0,100.0,518.67,642.27,1596.96,1412.44,14.62,21.61,553.26,2388.12,9053.66,1.3,47.46,521.32,2388.11,8137.08,8.4542,0.03,393,2388,100.0,38.86,23.296,210,174,Healthy,82.86,0
76,37,-0.0033,0.0002,100.0,518.67,642.37,1594.92,1405.4,14.62,21.61,553.35,2388.12,9048.37,1.3,47.41,521.45,2388.17,8130.44,8.4547,0.03,392,2388,100.0,38.81,23.2922,210,173,Healthy,82.38,0
76,38,-0.001,0.0003,100.0,518.67,642.57,1587.17,1407.76,14.62,21.61,553.26,2388.12,9047.43,1.3,47.53,521.63,2388.08,8133.43,8.4569,0.03,392,2388,100.0,38.9,23.323,210,172,Healthy,81.9,0
76,39,0.0003,0.0002,100.0,518.67,642.57,1586.89,1410.08,14.62,21.61,553.29,2388.13,9049.99,1.3,47.33,520.9,2388.1,8134.57,8.4329,0.03,393,2388,100.0,38.79,23.3617,210,171,Healthy,81.43,0
76,40,-0.0039,0.0003,100.0,518.67,642.37,1585.96,1405.02,14.62,21.61,554.15,2388.06,9054.8,1.3,47.49,521.72,2388.11,8131.7,8.3906,0.03,393,2388,100.0,38.84,23.3559,210,170,Healthy,80.95,0
76,41,-0.0049,0.0001,100.0,518.67,642.98,1588.15,1409.31,14.62,21.61,553.54,2388.14,9051.79,1.3,47.54,521.61,2388.13,8129.57,8.4366,0.03,393,2388,100.0,38.88,23.3428,210,169,Healthy,80.48,0
76,42,-0.0004,0.0004,100.0,518.67,643.0,1585.76,1405.81,14.62,21.61,553.07,2388.1,9049.33,1.3,47.69,521.52,2388.13,8130.75,8.4412,0.03,394,2388,100.0,38.74,23.3329,210,168,Healthy,80.0,0
76,43,-0.0006,-0.0003,100.0,518.67,642.59,1592.42,1415.56,14.62,21.61,553.35,2388.12,9057.42,1.3,47.56,521.22,2388.14,8133.02,8.4454,0.03,393,2388,100.0,38.85,23.2917,210,167,Healthy,79.52,0
76,44,0.0006,0.0004,100.0,518.67,642.71,1594.12,1400.38,14.62,21.61,553.49,2388.1,9046.24,1.3,47.57,521.22,2388.1,8127.61,8.43,0.03,393,2388,100.0,38.82,23.3395,210,166,Healthy,79.05,0
76,45,0.0008,-0.0003,100.0,518.67,642.01,1586.67,1408.74,14.62,21.61,553.07,2388.1,9048.21,1.3,47.38,521.29,2388.07,8134.74,8.4361,0.03,394,2388,100.0,38.83,23.2113,210,165,Healthy,78.57,0
76,46,-0.0023,0.0003,100.0,518.67,642.26,1592.61,1410.41,14.62,21.61,553.34,2388.12,9042.96,1.3,47.5,521.81,2388.12,8127.57,8.4718,0.03,394,2388,100.0,38.91,23.1718,210,164,Healthy,78.1,0
76,47,-0.0012,-0.0003,100.0,518.67,641.92,1594.19,1404.22,14.62,21.61,552.58,2388.1,9053.22,1.3,47.46,521.26,2388.1,8136.01,8.4553,0.03,394,2388,100.0,38.67,23.3395,210,163,Healthy,77.62,0
76,48,-0.0031,0.0004,100.0,518.67,643.0,1595.6,1405.91,14.62,21.61,553.09,2388.11,9054.31,1.3,47.43,521.49,2388.14,8133.6,8.4684,0.03,393,2388,100.0,38.99,23.3191,210,162,Healthy,77.14,0
76,49,0.0006,-0.0002,100.0,518.67,642.31,1586.18,1412.48,14.62,21.61,552.89,2388.13,9045.15,1.3,47.68,522.08,2388.1,8132.71,8.4241,0.03,393,2388,100.0,38.78,23.2968,210,161,Healthy,76.67,0
76,50,0.0006,0.0005,100.0,518.67,642.57,1588.53,1410.53,14.62,21.61,552.95,2388.14,9053.61,1.3,47.64,520.9,2388.14,8126.49,8.4563,0.03,394,2388,100.0,38.87,23.2504,210,160,Healthy,76.19,0
77,1,-0.0014,0.0004,100.0,518.67,642.62,1591.75,1411.32,14.62,21.61,553.71,2388.07,9052.57,1.3,47.55,521.45,2388.1,8126.56,8.4655,0.03,392,2388,100.0,38.92,23.2762,154,153,Healthy,99.35,0
77,2,-0.0004,0.0004,100.0,518.67,642.46,1591.88,1406.97,14.62,21.61,553.44,2388.13,9043.86,1.3,47.3,521.67,2388.1,8127.46,8.4789,0.03,392,2388,100.0,38.88,23.2764,154,152,Healthy,98.7,0
77,3,0.0042,0.0,100.0,518.67,641.78,1585.31,1400.54,14.62,21.61,553.67,2388.12,9051.11,1.3,47.39,521.46,2388.09,8125.17,8.435,0.03,394,2388,100.0,38.82,23.2387,154,151,Healthy,98.05,0
77,4,0.0027,-0.0003,100.0,518.67,642.71,1592.71,1410.04,14.62,21.61,553.22,2388.13,9050.29,1.3,47.38,521.28,2388.14,8131.03,8.4365,0.03,393,2388,100.0,38.79,23.4034,154,150,Healthy,97.4,0
77,5,-0.0001,0.0004,100.0,518.67,642.09,1587.59,1405.8,14.62,21.61,553.73,2388.1,9048.07,1.3,47.56,521.67,2388.11,8130.0,8.4685,0.03,391,2388,100.0,38.8,23.3085,154,149,Healthy,96.75,0
77,6,0.0037,0.0001,100.0,518.67,642.85,1586.86,1405.66,14.62,21.61,553.39,2388.11,9051.76,1.3,47.5,521.45,2388.12,8127.13,8.4695,0.03,392,2388,100.0,38.83,23.2958,154,148,Healthy,96.1,0
77,7,-0.0003,-0.0001,100.0,518.67,642.26,1583.78,1417.79,14.62,21.61,553.33,2388.06,9047.15,1.3,47.54,522.18,2388.11,8129.73,8.4786,0.03,393,2388,100.0,38.85,23.3976,154,147,Healthy,95.45,0
77,8,0.0001,-0.0,100.0,518.67,642.4,1587.29,1405.13,14.62,21.61,553.6,2388.11,9045.31,1.3,47.56,522.0,2388.1,8131.74,8.4239,0.03,393,2388,100.0,38.93,23.3802,154,146,Healthy,94.81,0
77,9,0.0044,0.0001,100.0,518.67,642.72,1589.08,1407.47,14.62,21.61,554.43,2388.07,9051.04,1.3,47.53,521.41,2388.1,8128.44,8.4484,0.03,392,2388,100.0,39.04,23.3733,154,145,Healthy,94.16,0
77,10,0.002,-0.0004,100.0,518.67,642.83,1584.97,1407.97,14.62,21.61,553.87,2388.06,9044.83,1.3,47.32,520.77,2388.1,8125.32,8.4271,0.03,392,2388,100.0,38.77,23.355,154,144,Healthy,93.51,0
77,11,0.0017,0.0004,100.0,518.67,643.13,1582.29,1407.13,14.62,21.61,553.11,2388.07,9040.34,1.3,47.36,521.24,2388.05,8129.87,8.4378,0.03,392,2388,100.0,38.77,23.2824,154,143,Healthy,92.86,0
77,12,0.0027,0.0,100.0,518.67,642.3,1591.82,1406.0,14.62,21.61,553.9,2388.09,9049.8,1.3,47.34,522.05,2388.09,8127.33,8.429,0.03,391,2388,100.0,38.89,23.1751,154,142,Healthy,92.21,0
77,13,0.0002,0.0004,100.0,518.67,642.12,1588.45,1402.71,14.62,21.61,554.04,2388.13,9044.83,1.3,47.48,521.35,2388.12,8126.64,8.4269,0.03,393,2388,100.0,38.93,23.1822,154,141,Healthy,91.56,0
77,14,-0.0027,-0.0003,100.0,518.67,642.69,1590.52,1406.71,14.62,21.61,553.95,2388.17,9047.87,1.3,47.58,521.86,2388.1,8129.32,8.4128,0.03,391,2388,100.0,38.96,23.3022,154,140,Healthy,90.91,0
77,15,-0.002,-0.0001,100.0,518.67,642.65,1587.02,1404.48,14.62,21.61,553.34,2388.09,9048.41,1.3,47.54,521.54,2388.1,8129.26,8.4149,0.03,392,2388,100.0,38.66,23.4028,154,139,Healthy,90.26,0
77,16,0.0039,-0.0002,100.0,518.67,642.6,1583.71,1400.29,14.62,21.61,553.12,2388.14,9042.89,1.3,47.5,522.24,2388.07,8124.24,8.413,0.03,394,2388,100.0,38.98,23.4181,154,138,Healthy,89.61,0
77,17,-0.0028,0.0003,100.0,518.67,642.83,1586.01,1406.36,14.62,21.61,553.7,2388.1,9049.88,1.3,47.46,521.05,2388.11,8129.36,8.4723,0.03,391,2388,100.0,38.78,23.3913,154,137,Healthy,88.96,0
77,18,0.0027,-0.0003,100.0,518.67,642.29,1585.14,1402.4,14.62,21.61,553.36,2388.13,9055.48,1.3,47.65,521.34,2388.13,8132.27,8.4454,0.03,392,2388,100.0,39.08,23.3572,154,136,Healthy,88.31,0
77,19,0.0021,-0.0,100.0,518.67,642.3,1583.71,1404.29,14.62,21.61,553.73,2388.05,9049.56,1.3,47.6,522.04,2388.08,8126.84,8.4475,0.03,392,2388,100.0,38.75,23.2646,154,135,Healthy,87.66,0
77,20,0.0018,-0.0003,100.0,518.67,642.78,1586.51,1406.3,14.62,21.61,553.37,2388.15,9038.78,1.3,47.48,521.77,2388.09,8123.73,8.4324,0.03,393,2388,100.0,38.81,23.3789,154,134,Healthy,87.01,0
77,21,-0.0016,0.0004,100.0,518.67,642.48,1586.09,1409.51,14.62,21.61,553.29,2388.07,9038.91,1.3,47.44,522.01,2388.07,8129.25,8.441,0.03,392,2388,100.0,38.88,23.3958,154,133,Healthy,86.36,0
77,22,0.0004,0.0004,100.0,518.67,642.65,1589.23,1401.52,14.62,21.61,553.65,2388.07,9053.88,1.3,47.53,521.79,2388.05,8128.52,8.4108,0.03,393,2388,100.0,38.74,23.2414,154,132,Healthy,85.71,0
77,23,-0.0003,0.0003,100.0,518.67,642.91,1594.68,1405.51,14.62,21.6,553.13,2388.11,9046.99,1.3,47.66,521.29,2388.1,8125.18,8.4833,0.03,394,2388,100.0,38.73,23.3472,154,131,Healthy,85.06,0
77,24,-0.0002,0.0001,100.0,518.67,642.78,1589.04,1401.67,14.62,21.61,553.64,2388.14,9043.07,1.3,47.48,521.92,2388.13,8131.86,8.423,0.03,394,2388,100.0,38.89,23.2798,154,130,Healthy,84.42,0
77,25,-0.0036,0.0001,100.0,518.67,642.53,1588.28,1409.97,14.62,21.61,553.94,2388.1,9046.35,1.3,47.46,521.83,2388.16,8127.14,8.4108,0.03,393,2388,100.0,38.81,23.309,154,129,Healthy,83.77,0
77,26,-0.0041,0.0002,100.0,518.67,642.75,1590.76,1408.38,14.62,21.61,553.24,2388.09,9045.25,1.3,47.25,521.39,2388.13,8126.68,8.4172,0.03,392,2388,100.0,38.62,23.2673,154,128,Healthy,83.12,0
77,27,0.0024,0.0001,100.0,518.67,642.43,1581.6,1403.69,14.62,21.61,553.03,2388.09,9051.98,1.3,47.58,521.32,2388.11,8125.36,8.4347,0.03,393,2388,100.0,38.93,23.3573,154,127,Healthy,82.47,0
77,28,-0.0002,-0.0002,100.0,518.67,642.81,1591.61,1411.83,14.62,21.61,553.3,2388.08,9048.07,1.3,47.58,521.14,2388.12,8125.18,8.4303,0.03,393,2388,100.0,38.73,23.3459,154,126,Healthy,81.82,0
77,29,-0.0031,0.0003,100.0,518.67,642.53,1591.34,1406.42,14.62,21.61,553.21,2388.13,9046.96,1.3,47.84,521.6,2388.11,8132.19,8.4392,0.03,393,2388,100.0,38.84,23.3505,154,125,Healthy,81.17,0
77,30,0.0045,0.0003,100.0,518.67,642.64,1590.8,1408.42,14.62,21.61,553.13,2388.11,9041.08,1.3,47.47,521.88,2388.14,8129.32,8.4126,0.03,393,2388,100.0,38.83,23.329,154,124,Healthy,80.52,0
77,31,0.0022,-0.0,100.0,518.67,642.86,1584.4,1410.95,14.62,21.61,554.48,2388.13,9048.44,1.3,47.48,521.42,2388.12,8125.14,8.4283,0.03,392,2388,100.0,38.8,23.3948,154,123,Healthy,79.87,0
77,32,0.0002,-0.0004,100.0,518.67,642.58,1590.54,1409.97,14.62,21.61,553.79,2388.12,9047.25,1.3,47.47,521.48,2388.07,8127.97,8.4217,0.03,393,2388,100.0,38.82,23.3847,154,122,Healthy,79.22,0
77,33,-0.0035,-0.0001,100.0,518.67,643.09,1592.54,1413.26,14.62,21.61,553.28,2388.1,9053.43,1.3,47.48,521.15,2388.15,8125.16,8.441,0.03,393,2388,100.0,38.51,23.2458,154,121,Healthy,78.57,0
77,34,0.0011,0.0002,100.0,518.67,642.57,1586.78,1412.17,14.62,21.61,553.07,2388.11,9049.14,1.3,47.57,522.17,2388.11,8127.88,8.4323,0.03,393,2388,100.0,38.62,23.2752,154,120,Early_Wear,77.92,0
77,35,0.0002,-0.0002,100.0,518.67,643.15,1583.88,1411.6,14.62,21.61,553.37,2388.1,9045.88,1.3,47.45,521.05,2388.16,8128.89,8.3685,0.03,395,2388,100.0,39.04,23.1706,154,119,Early_Wear,77.27,0
77,36,-0.0035,-0.0001,100.0,518.67,642.86,1594.03,1407.96,14.62,21.61,553.37,2388.11,9053.23,1.3,47.52,521.73,2388.16,8129.77,8.4388,0.03,393,2388,100.0,38.79,23.3143,154,118,Early_Wear,76.62,0
77,37,0.0008,-0.0004,100.0,518.67,642.86,1587.77,1407.27,14.62,21.61,553.79,2388.1,9051.84,1.3,47.39,521.22,2388.09,8128.76,8.4148,0.03,393,2388,100.0,38.83,23.3281,154,117,Early_Wear,75.97,0
77,38,0.0008,0.0003,100.0,518.67,642.72,1597.55,1405.38,14.62,21.61,553.7,2388.17,9048.64,1.3,47.51,521.46,2388.08,8130.26,8.4451,0.03,394,2388,100.0,38.79,23.295,154,116,Early_Wear,75.32,0
77,39,-0.0007,0.0004,100.0,518.67,642.61,1593.84,1404.44,14.62,21.61,553.46,2388.16,9043.12,1.3,47.61,520.93,2388.14,8127.77,8.435,0.03,392,2388,100.0,38.96,23.3754,154,115,Early_Wear,74.68,0
77,40,-0.0027,-0.0001,100.0,518.67,642.44,1591.76,1414.29,14.62,21.61,554.06,2388.13,9048.97,1.3,47.3,521.17,2388.11,8129.89,8.4554,0.03,393,2388,100.0,38.79,23.3284,154,114,Early_Wear,74.03,0
77,41,-0.0018,0.0003,100.0,518.67,642.88,1587.79,1411.2,14.62,21.61,553.64,2388.12,9042.76,1.3,47.61,521.45,2388.12,8128.33,8.4518,0.03,392,2388,100.0,38.79,23.2787,154,113,Early_Wear,73.38,0
77,42,0.002,0.0002,100.0,518.67,642.37,1591.22,1413.4,14.62,21.61,553.38,2388.1,9046.55,1.3,47.3,521.49,2388.09,8129.82,8.4026,0.03,393,2388,100.0,38.85,23.3589,154,112,Early_Wear,72.73,0
77,43,-0.0019,-0.0002,100.0,518.67,642.08,1589.69,1407.35,14.62,21.61,553.46,2388.1,9051.92,1.3,47.4,521.4,2388.09,8131.22,8.424,0.03,393,2388,100.0,38.95,23.2972,154,111,Early_Wear,72.08,0
77,44,-0.0031,-0.0003,100.0,518.67,642.44,1587.27,1410.17,14.62,21.61,553.34,2388.1,9047.4,1.3,47.49,521.79,2388.13,8128.11,8.4046,0.03,393,2388,100.0,38.91,23.2408,154,110,Early_Wear,71.43,0
77,45,-0.0033,0.0004,100.0,518.67,642.74,1587.64,1402.95,14.62,21.61,553.49,2388.11,9044.43,1.3,47.66,521.0,2388.1,8132.36,8.4377,0.03,393,2388,100.0,38.84,23.261,154,109,Early_Wear,70.78,0
77,46,-0.0012,-0.0005,100.0,518.67,642.68,1582.92,1409.79,14.62,21.61,553.86,2388.12,9052.99,1.3,47.49,521.38,2388.1,8130.63,8.4281,0.03,392,2388,100.0,38.7,23.3302,154,108,Early_Wear,70.13,0
77,47,-0.0024,0.0003,100.0,518.67,642.47,1583.7,1409.03,14.62,21.61,553.14,2388.12,9038.29,1.3,47.47,521.17,2388.13,8132.26,8.4475,0.03,392,2388,100.0,38.86,23.3859,154,107,Early_Wear,69.48,0
77,48,0.0022,-0.0005,100.0,518.67,642.42,1597.41,1410.16,14.62,21.61,553.18,2388.06,9054.29,1.3,47.57,521.4,2388.1,8122.84,8.43,0.03,394,2388,100.0,38.84,23.1625,154,106,Early_Wear,68.83,0
77,49,-0.0036,-0.0002,100.0,518.67,642.48,1580.52,1403.2,14.62,21.61,553.46,2388.1,9056.41,1.3,47.49,521.0,2388.06,8133.78,8.4468,0.03,393,2388,100.0,38.76,23.2819,154,105,Early_Wear,68.18,0
77,50,0.0027,-0.0001,100.0,518.67,642.82,1589.72,1409.9,14.62,21.61,553.86,2388.13,9045.49,1.3,47.47,521.17,2388.1,8130.52,8.471,0.03,391,2388,100.0,39.05,23.4174,154,104,Early_Wear,67.53,0
78,1,0.0016,-0.0004,100.0,518.67,642.0,1587.5,1395.1,14.62,21.61,554.76,2388.02,9055.79,1.3,47.0,522.48,2387.96,8139.23,8.3303,0.03,392,2388,100.0,39.26,23.4923,231,230,Healthy,99.57,0
78,2,0.0002,-0.0005,100.0,518.67,641.45,1586.11,1394.24,14.62,21.6,555.1,2387.98,9053.91,1.3,47.23,522.87,2387.99,8144.53,8.406,0.03,391,2388,100.0,39.21,23.3712,231,229,Healthy,99.13,0
78,3,-0.0002,-0.0004,100.0,518.67,641.96,1586.33,1396.56,14.62,21.6,555.45,2387.98,9048.37,1.3,47.12,522.93,2388.07,8138.47,8.3995,0.03,390,2388,100.0,39.09,23.4523,231,228,Healthy,98.7,0
78,4,0.0037,-0.0002,100.0,518.67,642.14,1591.12,1396.67,14.62,21.6,555.58,2387.98,9060.95,1.3,47.04,522.1,2388.01,8140.27,8.3548,0.03,390,2388,100.0,39.16,23.4028,231,227,Healthy,98.27,0
78,5,0.004,-0.0005,100.0,518.67,642.0,1578.97,1399.11,14.62,21.61,554.98,2388.02,9061.21,1.3,46.9,521.95,2387.99,8140.12,8.4112,0.03,391,2388,100.0,39.17,23.5384,231,226,Healthy,97.84,0
78,6,-0.0006,0.0004,100.0,518.67,641.69,1579.1,1401.36,14.62,21.61,554.75,2388.02,9051.03,1.3,47.24,522.89,2388.03,8139.28,8.3971,0.03,390,2388,100.0,39.0,23.405,231,225,Healthy,97.4,0
78,7,0.0001,0.0001,100.0,518.67,641.56,1584.97,1401.27,14.62,21.61,554.58,2388.01,9049.62,1.3,47.04,522.05,2388.01,8139.96,8.3939,0.03,392,2388,100.0,38.96,23.3515,231,224,Healthy,96.97,0
78,8,-0.0009,-0.0004,100.0,518.67,642.05,1583.58,1391.06,14.62,21.61,555.12,2387.93,9054.72,1.3,47.01,522.92,2388.02,8140.22,8.3638,0.03,391,2388,100.0,39.14,23.3932,231,223,Healthy,96.54,0
78,9,0.0,0.0002,100.0,518.67,642.18,1589.59,1392.94,14.62,21.61,554.97,2388.03,9053.67,1.3,47.2,522.69,2388.0,8140.4,8.3387,0.03,390,2388,100.0,39.08,23.406,231,222,Healthy,96.1,0
78,10,0.0008,-0.0004,100.0,518.67,641.91,1584.85,1398.76,14.62,21.61,554.45,2388.01,9054.04,1.3,47.17,522.45,2388.02,8136.69,8.3976,0.03,392,2388,100.0,39.08,23.4687,231,221,Healthy,95.67,0
78,11,0.0009,-0.0002,100.0,518.67,642.15,1580.93,1402.4,14.62,21.6,554.88,2387.98,9059.04,1.3,46.99,523.04,2388.03,8136.86,8.3544,0.03,392,2388,100.0,38.9,23.4828,231,220,Healthy,95.24,0
78,12,0.0027,-0.0003,100.0,518.67,641.5,1576.39,1393.63,14.62,21.61,554.96,2387.97,9052.1,1.3,47.22,522.19,2388.0,8141.2,8.3806,0.03,392,2388,100.0,39.16,23.4755,231,219,Healthy,94.81,0
78,13,-0.0004,-0.0001,100.0,518.67,642.06,1587.39,1402.26,14.62,21.61,554.37,2387.97,9057.07,1.3,47.14,522.18,2387.97,8142.15,8.3878,0.03,391,2388,100.0,39.02,23.4886,231,218,Healthy,94.37,0
78,14,0.001,-0.0003,100.0,518.67,642.42,1581.03,1396.1,14.62,21.61,555.19,2387.92,9059.01,1.3,47.03,522.41,2388.0,8141.96,8.404,0.03,391,2388,100.0,39.14,23.42,231,217,Healthy,93.94,0
78,15,0.0058,0.0003,100.0,518.67,641.91,1580.52,1402.63,14.62,21.61,553.72,2387.98,9065.77,1.3,47.2,522.26,2388.01,8140.95,8.4012,0.03,392,2388,100.0,39.03,23.3573,231,216,Healthy,93.51,0
78,16,0.0058,-0.0001,100.0,518.67,641.58,1585.95,1394.54,14.62,21.61,554.53,2387.99,9057.26,1.3,47.07,522.36,2388.02,8139.08,8.4278,0.03,391,2388,100.0,39.13,23.4326,231,215,Healthy,93.07,0
78,17,-0.0001,0.0002,100.0,518.67,641.97,1585.03,1395.12,14.62,21.61,554.71,2388.0,9056.98,1.3,47.02,522.62,2387.98,8147.2,8.4089,0.03,391,2388,100.0,39.26,23.4052,231,214,Healthy,92.64,0
78,18,0.0033,0.0001,100.0,518.67,642.19,1582.07,1396.83,14.62,21.61,554.29,2387.99,9064.13,1.3,47.06,523.01,2388.01,8146.36,8.3249,0.03,391,2388,100.0,38.95,23.4043,231,213,Healthy,92.21,0
78,19,-0.0028,-0.0,100.0,518.67,642.18,1590.55,1398.36,14.62,21.61,554.52,2388.09,9049.69,1.3,47.25,522.54,2387.97,8136.8,8.3837,0.03,391,2388,100.0,39.05,23.4471,231,212,Healthy,91.77,0
78,20,0.0002,0.0003,100.0,518.67,642.29,1572.67,1394.47,14.62,21.6,554.41,2388.0,9058.46,1.3,47.09,522.09,2388.01,8138.34,8.3674,0.03,392,2388,100.0,39.24,23.4428,231,211,Healthy,91.34,0
78,21,-0.0009,0.0001,100.0,518.67,642.0,1589.19,1393.77,14.62,21.6,554.58,2388.02,9054.31,1.3,47.15,522.12,2388.04,8136.81,8.3887,0.03,392,2388,100.0,39.23,23.4249,231,210,Healthy,90.91,0
78,22,0.0021,0.0004,100.0,518.67,642.15,1581.67,1394.89,14.62,21.61,554.58,2387.98,9059.25,1.3,47.27,522.68,2388.01,8141.71,8.4123,0.03,391,2388,100.0,39.12,23.4315,231,209,Healthy,90.48,0
78,23,-0.0012,-0.0002,100.0,518.67,641.47,1590.37,1394.03,14.62,21.61,554.06,2388.01,9061.44,1.3,47.06,522.71,2388.02,8136.33,8.409,0.03,392,2388,100.0,39.13,23.5275,231,208,Healthy,90.04,0
78,24,0.0014,-0.0,100.0,518.67,641.77,1584.09,1393.2,14.62,21.61,555.03,2388.01,9059.99,1.3,47.18,521.92,2388.0,8141.69,8.4058,0.03,390,2388,100.0,39.05,23.381,231,207,Healthy,89.61,0
78,25,-0.0013,-0.0005,100.0,518.67,642.11,1582.28,1397.0,14.62,21.61,554.28,2387.98,9053.83,1.3,47.2,522.58,2387.94,8143.7,8.3709,0.03,391,2388,100.0,39.07,23.4604,231,206,Healthy,89.18,0
78,26,0.0012,0.0001,100.0,518.67,642.14,1583.98,1395.33,14.62,21.6,554.88,2387.98,9054.83,1.3,47.19,522.2,2387.96,8135.31,8.3759,0.03,392,2388,100.0,39.09,23.3506,231,205,Healthy,88.74,0
78,27,-0.0,0.0001,100.0,518.67,641.79,1580.41,1391.44,14.62,21.61,554.53,2387.95,9058.55,1.3,47.15,522.39,2388.03,8137.04,8.3847,0.03,392,2388,100.0,39.03,23.4377,231,204,Healthy,88.31,0
78,28,0.0038,0.0004,100.0,518.67,642.0,1583.3,1396.32,14.62,21.61,554.31,2387.98,9059.58,1.3,47.03,522.64,2387.98,8145.88,8.4081,0.03,391,2388,100.0,38.99,23.4235,231,203,Healthy,87.88,0
78,29,0.0006,-0.0005,100.0,518.67,641.76,1587.66,1393.15,14.62,21.61,554.55,2388.02,9049.25,1.3,47.1,522.6,2387.97,8141.89,8.3835,0.03,391,2388,100.0,38.98,23.6064,231,202,Healthy,87.45,0
78,30,-0.0008,-0.0002,100.0,518.67,642.45,1590.95,1391.41,14.62,21.61,554.52,2388.04,9057.78,1.3,47.18,522.46,2387.98,8139.5,8.3799,0.03,390,2388,100.0,39.25,23.4607,231,201,Healthy,87.01,0
78,31,0.0003,-0.0004,100.0,518.67,642.18,1589.18,1388.26,14.62,21.61,554.64,2387.97,9054.44,1.3,47.25,522.35,2387.99,8139.42,8.4077,0.03,392,2388,100.0,39.18,23.4287,231,200,Healthy,86.58,0
78,32,-0.0011,0.0001,100.0,518.67,642.22,1580.42,1382.25,14.62,21.61,554.68,2387.94,9056.73,1.3,47.06,522.27,2387.96,8140.75,8.3978,0.03,390,2388,100.0,39.05,23.4894,231,199,Healthy,86.15,0
78,33,0.0012,0.0002,100.0,518.67,642.02,1578.83,1397.92,14.62,21.61,554.92,2388.04,9051.73,1.3,47.08,522.38,2387.99,8133.89,8.3921,0.03,393,2388,100.0,39.11,23.4207,231,198,Healthy,85.71,0
78,34,-0.0024,-0.0004,100.0,518.67,641.9,1582.77,1395.04,14.62,21.61,554.51,2388.02,9058.02,1.3,46.96,522.38,2387.97,8138.45,8.406,0.03,391,2388,100.0,39.0,23.462,231,197,Healthy,85.28,0
78,35,0.0069,0.0005,100.0,518.67,641.66,1581.09,1399.52,14.62,21.6,554.02,2388.02,9055.97,1.3,47.1,522.56,2388.04,8138.31,8.3917,0.03,392,2388,100.0,38.99,23.3923,231,196,Healthy,84.85,0
78,36,-0.0027,0.0001,100.0,518.67,642.0,1582.28,1402.15,14.62,21.6,554.35,2387.99,9052.84,1.3,47.08,521.99,2388.04,8143.55,8.3358,0.03,392,2388,100.0,39.1,23.4342,231,195,Healthy,84.42,0
78,37,0.0008,-0.0004,100.0,518.67,642.69,1583.05,1400.5,14.62,21.61,555.29,2388.01,9066.6,1.3,47.04,522.69,2388.03,8142.29,8.4319,0.03,393,2388,100.0,39.31,23.4179,231,194,Healthy,83.98,0
78,38,0.0026,-0.0003,100.0,518.67,641.69,1590.53,1397.51,14.62,21.61,555.52,2388.03,9062.74,1.3,47.21,522.61,2388.05,8141.81,8.3712,0.03,389,2388,100.0,39.11,23.379,231,193,Healthy,83.55,0
78,39,0.0023,-0.0001,100.0,518.67,642.21,1586.08,1392.81,14.62,21.61,554.99,2388.01,9057.71,1.3,47.1,522.36,2387.98,8146.05,8.3929,0.03,392,2388,100.0,39.13,23.3995,231,192,Healthy,83.12,0
78,40,-0.003,0.0003,100.0,518.67,641.73,1577.8,1392.93,14.62,21.61,554.95,2387.95,9057.42,1.3,47.22,522.31,2387.97,8140.83,8.4287,0.03,391,2388,100.0,39.05,23.4753,231,191,Healthy,82.68,0
78,41,-0.0025,-0.0,100.0,518.67,642.02,1589.95,1404.02,14.62,21.61,554.21,2387.97,9054.05,1.3,47.29,522.49,2387.97,8139.87,8.3956,0.03,392,2388,100.0,39.18,23.4586,231,190,Healthy,82.25,0
78,42,-0.0013,0.0001,100.0,518.67,642.31,1586.48,1396.27,14.62,21.61,554.53,2388.05,9056.73,1.3,47.28,522.24,2388.07,8137.4,8.3791,0.03,391,2388,100.0,38.98,23.4806,231,189,Healthy,81.82,0
78,43,0.0018,0.0005,100.0,518.67,642.65,1579.28,1397.63,14.62,21.61,555.38,2388.04,9061.62,1.3,47.16,522.77,2388.04,8141.06,8.3999,0.03,392,2388,100.0,39.19,23.4343,231,188,Healthy,81.39,0
78,44,0.0035,0.0003,100.0,518.67,642.09,1588.84,1394.42,14.62,21.61,554.62,2388.01,9060.76,1.3,47.29,522.83,2387.99,8141.66,8.3855,0.03,392,2388,100.0,39.07,23.5825,231,187,Healthy,80.95,0
78,45,-0.0017,0.0004,100.0,518.67,642.51,1584.36,1399.3,14.62,21.6,553.83,2388.01,9053.69,1.3,47.15,522.77,2387.9,8138.25,8.462,0.03,391,2388,100.0,38.91,23.449,231,186,Healthy,80.52,0
78,46,0.0033,0.0003,100.0,518.67,642.35,1581.22,1396.86,14.62,21.61,554.75,2388.03,9058.3,1.3,47.28,523.03,2388.01,8138.94,8.4012,0.03,393,2388,100.0,39.0,23.4537,231,185,Healthy,80.09,0
78,47,-0.0005,-0.0004,100.0,518.67,641.82,1583.15,1391.02,14.62,21.61,554.05,2388.0,9059.65,1.3,47.03,522.47,2387.98,8139.23,8.3928,0.03,391,2388,100.0,39.1,23.3871,231,184,Healthy,79.65,0
78,48,-0.0012,-0.0001,100.0,518.67,641.9,1584.07,1395.83,14.62,21.61,553.37,2387.94,9054.83,1.3,47.27,522.46,2387.97,8139.24,8.4064,0.03,391,2388,100.0,38.95,23.486,231,183,Healthy,79.22,0
78,49,0.0031,-0.0003,100.0,518.67,642.2,1579.41,1393.43,14.62,21.61,554.86,2388.0,9062.79,1.3,47.13,521.8,2388.03,8143.36,8.4061,0.03,391,2388,100.0,38.85,23.3193,231,182,Healthy,78.79,0
78,50,-0.0006,-0.0001,100.0,518.67,641.64,1584.88,1392.53,14.62,21.61,554.35,2387.99,9060.42,1.3,46.99,522.29,2388.03,8141.27,8.3843,0.03,392,2388,100.0,39.0,23.4077,231,181,Healthy,78.35,0
79,1,-0.0048,-0.0005,100.0,518.67,642.22,1581.77,1392.78,14.62,21.61,554.44,2387.95,9055.37,1.3,47.1,522.54,2388.05,8139.5,8.3795,0.03,391,2388,100.0,39.02,23.526,199,198,Healthy,99.5,0
79,2,0.0019,0.0001,100.0,518.67,641.97,1582.13,1399.23,14.62,21.61,554.88,2387.96,9052.66,1.3,47.15,522.39,2388.0,8136.53,8.3828,0.03,391,2388,100.0,39.06,23.3483,199,197,Healthy,98.99,0
79,3,0.0003,-0.0005,100.0,518.67,642.15,1584.59,1398.1,14.62,21.6,555.06,2387.99,9057.79,1.3,47.37,522.14,2387.99,8136.7,8.4288,0.03,392,2388,100.0,38.95,23.3914,199,196,Healthy,98.49,0
79,4,-0.0009,-0.0002,100.0,518.67,641.71,1584.17,1396.11,14.62,21.61,554.3,2387.99,9059.52,1.3,47.09,522.35,2388.0,8142.45,8.3943,0.03,392,2388,100.0,39.09,23.4778,199,195,Healthy,97.99,0
79,5,0.0023,0.0002,100.0,518.67,642.15,1582.11,1397.45,14.62,21.61,554.53,2388.04,9058.93,1.3,47.11,522.59,2388.06,8137.43,8.403,0.03,392,2388,100.0,39.11,23.3996,199,194,Healthy,97.49,0
79,6,0.002,-0.0,100.0,518.67,642.6,1582.13,1396.57,14.62,21.61,554.45,2388.01,9053.58,1.3,47.08,522.54,2388.0,8140.85,8.4164,0.03,391,2388,100.0,39.02,23.467,199,193,Healthy,96.98,0
79,7,0.0022,-0.0005,100.0,518.67,642.03,1584.75,1406.71,14.62,21.61,554.38,2388.04,9052.04,1.3,47.09,522.62,2388.03,8142.9,8.3667,0.03,391,2388,100.0,39.12,23.4984,199,192,Healthy,96.48,0
79,8,-0.0032,0.0,100.0,518.67,642.73,1583.71,1395.5,14.62,21.61,553.96,2388.08,9056.28,1.3,47.14,522.55,2387.99,8139.88,8.4049,0.03,392,2388,100.0,39.11,23.4549,199,191,Healthy,95.98,0
79,9,-0.0038,-0.0005,100.0,518.67,642.52,1585.8,1396.6,14.62,21.61,555.37,2388.02,9052.21,1.3,47.13,523.03,2387.95,8137.62,8.3737,0.03,391,2388,100.0,39.2,23.4008,199,190,Healthy,95.48,0
79,10,0.0022,-0.0003,100.0,518.67,642.29,1588.6,1396.27,14.62,21.61,554.02,2387.98,9057.69,1.3,47.08,522.69,2388.04,8141.34,8.3827,0.03,392,2388,100.0,38.95,23.4418,199,189,Healthy,94.97,0
79,11,-0.0007,-0.0005,100.0,518.67,642.27,1576.89,1397.42,14.62,21.61,554.66,2387.99,9057.29,1.3,47.14,522.56,2387.99,8137.58,8.3975,0.03,391,2388,100.0,39.03,23.3031,199,188,Healthy,94.47,0
79,12,0.0002,0.0002,100.0,518.67,641.97,1592.16,1403.56,14.62,21.6,554.74,2388.02,9058.57,1.3,47.34,522.42,2388.02,8142.88,8.388,0.03,392,2388,100.0,39.04,23.513,199,187,Healthy,93.97,0
79,13,-0.0015,0.0003,100.0,518.67,641.94,1580.59,1402.22,14.62,21.61,554.89,2388.06,9061.11,1.3,47.13,522.39,2387.99,8141.51,8.3997,0.03,392,2388,100.0,38.94,23.392,199,186,Healthy,93.47,0
79,14,-0.0039,0.0004,100.0,518.67,642.01,1584.95,1404.11,14.62,21.61,554.61,2388.04,9054.74,1.3,47.33,522.47,2387.98,8140.87,8.38,0.03,390,2388,100.0,38.91,23.4688,199,185,Healthy,92.96,0
79,15,-0.0008,-0.0004,100.0,518.67,642.01,1589.19,1400.17,14.62,21.6,554.25,2388.07,9061.96,1.3,47.23,522.28,2388.02,8138.37,8.4185,0.03,392,2388,100.0,38.91,23.4041,199,184,Healthy,92.46,0
79,16,-0.002,0.0002,100.0,518.67,642.53,1577.53,1397.89,14.62,21.61,554.98,2388.0,9058.71,1.3,46.92,522.32,2387.94,8143.47,8.4187,0.03,391,2388,100.0,39.07,23.428,199,183,Healthy,91.96,0
79,17,0.0057,-0.0003,100.0,518.67,642.2,1580.36,1388.86,14.62,21.61,554.84,2387.99,9053.93,1.3,47.17,522.16,2388.02,8136.28,8.4134,0.03,392,2388,100.0,39.06,23.4588,199,182,Healthy,91.46,0
79,18,-0.0001,-0.0001,100.0,518.67,641.98,1585.41,1395.44,14.62,21.61,554.66,2388.03,9053.24,1.3,46.93,522.63,2388.01,8138.78,8.3766,0.03,391,2388,100.0,39.2,23.5008,199,181,Healthy,90.95,0
79,19,-0.0027,0.0002,100.0,518.67,642.53,1588.12,1399.96,14.62,21.61,553.93,2388.0,9060.4,1.3,47.08,522.28,2387.98,8138.82,8.3817,0.03,391,2388,100.0,39.13,23.345,199,180,Healthy,90.45,0
79,20,-0.0008,-0.0005,100.0,518.67,642.74,1576.83,1401.72,14.62,21.61,555.1,2387.98,9059.09,1.3,47.11,522.2,2387.96,8140.85,8.3805,0.03,391,2388,100.0,39.05,23.4509,199,179,Healthy,89.95,0
79,21,-0.0013,0.0001,100.0,518.67,641.9,1580.28,1400.49,14.62,21.61,554.12,2388.01,9059.69,1.3,47.22,522.73,2388.05,8138.83,8.4199,0.03,392,2388,100.0,39.23,23.4448,199,178,Healthy,89.45,0
79,22,-0.0039,-0.0001,100.0,518.67,642.15,1581.45,1396.46,14.62,21.61,554.53,2387.97,9051.83,1.3,47.05,522.56,2388.02,8136.83,8.4154,0.03,392,2388,100.0,39.04,23.5301,199,177,Healthy,88.94,0
79,23,0.0004,-0.0004,100.0,518.67,642.35,1582.6,1389.47,14.62,21.61,554.15,2388.04,9053.6,1.3,47.09,522.3,2388.01,8136.13,8.4232,0.03,391,2388,100.0,39.07,23.3894,199,176,Healthy,88.44,0
79,24,0.0017,-0.0003,100.0,518.67,642.26,1582.97,1395.4,14.62,21.61,553.9,2387.96,9053.8,1.3,47.2,522.07,2387.98,8138.44,8.3602,0.03,392,2388,100.0,39.15,23.4369,199,175,Healthy,87.94,0
79,25,0.0024,-0.0002,100.0,518.67,641.3,1576.55,1394.52,14.62,21.61,554.75,2388.02,9059.94,1.3,47.14,522.9,2387.96,8139.81,8.4175,0.03,392,2388,100.0,38.97,23.492,199,174,Healthy,87.44,0
79,26,-0.0008,-0.0004,100.0,518.67,642.25,1588.8,1403.72,14.62,21.61,554.41,2387.97,9055.37,1.3,47.08,522.27,2387.95,8141.22,8.4055,0.03,392,2388,100.0,39.2,23.4944,199,173,Healthy,86.93,0
79,27,-0.0017,0.0002,100.0,518.67,642.1,1587.27,1395.64,14.62,21.61,554.99,2388.01,9050.54,1.3,47.19,522.72,2387.98,8144.93,8.4106,0.03,392,2388,100.0,39.04,23.3714,199,172,Healthy,86.43,0
79,28,-0.0006,-0.0005,100.0,518.67,642.88,1588.64,1400.84,14.62,21.61,554.41,2387.99,9060.63,1.3,47.1,522.95,2387.96,8140.75,8.4386,0.03,390,2388,100.0,38.96,23.4116,199,171,Healthy,85.93,0
79,29,-0.0011,-0.0004,100.0,518.67,641.95,1587.44,1396.78,14.62,21.61,554.37,2387.97,9054.8,1.3,47.24,522.42,2387.99,8140.01,8.3733,0.03,391,2388,100.0,39.03,23.4864,199,170,Healthy,85.43,0
79,30,0.0037,0.0004,100.0,518.67,642.06,1582.3,1407.03,14.62,21.61,554.6,2388.02,9060.66,1.3,47.12,522.81,2387.96,8141.37,8.3787,0.03,391,2388,100.0,39.1,23.5049,199,169,Healthy,84.92,0
79,31,-0.0008,-0.0001,100.0,518.67,642.18,1581.59,1408.4,14.62,21.61,555.7,2388.03,9058.35,1.3,47.25,522.29,2388.03,8141.99,8.4091,0.03,390,2388,100.0,38.91,23.5292,199,168,Healthy,84.42,0
79,32,0.0014,0.0004,100.0,518.67,641.83,1586.54,1406.35,14.62,21.61,555.15,2388.03,9061.72,1.3,47.53,522.37,2388.04,8139.33,8.4201,0.03,392,2388,100.0,38.92,23.4126,199,167,Healthy,83.92,0
79,33,-0.0022,0.0004,100.0,518.67,641.5,1584.15,1388.79,14.62,21.61,554.42,2388.0,9061.4,1.3,47.24,522.21,2388.0,8143.66,8.3574,0.03,392,2388,100.0,39.07,23.5076,199,166,Healthy,83.42,0
79,34,0.0003,0.0004,100.0,518.67,642.53,1577.16,1400.16,14.62,21.61,554.32,2388.01,9053.96,1.3,47.31,522.43,2388.0,8140.53,8.3964,0.03,391,2388,100.0,39.16,23.511,199,165,Healthy,82.91,0
79,35,0.0026,0.0001,100.0,518.67,642.59,1583.42,1392.52,14.62,21.6,554.53,2388.02,9055.53,1.3,47.23,522.73,2387.98,8142.83,8.3914,0.03,391,2388,100.0,39.01,23.4144,199,164,Healthy,82.41,0
79,36,-0.0023,0.0003,100.0,518.67,642.62,1580.53,1401.54,14.62,21.61,554.79,2388.04,9065.42,1.3,47.28,522.13,2388.01,8139.01,8.4134,0.03,391,2388,100.0,38.96,23.456,199,163,Healthy,81.91,0
79,37,0.0007,0.0003,100.0,518.67,642.13,1582.42,1397.4,14.62,21.61,554.3,2388.01,9044.98,1.3,47.13,522.52,2388.0,8141.97,8.3846,0.03,391,2388,100.0,39.18,23.4191,199,162,Healthy,81.41,0
79,38,0.0007,0.0,100.0,518.67,642.1,1577.93,1396.45,14.62,21.61,554.3,2387.99,9048.4,1.3,47.18,522.65,2387.99,8135.23,8.3953,0.03,392,2388,100.0,38.96,23.409,199,161,Healthy,80.9,0
79,39,-0.0031,0.0004,100.0,518.67,641.46,1584.44,1395.43,14.62,21.61,554.85,2388.04,9062.34,1.3,47.09,522.29,2388.02,8138.67,8.3837,0.03,392,2388,100.0,39.25,23.4117,199,160,Healthy,80.4,0
79,40,0.001,-0.0003,100.0,518.67,642.4,1588.45,1392.94,14.62,21.61,555.21,2388.03,9058.37,1.3,47.17,522.26,2388.06,8143.4,8.3881,0.03,391,2388,100.0,39.03,23.3655,199,159,Healthy,79.9,0
79,41,-0.0014,-0.0003,100.0,518.67,642.06,1585.17,1401.86,14.62,21.61,554.71,2388.01,9057.78,1.3,47.12,522.3,2388.0,8142.72,8.4028,0.03,392,2388,100.0,38.97,23.4911,199,158,Healthy,79.4,0
79,42,-0.0008,0.0002,100.0,518.67,642.17,1590.6,1401.35,14.62,21.61,554.01,2388.02,9055.63,1.3,47.12,521.91,2387.96,8139.49,8.3522,0.03,391,2388,100.0,39.16,23.4062,199,157,Healthy,78.89,0
79,43,-0.0006,0.0,100.0,518.67,642.13,1585.89,1398.86,14.62,21.61,554.15,2387.99,9052.58,1.3,47.24,522.58,2388.03,8140.15,8.4293,0.03,392,2388,100.0,39.01,23.4829,199,156,Healthy,78.39,0
79,44,0.0044,0.0003,100.0,518.67,642.15,1581.65,1396.25,14.62,21.61,553.97,2387.97,9059.18,1.3,47.2,522.43,2387.98,8141.44,8.3778,0.03,392,2388,100.0,39.21,23.5022,199,155,Healthy,77.89,0
79,45,-0.0003,0.0003,100.0,518.67,642.53,1581.2,1400.72,14.62,21.61,554.74,2388.0,9059.33,1.3,47.12,521.86,2388.02,8144.23,8.4186,0.03,392,2388,100.0,38.97,23.3733,199,154,Healthy,77.39,0
79,46,-0.0048,-0.0005,100.0,518.67,641.97,1584.78,1403.02,14.62,21.61,553.91,2388.04,9059.07,1.3,47.17,522.34,2387.96,8139.87,8.4241,0.03,391,2388,100.0,38.87,23.4554,199,153,Healthy,76.88,0
79,47,0.001,-0.0004,100.0,518.67,642.57,1583.98,1399.93,14.62,21.61,554.44,2388.05,9056.19,1.3,47.11,521.95,2388.01,8136.46,8.3744,0.03,391,2388,100.0,39.05,23.3578,199,152,Healthy,76.38,0
79,48,0.0009,-0.0002,100.0,518.67,641.9,1582.76,1399.48,14.62,21.61,554.64,2388.0,9048.31,1.3,47.08,522.49,2387.99,8135.22,8.3963,0.03,390,2388,100.0,38.99,23.3759,199,151,Healthy,75.88,0
79,49,-0.0014,0.0002,100.0,518.67,642.59,1582.36,1398.67,14.62,21.61,555.02,2387.98,9066.37,1.3,47.16,522.5,2388.03,8138.52,8.3743,0.03,391,2388,100.0,39.23,23.3531,199,150,Healthy,75.38,0
79,50,0.0023,-0.0005,100.0,518.67,641.99,1586.44,1397.8,14.62,21.61,554.53,2388.01,9052.76,1.3,47.27,522.74,2388.03,8140.2,8.3896,0.03,392,2388,100.0,38.97,23.5219,199,149,Healthy,74.87,0
80,1,-0.0037,0.0002,100.0,518.67,642.66,1588.3,1392.25,14.62,21.61,553.3,2388.17,9052.54,1.3,47.44,521.76,2388.13,8130.23,8.4377,0.03,393,2388,100.0,38.66,23.2146,185,184,Healthy,99.46,0
80,2,0.0008,-0.0001,100.0,518.67,642.55,1590.37,1413.83,14.62,21.61,554.33,2388.08,9047.61,1.3,47.62,521.62,2388.12,8136.26,8.4602,0.03,393,2388,100.0,38.83,23.3626,185,183,Healthy,98.92,0
80,3,0.0004,-0.0005,100.0,518.67,643.62,1586.74,1408.62,14.62,21.61,553.94,2388.12,9055.27,1.3,47.46,521.51,2388.1,8131.42,8.399,0.03,393,2388,100.0,38.78,23.2833,185,182,Healthy,98.38,0
80,4,0.0007,-0.0003,100.0,518.67,643.04,1589.6,1412.19,14.62,21.61,553.18,2388.13,9047.89,1.3,47.51,520.98,2388.09,8133.99,8.4308,0.03,395,2388,100.0,39.01,23.3077,185,181,Healthy,97.84,0
80,5,-0.0032,-0.0001,100.0,518.67,642.1,1587.23,1408.13,14.62,21.61,552.94,2388.13,9057.0,1.3,47.59,521.22,2388.09,8127.56,8.4253,0.03,393,2388,100.0,38.92,23.1403,185,180,Healthy,97.3,0
80,6,0.0011,0.0003,100.0,518.67,642.17,1592.74,1410.83,14.62,21.61,553.13,2388.09,9051.94,1.3,47.51,521.66,2388.07,8133.47,8.467,0.03,395,2388,100.0,38.8,23.387,185,179,Healthy,96.76,0
80,7,0.0028,0.0005,100.0,518.67,642.44,1590.79,1409.0,14.62,21.61,552.91,2388.11,9051.56,1.3,47.41,521.28,2388.1,8133.93,8.4333,0.03,394,2388,100.0,38.9,23.2716,185,178,Healthy,96.22,0
80,8,-0.0022,-0.0004,100.0,518.67,642.24,1580.72,1408.6,14.62,21.61,553.27,2388.13,9053.9,1.3,47.48,521.96,2388.07,8129.63,8.4129,0.03,393,2388,100.0,38.83,23.2389,185,177,Healthy,95.68,0
80,9,0.0023,-0.0003,100.0,518.67,642.27,1580.36,1414.7,14.62,21.61,553.21,2388.13,9049.19,1.3,47.75,521.39,2388.13,8130.14,8.4519,0.03,393,2388,100.0,38.76,23.3685,185,176,Healthy,95.14,0
80,10,0.0015,-0.0004,100.0,518.67,643.42,1587.59,1416.48,14.62,21.61,553.88,2388.09,9056.24,1.3,47.52,521.85,2388.13,8134.07,8.4274,0.03,393,2388,100.0,38.68,23.2907,185,175,Healthy,94.59,0
80,11,-0.0028,0.0001,100.0,518.67,642.99,1593.0,1409.51,14.62,21.61,553.91,2388.11,9052.87,1.3,47.58,521.33,2388.1,8134.17,8.4555,0.03,394,2388,100.0,38.78,23.2839,185,174,Healthy,94.05,0
80,12,-0.003,-0.0003,100.0,518.67,643.02,1601.02,1412.01,14.62,21.61,553.02,2388.12,9058.32,1.3,47.59,520.71,2388.1,8135.77,8.4655,0.03,394,2388,100.0,38.65,23.2453,185,173,Healthy,93.51,0
80,13,-0.0002,0.0003,100.0,518.67,642.91,1586.05,1408.53,14.62,21.61,552.13,2388.13,9058.03,1.3,47.68,521.6,2388.06,8131.88,8.4259,0.03,392,2388,100.0,38.85,23.3184,185,172,Healthy,92.97,0
80,14,-0.0006,0.0001,100.0,518.67,642.58,1588.22,1416.61,14.62,21.61,553.06,2388.12,9060.04,1.3,47.53,522.05,2388.13,8131.76,8.409,0.03,392,2388,100.0,38.8,23.3618,185,171,Healthy,92.43,0
80,15,0.0023,0.0002,100.0,518.67,642.93,1595.52,1405.62,14.62,21.61,553.59,2388.1,9050.54,1.3,47.6,521.51,2388.1,8136.69,8.4467,0.03,392,2388,100.0,38.98,23.2601,185,170,Healthy,91.89,0
80,16,-0.0,0.0003,100.0,518.67,641.93,1590.07,1411.21,14.62,21.61,553.45,2388.12,9056.97,1.3,47.52,521.12,2388.14,8139.51,8.441,0.03,394,2388,100.0,38.8,23.2677,185,169,Healthy,91.35,0
80,17,-0.0003,0.0001,100.0,518.67,642.38,1588.24,1403.27,14.62,21.61,553.65,2388.07,9051.17,1.3,47.58,521.9,2388.08,8137.7,8.4585,0.03,393,2388,100.0,38.79,23.2894,185,168,Healthy,90.81,0
80,18,0.0025,-0.0002,100.0,518.67,642.37,1584.99,1410.61,14.62,21.61,553.29,2388.18,9056.27,1.3,47.72,520.82,2388.08,8133.8,8.4245,0.03,394,2388,100.0,38.84,23.3161,185,167,Healthy,90.27,0
80,19,0.0,0.0003,100.0,518.67,642.65,1588.34,1406.36,14.62,21.61,553.56,2388.09,9053.0,1.3,47.71,521.49,2388.08,8133.71,8.4314,0.03,391,2388,100.0,39.01,23.2337,185,166,Healthy,89.73,0
80,20,-0.002,-0.0001,100.0,518.67,642.58,1588.29,1404.34,14.62,21.61,553.69,2388.14,9053.59,1.3,47.5,521.15,2388.08,8133.8,8.4597,0.03,393,2388,100.0,38.75,23.2536,185,165,Healthy,89.19,0
80,21,0.0008,-0.0003,100.0,518.67,642.81,1592.16,1416.05,14.62,21.61,553.74,2388.21,9056.19,1.3,47.43,520.79,2388.07,8138.11,8.4216,0.03,394,2388,100.0,38.76,23.3359,185,164,Healthy,88.65,0
80,22,-0.0007,0.0001,100.0,518.67,642.98,1595.58,1411.86,14.62,21.61,553.16,2388.09,9039.34,1.3,47.63,522.13,2388.12,8132.01,8.4601,0.03,393,2388,100.0,39.05,23.2644,185,163,Healthy,88.11,0
80,23,0.0006,0.0002,100.0,518.67,642.71,1579.8,1410.17,14.62,21.61,553.28,2388.1,9051.12,1.3,47.6,521.16,2388.11,8132.89,8.4144,0.03,394,2388,100.0,38.93,23.2766,185,162,Healthy,87.57,0
80,24,0.0016,0.0002,100.0,518.67,642.96,1593.27,1409.32,14.62,21.61,553.07,2388.11,9054.02,1.3,47.68,521.12,2388.08,8132.99,8.4307,0.03,394,2388,100.0,38.94,23.3565,185,161,Healthy,87.03,0
80,25,-0.0021,0.0001,100.0,518.67,643.14,1597.04,1408.55,14.62,21.61,553.63,2388.1,9052.77,1.3,47.5,521.76,2388.12,8131.35,8.4601,0.03,393,2388,100.0,38.85,23.3419,185,160,Healthy,86.49,0
80,26,-0.0003,-0.0005,100.0,518.67,642.93,1593.45,1407.11,14.62,21.61,553.45,2388.1,9052.54,1.3,47.47,521.48,2388.17,8136.2,8.4572,0.03,394,2388,100.0,38.82,23.2487,185,159,Healthy,85.95,0
80,27,0.0047,-0.0005,100.0,518.67,642.81,1593.3,1401.96,14.62,21.61,553.28,2388.11,9046.96,1.3,47.68,521.28,2388.07,8132.35,8.4631,0.03,395,2388,100.0,38.81,23.2838,185,158,Healthy,85.41,0
80,28,-0.0002,-0.0001,100.0,518.67,642.6,1584.15,1407.58,14.62,21.61,553.64,2388.08,9054.48,1.3,47.53,521.37,2388.08,8133.1,8.3979,0.03,394,2388,100.0,38.79,23.2776,185,157,Healthy,84.86,0
80,29,0.0018,-0.0003,100.0,518.67,642.96,1584.54,1416.0,14.62,21.61,552.87,2388.08,9051.65,1.3,47.35,521.55,2388.14,8133.77,8.4288,0.03,392,2388,100.0,38.98,23.2935,185,156,Healthy,84.32,0
80,30,-0.005,0.0003,100.0,518.67,642.82,1592.69,1408.16,14.62,21.61,553.57,2388.11,9056.92,1.3,47.71,521.36,2388.11,8132.56,8.4217,0.03,392,2388,100.0,38.69,23.394,185,155,Healthy,83.78,0
80,31,-0.002,0.0003,100.0,518.67,643.11,1592.38,1403.18,14.62,21.61,553.17,2388.11,9050.94,1.3,47.56,522.1,2388.15,8133.71,8.4462,0.03,393,2388,100.0,38.85,23.321,185,154,Healthy,83.24,0
80,32,0.0006,0.0,100.0,518.67,642.66,1589.59,1405.0,14.62,21.61,553.82,2388.08,9055.39,1.3,47.3,521.91,2388.14,8134.13,8.4081,0.03,392,2388,100.0,38.76,23.2931,185,153,Healthy,82.7,0
80,33,0.0016,-0.0003,100.0,518.67,642.72,1591.63,1412.88,14.62,21.61,554.13,2388.1,9055.75,1.3,47.62,521.62,2388.09,8137.43,8.4606,0.03,392,2388,100.0,38.62,23.1953,185,152,Healthy,82.16,0
80,34,-0.0004,0.0001,100.0,518.67,642.76,1593.83,1414.18,14.62,21.61,553.41,2388.1,9060.29,1.3,47.62,521.49,2388.05,8134.68,8.4514,0.03,393,2388,100.0,38.92,23.3678,185,151,Healthy,81.62,0
80,35,0.0012,0.0001,100.0,518.67,642.56,1588.19,1415.91,14.62,21.61,553.06,2388.14,9051.46,1.3,47.63,520.97,2388.06,8134.78,8.4187,0.03,394,2388,100.0,38.84,23.191,185,150,Healthy,81.08,0
80,36,0.0025,-0.0001,100.0,518.67,642.8,1587.58,1412.64,14.62,21.61,553.23,2388.15,9053.12,1.3,47.66,521.45,2388.12,8139.26,8.4518,0.03,392,2388,100.0,38.91,23.2912,185,149,Healthy,80.54,0
80,37,-0.0055,-0.0003,100.0,518.67,642.85,1585.26,1415.51,14.62,21.61,553.17,2388.1,9053.21,1.3,47.6,521.34,2388.13,8137.38,8.4229,0.03,392,2388,100.0,38.73,23.2421,185,148,Healthy,80.0,0
80,38,-0.0011,0.0003,100.0,518.67,642.46,1583.13,1406.84,14.62,21.61,553.45,2388.13,9047.88,1.3,47.51,521.81,2388.02,8133.52,8.4504,0.03,393,2388,100.0,38.88,23.319,185,147,Healthy,79.46,0
80,39,-0.002,-0.0001,100.0,518.67,642.79,1581.22,1406.37,14.62,21.61,554.09,2388.09,9056.5,1.3,47.52,521.43,2388.08,8131.77,8.4465,0.03,393,2388,100.0,38.82,23.3046,185,146,Healthy,78.92,0
80,40,0.0002,-0.0005,100.0,518.67,642.06,1583.56,1409.31,14.62,21.61,553.61,2388.09,9055.66,1.3,47.48,521.55,2388.1,8130.92,8.4333,0.03,395,2388,100.0,38.7,23.1905,185,145,Healthy,78.38,0
80,41,0.0049,0.0003,100.0,518.67,642.43,1592.54,1401.49,14.62,21.61,554.12,2388.12,9048.25,1.3,47.64,521.11,2388.1,8136.41,8.4701,0.03,393,2388,100.0,38.85,23.2436,185,144,Healthy,77.84,0
80,42,0.0029,-0.0001,100.0,518.67,643.44,1587.71,1408.84,14.62,21.61,553.18,2388.1,9047.75,1.3,47.59,521.61,2388.11,8132.3,8.4211,0.03,393,2388,100.0,38.84,23.2439,185,143,Healthy,77.3,0
80,43,-0.004,-0.0005,100.0,518.67,642.46,1582.82,1413.67,14.62,21.61,552.94,2388.12,9049.83,1.3,47.73,521.46,2388.04,8137.5,8.4385,0.03,393,2388,100.0,38.88,23.298,185,142,Healthy,76.76,0
80,44,-0.0016,-0.0001,100.0,518.67,642.95,1587.97,1408.29,14.62,21.61,553.37,2388.09,9053.2,1.3,47.47,521.73,2388.16,8127.81,8.425,0.03,395,2388,100.0,38.62,23.2653,185,141,Healthy,76.22,0
80,45,0.0029,-0.0005,100.0,518.67,642.68,1591.31,1411.79,14.62,21.61,552.86,2388.08,9047.17,1.3,47.37,521.34,2388.07,8131.3,8.4331,0.03,394,2388,100.0,38.7,23.2211,185,140,Healthy,75.68,0
80,46,0.003,0.0003,100.0,518.67,642.87,1590.05,1408.45,14.62,21.61,553.39,2388.09,9058.81,1.3,47.59,521.39,2388.1,8136.89,8.4216,0.03,393,2388,100.0,38.63,23.3665,185,139,Healthy,75.14,0
80,47,-0.0004,0.0,100.0,518.67,642.53,1586.42,1408.0,14.62,21.61,554.29,2388.14,9050.7,1.3,47.49,521.72,2388.18,8123.64,8.4219,0.03,393,2388,100.0,38.82,23.3231,185,138,Healthy,74.59,0
80,48,-0.0031,-0.0002,100.0,518.67,642.71,1583.68,1406.56,14.62,21.61,553.9,2388.13,9064.8,1.3,47.52,521.39,2388.12,8131.74,8.4648,0.03,392,2388,100.0,38.88,23.2074,185,137,Healthy,74.05,0
80,49,0.0001,0.0003,100.0,518.67,643.36,1588.18,1412.39,14.62,21.61,553.37,2388.06,9042.68,1.3,47.34,521.58,2388.12,8141.18,8.4587,0.03,392,2388,100.0,38.64,23.2376,185,136,Healthy,73.51,0
80,50,-0.0038,-0.0002,100.0,518.67,642.58,1593.51,1406.64,14.62,21.61,553.47,2388.09,9053.68,1.3,47.5,521.37,2388.11,8133.14,8.456,0.03,395,2388,100.0,38.89,23.3301,185,135,Healthy,72.97,0
81,1,-0.005,0.0003,100.0,518.67,642.04,1589.91,1406.63,14.62,21.61,553.78,2388.1,9060.49,1.3,47.53,522.09,2388.04,8134.78,8.4455,0.03,391,2388,100.0,38.87,23.3365,240,239,Healthy,99.58,0
81,2,0.0023,0.0002,100.0,518.67,642.65,1586.25,1407.88,14.62,21.61,553.7,2388.09,9064.32,1.3,47.39,522.07,2388.07,8140.37,8.4573,0.03,392,2388,100.0,38.91,23.3452,240,238,Healthy,99.17,0
81,3,-0.0005,0.0005,100.0,518.67,642.55,1586.42,1396.4,14.62,21.61,553.28,2388.11,9058.66,1.3,47.39,521.07,2388.06,8139.75,8.4522,0.03,394,2388,100.0,39.04,23.361,240,237,Healthy,98.75,0
81,4,-0.0001,-0.0,100.0,518.67,642.41,1594.89,1404.86,14.62,21.61,554.25,2388.04,9056.54,1.3,47.59,521.68,2388.04,8144.12,8.4403,0.03,392,2388,100.0,38.77,23.4206,240,236,Healthy,98.33,0
81,5,0.0024,0.0002,100.0,518.67,643.41,1590.49,1409.58,14.62,21.61,553.5,2388.04,9058.47,1.3,47.24,521.47,2388.12,8139.21,8.3971,0.03,392,2388,100.0,39.04,23.3311,240,235,Healthy,97.92,0
81,6,0.0005,-0.0002,100.0,518.67,642.75,1589.51,1414.62,14.62,21.61,553.59,2388.05,9055.33,1.3,47.37,521.38,2388.04,8142.92,8.4121,0.03,391,2388,100.0,38.93,23.4274,240,234,Healthy,97.5,0
81,7,0.0013,-0.0003,100.0,518.67,642.5,1587.88,1402.18,14.62,21.61,554.22,2388.0,9057.29,1.3,47.72,521.64,2388.05,8135.4,8.4458,0.03,391,2388,100.0,38.89,23.3179,240,233,Healthy,97.08,0
81,8,0.0012,-0.0002,100.0,518.67,642.34,1592.6,1402.26,14.62,21.61,554.0,2388.07,9057.96,1.3,47.13,522.2,2388.07,8141.11,8.3977,0.03,392,2388,100.0,38.85,23.407,240,232,Healthy,96.67,0
81,9,0.0041,-0.0001,100.0,518.67,642.76,1582.13,1391.57,14.62,21.61,554.0,2388.03,9058.47,1.3,47.42,521.43,2388.07,8146.68,8.4121,0.03,391,2388,100.0,39.09,23.3476,240,231,Healthy,96.25,0
81,10,-0.0006,0.0003,100.0,518.67,641.98,1593.4,1408.72,14.62,21.61,553.78,2388.11,9054.31,1.3,47.45,521.83,2388.04,8138.66,8.4532,0.03,394,2388,100.0,38.82,23.3865,240,230,Healthy,95.83,0
81,11,-0.0003,-0.0004,100.0,518.67,642.51,1584.68,1393.79,14.62,21.61,554.1,2388.03,9057.06,1.3,47.53,521.88,2388.07,8139.3,8.4358,0.03,391,2388,100.0,38.77,23.3335,240,229,Healthy,95.42,0
81,12,-0.0009,0.0004,100.0,518.67,642.85,1587.31,1407.41,14.62,21.61,553.25,2388.1,9059.26,1.3,47.48,522.0,2388.07,8133.49,8.4221,0.03,393,2388,100.0,39.05,23.3104,240,228,Healthy,95.0,0
81,13,0.0024,0.0002,100.0,518.67,642.53,1584.34,1402.22,14.62,21.61,554.34,2388.08,9060.25,1.3,47.4,522.19,2388.09,8142.63,8.409,0.03,393,2388,100.0,38.92,23.2522,240,227,Healthy,94.58,0
81,14,0.0047,0.0001,100.0,518.67,641.7,1586.25,1400.29,14.62,21.61,553.66,2388.07,9059.35,1.3,47.5,521.86,2388.07,8138.7,8.4354,0.03,392,2388,100.0,38.96,23.3628,240,226,Healthy,94.17,0
81,15,-0.0024,0.0004,100.0,518.67,642.6,1585.05,1399.43,14.62,21.61,554.3,2388.09,9062.54,1.3,47.5,521.82,2388.04,8143.7,8.3921,0.03,393,2388,100.0,38.8,23.4396,240,225,Healthy,93.75,0
81,16,0.0015,-0.0001,100.0,518.67,642.65,1586.89,1407.62,14.62,21.61,553.43,2388.02,9060.57,1.3,47.29,521.6,2388.08,8141.15,8.4132,0.03,392,2388,100.0,39.03,23.3926,240,224,Healthy,93.33,0
81,17,0.0022,-0.0003,100.0,518.67,642.42,1588.44,1404.33,14.62,21.61,553.53,2388.1,9063.99,1.3,47.39,521.35,2388.06,8140.72,8.4988,0.03,392,2388,100.0,38.96,23.3602,240,223,Healthy,92.92,0
81,18,0.0015,0.0002,100.0,518.67,642.92,1585.91,1402.04,14.62,21.61,553.51,2388.08,9056.16,1.3,47.4,521.8,2388.1,8136.02,8.4253,0.03,392,2388,100.0,38.82,23.3846,240,222,Healthy,92.5,0
81,19,-0.0015,0.0004,100.0,518.67,642.28,1586.1,1406.05,14.62,21.61,553.97,2388.1,9052.28,1.3,47.46,521.92,2388.08,8142.03,8.4189,0.03,393,2388,100.0,38.97,23.2634,240,221,Healthy,92.08,0
81,20,-0.0001,-0.0,100.0,518.67,642.61,1589.05,1398.34,14.62,21.61,553.34,2388.02,9059.36,1.3,47.47,522.07,2388.1,8138.99,8.4218,0.03,393,2388,100.0,38.82,23.3809,240,220,Healthy,91.67,0
81,21,0.001,-0.0003,100.0,518.67,642.77,1589.51,1409.38,14.62,21.61,554.03,2388.08,9066.93,1.3,47.45,521.91,2388.04,8141.85,8.4205,0.03,392,2388,100.0,38.89,23.4212,240,219,Healthy,91.25,0
81,22,0.0004,0.0,100.0,518.67,642.39,1584.29,1406.28,14.62,21.61,554.45,2388.07,9066.82,1.3,47.61,521.78,2388.06,8140.02,8.4076,0.03,393,2388,100.0,39.02,23.2729,240,218,Healthy,90.83,0
81,23,0.0027,0.0004,100.0,518.67,642.99,1582.68,1402.37,14.62,21.61,554.55,2388.09,9061.19,1.3,47.38,522.2,2388.06,8141.0,8.422,0.03,394,2388,100.0,38.92,23.3634,240,217,Healthy,90.42,0
81,24,-0.0028,-0.0002,100.0,518.67,642.07,1591.26,1401.57,14.62,21.61,554.17,2388.04,9064.46,1.3,47.44,521.74,2388.1,8135.76,8.4501,0.03,392,2388,100.0,38.91,23.4123,240,216,Healthy,90.0,0
81,25,0.0038,0.0003,100.0,518.67,642.61,1593.16,1404.99,14.62,21.61,553.27,2388.11,9053.71,1.3,47.36,521.9,2388.04,8139.7,8.4123,0.03,393,2388,100.0,38.85,23.2724,240,215,Healthy,89.58,0
81,26,-0.0004,0.0005,100.0,518.67,642.16,1590.84,1405.96,14.62,21.61,554.26,2388.0,9055.5,1.3,47.47,521.8,2388.07,8138.27,8.3907,0.03,392,2388,100.0,38.76,23.2123,240,214,Healthy,89.17,0
81,27,0.002,-0.0004,100.0,518.67,642.5,1578.34,1408.77,14.62,21.61,553.67,2388.05,9058.29,1.3,47.35,521.99,2388.01,8138.22,8.4337,0.03,392,2388,100.0,38.82,23.3601,240,213,Healthy,88.75,0
81,28,-0.0016,0.0004,100.0,518.67,642.53,1583.87,1406.71,14.62,21.61,553.95,2388.09,9060.72,1.3,47.41,521.77,2388.04,8144.12,8.4335,0.03,394,2388,100.0,38.9,23.267,240,212,Healthy,88.33,0
81,29,0.0024,0.0001,100.0,518.67,642.41,1594.42,1407.73,14.62,21.61,553.51,2388.07,9062.64,1.3,47.46,521.72,2388.1,8139.63,8.3885,0.03,394,2388,100.0,38.81,23.3384,240,211,Healthy,87.92,0
81,30,-0.0009,0.0004,100.0,518.67,642.74,1585.0,1410.4,14.62,21.61,553.6,2388.0,9054.67,1.3,47.5,521.43,2388.06,8144.03,8.4125,0.03,391,2388,100.0,39.0,23.3942,240,210,Healthy,87.5,0
81,31,0.001,-0.0001,100.0,518.67,642.51,1585.28,1401.84,14.62,21.61,553.11,2388.08,9063.56,1.3,47.37,522.03,2388.1,8139.91,8.3758,0.03,393,2388,100.0,38.84,23.2756,240,209,Healthy,87.08,0
81,32,-0.0005,0.0003,100.0,518.67,642.73,1584.27,1403.55,14.62,21.61,553.38,2388.07,9056.62,1.3,47.35,521.59,2388.07,8143.52,8.4378,0.03,393,2388,100.0,38.82,23.264,240,208,Healthy,86.67,0
81,33,-0.0009,-0.0001,100.0,518.67,642.42,1588.36,1401.28,14.62,21.61,554.01,2388.08,9061.89,1.3,47.51,522.1,2388.1,8140.6,8.4665,0.03,393,2388,100.0,39.02,23.2309,240,207,Healthy,86.25,0
81,34,-0.0019,0.0001,100.0,518.67,642.51,1597.07,1408.95,14.62,21.61,553.54,2388.11,9057.94,1.3,47.35,522.16,2388.05,8141.97,8.4108,0.03,392,2388,100.0,38.76,23.3034,240,206,Healthy,85.83,0
81,35,-0.0032,0.0002,100.0,518.67,643.02,1588.06,1407.91,14.62,21.61,553.24,2388.1,9067.78,1.3,47.18,522.11,2388.07,8138.21,8.4271,0.03,392,2388,100.0,39.03,23.4179,240,205,Healthy,85.42,0
81,36,-0.0019,-0.0001,100.0,518.67,642.21,1584.92,1397.61,14.62,21.61,553.39,2388.04,9055.85,1.3,47.45,521.28,2388.08,8140.79,8.4149,0.03,393,2388,100.0,38.82,23.3288,240,204,Healthy,85.0,0
81,37,0.0012,0.0005,100.0,518.67,642.26,1582.85,1403.25,14.62,21.61,553.82,2388.09,9056.71,1.3,47.39,521.44,2388.09,8139.11,8.4304,0.03,392,2388,100.0,38.89,23.4186,240,203,Healthy,84.58,0
81,38,-0.001,0.0002,100.0,518.67,642.2,1588.38,1408.43,14.62,21.61,554.02,2388.03,9062.48,1.3,47.46,521.77,2388.08,8147.21,8.387,0.03,391,2388,100.0,38.77,23.2774,240,202,Healthy,84.17,0
81,39,0.0,-0.0004,100.0,518.67,642.73,1593.42,1405.7,14.62,21.61,553.65,2388.07,9054.04,1.3,47.45,521.86,2388.08,8139.46,8.4145,0.03,390,2388,100.0,38.87,23.2507,240,201,Healthy,83.75,0
81,40,-0.0015,-0.0,100.0,518.67,642.12,1587.75,1407.5,14.62,21.61,554.25,2388.09,9061.02,1.3,47.41,521.98,2388.06,8144.17,8.4251,0.03,393,2388,100.0,38.89,23.4337,240,200,Healthy,83.33,0
81,41,-0.0016,0.0005,100.0,518.67,642.73,1577.3,1401.96,14.62,21.61,553.5,2388.07,9065.77,1.3,47.32,522.36,2388.08,8144.56,8.4485,0.03,395,2388,100.0,38.9,23.3789,240,199,Healthy,82.92,0
81,42,0.0017,-0.0002,100.0,518.67,642.78,1584.88,1405.84,14.62,21.61,553.66,2388.01,9051.69,1.3,47.45,521.34,2388.04,8142.48,8.4382,0.03,393,2388,100.0,39.07,23.3364,240,198,Healthy,82.5,0
81,43,0.0033,0.0005,100.0,518.67,642.43,1592.31,1406.97,14.62,21.61,554.19,2388.02,9059.47,1.3,47.42,522.06,2388.05,8138.8,8.4336,0.03,394,2388,100.0,38.76,23.3002,240,197,Healthy,82.08,0
81,44,0.0012,-0.0004,100.0,518.67,642.61,1590.24,1410.33,14.62,21.61,553.53,2388.07,9059.49,1.3,47.55,521.54,2388.08,8134.82,8.4293,0.03,393,2388,100.0,38.92,23.298,240,196,Healthy,81.67,0
81,45,-0.0034,-0.0004,100.0,518.67,643.1,1579.46,1399.31,14.62,21.61,554.3,2388.06,9054.87,1.3,47.47,521.66,2388.08,8140.54,8.4351,0.03,393,2388,100.0,38.94,23.2756,240,195,Healthy,81.25,0
81,46,0.0028,0.0005,100.0,518.67,642.6,1590.02,1402.95,14.62,21.61,553.33,2388.02,9060.75,1.3,47.28,521.91,2388.12,8141.52,8.4093,0.03,394,2388,100.0,38.91,23.2944,240,194,Healthy,80.83,0
81,47,0.0006,-0.0003,100.0,518.67,642.4,1592.83,1403.22,14.62,21.61,554.12,2388.04,9053.84,1.3,47.49,521.25,2388.15,8141.81,8.4501,0.03,392,2388,100.0,38.84,23.3751,240,193,Healthy,80.42,0
81,48,0.0006,-0.0004,100.0,518.67,642.31,1590.33,1401.8,14.62,21.61,553.64,2388.02,9059.1,1.3,47.4,522.13,2388.06,8139.31,8.4113,0.03,393,2388,100.0,38.84,23.2872,240,192,Healthy,80.0,0
81,49,-0.0017,0.0005,100.0,518.67,642.28,1589.87,1404.49,14.62,21.61,554.24,2388.09,9064.21,1.3,47.47,521.45,2388.07,8140.28,8.4538,0.03,393,2388,100.0,38.97,23.4366,240,191,Healthy,79.58,0
81,50,0.0009,0.0005,100.0,518.67,641.79,1592.12,1403.02,14.62,21.61,553.69,2388.1,9061.41,1.3,47.31,521.9,2388.04,8145.05,8.3741,0.03,392,2388,100.0,39.04,23.3538,240,190,Healthy,79.17,0
82,1,0.0,-0.0002,100.0,518.67,641.73,1582.64,1401.58,14.62,21.61,555.37,2387.98,9064.54,1.3,47.09,522.39,2387.99,8148.75,8.383,0.03,391,2388,100.0,38.84,23.4584,214,213,Healthy,99.53,0
82,2,-0.0025,0.0001,100.0,518.67,642.07,1585.1,1395.89,14.62,21.61,554.94,2387.99,9060.04,1.3,47.32,522.48,2387.98,8145.71,8.4002,0.03,392,2388,100.0,39.1,23.5238,214,212,Healthy,99.07,0
82,3,-0.0038,0.0003,100.0,518.67,641.86,1588.69,1394.02,14.62,21.61,554.86,2388.0,9057.61,1.3,47.23,522.57,2387.98,8143.7,8.3877,0.03,391,2388,100.0,39.0,23.478,214,211,Healthy,98.6,0
82,4,0.0023,-0.0,100.0,518.67,641.99,1584.03,1400.45,14.62,21.61,554.45,2388.01,9068.18,1.3,47.27,522.3,2388.06,8142.17,8.379,0.03,392,2388,100.0,38.79,23.4673,214,210,Healthy,98.13,0
82,5,0.0047,0.0004,100.0,518.67,642.32,1579.79,1399.32,14.62,21.61,554.39,2387.99,9062.71,1.3,47.16,522.72,2388.01,8145.3,8.3988,0.03,390,2388,100.0,38.94,23.3646,214,209,Healthy,97.66,0
82,6,-0.0005,-0.0002,100.0,518.67,642.26,1578.0,1398.33,14.62,21.61,554.55,2387.96,9056.97,1.3,47.17,522.64,2388.03,8140.26,8.3997,0.03,392,2388,100.0,38.91,23.2786,214,208,Healthy,97.2,0
82,7,0.0016,-0.0001,100.0,518.67,641.85,1582.53,1398.36,14.62,21.61,555.13,2388.0,9061.69,1.3,47.04,522.16,2388.01,8135.09,8.3652,0.03,392,2388,100.0,38.94,23.4544,214,207,Healthy,96.73,0
82,8,-0.0045,0.0004,100.0,518.67,642.17,1575.42,1397.17,14.62,21.61,554.52,2388.04,9062.38,1.3,47.0,522.05,2388.0,8139.57,8.403,0.03,391,2388,100.0,39.1,23.2782,214,206,Healthy,96.26,0
82,9,-0.0026,0.0002,100.0,518.67,642.02,1585.46,1396.68,14.62,21.61,554.13,2388.02,9066.0,1.3,47.23,522.41,2388.0,8141.06,8.3675,0.03,391,2388,100.0,38.91,23.3556,214,205,Healthy,95.79,0
82,10,0.0002,-0.0005,100.0,518.67,641.57,1580.98,1395.96,14.62,21.6,554.8,2388.0,9057.55,1.3,47.1,522.84,2387.94,8146.73,8.4018,0.03,391,2388,100.0,39.05,23.6184,214,204,Healthy,95.33,0
82,11,-0.0031,-0.0005,100.0,518.67,641.96,1585.18,1397.2,14.62,21.61,554.36,2388.0,9057.97,1.3,47.31,521.94,2387.95,8143.87,8.3901,0.03,391,2388,100.0,39.03,23.3743,214,203,Healthy,94.86,0
82,12,-0.0037,-0.0005,100.0,518.67,642.48,1590.69,1401.2,14.62,21.61,554.19,2388.02,9063.7,1.3,47.19,522.25,2387.96,8141.06,8.3848,0.03,390,2388,100.0,39.11,23.465,214,202,Healthy,94.39,0
82,13,-0.0013,0.0004,100.0,518.67,641.91,1587.03,1395.05,14.62,21.61,554.84,2388.01,9069.0,1.3,47.08,522.48,2387.97,8144.88,8.4022,0.03,392,2388,100.0,39.13,23.4688,214,201,Healthy,93.93,0
82,14,-0.0016,-0.0001,100.0,518.67,641.88,1586.63,1392.92,14.62,21.61,554.91,2388.05,9063.69,1.3,47.28,522.74,2387.91,8145.15,8.4291,0.03,391,2388,100.0,38.95,23.4104,214,200,Healthy,93.46,0
82,15,0.0,-0.0003,100.0,518.67,641.95,1592.11,1397.32,14.62,21.61,554.35,2388.01,9057.31,1.3,47.1,522.36,2388.02,8143.4,8.4285,0.03,391,2388,100.0,39.18,23.4827,214,199,Healthy,92.99,0
82,16,0.0022,-0.0004,100.0,518.67,642.63,1582.57,1392.57,14.62,21.61,554.8,2388.0,9061.83,1.3,47.05,521.74,2388.03,8145.17,8.3906,0.03,393,2388,100.0,38.96,23.4677,214,198,Healthy,92.52,0
82,17,0.002,-0.0003,100.0,518.67,641.77,1571.06,1397.03,14.62,21.61,554.75,2387.92,9053.68,1.3,47.21,522.73,2387.98,8144.86,8.3977,0.03,390,2388,100.0,38.98,23.4522,214,197,Healthy,92.06,0
82,18,-0.0017,-0.0001,100.0,518.67,642.22,1583.64,1392.33,14.62,21.61,554.66,2388.0,9064.23,1.3,47.05,522.89,2387.99,8148.94,8.4178,0.03,391,2388,100.0,38.95,23.3059,214,196,Healthy,91.59,0
82,19,-0.0011,-0.0002,100.0,518.67,641.87,1587.92,1394.24,14.62,21.6,554.38,2388.03,9064.01,1.3,47.17,522.5,2388.04,8141.87,8.3713,0.03,390,2388,100.0,39.0,23.3893,214,195,Healthy,91.12,0
82,20,0.0016,-0.0005,100.0,518.67,641.97,1587.51,1403.92,14.62,21.61,554.47,2388.02,9064.24,1.3,47.02,522.35,2387.98,8138.39,8.3547,0.03,392,2388,100.0,39.12,23.3263,214,194,Healthy,90.65,0
82,21,-0.0005,0.0004,100.0,518.67,642.17,1579.35,1396.69,14.62,21.61,554.89,2388.05,9056.46,1.3,47.08,522.29,2388.01,8149.35,8.3839,0.03,391,2388,100.0,38.96,23.4393,214,193,Healthy,90.19,0
82,22,-0.0009,-0.0002,100.0,518.67,642.14,1583.34,1409.18,14.62,21.61,555.43,2387.99,9061.35,1.3,47.24,522.65,2388.01,8147.63,8.3894,0.03,391,2388,100.0,39.02,23.3779,214,192,Healthy,89.72,0
82,23,0.0013,0.0004,100.0,518.67,642.48,1586.52,1396.22,14.62,21.61,553.94,2388.07,9053.32,1.3,47.24,522.38,2388.02,8141.54,8.3883,0.03,392,2388,100.0,39.09,23.387,214,191,Healthy,89.25,0
82,24,-0.0016,0.0004,100.0,518.67,642.16,1585.12,1388.77,14.62,21.61,554.81,2388.01,9058.33,1.3,47.09,522.96,2387.97,8147.67,8.3778,0.03,393,2388,100.0,38.93,23.4291,214,190,Healthy,88.79,0
82,25,-0.0016,0.0003,100.0,518.67,642.48,1583.22,1392.81,14.62,21.61,554.59,2388.05,9062.85,1.3,47.19,522.25,2387.96,8142.57,8.3922,0.03,393,2388,100.0,39.06,23.3843,214,189,Healthy,88.32,0
82,26,0.0007,0.0002,100.0,518.67,642.17,1589.67,1398.34,14.62,21.61,554.37,2387.98,9059.52,1.3,47.06,523.24,2388.02,8142.81,8.4059,0.03,390,2388,100.0,39.21,23.5001,214,188,Healthy,87.85,0
82,27,-0.0026,0.0001,100.0,518.67,642.15,1582.41,1397.58,14.62,21.61,554.6,2388.02,9067.98,1.3,47.19,522.7,2387.98,8145.04,8.4044,0.03,390,2388,100.0,39.0,23.3612,214,187,Healthy,87.38,0
82,28,-0.0007,0.0002,100.0,518.67,642.17,1579.05,1395.33,14.62,21.61,554.5,2388.01,9059.04,1.3,47.2,522.77,2387.96,8143.16,8.377,0.03,392,2388,100.0,39.03,23.4513,214,186,Healthy,86.92,0
82,29,0.0004,-0.0,100.0,518.67,641.73,1579.71,1398.81,14.62,21.61,555.52,2387.99,9063.28,1.3,47.28,522.16,2388.0,8147.25,8.3936,0.03,390,2388,100.0,39.11,23.3655,214,185,Healthy,86.45,0
82,30,-0.0006,-0.0005,100.0,518.67,642.51,1587.88,1398.81,14.62,21.61,554.41,2387.97,9056.53,1.3,47.34,522.37,2387.98,8144.33,8.3788,0.03,393,2388,100.0,38.99,23.4129,214,184,Healthy,85.98,0
82,31,0.0005,0.0003,100.0,518.67,641.7,1576.42,1388.63,14.62,21.61,553.78,2387.99,9064.33,1.3,47.26,522.45,2387.96,8144.92,8.385,0.03,391,2388,100.0,39.04,23.393,214,183,Healthy,85.51,0
82,32,-0.0036,-0.0005,100.0,518.67,642.21,1587.83,1393.2,14.62,21.61,555.09,2388.07,9064.33,1.3,47.01,522.51,2387.99,8147.31,8.3882,0.03,391,2388,100.0,38.96,23.454,214,182,Healthy,85.05,0
82,33,0.0005,0.0003,100.0,518.67,642.31,1584.74,1394.85,14.62,21.6,555.06,2388.0,9069.51,1.3,47.34,522.4,2388.01,8142.4,8.3721,0.03,391,2388,100.0,39.0,23.279,214,181,Healthy,84.58,0
82,34,-0.0016,0.0004,100.0,518.67,642.31,1591.06,1393.82,14.62,21.61,554.35,2388.01,9064.27,1.3,47.14,522.35,2387.98,8144.74,8.3862,0.03,391,2388,100.0,39.09,23.4441,214,180,Healthy,84.11,0
82,35,-0.0006,-0.0002,100.0,518.67,642.34,1584.24,1391.89,14.62,21.61,554.65,2387.96,9065.11,1.3,47.33,522.51,2388.03,8143.67,8.4042,0.03,391,2388,100.0,39.13,23.3572,214,179,Healthy,83.64,0
82,36,0.0004,-0.0001,100.0,518.67,642.06,1577.45,1391.48,14.62,21.61,554.17,2388.0,9056.72,1.3,47.26,522.47,2387.98,8145.11,8.3953,0.03,391,2388,100.0,39.02,23.4259,214,178,Healthy,83.18,0
82,37,-0.0041,0.0002,100.0,518.67,641.53,1584.31,1392.26,14.62,21.61,554.7,2388.05,9058.67,1.3,47.19,522.27,2387.94,8145.16,8.3984,0.03,391,2388,100.0,38.92,23.4581,214,177,Healthy,82.71,0
82,38,0.0005,-0.0003,100.0,518.67,642.4,1584.39,1391.37,14.62,21.61,554.05,2388.0,9067.81,1.3,47.01,522.93,2388.0,8149.35,8.3723,0.03,391,2388,100.0,39.01,23.3497,214,176,Healthy,82.24,0
82,39,0.0031,-0.0001,100.0,518.67,642.02,1580.74,1399.68,14.62,21.6,554.84,2387.99,9065.8,1.3,47.17,521.97,2388.01,8143.73,8.3979,0.03,391,2388,100.0,39.15,23.458,214,175,Healthy,81.78,0
82,40,0.0006,0.0002,100.0,518.67,642.21,1580.83,1401.8,14.62,21.61,554.97,2387.91,9070.2,1.3,47.21,521.88,2387.98,8147.8,8.4043,0.03,392,2388,100.0,39.13,23.4203,214,174,Healthy,81.31,0
82,41,0.0037,-0.0003,100.0,518.67,641.27,1582.03,1392.21,14.62,21.61,554.46,2388.02,9060.47,1.3,47.28,522.18,2388.03,8145.62,8.402,0.03,392,2388,100.0,39.14,23.4237,214,173,Healthy,80.84,0
82,42,0.0002,0.0004,100.0,518.67,642.03,1586.52,1392.09,14.62,21.61,554.86,2388.01,9062.5,1.3,47.21,522.26,2388.04,8140.27,8.4193,0.03,390,2388,100.0,39.01,23.3928,214,172,Healthy,80.37,0
82,43,-0.0011,0.0001,100.0,518.67,641.87,1588.81,1396.54,14.62,21.61,554.46,2388.0,9067.25,1.3,47.24,522.28,2387.95,8150.56,8.3919,0.03,391,2388,100.0,39.08,23.4025,214,171,Healthy,79.91,0
82,44,0.0013,0.0004,100.0,518.67,641.36,1584.8,1396.66,14.62,21.6,555.39,2388.06,9061.84,1.3,47.08,522.52,2388.02,8150.68,8.382,0.03,392,2388,100.0,39.08,23.4129,214,170,Healthy,79.44,0
82,45,0.0044,0.0003,100.0,518.67,642.73,1580.37,1400.08,14.62,21.61,554.93,2388.02,9063.28,1.3,47.18,522.58,2387.97,8149.74,8.4284,0.03,391,2388,100.0,39.11,23.4595,214,169,Healthy,78.97,0
82,46,-0.0018,0.0,100.0,518.67,642.24,1580.51,1398.2,14.62,21.61,555.34,2387.99,9062.83,1.3,46.97,522.08,2388.01,8149.38,8.3971,0.03,393,2388,100.0,39.0,23.3165,214,168,Healthy,78.5,0
82,47,-0.0005,0.0003,100.0,518.67,641.92,1585.18,1400.11,14.62,21.61,554.71,2387.94,9070.1,1.3,47.26,522.33,2387.98,8144.83,8.392,0.03,391,2388,100.0,39.03,23.339,214,167,Healthy,78.04,0
82,48,0.0002,-0.0002,100.0,518.67,642.4,1590.8,1392.28,14.62,21.61,554.74,2387.96,9074.92,1.3,47.09,521.87,2387.97,8146.48,8.4185,0.03,393,2388,100.0,38.96,23.436,214,166,Healthy,77.57,0
82,49,0.0024,0.0003,100.0,518.67,642.27,1579.21,1396.93,14.62,21.61,555.13,2387.97,9058.21,1.3,47.04,522.49,2387.96,8148.33,8.4088,0.03,391,2388,100.0,38.95,23.3496,214,165,Healthy,77.1,0
82,50,0.0011,-0.0004,100.0,518.67,642.11,1586.56,1402.89,14.62,21.61,554.5,2387.99,9062.6,1.3,47.32,522.24,2388.0,8146.11,8.4038,0.03,390,2388,100.0,39.05,23.4369,214,164,Healthy,76.64,0
83,1,-0.0051,-0.0,100.0,518.67,642.14,1581.34,1392.65,14.62,21.61,554.79,2388.06,9057.43,1.3,47.14,522.26,2388.03,8148.42,8.3915,0.03,391,2388,100.0,39.13,23.3768,293,292,Healthy,99.66,0
83,2,-0.0015,-0.0001,100.0,518.67,641.75,1575.29,1393.01,14.62,21.61,555.09,2388.02,9060.87,1.3,47.07,522.67,2387.98,8142.31,8.3902,0.03,392,2388,100.0,39.19,23.3193,293,291,Healthy,99.32,0
83,3,0.002,-0.0005,100.0,518.67,641.9,1588.37,1391.04,14.62,21.61,554.56,2387.98,9058.42,1.3,47.19,522.54,2388.0,8139.69,8.4149,0.03,392,2388,100.0,39.01,23.4293,293,290,Healthy,98.98,0
83,4,-0.0027,-0.0004,100.0,518.67,642.1,1585.82,1402.48,14.62,21.61,554.83,2387.94,9060.87,1.3,47.13,522.05,2387.98,8136.5,8.417,0.03,390,2388,100.0,39.07,23.5193,293,289,Healthy,98.63,0
83,5,0.0037,-0.0,100.0,518.67,642.17,1581.64,1398.62,14.62,21.61,554.11,2388.01,9059.64,1.3,47.27,523.26,2388.03,8138.35,8.3773,0.03,391,2388,100.0,39.01,23.4225,293,288,Healthy,98.29,0
83,6,0.0004,0.0003,100.0,518.67,641.74,1582.15,1394.59,14.62,21.61,554.83,2387.98,9052.49,1.3,47.2,522.1,2387.96,8141.27,8.3935,0.03,392,2388,100.0,38.96,23.4529,293,287,Healthy,97.95,0
83,7,-0.0005,0.0002,100.0,518.67,641.61,1583.91,1396.79,14.62,21.61,554.36,2387.96,9058.53,1.3,47.16,522.99,2388.0,8138.93,8.3746,0.03,391,2388,100.0,39.14,23.5112,293,286,Healthy,97.61,0
83,8,0.0002,-0.0001,100.0,518.67,641.92,1587.53,1394.05,14.62,21.61,554.41,2388.01,9060.14,1.3,47.05,522.27,2388.04,8140.46,8.3976,0.03,392,2388,100.0,38.97,23.3613,293,285,Healthy,97.27,0
83,9,0.0006,0.0002,100.0,518.67,641.84,1586.99,1394.23,14.62,21.6,554.33,2388.03,9049.92,1.3,47.14,523.13,2388.04,8142.5,8.3922,0.03,391,2388,100.0,38.89,23.4499,293,284,Healthy,96.93,0
83,10,0.0007,-0.0001,100.0,518.67,641.9,1583.41,1400.16,14.62,21.61,554.89,2387.97,9056.86,1.3,47.26,522.64,2388.01,8141.67,8.415,0.03,389,2388,100.0,39.06,23.457,293,283,Healthy,96.59,0
83,11,-0.0021,-0.0004,100.0,518.67,642.06,1577.5,1390.48,14.62,21.61,554.9,2388.03,9057.84,1.3,47.21,522.97,2387.95,8141.79,8.4285,0.03,389,2388,100.0,39.0,23.3848,293,282,Healthy,96.25,0
83,12,0.0016,-0.0002,100.0,518.67,641.44,1586.47,1402.08,14.62,21.6,555.43,2388.0,9059.03,1.3,47.23,522.71,2388.0,8136.47,8.3646,0.03,391,2388,100.0,38.91,23.4495,293,281,Healthy,95.9,0
83,13,-0.0001,0.0003,100.0,518.67,641.59,1585.37,1400.84,14.62,21.61,554.47,2387.97,9062.9,1.3,47.16,522.5,2387.98,8141.69,8.3705,0.03,390,2388,100.0,39.19,23.4149,293,280,Healthy,95.56,0
83,14,0.0019,-0.0003,100.0,518.67,641.48,1579.72,1399.07,14.62,21.6,554.98,2388.02,9052.32,1.3,47.35,522.51,2388.01,8146.92,8.3918,0.03,392,2388,100.0,39.07,23.4627,293,279,Healthy,95.22,0
83,15,0.002,0.0001,100.0,518.67,642.28,1579.22,1394.18,14.62,21.6,554.8,2387.97,9054.15,1.3,47.15,522.2,2387.96,8140.48,8.3812,0.03,392,2388,100.0,39.18,23.4554,293,278,Healthy,94.88,0
83,16,-0.0022,-0.0001,100.0,518.67,642.15,1586.81,1396.95,14.62,21.6,554.0,2388.0,9052.07,1.3,47.14,522.28,2387.96,8135.33,8.3677,0.03,391,2388,100.0,39.06,23.3728,293,277,Healthy,94.54,0
83,17,-0.0001,0.0001,100.0,518.67,641.68,1586.2,1402.79,14.62,21.61,554.54,2388.03,9056.2,1.3,47.2,522.77,2388.0,8141.61,8.3667,0.03,392,2388,100.0,39.06,23.38,293,276,Healthy,94.2,0
83,18,-0.0016,-0.0005,100.0,518.67,641.71,1579.52,1392.34,14.62,21.61,554.82,2387.99,9055.04,1.3,47.04,522.14,2388.02,8143.73,8.3917,0.03,392,2388,100.0,39.22,23.3965,293,275,Healthy,93.86,0
83,19,0.0001,-0.0002,100.0,518.67,641.95,1587.74,1394.18,14.62,21.61,554.36,2388.02,9057.11,1.3,47.27,521.96,2387.96,8142.36,8.4354,0.03,390,2388,100.0,38.87,23.4891,293,274,Healthy,93.52,0
83,20,-0.0022,-0.0004,100.0,518.67,641.4,1576.76,1393.19,14.62,21.61,554.74,2387.99,9051.66,1.3,47.06,522.4,2387.98,8139.69,8.3693,0.03,391,2388,100.0,39.05,23.3995,293,273,Healthy,93.17,0
83,21,-0.0,-0.0003,100.0,518.67,642.02,1581.28,1402.91,14.62,21.61,554.24,2387.98,9051.41,1.3,47.17,522.51,2387.96,8144.29,8.3994,0.03,391,2388,100.0,39.25,23.4367,293,272,Healthy,92.83,0
83,22,0.0017,0.0001,100.0,518.67,642.23,1574.41,1393.37,14.62,21.61,555.14,2388.02,9050.46,1.3,47.14,522.48,2387.97,8142.05,8.4349,0.03,391,2388,100.0,39.05,23.3847,293,271,Healthy,92.49,0
83,23,0.0005,0.0002,100.0,518.67,642.51,1574.29,1393.39,14.62,21.61,554.37,2388.02,9054.8,1.3,47.12,521.89,2387.98,8139.48,8.3942,0.03,392,2388,100.0,39.05,23.4757,293,270,Healthy,92.15,0
83,24,-0.0013,0.0,100.0,518.67,642.0,1574.48,1396.04,14.62,21.61,554.45,2388.06,9052.53,1.3,47.21,521.98,2388.01,8142.6,8.3923,0.03,392,2388,100.0,39.14,23.3609,293,269,Healthy,91.81,0
83,25,-0.002,0.0001,100.0,518.67,641.67,1582.77,1395.44,14.62,21.61,554.86,2388.05,9057.96,1.3,47.19,522.75,2387.93,8146.07,8.4012,0.03,390,2388,100.0,38.98,23.4034,293,268,Healthy,91.47,0
83,26,-0.0021,-0.0001,100.0,518.67,642.4,1588.21,1396.89,14.62,21.61,555.04,2387.96,9055.87,1.3,46.96,522.71,2388.0,8143.49,8.3905,0.03,392,2388,100.0,38.89,23.4299,293,267,Healthy,91.13,0
83,27,-0.0004,0.0001,100.0,518.67,642.42,1585.72,1394.2,14.62,21.61,554.73,2387.96,9056.31,1.3,47.22,522.37,2387.98,8142.22,8.3826,0.03,392,2388,100.0,39.06,23.4823,293,266,Healthy,90.78,0
83,28,-0.0011,0.0004,100.0,518.67,641.89,1579.42,1390.05,14.62,21.61,554.89,2387.95,9052.98,1.3,47.3,522.22,2387.97,8140.14,8.3948,0.03,391,2388,100.0,38.99,23.3742,293,265,Healthy,90.44,0
83,29,-0.0049,-0.0005,100.0,518.67,641.44,1583.51,1391.57,14.62,21.61,554.38,2388.02,9054.88,1.3,47.23,522.19,2388.0,8144.59,8.3759,0.03,392,2388,100.0,38.95,23.4044,293,264,Healthy,90.1,0
83,30,0.0022,0.0003,100.0,518.67,642.66,1581.19,1396.1,14.62,21.61,554.3,2388.01,9057.6,1.3,47.19,522.66,2387.97,8132.9,8.3877,0.03,391,2388,100.0,39.08,23.4738,293,263,Healthy,89.76,0
83,31,0.0004,-0.0,100.0,518.67,642.08,1588.61,1404.23,14.62,21.61,555.42,2388.02,9061.33,1.3,47.15,522.03,2388.02,8141.55,8.3838,0.03,392,2388,100.0,39.02,23.4852,293,262,Healthy,89.42,0
83,32,0.0022,-0.0001,100.0,518.67,641.85,1581.98,1395.81,14.62,21.61,554.53,2387.97,9060.29,1.3,47.17,522.63,2388.0,8138.65,8.3695,0.03,393,2388,100.0,38.96,23.3222,293,261,Healthy,89.08,0
83,33,0.0012,-0.0001,100.0,518.67,642.09,1588.28,1394.41,14.62,21.61,554.19,2388.04,9055.49,1.3,47.0,522.3,2388.04,8137.79,8.409,0.03,391,2388,100.0,38.98,23.5983,293,260,Healthy,88.74,0
83,34,-0.0007,-0.0,100.0,518.67,642.34,1582.52,1395.08,14.62,21.61,555.06,2387.98,9061.08,1.3,47.18,522.36,2388.02,8135.78,8.4052,0.03,391,2388,100.0,39.2,23.3595,293,259,Healthy,88.4,0
83,35,-0.0038,0.0001,100.0,518.67,641.85,1579.33,1403.7,14.62,21.61,554.68,2388.0,9050.57,1.3,47.19,522.24,2388.03,8137.74,8.3686,0.03,392,2388,100.0,39.0,23.589,293,258,Healthy,88.05,0
83,36,0.0039,-0.0004,100.0,518.67,642.08,1585.29,1404.18,14.62,21.61,554.8,2388.01,9056.88,1.3,47.03,522.06,2388.03,8137.92,8.3871,0.03,394,2388,100.0,39.09,23.4358,293,257,Healthy,87.71,0
83,37,-0.0021,-0.0001,100.0,518.67,642.07,1586.19,1387.57,14.62,21.6,554.73,2388.02,9056.23,1.3,47.19,522.51,2387.98,8142.17,8.4121,0.03,392,2388,100.0,39.08,23.4848,293,256,Healthy,87.37,0
83,38,0.0014,-0.0005,100.0,518.67,641.96,1580.04,1398.55,14.62,21.61,554.29,2387.98,9064.48,1.3,47.2,522.57,2388.03,8144.67,8.3755,0.03,391,2388,100.0,38.84,23.4304,293,255,Healthy,87.03,0
83,39,-0.0013,-0.0001,100.0,518.67,642.37,1582.58,1392.91,14.62,21.61,555.03,2388.0,9061.78,1.3,47.08,522.6,2387.98,8138.96,8.4115,0.03,393,2388,100.0,38.98,23.3607,293,254,Healthy,86.69,0
83,40,-0.0054,-0.0002,100.0,518.67,642.49,1586.32,1399.36,14.62,21.61,554.43,2387.97,9056.4,1.3,47.17,522.22,2388.01,8136.25,8.365,0.03,391,2388,100.0,39.24,23.5138,293,253,Healthy,86.35,0
83,41,-0.0026,-0.0002,100.0,518.67,641.99,1583.08,1399.77,14.62,21.61,554.77,2388.01,9052.81,1.3,47.22,522.19,2388.02,8141.87,8.3764,0.03,393,2388,100.0,39.11,23.3739,293,252,Healthy,86.01,0
83,42,0.0001,-0.0002,100.0,518.67,641.93,1583.14,1389.57,14.62,21.61,554.67,2387.97,9057.99,1.3,47.22,522.29,2387.98,8138.53,8.3904,0.03,390,2388,100.0,39.08,23.3547,293,251,Healthy,85.67,0
83,43,-0.0007,0.0,100.0,518.67,641.53,1579.94,1401.71,14.62,21.61,554.6,2387.96,9053.36,1.3,46.94,522.14,2388.01,8141.79,8.3782,0.03,392,2388,100.0,39.16,23.4345,293,250,Healthy,85.32,0
83,44,0.0009,-0.0002,100.0,518.67,641.67,1577.62,1398.59,14.62,21.61,555.28,2387.98,9061.9,1.3,47.14,522.79,2387.96,8143.68,8.3839,0.03,391,2388,100.0,38.93,23.4667,293,249,Healthy,84.98,0
83,45,0.0009,-0.0002,100.0,518.67,642.5,1587.19,1395.09,14.62,21.61,554.34,2387.95,9056.12,1.3,47.3,522.44,2388.01,8140.67,8.377,0.03,393,2388,100.0,39.07,23.4351,293,248,Healthy,84.64,0
83,46,-0.0036,-0.0002,100.0,518.67,641.93,1582.5,1395.53,14.62,21.61,554.79,2387.97,9059.73,1.3,47.24,522.78,2387.97,8140.61,8.3772,0.03,392,2388,100.0,38.97,23.3752,293,247,Healthy,84.3,0
83,47,-0.0034,-0.0003,100.0,518.67,642.18,1584.91,1398.54,14.62,21.61,554.36,2388.01,9058.53,1.3,47.21,522.5,2387.98,8135.87,8.4357,0.03,392,2388,100.0,39.04,23.3992,293,246,Healthy,83.96,0
83,48,-0.001,0.0004,100.0,518.67,642.25,1585.17,1397.54,14.62,21.61,554.74,2388.02,9054.83,1.3,47.22,521.97,2387.96,8142.91,8.3992,0.03,391,2388,100.0,38.92,23.4389,293,245,Healthy,83.62,0
83,49,-0.0012,0.0002,100.0,518.67,642.19,1582.04,1391.8,14.62,21.61,554.22,2387.99,9059.91,1.3,47.16,522.35,2387.97,8143.45,8.3358,0.03,393,2388,100.0,39.06,23.5087,293,244,Healthy,83.28,0
83,50,-0.0042,-0.0004,100.0,518.67,641.72,1574.96,1385.75,14.62,21.61,555.05,2387.99,9055.7,1.3,47.16,522.59,2387.98,8141.17,8.3635,0.03,392,2388,100.0,39.25,23.5316,293,243,Healthy,82.94,0
84,1,0.0007,0.0002,100.0,518.67,643.21,1582.28,1411.05,14.62,21.61,552.34,2388.13,9047.16,1.3,47.7,521.74,2388.17,8126.26,8.4379,0.03,393,2388,100.0,38.69,23.2347,267,266,Healthy,99.63,0
84,2,0.0013,0.0001,100.0,518.67,643.03,1590.29,1405.09,14.62,21.61,552.78,2388.11,9049.45,1.3,47.59,521.42,2388.21,8130.41,8.4355,0.03,391,2388,100.0,38.86,23.3061,267,265,Healthy,99.25,0
84,3,-0.0031,-0.0004,100.0,518.67,642.52,1594.11,1405.79,14.62,21.61,553.14,2388.1,9050.03,1.3,47.56,521.65,2388.13,8125.01,8.4371,0.03,393,2388,100.0,38.78,23.2421,267,264,Healthy,98.88,0
84,4,0.0016,0.0,100.0,518.67,642.81,1583.83,1410.99,14.62,21.61,552.91,2388.16,9047.11,1.3,47.54,521.02,2388.15,8125.17,8.4267,0.03,392,2388,100.0,38.8,23.2697,267,263,Healthy,98.5,0
84,5,-0.0012,-0.0002,100.0,518.67,643.05,1590.42,1409.12,14.62,21.61,553.06,2388.09,9040.72,1.3,47.46,521.1,2388.14,8133.34,8.4131,0.03,395,2388,100.0,38.88,23.3069,267,262,Healthy,98.13,0
84,6,0.0049,0.0003,100.0,518.67,642.4,1590.97,1409.58,14.62,21.61,553.47,2388.15,9046.57,1.3,47.55,521.39,2388.1,8131.73,8.4176,0.03,392,2388,100.0,38.79,23.2575,267,261,Healthy,97.75,0
84,7,-0.0026,-0.0,100.0,518.67,643.18,1592.68,1406.51,14.62,21.61,553.42,2388.09,9052.31,1.3,47.65,521.54,2388.13,8124.68,8.4577,0.03,393,2388,100.0,38.79,23.3591,267,260,Healthy,97.38,0
84,8,0.0001,-0.0,100.0,518.67,642.88,1588.43,1413.34,14.62,21.61,553.36,2388.08,9044.81,1.3,47.52,521.72,2388.08,8127.61,8.4188,0.03,392,2388,100.0,38.72,23.2578,267,259,Healthy,97.0,0
84,9,-0.0007,-0.0002,100.0,518.67,642.22,1592.2,1404.76,14.62,21.61,553.05,2388.1,9050.9,1.3,47.58,521.27,2388.06,8126.03,8.446,0.03,394,2388,100.0,38.89,23.2204,267,258,Healthy,96.63,0
84,10,0.0012,0.0003,100.0,518.67,642.51,1588.42,1411.19,14.62,21.61,553.0,2388.15,9041.87,1.3,47.49,520.81,2388.1,8127.63,8.4668,0.03,392,2388,100.0,38.9,23.3049,267,257,Healthy,96.25,0
84,11,0.0031,0.0003,100.0,518.67,642.52,1591.73,1414.97,14.62,21.61,553.17,2388.13,9050.57,1.3,47.68,521.04,2388.16,8127.5,8.4334,0.03,394,2388,100.0,38.77,23.252,267,256,Healthy,95.88,0
84,12,-0.0017,-0.0002,100.0,518.67,643.19,1583.14,1402.03,14.62,21.61,553.06,2388.1,9041.66,1.3,47.71,521.02,2388.1,8133.01,8.4633,0.03,394,2388,100.0,38.75,23.2142,267,255,Healthy,95.51,0
84,13,0.0002,-0.0002,100.0,518.67,642.43,1593.97,1413.78,14.62,21.61,552.66,2388.12,9048.77,1.3,47.69,521.63,2388.11,8127.55,8.4428,0.03,393,2388,100.0,38.89,23.2502,267,254,Healthy,95.13,0
84,14,-0.0009,-0.0001,100.0,518.67,642.79,1592.48,1405.06,14.62,21.61,553.62,2388.11,9046.61,1.3,47.48,521.21,2388.1,8128.52,8.4764,0.03,393,2388,100.0,38.84,23.2572,267,253,Healthy,94.76,0
84,15,0.0007,0.0003,100.0,518.67,643.44,1592.66,1412.32,14.62,21.61,553.46,2388.1,9041.04,1.3,47.64,521.62,2388.12,8128.06,8.4187,0.03,394,2388,100.0,38.87,23.335,267,252,Healthy,94.38,0
84,16,0.0004,-0.0001,100.0,518.67,642.72,1593.2,1406.03,14.62,21.61,553.14,2388.16,9049.57,1.3,47.65,521.32,2388.13,8132.71,8.4468,0.03,393,2388,100.0,38.95,23.356,267,251,Healthy,94.01,0
84,17,-0.0045,-0.0002,100.0,518.67,642.38,1586.02,1410.31,14.62,21.61,553.54,2388.11,9045.13,1.3,47.55,521.61,2388.08,8132.1,8.4345,0.03,393,2388,100.0,38.9,23.2926,267,250,Healthy,93.63,0
84,18,-0.0029,-0.0004,100.0,518.67,643.51,1588.36,1403.38,14.62,21.61,553.76,2388.08,9044.5,1.3,47.39,520.77,2388.13,8127.96,8.4253,0.03,393,2388,100.0,38.74,23.3304,267,249,Healthy,93.26,0
84,19,-0.0032,0.0004,100.0,518.67,642.85,1589.71,1411.99,14.62,21.61,553.04,2388.1,9045.48,1.3,47.72,521.07,2388.16,8128.78,8.4318,0.03,393,2388,100.0,38.92,23.2694,267,248,Healthy,92.88,0
84,20,0.0008,-0.0005,100.0,518.67,642.66,1589.44,1409.05,14.62,21.61,553.65,2388.16,9043.9,1.3,47.37,521.25,2388.1,8131.55,8.4331,0.03,393,2388,100.0,38.87,23.2639,267,247,Healthy,92.51,0
84,21,-0.0017,0.0004,100.0,518.67,642.53,1594.63,1412.57,14.62,21.61,553.15,2388.12,9047.23,1.3,47.41,521.04,2388.11,8130.41,8.4207,0.03,394,2388,100.0,38.91,23.2987,267,246,Healthy,92.13,0
84,22,-0.0019,0.0002,100.0,518.67,643.05,1589.63,1406.16,14.62,21.61,552.94,2388.15,9049.17,1.3,47.65,521.14,2388.12,8127.03,8.4483,0.03,394,2388,100.0,38.95,23.1987,267,245,Healthy,91.76,0
84,23,0.0003,0.0002,100.0,518.67,643.24,1590.54,1410.39,14.62,21.61,553.81,2388.16,9046.05,1.3,47.51,521.28,2388.08,8124.87,8.4171,0.03,393,2388,100.0,38.71,23.212,267,244,Healthy,91.39,0
84,24,-0.0003,0.0001,100.0,518.67,643.04,1587.04,1409.8,14.62,21.61,553.44,2388.19,9049.15,1.3,47.63,521.43,2388.14,8130.35,8.4281,0.03,394,2388,100.0,38.81,23.2116,267,243,Healthy,91.01,0
84,25,-0.001,-0.0002,100.0,518.67,642.79,1589.86,1407.38,14.62,21.61,553.26,2388.11,9047.61,1.3,47.79,520.83,2388.13,8131.24,8.4072,0.03,394,2388,100.0,38.79,23.2516,267,242,Healthy,90.64,0
84,26,0.0014,-0.0004,100.0,518.67,643.71,1589.97,1404.07,14.62,21.61,554.1,2388.11,9047.88,1.3,47.66,521.52,2388.1,8132.14,8.4438,0.03,392,2388,100.0,38.88,23.2926,267,241,Healthy,90.26,0
84,27,0.0051,-0.0001,100.0,518.67,641.99,1591.75,1405.32,14.62,21.61,553.54,2388.15,9045.53,1.3,47.62,521.4,2388.14,8128.23,8.4201,0.03,391,2388,100.0,38.64,23.2826,267,240,Healthy,89.89,0
84,28,-0.0042,0.0,100.0,518.67,642.78,1596.4,1404.56,14.62,21.61,552.97,2388.17,9054.09,1.3,47.67,521.19,2388.15,8127.44,8.4376,0.03,391,2388,100.0,38.65,23.2574,267,239,Healthy,89.51,0
84,29,0.0046,0.0001,100.0,518.67,642.71,1591.8,1408.03,14.62,21.61,553.09,2388.12,9054.79,1.3,47.61,521.67,2388.09,8129.97,8.4629,0.03,393,2388,100.0,38.87,23.284,267,238,Healthy,89.14,0
84,30,0.0005,0.0003,100.0,518.67,642.22,1590.93,1411.4,14.62,21.61,552.74,2388.09,9055.21,1.3,47.73,522.24,2388.13,8134.88,8.4427,0.03,392,2388,100.0,38.89,23.3001,267,237,Healthy,88.76,0
84,31,-0.0019,-0.0001,100.0,518.67,642.69,1591.62,1409.32,14.62,21.61,553.4,2388.14,9046.43,1.3,47.52,521.21,2388.13,8128.54,8.4511,0.03,393,2388,100.0,38.82,23.2766,267,236,Healthy,88.39,0
84,32,-0.0043,-0.0003,100.0,518.67,642.94,1589.47,1411.55,14.62,21.61,553.83,2388.08,9052.98,1.3,47.71,521.58,2388.12,8126.15,8.4464,0.03,394,2388,100.0,38.95,23.3217,267,235,Healthy,88.01,0
84,33,-0.0004,-0.0005,100.0,518.67,642.75,1587.09,1411.12,14.62,21.61,553.36,2388.13,9055.56,1.3,47.69,520.96,2388.17,8126.09,8.4102,0.03,394,2388,100.0,38.86,23.2336,267,234,Healthy,87.64,0
84,34,0.0014,0.0001,100.0,518.67,642.5,1599.67,1410.24,14.62,21.61,553.46,2388.07,9047.79,1.3,47.55,520.83,2388.1,8125.14,8.4427,0.03,393,2388,100.0,38.75,23.3265,267,233,Healthy,87.27,0
84,35,-0.0035,-0.0003,100.0,518.67,642.84,1586.39,1412.49,14.62,21.61,552.92,2388.15,9043.37,1.3,47.49,521.48,2388.15,8133.02,8.4616,0.03,393,2388,100.0,38.88,23.2048,267,232,Healthy,86.89,0
84,36,0.0021,-0.0003,100.0,518.67,642.6,1578.09,1408.77,14.62,21.61,553.4,2388.14,9047.16,1.3,47.52,521.49,2388.13,8129.3,8.4407,0.03,393,2388,100.0,38.8,23.3825,267,231,Healthy,86.52,0
84,37,0.0012,-0.0001,100.0,518.67,642.73,1588.45,1407.21,14.62,21.61,553.36,2388.16,9042.78,1.3,47.39,521.47,2388.12,8129.79,8.4385,0.03,394,2388,100.0,38.68,23.2483,267,230,Healthy,86.14,0
84,38,-0.0014,0.0,100.0,518.67,642.36,1587.99,1406.45,14.62,21.61,553.44,2388.19,9045.96,1.3,47.64,521.02,2388.09,8127.08,8.4212,0.03,393,2388,100.0,38.95,23.3056,267,229,Healthy,85.77,0
84,39,-0.0015,0.0004,100.0,518.67,642.51,1589.66,1412.27,14.62,21.61,553.06,2388.1,9040.37,1.3,47.54,521.25,2388.09,8126.82,8.4291,0.03,392,2388,100.0,38.5,23.378,267,228,Healthy,85.39,0
84,40,-0.0023,-0.0001,100.0,518.67,643.0,1584.88,1409.71,14.62,21.61,553.0,2388.1,9050.23,1.3,47.74,521.28,2388.14,8126.34,8.4357,0.03,392,2388,100.0,38.91,23.4001,267,227,Healthy,85.02,0
84,41,-0.0,0.0001,100.0,518.67,642.64,1591.03,1405.5,14.62,21.61,553.01,2388.16,9047.89,1.3,47.34,521.19,2388.12,8129.88,8.4436,0.03,394,2388,100.0,38.71,23.2906,267,226,Healthy,84.64,0
84,42,0.0017,-0.0001,100.0,518.67,642.59,1589.3,1409.22,14.62,21.61,554.35,2388.13,9045.86,1.3,47.64,520.77,2388.13,8128.31,8.4445,0.03,393,2388,100.0,38.8,23.2061,267,225,Healthy,84.27,0
84,43,0.0006,0.0004,100.0,518.67,642.83,1593.4,1415.96,14.62,21.61,552.7,2388.12,9044.64,1.3,47.39,521.16,2388.14,8126.44,8.4502,0.03,392,2388,100.0,38.97,23.2004,267,224,Healthy,83.9,0
84,44,0.0005,-0.0003,100.0,518.67,642.14,1591.88,1405.57,14.62,21.61,553.16,2388.11,9048.61,1.3,47.69,520.92,2388.17,8128.46,8.4504,0.03,393,2388,100.0,38.8,23.2789,267,223,Healthy,83.52,0
84,45,-0.0,0.0003,100.0,518.67,642.71,1589.84,1408.43,14.62,21.61,552.82,2388.17,9053.23,1.3,47.51,521.88,2388.1,8129.88,8.443,0.03,393,2388,100.0,38.81,23.2816,267,222,Healthy,83.15,0
84,46,-0.0003,0.0002,100.0,518.67,642.66,1593.17,1409.6,14.62,21.61,553.15,2388.08,9054.54,1.3,47.38,521.6,2388.16,8132.19,8.459,0.03,393,2388,100.0,38.78,23.2872,267,221,Healthy,82.77,0
84,47,-0.0037,0.0001,100.0,518.67,642.86,1586.5,1409.57,14.62,21.61,553.47,2388.08,9053.38,1.3,47.67,521.5,2388.09,8132.22,8.4442,0.03,393,2388,100.0,38.81,23.2598,267,220,Healthy,82.4,0
84,48,-0.0034,0.0001,100.0,518.67,643.19,1586.29,1410.84,14.62,21.61,553.09,2388.16,9053.78,1.3,47.64,521.46,2388.17,8126.41,8.4239,0.03,394,2388,100.0,38.76,23.2806,267,219,Healthy,82.02,0
84,49,0.0011,0.0003,100.0,518.67,642.63,1590.29,1410.48,14.62,21.61,552.89,2388.18,9047.02,1.3,47.62,521.24,2388.14,8130.37,8.4549,0.03,393,2388,100.0,38.83,23.1835,267,218,Healthy,81.65,0
84,50,-0.0033,0.0002,100.0,518.67,642.77,1595.88,1403.33,14.62,21.61,553.09,2388.15,9049.36,1.3,47.52,521.66,2388.17,8128.75,8.4229,0.03,393,2388,100.0,38.79,23.3142,267,217,Healthy,81.27,0
85,1,0.0026,0.0003,100.0,518.67,642.31,1580.41,1404.26,14.62,21.61,553.92,2388.09,9047.33,1.3,47.31,522.02,2388.05,8131.67,8.3863,0.03,393,2388,100.0,38.95,23.3332,188,187,Healthy,99.47,0
85,2,-0.0017,0.0002,100.0,518.67,642.37,1586.83,1396.63,14.62,21.61,553.5,2388.08,9042.51,1.3,47.3,521.73,2388.1,8135.57,8.4283,0.03,394,2388,100.0,38.96,23.3597,188,186,Healthy,98.94,0
85,3,-0.0014,-0.0002,100.0,518.67,642.51,1589.86,1405.45,14.62,21.61,553.86,2388.07,9051.67,1.3,47.36,521.75,2388.08,8125.17,8.402,0.03,392,2388,100.0,38.84,23.3195,188,185,Healthy,98.4,0
85,4,-0.0009,-0.0002,100.0,518.67,642.43,1591.46,1399.49,14.62,21.61,553.8,2388.11,9043.85,1.3,47.48,522.06,2388.06,8129.57,8.4057,0.03,393,2388,100.0,38.9,23.2142,188,184,Healthy,97.87,0
85,5,0.0048,-0.0003,100.0,518.67,642.01,1589.04,1400.7,14.62,21.61,553.19,2388.09,9037.75,1.3,47.38,522.25,2388.13,8126.68,8.4239,0.03,393,2388,100.0,38.88,23.3594,188,183,Healthy,97.34,0
85,6,0.0002,0.0002,100.0,518.67,642.09,1593.84,1413.45,14.62,21.61,553.93,2388.06,9051.59,1.3,47.23,521.91,2388.09,8129.5,8.422,0.03,392,2388,100.0,39.08,23.3577,188,182,Healthy,96.81,0
85,7,0.0006,-0.0001,100.0,518.67,642.47,1589.94,1410.87,14.62,21.61,553.37,2388.05,9041.88,1.3,47.26,522.22,2388.08,8132.5,8.4264,0.03,393,2388,100.0,38.71,23.3937,188,181,Healthy,96.28,0
85,8,-0.0025,0.0004,100.0,518.67,641.88,1583.06,1405.42,14.62,21.61,553.0,2388.08,9050.89,1.3,47.43,521.69,2388.04,8132.36,8.422,0.03,394,2388,100.0,38.97,23.3585,188,180,Healthy,95.74,0
85,9,0.0009,-0.0002,100.0,518.67,642.38,1587.57,1401.93,14.62,21.6,554.52,2388.02,9057.19,1.3,47.43,521.03,2388.0,8135.38,8.4393,0.03,392,2388,100.0,38.91,23.3156,188,179,Healthy,95.21,0
85,10,0.0007,-0.0004,100.0,518.67,642.59,1590.37,1405.7,14.62,21.61,553.13,2388.07,9048.57,1.3,47.32,521.66,2388.1,8130.35,8.3807,0.03,393,2388,100.0,38.86,23.2654,188,178,Healthy,94.68,0
85,11,0.0046,-0.0002,100.0,518.67,642.27,1584.08,1409.61,14.62,21.61,553.59,2388.1,9052.57,1.3,47.48,521.47,2388.11,8127.45,8.4284,0.03,391,2388,100.0,38.94,23.3506,188,177,Healthy,94.15,0
85,12,-0.0012,0.0004,100.0,518.67,642.89,1581.25,1405.2,14.62,21.61,553.92,2388.08,9050.98,1.3,47.31,521.41,2388.05,8133.9,8.4347,0.03,393,2388,100.0,38.77,23.2885,188,176,Healthy,93.62,0
85,13,-0.0013,0.0002,100.0,518.67,642.2,1586.6,1409.83,14.62,21.61,554.05,2388.06,9054.49,1.3,47.54,521.36,2388.06,8134.67,8.4252,0.03,392,2388,100.0,38.9,23.3357,188,175,Healthy,93.09,0
85,14,0.0007,0.0003,100.0,518.67,642.33,1583.61,1404.09,14.62,21.61,553.44,2388.05,9042.97,1.3,47.39,521.61,2388.09,8134.3,8.3953,0.03,391,2388,100.0,38.85,23.3549,188,174,Healthy,92.55,0
85,15,-0.0029,-0.0004,100.0,518.67,642.62,1589.59,1405.94,14.62,21.61,553.69,2388.09,9051.28,1.3,47.37,522.0,2388.11,8127.6,8.3985,0.03,393,2388,100.0,38.88,23.3261,188,173,Healthy,92.02,0
85,16,0.0004,0.0005,100.0,518.67,642.77,1582.07,1410.99,14.62,21.61,554.11,2388.05,9050.55,1.3,47.32,521.77,2388.07,8133.72,8.4512,0.03,391,2388,100.0,38.81,23.4112,188,172,Healthy,91.49,0
85,17,0.0004,0.0003,100.0,518.67,642.93,1590.99,1408.9,14.62,21.61,553.32,2388.12,9045.83,1.3,47.32,521.21,2388.08,8127.8,8.4059,0.03,392,2388,100.0,39.07,23.4003,188,171,Healthy,90.96,0
85,18,-0.0009,-0.0001,100.0,518.67,642.45,1583.27,1408.31,14.62,21.61,553.88,2388.08,9045.97,1.3,47.38,521.56,2388.06,8125.11,8.3959,0.03,392,2388,100.0,38.93,23.4061,188,170,Healthy,90.43,0
85,19,-0.0007,0.0001,100.0,518.67,642.56,1588.44,1403.63,14.62,21.61,553.79,2388.04,9043.28,1.3,47.3,522.08,2388.11,8131.6,8.4319,0.03,393,2388,100.0,38.99,23.2704,188,169,Healthy,89.89,0
85,20,0.0009,0.0003,100.0,518.67,642.45,1587.99,1406.19,14.62,21.61,553.77,2388.07,9049.52,1.3,47.22,521.37,2388.11,8128.84,8.4396,0.03,393,2388,100.0,39.08,23.3066,188,168,Healthy,89.36,0
85,21,-0.0012,0.0,100.0,518.67,642.22,1585.68,1406.51,14.62,21.61,553.63,2388.1,9039.79,1.3,47.39,521.6,2388.13,8133.92,8.4333,0.03,392,2388,100.0,39.0,23.2366,188,167,Healthy,88.83,0
85,22,0.0,0.0001,100.0,518.67,642.2,1582.56,1403.89,14.62,21.61,553.6,2388.09,9054.79,1.3,47.4,521.92,2388.07,8130.36,8.4127,0.03,393,2388,100.0,38.94,23.342,188,166,Healthy,88.3,0
85,23,0.0057,0.0003,100.0,518.67,642.69,1591.33,1407.79,14.62,21.61,553.71,2388.13,9043.86,1.3,47.39,521.44,2388.08,8125.87,8.4387,0.03,393,2388,100.0,38.91,23.2444,188,165,Healthy,87.77,0
85,24,0.0014,0.0003,100.0,518.67,642.11,1584.62,1401.73,14.62,21.61,553.8,2388.09,9046.58,1.3,47.45,521.59,2388.07,8125.71,8.4057,0.03,392,2388,100.0,38.88,23.2486,188,164,Healthy,87.23,0
85,25,0.0008,0.0,100.0,518.67,642.47,1585.34,1404.21,14.62,21.61,553.19,2388.05,9045.29,1.3,47.51,521.04,2388.11,8127.25,8.4083,0.03,391,2388,100.0,38.72,23.4437,188,163,Healthy,86.7,0
85,26,-0.0019,-0.0004,100.0,518.67,642.71,1584.58,1401.23,14.62,21.61,554.4,2388.08,9052.27,1.3,47.44,521.56,2388.06,8131.12,8.4405,0.03,393,2388,100.0,39.13,23.347,188,162,Healthy,86.17,0
85,27,-0.001,-0.0002,100.0,518.67,642.64,1588.68,1402.45,14.62,21.61,553.97,2388.04,9055.42,1.3,47.47,522.16,2388.13,8132.9,8.3852,0.03,393,2388,100.0,39.08,23.3735,188,161,Healthy,85.64,0
85,28,0.0015,-0.0002,100.0,518.67,642.4,1586.99,1403.32,14.62,21.61,554.0,2388.05,9057.27,1.3,47.37,521.67,2388.14,8131.5,8.4044,0.03,393,2388,100.0,38.79,23.3527,188,160,Healthy,85.11,0
85,29,0.0018,-0.0003,100.0,518.67,642.45,1583.65,1410.27,14.62,21.61,553.5,2388.14,9051.14,1.3,47.48,522.01,2388.08,8130.98,8.4366,0.03,394,2388,100.0,39.06,23.2799,188,159,Healthy,84.57,0
85,30,-0.0001,0.0002,100.0,518.67,642.73,1589.19,1407.82,14.62,21.61,553.21,2388.12,9042.61,1.3,47.48,521.37,2388.07,8129.81,8.4122,0.03,393,2388,100.0,38.82,23.3216,188,158,Healthy,84.04,0
85,31,0.0024,-0.0,100.0,518.67,642.45,1591.3,1406.62,14.62,21.61,554.27,2388.06,9055.39,1.3,47.37,522.02,2388.1,8125.81,8.404,0.03,394,2388,100.0,38.89,23.4098,188,157,Healthy,83.51,0
85,32,-0.0001,-0.0001,100.0,518.67,642.37,1581.62,1403.3,14.62,21.61,553.36,2388.07,9045.93,1.3,47.39,521.52,2388.09,8130.23,8.4086,0.03,393,2388,100.0,38.96,23.408,188,156,Healthy,82.98,0
85,33,0.0,0.0004,100.0,518.67,642.47,1591.44,1403.23,14.62,21.61,554.12,2388.09,9044.35,1.3,47.35,521.89,2388.08,8122.3,8.4386,0.03,391,2388,100.0,38.89,23.3909,188,155,Healthy,82.45,0
85,34,-0.0023,-0.0003,100.0,518.67,642.28,1588.51,1401.66,14.62,21.61,553.68,2388.02,9051.39,1.3,47.46,521.51,2388.06,8128.16,8.4209,0.03,393,2388,100.0,38.97,23.3551,188,154,Healthy,81.91,0
85,35,-0.0031,0.0004,100.0,518.67,642.67,1588.03,1404.63,14.62,21.61,553.58,2388.07,9051.62,1.3,47.53,521.83,2388.12,8124.33,8.4248,0.03,391,2388,100.0,38.88,23.2829,188,153,Healthy,81.38,0
85,36,-0.0021,0.0003,100.0,518.67,641.96,1585.14,1403.25,14.62,21.61,554.0,2388.12,9047.79,1.3,47.42,521.78,2388.15,8126.72,8.4366,0.03,392,2388,100.0,38.94,23.3038,188,152,Healthy,80.85,0
85,37,0.0018,-0.0004,100.0,518.67,642.99,1593.95,1411.28,14.62,21.61,552.49,2388.1,9048.82,1.3,47.46,522.34,2388.12,8127.59,8.4327,0.03,392,2388,100.0,38.8,23.3718,188,151,Healthy,80.32,0
85,38,-0.0014,0.0004,100.0,518.67,642.14,1583.88,1405.04,14.62,21.61,554.06,2388.05,9047.57,1.3,47.48,522.04,2388.1,8129.87,8.4401,0.03,393,2388,100.0,38.94,23.3578,188,150,Healthy,79.79,0
85,39,0.0033,-0.0003,100.0,518.67,642.57,1587.6,1402.04,14.62,21.61,554.53,2388.13,9044.3,1.3,47.4,521.73,2388.06,8129.42,8.4211,0.03,392,2388,100.0,39.01,23.3667,188,149,Healthy,79.26,0
85,40,-0.0044,0.0001,100.0,518.67,642.82,1592.13,1402.5,14.62,21.61,553.25,2388.13,9048.2,1.3,47.47,521.81,2388.1,8130.59,8.416,0.03,393,2388,100.0,38.77,23.3966,188,148,Healthy,78.72,0
85,41,-0.0028,-0.0003,100.0,518.67,642.57,1591.49,1403.02,14.62,21.61,553.83,2388.1,9049.91,1.3,47.35,521.98,2388.1,8123.6,8.4392,0.03,393,2388,100.0,38.8,23.2299,188,147,Healthy,78.19,0
85,42,-0.0021,-0.0003,100.0,518.67,642.45,1589.39,1399.22,14.62,21.61,553.66,2388.07,9046.73,1.3,47.33,521.38,2388.09,8126.91,8.4199,0.03,391,2388,100.0,38.74,23.3729,188,146,Healthy,77.66,0
85,43,-0.001,-0.0003,100.0,518.67,642.73,1584.77,1405.57,14.62,21.61,552.87,2388.08,9049.61,1.3,47.53,521.88,2388.06,8133.24,8.4393,0.03,394,2388,100.0,38.85,23.4313,188,145,Healthy,77.13,0
85,44,0.0008,0.0002,100.0,518.67,642.72,1588.86,1410.37,14.62,21.61,554.45,2388.03,9048.92,1.3,47.4,521.6,2388.12,8127.44,8.4138,0.03,393,2388,100.0,38.89,23.3747,188,144,Healthy,76.6,0
85,45,-0.0012,0.0003,100.0,518.67,642.67,1590.15,1408.48,14.62,21.61,553.62,2388.11,9052.8,1.3,47.31,521.76,2388.07,8131.5,8.4402,0.03,394,2388,100.0,39.01,23.2769,188,143,Healthy,76.06,0
85,46,-0.0008,0.0001,100.0,518.67,642.16,1591.45,1401.9,14.62,21.61,554.18,2388.17,9047.6,1.3,47.5,522.0,2388.09,8124.3,8.4418,0.03,393,2388,100.0,38.98,23.3411,188,142,Healthy,75.53,0
85,47,-0.0019,-0.0005,100.0,518.67,642.63,1584.1,1401.53,14.62,21.61,553.6,2388.12,9037.76,1.3,47.46,521.87,2388.13,8128.51,8.4478,0.03,392,2388,100.0,39.03,23.3067,188,141,Healthy,75.0,0
85,48,-0.0024,-0.0002,100.0,518.67,642.73,1587.05,1412.91,14.62,21.61,554.11,2388.1,9047.98,1.3,47.54,521.53,2388.07,8129.85,8.4147,0.03,392,2388,100.0,39.06,23.452,188,140,Healthy,74.47,0
85,49,0.0002,0.0001,100.0,518.67,642.44,1594.21,1407.72,14.62,21.61,553.94,2388.1,9052.31,1.3,47.44,521.53,2388.12,8130.67,8.4278,0.03,393,2388,100.0,38.85,23.3197,188,139,Healthy,73.94,0
85,50,0.0018,-0.0004,100.0,518.67,642.4,1592.68,1408.59,14.62,21.61,553.2,2388.13,9050.44,1.3,47.5,522.08,2388.08,8127.07,8.4445,0.03,394,2388,100.0,38.97,23.3855,188,138,Healthy,73.4,0
86,1,0.0014,-0.0,100.0,518.67,643.06,1593.71,1408.42,14.62,21.61,554.35,2388.05,9060.64,1.3,47.35,522.38,2388.09,8136.32,8.4239,0.03,392,2388,100.0,38.82,23.4096,278,277,Healthy,99.64,0
86,2,0.0034,-0.0005,100.0,518.67,642.41,1602.39,1407.07,14.62,21.6,553.84,2388.07,9067.94,1.3,47.51,521.68,2388.09,8138.02,8.4522,0.03,393,2388,100.0,38.97,23.3046,278,276,Healthy,99.28,0
86,3,-0.0004,0.0,100.0,518.67,642.79,1583.74,1407.67,14.62,21.61,554.17,2388.08,9058.55,1.3,47.5,521.84,2388.11,8140.18,8.4097,0.03,392,2388,100.0,38.89,23.3123,278,275,Healthy,98.92,0
86,4,-0.003,0.0002,100.0,518.67,642.28,1587.97,1399.32,14.62,21.61,553.85,2388.07,9059.9,1.3,47.29,522.14,2388.02,8144.68,8.4076,0.03,391,2388,100.0,38.82,23.2605,278,274,Healthy,98.56,0
86,5,0.0019,0.0004,100.0,518.67,642.5,1589.78,1407.85,14.62,21.61,553.33,2388.05,9061.34,1.3,47.51,521.82,2388.11,8143.84,8.4116,0.03,391,2388,100.0,39.12,23.4223,278,273,Healthy,98.2,0
86,6,-0.0003,0.0002,100.0,518.67,643.16,1591.03,1407.62,14.62,21.61,554.07,2388.08,9060.78,1.3,47.69,521.69,2388.07,8144.5,8.4499,0.03,393,2388,100.0,38.81,23.2583,278,272,Healthy,97.84,0
86,7,0.0005,-0.0005,100.0,518.67,642.35,1585.02,1403.66,14.62,21.61,553.83,2388.04,9061.15,1.3,47.32,521.54,2388.05,8138.75,8.4671,0.03,392,2388,100.0,38.97,23.3339,278,271,Healthy,97.48,0
86,8,-0.0003,0.0001,100.0,518.67,643.01,1582.3,1409.89,14.62,21.61,554.11,2387.98,9053.38,1.3,47.31,521.92,2388.01,8137.93,8.4597,0.03,392,2388,100.0,39.1,23.3448,278,270,Healthy,97.12,0
86,9,-0.0015,-0.0,100.0,518.67,642.29,1586.49,1401.55,14.62,21.61,553.56,2388.07,9055.51,1.3,47.56,521.72,2388.13,8140.46,8.3998,0.03,393,2388,100.0,39.05,23.4663,278,269,Healthy,96.76,0
86,10,0.001,0.0002,100.0,518.67,642.62,1587.37,1401.4,14.62,21.61,554.32,2388.05,9064.18,1.3,47.49,521.92,2388.03,8137.36,8.4148,0.03,394,2388,100.0,38.79,23.3423,278,268,Healthy,96.4,0
86,11,0.001,0.0004,100.0,518.67,642.76,1590.64,1398.88,14.62,21.61,554.1,2388.03,9057.69,1.3,47.31,521.54,2388.05,8143.3,8.4034,0.03,393,2388,100.0,38.86,23.2945,278,267,Healthy,96.04,0
86,12,-0.0018,0.0004,100.0,518.67,642.41,1589.18,1404.37,14.62,21.61,554.05,2388.04,9064.33,1.3,47.28,521.35,2388.1,8140.45,8.4069,0.03,392,2388,100.0,38.89,23.492,278,266,Healthy,95.68,0
86,13,0.0049,-0.0004,100.0,518.67,642.56,1590.84,1403.51,14.62,21.61,554.06,2388.08,9053.93,1.3,47.39,521.44,2388.1,8135.93,8.4416,0.03,393,2388,100.0,39.02,23.3551,278,265,Healthy,95.32,0
86,14,0.0003,0.0002,100.0,518.67,642.43,1582.7,1411.21,14.62,21.61,553.68,2388.08,9063.96,1.3,47.28,521.9,2388.06,8138.81,8.4378,0.03,392,2388,100.0,38.64,23.3873,278,264,Healthy,94.96,0
86,15,-0.0001,-0.0003,100.0,518.67,642.56,1584.94,1406.71,14.62,21.61,553.13,2388.06,9065.57,1.3,47.54,522.25,2388.04,8145.74,8.4243,0.03,393,2388,100.0,39.0,23.2888,278,263,Healthy,94.6,0
86,16,-0.0009,0.0004,100.0,518.67,642.73,1590.43,1399.81,14.62,21.61,554.21,2388.06,9063.52,1.3,47.46,522.11,2388.06,8140.14,8.3922,0.03,391,2388,100.0,38.85,23.2716,278,262,Healthy,94.24,0
86,17,0.001,-0.0004,100.0,518.67,642.68,1587.61,1400.08,14.62,21.61,553.3,2388.04,9056.71,1.3,47.44,521.54,2388.06,8145.05,8.3858,0.03,392,2388,100.0,38.77,23.2346,278,261,Healthy,93.88,0
86,18,0.0016,0.0003,100.0,518.67,642.65,1596.39,1397.51,14.62,21.61,553.27,2388.08,9062.54,1.3,47.53,521.84,2388.06,8138.91,8.4062,0.03,393,2388,100.0,38.84,23.3539,278,260,Healthy,93.53,0
86,19,0.0022,-0.0001,100.0,518.67,642.39,1583.43,1404.43,14.62,21.61,553.24,2388.08,9060.48,1.3,47.51,521.61,2388.05,8140.3,8.4605,0.03,391,2388,100.0,38.74,23.3869,278,259,Healthy,93.17,0
86,20,-0.0005,0.0005,100.0,518.67,642.71,1589.02,1407.81,14.62,21.61,553.26,2388.03,9066.97,1.3,47.22,521.36,2388.04,8139.62,8.426,0.03,393,2388,100.0,38.9,23.4574,278,258,Healthy,92.81,0
86,21,-0.0024,0.0001,100.0,518.67,643.02,1583.21,1399.7,14.62,21.61,554.61,2388.09,9063.15,1.3,47.37,521.74,2388.06,8138.61,8.4285,0.03,393,2388,100.0,38.9,23.4391,278,257,Healthy,92.45,0
86,22,-0.0009,-0.0,100.0,518.67,642.56,1585.53,1401.87,14.62,21.61,553.61,2388.06,9064.18,1.3,47.53,521.61,2388.06,8141.27,8.4699,0.03,392,2388,100.0,38.79,23.3393,278,256,Healthy,92.09,0
86,23,-0.001,0.0,100.0,518.67,642.26,1595.97,1401.04,14.62,21.61,553.94,2388.05,9057.46,1.3,47.38,522.11,2388.08,8144.81,8.4147,0.03,393,2388,100.0,38.95,23.3704,278,255,Healthy,91.73,0
86,24,-0.0016,-0.0005,100.0,518.67,642.74,1592.33,1402.5,14.62,21.61,553.89,2388.1,9062.59,1.3,47.47,521.5,2388.09,8139.85,8.4285,0.03,394,2388,100.0,38.92,23.3893,278,254,Healthy,91.37,0
86,25,-0.0003,-0.0,100.0,518.67,642.81,1592.84,1400.92,14.62,21.61,553.59,2388.08,9063.14,1.3,47.24,521.65,2388.1,8141.78,8.459,0.03,394,2388,100.0,39.07,23.3068,278,253,Healthy,91.01,0
86,26,0.0042,0.0004,100.0,518.67,642.4,1586.33,1408.56,14.62,21.61,553.76,2388.04,9055.59,1.3,47.77,521.84,2388.05,8141.56,8.4046,0.03,392,2388,100.0,38.8,23.2964,278,252,Healthy,90.65,0
86,27,-0.0026,0.0002,100.0,518.67,642.51,1587.01,1409.87,14.62,21.61,553.62,2388.09,9062.72,1.3,47.46,522.3,2388.11,8137.69,8.4124,0.03,392,2388,100.0,38.98,23.2926,278,251,Healthy,90.29,0
86,28,-0.0001,0.0001,100.0,518.67,641.94,1589.52,1408.34,14.62,21.61,553.95,2388.05,9056.74,1.3,47.46,522.02,2388.06,8139.46,8.4331,0.03,392,2388,100.0,39.15,23.3394,278,250,Healthy,89.93,0
86,29,0.0007,0.0005,100.0,518.67,642.99,1586.9,1413.44,14.62,21.61,554.08,2388.06,9060.36,1.3,47.41,521.92,2388.08,8143.55,8.4327,0.03,392,2388,100.0,38.84,23.3209,278,249,Healthy,89.57,0
86,30,0.0001,0.0002,100.0,518.67,642.19,1590.91,1401.92,14.62,21.61,553.48,2388.02,9057.61,1.3,47.25,522.01,2388.14,8136.44,8.4658,0.03,393,2388,100.0,38.92,23.3552,278,248,Healthy,89.21,0
86,31,0.0011,0.0005,100.0,518.67,642.71,1593.2,1405.33,14.62,21.61,553.02,2388.11,9057.8,1.3,47.4,521.94,2388.06,8140.02,8.4428,0.03,392,2388,100.0,38.84,23.3273,278,247,Healthy,88.85,0
86,32,-0.0006,-0.0004,100.0,518.67,642.38,1590.33,1399.02,14.62,21.61,553.06,2388.07,9063.34,1.3,47.37,522.43,2388.06,8140.01,8.3746,0.03,393,2388,100.0,38.95,23.2961,278,246,Healthy,88.49,0
86,33,0.0005,0.0004,100.0,518.67,642.37,1582.81,1404.7,14.62,21.61,553.5,2388.09,9055.77,1.3,47.3,522.28,2388.05,8136.97,8.4234,0.03,394,2388,100.0,38.86,23.3052,278,245,Healthy,88.13,0
86,34,0.0033,-0.0003,100.0,518.67,642.72,1585.37,1398.87,14.62,21.61,554.22,2388.04,9061.82,1.3,47.35,522.02,2388.09,8141.16,8.4139,0.03,393,2388,100.0,38.99,23.4016,278,244,Healthy,87.77,0
86,35,-0.0013,0.0005,100.0,518.67,642.38,1589.25,1402.49,14.62,21.61,553.85,2388.08,9056.63,1.3,47.44,521.78,2388.02,8143.41,8.4305,0.03,393,2388,100.0,38.9,23.4274,278,243,Healthy,87.41,0
86,36,0.0003,-0.0001,100.0,518.67,642.8,1593.92,1411.38,14.62,21.61,552.87,2388.11,9064.29,1.3,47.24,521.82,2388.13,8139.52,8.3918,0.03,392,2388,100.0,38.98,23.3293,278,242,Healthy,87.05,0
86,37,0.0008,0.0003,100.0,518.67,641.84,1586.45,1412.6,14.62,21.61,554.63,2388.1,9063.43,1.3,47.48,521.43,2388.01,8141.77,8.411,0.03,393,2388,100.0,38.84,23.2635,278,241,Healthy,86.69,0
86,38,-0.0001,-0.0001,100.0,518.67,642.48,1591.15,1399.96,14.62,21.61,553.88,2388.07,9059.51,1.3,47.48,522.62,2388.03,8139.45,8.4212,0.03,393,2388,100.0,38.91,23.2918,278,240,Healthy,86.33,0
86,39,0.0018,0.0001,100.0,518.67,642.33,1597.22,1405.4,14.62,21.61,553.16,2388.1,9068.29,1.3,47.35,521.63,2388.09,8141.09,8.4119,0.03,392,2388,100.0,38.65,23.3067,278,239,Healthy,85.97,0
86,40,0.002,-0.0004,100.0,518.67,642.9,1590.45,1404.15,14.62,21.61,553.72,2388.08,9060.18,1.3,47.31,521.42,2388.06,8143.06,8.4267,0.03,393,2388,100.0,39.06,23.3221,278,238,Healthy,85.61,0
86,41,0.0009,-0.0002,100.0,518.67,642.69,1588.28,1406.4,14.62,21.61,553.84,2388.1,9058.51,1.3,47.29,522.21,2388.07,8136.62,8.435,0.03,393,2388,100.0,38.83,23.3331,278,237,Healthy,85.25,0
86,42,-0.0026,-0.0003,100.0,518.67,642.23,1590.17,1403.82,14.62,21.61,552.93,2388.04,9064.64,1.3,47.41,521.86,2388.07,8141.18,8.3925,0.03,394,2388,100.0,38.8,23.3455,278,236,Healthy,84.89,0
86,43,-0.0013,-0.0002,100.0,518.67,642.74,1587.99,1408.55,14.62,21.61,553.81,2388.05,9050.11,1.3,47.51,521.7,2388.05,8143.03,8.4002,0.03,390,2388,100.0,38.54,23.2264,278,235,Healthy,84.53,0
86,44,-0.0014,0.0003,100.0,518.67,642.62,1584.55,1403.1,14.62,21.61,553.73,2388.08,9055.82,1.3,47.32,521.87,2388.04,8141.24,8.4275,0.03,393,2388,100.0,38.86,23.3656,278,234,Healthy,84.17,0
86,45,0.0007,-0.0003,100.0,518.67,641.97,1587.81,1410.07,14.62,21.61,553.88,2388.09,9062.31,1.3,47.24,521.77,2388.13,8141.1,8.4045,0.03,394,2388,100.0,38.95,23.3431,278,233,Healthy,83.81,0
86,46,-0.0027,0.0001,100.0,518.67,642.24,1584.39,1406.04,14.62,21.61,553.73,2388.03,9061.41,1.3,47.55,521.01,2388.03,8140.32,8.4153,0.03,391,2388,100.0,38.94,23.2591,278,232,Healthy,83.45,0
86,47,-0.0048,0.0005,100.0,518.67,642.65,1590.59,1409.34,14.62,21.61,553.87,2388.03,9061.49,1.3,47.51,521.28,2388.14,8138.32,8.4191,0.03,392,2388,100.0,38.92,23.3412,278,231,Healthy,83.09,0
86,48,0.0017,0.0002,100.0,518.67,643.06,1590.42,1401.64,14.62,21.61,553.49,2388.06,9064.26,1.3,47.47,521.67,2388.01,8135.08,8.4249,0.03,392,2388,100.0,39.01,23.3079,278,230,Healthy,82.73,0
86,49,-0.0024,0.0001,100.0,518.67,642.29,1591.79,1406.5,14.62,21.61,553.44,2388.03,9061.83,1.3,47.52,521.9,2388.06,8137.07,8.428,0.03,392,2388,100.0,38.79,23.4014,278,229,Healthy,82.37,0
86,50,-0.0013,0.0001,100.0,518.67,642.26,1589.55,1403.81,14.62,21.61,553.41,2388.11,9052.83,1.3,47.5,522.32,2388.09,8136.89,8.4269,0.03,392,2388,100.0,38.89,23.4079,278,228,Healthy,82.01,0
87,1,-0.0007,-0.0004,100.0,518.67,642.67,1595.33,1404.23,14.62,21.61,554.29,2388.04,9060.45,1.3,47.36,522.07,2388.01,8143.6,8.4386,0.03,396,2388,100.0,38.87,23.3231,178,177,Healthy,99.44,0
87,2,-0.0004,-0.0005,100.0,518.67,642.43,1587.74,1411.71,14.62,21.61,553.91,2388.03,9065.16,1.3,47.44,521.81,2388.03,8141.4,8.4433,0.03,393,2388,100.0,38.94,23.3576,178,176,Healthy,98.88,0
87,3,0.0042,0.0005,100.0,518.67,642.88,1584.1,1399.03,14.62,21.61,554.26,2388.04,9064.45,1.3,47.35,522.07,2388.03,8142.93,8.4248,0.03,393,2388,100.0,38.96,23.2546,178,175,Healthy,98.31,0
87,4,0.002,0.0004,100.0,518.67,642.27,1587.9,1397.49,14.62,21.61,552.91,2388.03,9059.79,1.3,47.28,521.97,2388.05,8147.7,8.4458,0.03,392,2388,100.0,38.88,23.3086,178,174,Healthy,97.75,0
87,5,0.0009,0.0005,100.0,518.67,642.45,1585.48,1405.6,14.62,21.61,553.25,2388.05,9060.3,1.3,47.35,522.13,2388.06,8143.75,8.4194,0.03,392,2388,100.0,38.99,23.3682,178,173,Healthy,97.19,0
87,6,-0.002,-0.0001,100.0,518.67,641.88,1587.93,1403.27,14.62,21.61,553.9,2388.11,9069.31,1.3,47.42,521.91,2388.05,8145.06,8.4277,0.03,391,2388,100.0,39.02,23.3295,178,172,Healthy,96.63,0
87,7,0.0013,0.0002,100.0,518.67,642.54,1592.86,1401.07,14.62,21.61,553.83,2388.07,9061.13,1.3,47.4,521.73,2388.09,8144.61,8.4074,0.03,391,2388,100.0,38.92,23.293,178,171,Healthy,96.07,0
87,8,-0.0008,0.0001,100.0,518.67,642.41,1587.06,1400.02,14.62,21.61,553.98,2388.07,9063.11,1.3,47.44,521.54,2388.05,8145.54,8.4062,0.03,392,2388,100.0,38.89,23.306,178,170,Healthy,95.51,0
87,9,0.0004,0.0001,100.0,518.67,642.7,1589.73,1409.1,14.62,21.61,553.72,2388.06,9060.52,1.3,47.46,521.97,2388.05,8142.74,8.4297,0.03,393,2388,100.0,38.91,23.3575,178,169,Healthy,94.94,0
87,10,-0.0014,-0.0001,100.0,518.67,642.23,1590.91,1398.67,14.62,21.61,554.18,2388.04,9059.42,1.3,47.34,522.27,2388.04,8145.33,8.4331,0.03,393,2388,100.0,38.85,23.3449,178,168,Healthy,94.38,0
87,11,0.0017,-0.0003,100.0,518.67,642.58,1578.85,1408.83,14.62,21.61,553.74,2388.08,9059.87,1.3,47.31,521.78,2388.08,8143.48,8.4558,0.03,393,2388,100.0,39.05,23.3298,178,167,Healthy,93.82,0
87,12,-0.0,-0.0004,100.0,518.67,642.67,1585.02,1408.14,14.62,21.61,553.61,2388.07,9064.79,1.3,47.28,521.88,2388.04,8142.4,8.419,0.03,393,2388,100.0,38.91,23.3313,178,166,Healthy,93.26,0
87,13,-0.0006,-0.0001,100.0,518.67,642.19,1583.74,1407.08,14.62,21.61,553.71,2388.07,9065.84,1.3,47.46,521.44,2388.05,8150.99,8.454,0.03,393,2388,100.0,38.84,23.4211,178,165,Healthy,92.7,0
87,14,0.0021,0.0003,100.0,518.67,642.03,1589.96,1401.95,14.62,21.61,553.33,2388.06,9064.22,1.3,47.6,522.39,2388.08,8144.6,8.4175,0.03,393,2388,100.0,39.15,23.4283,178,164,Healthy,92.13,0
87,15,-0.0023,-0.0003,100.0,518.67,642.87,1584.61,1403.65,14.62,21.61,553.3,2388.04,9063.48,1.3,47.45,521.64,2388.05,8138.3,8.4566,0.03,393,2388,100.0,38.84,23.3722,178,163,Healthy,91.57,0
87,16,-0.0005,0.0,100.0,518.67,642.38,1585.86,1401.86,14.62,21.61,553.18,2388.13,9061.83,1.3,47.51,522.01,2388.08,8143.39,8.4581,0.03,393,2388,100.0,38.72,23.2325,178,162,Healthy,91.01,0
87,17,0.0031,-0.0004,100.0,518.67,642.67,1589.58,1405.4,14.62,21.61,553.76,2388.04,9065.09,1.3,47.38,521.21,2388.05,8145.13,8.4364,0.03,393,2388,100.0,38.86,23.2378,178,161,Healthy,90.45,0
87,18,-0.0014,-0.0004,100.0,518.67,642.48,1587.68,1401.84,14.62,21.61,553.88,2388.11,9068.0,1.3,47.4,522.12,2388.0,8144.53,8.4154,0.03,394,2388,100.0,38.84,23.3028,178,160,Healthy,89.89,0
87,19,0.0017,0.0001,100.0,518.67,642.84,1584.5,1410.52,14.62,21.61,553.38,2388.09,9069.84,1.3,47.53,521.85,2388.06,8140.72,8.4424,0.03,393,2388,100.0,38.81,23.2458,178,159,Healthy,89.33,0
87,20,0.0019,-0.0003,100.0,518.67,642.21,1588.65,1405.7,14.62,21.61,553.68,2388.07,9061.18,1.3,47.66,521.6,2388.03,8142.17,8.4972,0.03,393,2388,100.0,38.78,23.2224,178,158,Healthy,88.76,0
87,21,0.0007,0.0002,100.0,518.67,642.29,1587.97,1401.96,14.62,21.61,553.76,2388.08,9063.1,1.3,47.38,521.82,2388.08,8139.6,8.4061,0.03,392,2388,100.0,38.87,23.1786,178,157,Healthy,88.2,0
87,22,0.0004,0.0001,100.0,518.67,642.69,1587.59,1404.62,14.62,21.61,553.65,2388.08,9065.84,1.3,47.35,522.04,2388.05,8142.33,8.4338,0.03,393,2388,100.0,38.88,23.321,178,156,Healthy,87.64,0
87,23,-0.0025,-0.0,100.0,518.67,642.32,1582.78,1402.34,14.62,21.61,554.27,2388.03,9060.13,1.3,47.45,521.83,2388.1,8143.54,8.4229,0.03,392,2388,100.0,38.75,23.4017,178,155,Healthy,87.08,0
87,24,0.0015,-0.0001,100.0,518.67,642.84,1591.34,1399.98,14.62,21.61,553.61,2388.08,9061.21,1.3,47.4,521.67,2388.05,8147.62,8.403,0.03,391,2388,100.0,38.8,23.2221,178,154,Healthy,86.52,0
87,25,0.0001,0.0004,100.0,518.67,642.3,1597.52,1407.85,14.62,21.61,553.15,2388.02,9058.64,1.3,47.43,521.89,2388.03,8144.07,8.4432,0.03,393,2388,100.0,38.85,23.3172,178,153,Healthy,85.96,0
87,26,0.0043,0.0003,100.0,518.67,642.56,1590.26,1402.59,14.62,21.61,554.39,2388.04,9056.53,1.3,47.45,522.16,2388.06,8145.56,8.4146,0.03,392,2388,100.0,38.93,23.3202,178,152,Healthy,85.39,0
87,27,0.0003,-0.0001,100.0,518.67,643.07,1584.95,1404.56,14.62,21.61,554.16,2388.09,9060.19,1.3,47.43,521.37,2388.01,8142.77,8.3933,0.03,392,2388,100.0,38.87,23.3299,178,151,Healthy,84.83,0
87,28,-0.0021,-0.0,100.0,518.67,642.62,1580.48,1408.3,14.62,21.61,553.93,2388.09,9061.48,1.3,47.3,521.57,2388.0,8146.4,8.3952,0.03,392,2388,100.0,39.0,23.3274,178,150,Healthy,84.27,0
87,29,-0.0004,0.0004,100.0,518.67,642.26,1590.9,1403.12,14.62,21.61,553.76,2388.07,9060.79,1.3,47.53,521.87,2388.01,8147.11,8.4068,0.03,394,2388,100.0,38.94,23.2309,178,149,Healthy,83.71,0
87,30,0.0017,-0.0001,100.0,518.67,642.77,1585.57,1400.58,14.62,21.61,553.48,2388.06,9057.93,1.3,47.56,521.94,2388.12,8144.51,8.4347,0.03,393,2388,100.0,38.87,23.3907,178,148,Healthy,83.15,0
87,31,-0.0016,0.0001,100.0,518.67,642.3,1593.2,1410.46,14.62,21.61,553.36,2388.0,9063.16,1.3,47.49,521.53,2388.06,8144.21,8.4248,0.03,394,2388,100.0,38.74,23.314,178,147,Healthy,82.58,0
87,32,-0.0004,-0.0004,100.0,518.67,642.94,1581.73,1406.63,14.62,21.61,555.2,2388.06,9065.1,1.3,47.45,521.74,2388.09,8141.46,8.4034,0.03,392,2388,100.0,38.97,23.3631,178,146,Healthy,82.02,0
87,33,-0.0016,-0.0002,100.0,518.67,642.77,1578.5,1400.67,14.62,21.61,553.66,2388.07,9060.27,1.3,47.45,522.05,2388.07,8137.51,8.4136,0.03,391,2388,100.0,38.99,23.3336,178,145,Healthy,81.46,0
87,34,-0.0007,0.0004,100.0,518.67,642.47,1581.05,1412.11,14.62,21.61,553.9,2388.03,9067.77,1.3,47.53,522.07,2388.09,8140.81,8.4092,0.03,392,2388,100.0,38.82,23.3277,178,144,Healthy,80.9,0
87,35,0.0033,0.0003,100.0,518.67,642.31,1583.66,1407.37,14.62,21.61,553.23,2388.09,9063.19,1.3,47.35,522.23,2388.11,8146.2,8.4379,0.03,392,2388,100.0,38.91,23.3968,178,143,Healthy,80.34,0
87,36,0.0032,0.0004,100.0,518.67,642.56,1593.87,1402.09,14.62,21.61,553.71,2388.07,9076.05,1.3,47.47,522.18,2388.07,8146.4,8.4318,0.03,391,2388,100.0,38.92,23.3351,178,142,Healthy,79.78,0
87,37,0.0009,0.0003,100.0,518.67,642.5,1588.61,1410.85,14.62,21.61,553.93,2388.02,9055.9,1.3,47.36,521.62,2388.07,8144.39,8.4319,0.03,392,2388,100.0,39.02,23.3611,178,141,Healthy,79.21,0
87,38,-0.0027,0.0002,100.0,518.67,642.63,1595.81,1399.22,14.62,21.61,553.92,2388.06,9062.02,1.3,47.45,522.24,2388.05,8143.68,8.4481,0.03,394,2388,100.0,38.9,23.3222,178,140,Healthy,78.65,0
87,39,0.0026,-0.0002,100.0,518.67,642.55,1593.07,1405.47,14.62,21.61,552.9,2388.05,9052.88,1.3,47.71,522.15,2388.08,8140.38,8.4172,0.03,391,2388,100.0,38.96,23.2849,178,139,Healthy,78.09,0
87,40,0.0006,0.0005,100.0,518.67,642.55,1585.56,1413.06,14.62,21.61,554.13,2388.08,9066.08,1.3,47.44,521.49,2388.08,8147.85,8.4166,0.03,393,2388,100.0,38.93,23.4115,178,138,Healthy,77.53,0
87,41,0.0031,-0.0004,100.0,518.67,642.67,1580.34,1404.35,14.62,21.61,553.73,2388.08,9063.22,1.3,47.43,522.26,2388.09,8140.31,8.4239,0.03,393,2388,100.0,38.85,23.3066,178,137,Healthy,76.97,0
87,42,0.0039,-0.0004,100.0,518.67,642.65,1590.73,1403.48,14.62,21.61,553.0,2388.0,9064.9,1.3,47.47,521.44,2388.08,8139.81,8.3738,0.03,392,2388,100.0,38.92,23.2766,178,136,Healthy,76.4,0
87,43,0.0,-0.0003,100.0,518.67,642.52,1589.2,1411.32,14.62,21.61,552.56,2388.12,9064.77,1.3,47.48,521.67,2388.08,8141.44,8.4291,0.03,393,2388,100.0,38.86,23.29,178,135,Healthy,75.84,0
87,44,0.0005,-0.0002,100.0,518.67,642.51,1587.58,1402.66,14.62,21.61,554.29,2388.03,9062.14,1.3,47.59,521.74,2388.04,8142.62,8.4242,0.03,395,2388,100.0,38.82,23.3118,178,134,Healthy,75.28,0
87,45,-0.0012,0.0005,100.0,518.67,642.5,1588.66,1402.98,14.62,21.61,553.94,2388.1,9057.77,1.3,47.35,522.22,2388.13,8136.79,8.434,0.03,392,2388,100.0,38.81,23.2995,178,133,Healthy,74.72,0
87,46,-0.0006,-0.0002,100.0,518.67,642.58,1583.81,1408.07,14.62,21.61,554.02,2388.09,9060.19,1.3,47.37,521.85,2388.1,8143.65,8.3987,0.03,392,2388,100.0,38.92,23.36,178,132,Healthy,74.16,0
87,47,-0.0044,-0.0005,100.0,518.67,642.16,1591.65,1406.84,14.62,21.61,553.6,2388.03,9069.6,1.3,47.46,522.12,2388.04,8144.09,8.3991,0.03,394,2388,100.0,38.63,23.4098,178,131,Healthy,73.6,0
87,48,-0.002,-0.0001,100.0,518.67,642.22,1589.94,1401.25,14.62,21.61,553.9,2388.08,9073.38,1.3,47.52,522.07,2388.06,8146.46,8.4363,0.03,392,2388,100.0,38.64,23.2825,178,130,Healthy,73.03,0
87,49,0.0033,-0.0,100.0,518.67,642.66,1589.24,1396.51,14.62,21.61,553.46,2388.06,9056.93,1.3,47.49,521.82,2388.05,8138.49,8.4529,0.03,393,2388,100.0,38.79,23.2133,178,129,Healthy,72.47,0
87,50,-0.0036,-0.0004,100.0,518.67,642.44,1588.7,1412.06,14.62,21.61,554.12,2388.11,9065.86,1.3,47.36,521.8,2388.07,8142.9,8.4743,0.03,393,2388,100.0,38.91,23.3193,178,128,Healthy,71.91,0
88,1,-0.0034,0.0003,100.0,518.67,642.31,1573.02,1404.47,14.62,21.6,554.38,2388.03,9059.25,1.3,47.33,521.84,2388.0,8146.05,8.412,0.03,393,2388,100.0,39.12,23.3496,213,212,Healthy,99.53,0
88,2,0.001,-0.0004,100.0,518.67,642.37,1586.55,1398.07,14.62,21.61,554.06,2388.02,9066.88,1.3,47.18,522.02,2387.97,8147.36,8.4244,0.03,393,2388,100.0,39.12,23.4727,213,211,Healthy,99.06,0
88,3,-0.0029,0.0001,100.0,518.67,642.38,1587.81,1404.04,14.62,21.61,554.08,2388.02,9065.97,1.3,47.39,521.87,2388.05,8149.18,8.4138,0.03,392,2388,100.0,38.89,23.3376,213,210,Healthy,98.59,0
88,4,-0.0001,-0.0001,100.0,518.67,642.21,1582.43,1407.34,14.62,21.61,554.67,2388.03,9068.35,1.3,47.45,522.45,2388.04,8150.2,8.3916,0.03,392,2388,100.0,38.87,23.3907,213,209,Healthy,98.12,0
88,5,0.0024,0.0002,100.0,518.67,641.62,1589.79,1400.4,14.62,21.61,553.97,2388.01,9071.88,1.3,47.3,522.31,2388.03,8140.86,8.4083,0.03,394,2388,100.0,38.96,23.2585,213,208,Healthy,97.65,0
88,6,-0.0002,0.0001,100.0,518.67,642.28,1581.29,1397.61,14.62,21.61,553.95,2388.05,9061.6,1.3,47.23,521.91,2388.02,8143.46,8.4177,0.03,393,2388,100.0,38.74,23.3716,213,207,Healthy,97.18,0
88,7,-0.0003,-0.0001,100.0,518.67,642.4,1585.57,1397.19,14.62,21.61,554.02,2388.0,9065.09,1.3,47.21,521.85,2388.01,8150.48,8.4039,0.03,392,2388,100.0,39.23,23.4079,213,206,Healthy,96.71,0
88,8,0.0007,0.0002,100.0,518.67,641.25,1595.7,1400.92,14.62,21.61,554.77,2388.02,9057.83,1.3,47.34,521.58,2388.04,8143.5,8.3677,0.03,393,2388,100.0,38.95,23.3937,213,205,Healthy,96.24,0
88,9,0.0011,-0.0002,100.0,518.67,641.61,1587.22,1402.79,14.62,21.61,553.88,2388.06,9069.42,1.3,47.32,521.79,2388.0,8142.82,8.426,0.03,393,2388,100.0,38.98,23.4071,213,204,Healthy,95.77,0
88,10,-0.0011,-0.0001,100.0,518.67,642.38,1586.48,1409.88,14.62,21.61,554.23,2388.06,9063.6,1.3,47.32,522.22,2388.01,8147.11,8.4022,0.03,392,2388,100.0,38.86,23.2767,213,203,Healthy,95.31,0
88,11,-0.0022,0.0001,100.0,518.67,642.32,1584.26,1396.04,14.62,21.61,553.51,2388.04,9062.89,1.3,47.34,522.16,2387.99,8149.61,8.4248,0.03,393,2388,100.0,38.9,23.4371,213,202,Healthy,94.84,0
88,12,0.0005,-0.0003,100.0,518.67,642.46,1597.2,1404.95,14.62,21.61,554.01,2388.07,9067.86,1.3,47.35,521.77,2388.01,8147.21,8.4293,0.03,394,2388,100.0,38.93,23.4117,213,201,Healthy,94.37,0
88,13,0.0012,-0.0002,100.0,518.67,642.64,1586.36,1398.11,14.62,21.61,553.9,2388.06,9060.9,1.3,47.3,522.2,2388.05,8148.92,8.4026,0.03,393,2388,100.0,38.97,23.4493,213,200,Healthy,93.9,0
88,14,0.001,0.0002,100.0,518.67,642.14,1580.73,1399.14,14.62,21.61,554.56,2387.99,9061.68,1.3,47.48,521.96,2387.99,8148.47,8.428,0.03,391,2388,100.0,38.96,23.2785,213,199,Healthy,93.43,0
88,15,0.0034,-0.0001,100.0,518.67,642.5,1586.02,1404.19,14.62,21.61,554.21,2387.99,9065.73,1.3,47.61,521.91,2388.04,8145.8,8.3799,0.03,393,2388,100.0,38.78,23.3953,213,198,Healthy,92.96,0
88,16,-0.0001,-0.0002,100.0,518.67,642.02,1590.08,1398.7,14.62,21.61,554.03,2388.0,9060.43,1.3,47.12,522.18,2388.01,8148.43,8.4452,0.03,393,2388,100.0,39.02,23.3369,213,197,Healthy,92.49,0
88,17,-0.0016,0.0005,100.0,518.67,642.45,1583.27,1399.59,14.62,21.61,554.62,2388.02,9065.26,1.3,47.33,521.65,2388.03,8143.91,8.4394,0.03,392,2388,100.0,39.08,23.3343,213,196,Healthy,92.02,0
88,18,-0.0044,0.0005,100.0,518.67,642.42,1591.09,1393.01,14.62,21.61,554.81,2387.99,9065.61,1.3,47.3,522.05,2388.05,8147.46,8.4161,0.03,391,2388,100.0,38.81,23.323,213,195,Healthy,91.55,0
88,19,0.0034,0.0002,100.0,518.67,642.27,1585.02,1405.99,14.62,21.61,554.18,2388.01,9065.6,1.3,47.27,521.58,2388.01,8142.94,8.4118,0.03,391,2388,100.0,39.01,23.3601,213,194,Healthy,91.08,0
88,20,-0.0033,0.0003,100.0,518.67,642.45,1586.58,1401.85,14.62,21.61,553.94,2388.04,9065.08,1.3,47.2,522.44,2388.07,8149.03,8.4092,0.03,393,2388,100.0,38.95,23.415,213,193,Healthy,90.61,0
88,21,-0.0034,-0.0001,100.0,518.67,642.38,1588.01,1409.21,14.62,21.61,553.77,2388.01,9064.07,1.3,47.33,522.08,2388.0,8146.09,8.4,0.03,394,2388,100.0,38.93,23.3225,213,192,Healthy,90.14,0
88,22,0.0003,0.0003,100.0,518.67,643.01,1581.67,1403.76,14.62,21.61,554.74,2388.11,9066.87,1.3,47.36,521.78,2388.08,8145.03,8.4044,0.03,391,2388,100.0,39.02,23.4799,213,191,Healthy,89.67,0
88,23,0.0,0.0001,100.0,518.67,642.28,1581.44,1401.52,14.62,21.61,554.13,2388.05,9058.91,1.3,47.26,521.99,2388.05,8146.64,8.4218,0.03,392,2388,100.0,39.07,23.4131,213,190,Healthy,89.2,0
88,24,-0.0005,0.0001,100.0,518.67,642.17,1599.5,1403.41,14.62,21.61,554.56,2388.05,9062.72,1.3,47.3,522.1,2388.05,8151.52,8.4166,0.03,394,2388,100.0,39.03,23.3687,213,189,Healthy,88.73,0
88,25,0.0017,0.0005,100.0,518.67,642.0,1587.15,1401.83,14.62,21.61,554.3,2388.02,9064.0,1.3,47.34,521.76,2388.02,8141.95,8.3938,0.03,392,2388,100.0,39.01,23.4055,213,188,Healthy,88.26,0
88,26,0.0019,0.0002,100.0,518.67,642.74,1581.69,1404.67,14.62,21.61,553.77,2388.03,9059.05,1.3,47.37,522.42,2388.02,8142.29,8.4115,0.03,391,2388,100.0,38.8,23.4217,213,187,Healthy,87.79,0
88,27,-0.0005,0.0005,100.0,518.67,642.38,1586.57,1392.35,14.62,21.61,553.66,2388.06,9059.94,1.3,47.22,521.87,2388.0,8147.31,8.4546,0.03,391,2388,100.0,38.93,23.3682,213,186,Healthy,87.32,0
88,28,-0.0014,0.0001,100.0,518.67,641.87,1583.78,1401.59,14.62,21.61,553.59,2388.07,9072.53,1.3,47.31,522.25,2388.02,8148.09,8.3896,0.03,392,2388,100.0,38.9,23.4357,213,185,Healthy,86.85,0
88,29,0.0007,0.0004,100.0,518.67,642.33,1587.56,1404.65,14.62,21.61,553.35,2388.03,9071.46,1.3,47.5,522.1,2388.02,8146.9,8.4124,0.03,391,2388,100.0,38.93,23.327,213,184,Healthy,86.38,0
88,30,0.0,-0.0004,100.0,518.67,642.66,1586.44,1401.94,14.62,21.61,554.0,2388.01,9064.77,1.3,47.39,521.43,2388.02,8140.63,8.4246,0.03,390,2388,100.0,38.95,23.3545,213,183,Healthy,85.92,0
88,31,0.0051,0.0,100.0,518.67,642.51,1580.45,1393.01,14.62,21.61,554.66,2388.01,9066.31,1.3,47.18,522.08,2388.02,8140.36,8.3929,0.03,393,2388,100.0,39.01,23.3656,213,182,Healthy,85.45,0
88,32,-0.0021,-0.0005,100.0,518.67,642.67,1594.03,1396.38,14.62,21.61,554.25,2388.04,9068.42,1.3,47.29,522.47,2388.06,8146.38,8.3971,0.03,393,2388,100.0,38.89,23.3694,213,181,Healthy,84.98,0
88,33,-0.0011,-0.0001,100.0,518.67,642.34,1588.92,1404.44,14.62,21.61,553.89,2388.06,9065.48,1.3,47.34,521.6,2388.0,8148.84,8.4319,0.03,393,2388,100.0,39.04,23.3455,213,180,Healthy,84.51,0
88,34,0.0015,-0.0004,100.0,518.67,642.19,1591.56,1404.85,14.62,21.61,554.01,2388.0,9065.62,1.3,47.33,522.22,2388.04,8144.52,8.4255,0.03,392,2388,100.0,39.03,23.3534,213,179,Healthy,84.04,0
88,35,-0.0002,-0.0002,100.0,518.67,642.67,1580.31,1402.76,14.62,21.61,554.17,2387.99,9057.24,1.3,47.11,521.73,2388.03,8142.48,8.4017,0.03,391,2388,100.0,38.88,23.4513,213,178,Healthy,83.57,0
88,36,0.0002,0.0003,100.0,518.67,642.64,1583.63,1407.39,14.62,21.61,554.37,2388.06,9063.67,1.3,47.45,521.84,2388.03,8141.68,8.3986,0.03,391,2388,100.0,38.97,23.4312,213,177,Healthy,83.1,0
88,37,-0.0001,0.0003,100.0,518.67,642.3,1587.86,1391.57,14.62,21.61,553.49,2388.05,9065.57,1.3,47.34,521.95,2388.04,8146.11,8.417,0.03,392,2388,100.0,38.97,23.2724,213,176,Healthy,82.63,0
88,38,0.0012,-0.0004,100.0,518.67,642.28,1582.47,1398.67,14.62,21.61,553.8,2388.0,9068.17,1.3,47.45,522.3,2388.01,8142.18,8.4033,0.03,393,2388,100.0,38.78,23.4026,213,175,Healthy,82.16,0
88,39,0.0003,0.0002,100.0,518.67,641.96,1584.53,1397.96,14.62,21.61,553.88,2388.07,9070.92,1.3,47.31,521.99,2388.06,8151.3,8.4114,0.03,393,2388,100.0,38.76,23.4228,213,174,Healthy,81.69,0
88,40,0.001,0.0001,100.0,518.67,642.33,1581.3,1406.06,14.62,21.61,554.02,2388.05,9060.3,1.3,47.2,521.87,2388.03,8156.55,8.4269,0.03,392,2388,100.0,38.85,23.3115,213,173,Healthy,81.22,0
88,41,0.0012,0.0,100.0,518.67,642.82,1583.25,1403.88,14.62,21.61,553.94,2388.04,9058.04,1.3,47.5,522.01,2388.0,8138.74,8.4068,0.03,392,2388,100.0,38.98,23.4125,213,172,Healthy,80.75,0
88,42,0.0037,-0.0002,100.0,518.67,642.32,1584.32,1409.08,14.62,21.61,554.2,2388.02,9065.87,1.3,47.16,521.74,2388.05,8141.38,8.4325,0.03,393,2388,100.0,38.68,23.4831,213,171,Healthy,80.28,0
88,43,-0.0057,0.0,100.0,518.67,642.08,1582.17,1407.6,14.62,21.61,554.19,2388.03,9067.75,1.3,47.24,522.17,2387.98,8142.09,8.4064,0.03,392,2388,100.0,39.07,23.3154,213,170,Healthy,79.81,0
88,44,0.001,-0.0002,100.0,518.67,642.55,1591.19,1406.2,14.62,21.61,553.19,2388.04,9067.15,1.3,47.44,521.87,2388.0,8148.5,8.434,0.03,392,2388,100.0,39.02,23.4394,213,169,Healthy,79.34,0
88,45,0.0006,0.0002,100.0,518.67,642.5,1583.96,1406.29,14.62,21.61,554.1,2388.03,9063.16,1.3,47.32,521.64,2388.03,8152.1,8.4073,0.03,392,2388,100.0,38.97,23.2912,213,168,Healthy,78.87,0
88,46,0.0021,0.0004,100.0,518.67,641.88,1586.23,1402.63,14.62,21.61,553.82,2388.03,9066.22,1.3,47.36,521.54,2388.03,8150.31,8.4338,0.03,393,2388,100.0,38.93,23.2535,213,167,Healthy,78.4,0
88,47,0.0004,-0.0,100.0,518.67,642.42,1586.36,1403.35,14.62,21.61,553.73,2388.03,9065.83,1.3,47.39,521.72,2388.07,8145.74,8.4224,0.03,393,2388,100.0,39.05,23.3989,213,166,Healthy,77.93,0
88,48,-0.0005,0.0001,100.0,518.67,642.16,1581.44,1403.07,14.62,21.6,554.02,2388.05,9066.18,1.3,47.43,521.87,2388.05,8151.03,8.4444,0.03,392,2388,100.0,39.04,23.3566,213,165,Healthy,77.46,0
88,49,-0.0017,0.0,100.0,518.67,642.71,1588.19,1403.53,14.62,21.61,554.1,2388.07,9062.38,1.3,47.41,521.91,2388.03,8152.12,8.4278,0.03,392,2388,100.0,39.05,23.3028,213,164,Healthy,77.0,0
88,50,0.0001,0.0002,100.0,518.67,643.22,1583.22,1396.06,14.62,21.61,554.19,2388.06,9067.71,1.3,47.55,522.06,2388.02,8144.21,8.4021,0.03,392,2388,100.0,39.0,23.2672,213,163,Healthy,76.53,0
89,1,0.0018,-0.0002,100.0,518.67,642.47,1582.56,1402.93,14.62,21.6,554.62,2388.07,9042.07,1.3,46.97,522.18,2388.03,8128.4,8.4249,0.03,391,2388,100.0,38.93,23.384,217,216,Healthy,99.54,0
89,2,-0.0018,0.0001,100.0,518.67,642.05,1586.56,1398.5,14.62,21.6,554.26,2388.08,9047.47,1.3,47.19,522.36,2388.02,8133.06,8.424,0.03,390,2388,100.0,38.94,23.4232,217,215,Healthy,99.08,0
89,3,-0.0002,-0.0004,100.0,518.67,642.2,1584.76,1392.73,14.62,21.61,554.54,2388.09,9041.99,1.3,47.34,522.36,2388.08,8130.65,8.3794,0.03,393,2388,100.0,39.15,23.3842,217,214,Healthy,98.62,0
89,4,0.0014,0.0002,100.0,518.67,641.72,1588.51,1400.78,14.62,21.6,554.04,2388.1,9046.95,1.3,47.28,522.25,2387.99,8134.42,8.4152,0.03,391,2388,100.0,39.3,23.3648,217,213,Healthy,98.16,0
89,5,-0.0005,-0.0002,100.0,518.67,642.31,1587.64,1411.85,14.62,21.61,554.04,2388.04,9050.53,1.3,47.08,521.68,2388.04,8129.94,8.4132,0.03,394,2388,100.0,38.95,23.3065,217,212,Healthy,97.7,0
89,6,0.0029,-0.0003,100.0,518.67,642.48,1588.88,1393.88,14.62,21.61,554.23,2388.03,9044.55,1.3,47.39,522.01,2388.06,8128.11,8.3743,0.03,392,2388,100.0,38.95,23.4351,217,211,Healthy,97.24,0
89,7,-0.0,0.0003,100.0,518.67,642.52,1581.87,1391.43,14.62,21.61,554.26,2388.07,9048.51,1.3,47.29,522.57,2388.08,8130.42,8.4112,0.03,392,2388,100.0,38.82,23.4921,217,210,Healthy,96.77,0
89,8,-0.0001,0.0002,100.0,518.67,642.31,1584.98,1400.96,14.62,21.61,554.94,2388.01,9050.7,1.3,47.08,522.29,2387.97,8134.28,8.411,0.03,393,2388,100.0,38.96,23.2812,217,209,Healthy,96.31,0
89,9,-0.0011,-0.0,100.0,518.67,641.92,1588.23,1394.86,14.62,21.61,553.82,2388.01,9055.81,1.3,47.3,522.23,2388.08,8136.67,8.4018,0.03,391,2388,100.0,39.15,23.4699,217,208,Healthy,95.85,0
89,10,0.0035,-0.0001,100.0,518.67,642.58,1591.4,1404.55,14.62,21.61,554.35,2388.03,9043.5,1.3,47.25,521.93,2388.04,8129.29,8.4156,0.03,391,2388,100.0,39.05,23.3366,217,207,Healthy,95.39,0
89,11,-0.0004,-0.0003,100.0,518.67,642.02,1584.73,1402.71,14.62,21.61,554.64,2388.05,9045.91,1.3,47.35,521.99,2388.06,8135.49,8.3872,0.03,391,2388,100.0,39.04,23.2997,217,206,Healthy,94.93,0
89,12,-0.0013,-0.0001,100.0,518.67,642.01,1584.41,1401.01,14.62,21.61,554.34,2388.09,9049.35,1.3,47.34,522.14,2388.08,8131.19,8.4191,0.03,392,2388,100.0,39.15,23.4216,217,205,Healthy,94.47,0
89,13,-0.0,0.0003,100.0,518.67,642.58,1578.37,1399.93,14.62,21.61,554.0,2388.07,9049.23,1.3,47.28,522.36,2388.06,8136.06,8.4231,0.03,391,2388,100.0,39.04,23.3964,217,204,Healthy,94.01,0
89,14,0.0015,-0.0002,100.0,518.67,641.9,1584.31,1400.4,14.62,21.61,553.94,2388.03,9051.37,1.3,47.33,522.14,2388.04,8136.87,8.4347,0.03,390,2388,100.0,38.98,23.4471,217,203,Healthy,93.55,0
89,15,-0.0006,-0.0005,100.0,518.67,642.26,1594.02,1399.47,14.62,21.61,554.25,2388.11,9045.08,1.3,47.11,521.88,2388.05,8130.93,8.4081,0.03,392,2388,100.0,39.15,23.4051,217,202,Healthy,93.09,0
89,16,0.0018,0.0003,100.0,518.67,642.19,1589.27,1404.25,14.62,21.61,553.95,2388.03,9050.58,1.3,47.15,522.27,2388.05,8128.62,8.398,0.03,390,2388,100.0,38.97,23.43,217,201,Healthy,92.63,0
89,17,-0.0034,0.0002,100.0,518.67,642.43,1584.33,1390.89,14.62,21.61,554.39,2388.09,9045.87,1.3,47.28,522.6,2388.11,8129.13,8.3523,0.03,390,2388,100.0,39.04,23.291,217,200,Healthy,92.17,0
89,18,-0.0011,0.0001,100.0,518.67,642.32,1583.23,1398.72,14.62,21.61,554.35,2388.03,9054.04,1.3,47.06,521.49,2388.02,8126.98,8.4113,0.03,391,2388,100.0,38.98,23.3062,217,199,Healthy,91.71,0
89,19,-0.0018,0.0003,100.0,518.67,642.04,1586.96,1399.48,14.62,21.61,553.88,2388.06,9045.4,1.3,47.22,522.56,2388.04,8131.47,8.3885,0.03,392,2388,100.0,38.97,23.2948,217,198,Healthy,91.24,0
89,20,0.0015,-0.0005,100.0,518.67,642.95,1584.72,1404.5,14.62,21.61,554.09,2388.06,9046.69,1.3,47.08,522.3,2388.06,8130.26,8.3966,0.03,391,2388,100.0,38.77,23.3943,217,197,Healthy,90.78,0
89,21,0.0018,0.0004,100.0,518.67,642.08,1584.99,1394.49,14.62,21.61,554.37,2388.06,9053.36,1.3,47.17,522.21,2388.08,8131.2,8.416,0.03,391,2388,100.0,38.91,23.4253,217,196,Healthy,90.32,0
89,22,-0.0033,-0.0005,100.0,518.67,642.59,1591.59,1403.04,14.62,21.61,553.71,2388.01,9037.21,1.3,47.21,522.33,2388.03,8134.09,8.3996,0.03,392,2388,100.0,39.03,23.4278,217,195,Healthy,89.86,0
89,23,0.002,-0.0004,100.0,518.67,641.67,1585.57,1404.21,14.62,21.61,554.23,2388.01,9051.14,1.3,47.3,522.23,2388.12,8127.36,8.3875,0.03,392,2388,100.0,38.98,23.4289,217,194,Healthy,89.4,0
89,24,-0.0002,-0.0002,100.0,518.67,641.86,1584.29,1398.94,14.62,21.61,554.37,2388.07,9049.29,1.3,47.29,521.61,2388.04,8125.74,8.4237,0.03,391,2388,100.0,38.96,23.3961,217,193,Healthy,88.94,0
89,25,-0.0015,-0.0002,100.0,518.67,642.19,1579.3,1398.88,14.62,21.61,554.29,2388.05,9053.66,1.3,47.25,521.99,2388.03,8127.77,8.4062,0.03,392,2388,100.0,39.09,23.2607,217,192,Healthy,88.48,0
89,26,0.0004,-0.0002,100.0,518.67,642.24,1581.53,1399.36,14.62,21.61,554.77,2388.06,9051.12,1.3,47.41,522.09,2388.04,8131.84,8.3683,0.03,393,2388,100.0,39.02,23.4481,217,191,Healthy,88.02,0
89,27,-0.0003,-0.0005,100.0,518.67,642.03,1580.0,1403.67,14.62,21.61,553.73,2388.12,9050.08,1.3,47.17,521.88,2388.06,8127.84,8.4365,0.03,391,2388,100.0,38.99,23.3912,217,190,Healthy,87.56,0
89,28,-0.002,-0.0001,100.0,518.67,642.39,1586.81,1401.72,14.62,21.61,554.7,2388.04,9043.3,1.3,47.35,522.01,2388.11,8133.83,8.4137,0.03,391,2388,100.0,39.01,23.4866,217,189,Healthy,87.1,0
89,29,-0.0,-0.0005,100.0,518.67,642.22,1585.76,1400.26,14.62,21.61,554.54,2388.09,9049.82,1.3,47.21,522.04,2388.08,8125.36,8.3793,0.03,392,2388,100.0,38.72,23.4411,217,188,Healthy,86.64,0
89,30,0.001,-0.0002,100.0,518.67,642.85,1586.04,1397.71,14.62,21.61,554.14,2388.06,9044.36,1.3,47.12,522.19,2388.03,8133.45,8.4154,0.03,391,2388,100.0,39.14,23.4423,217,187,Healthy,86.18,0
89,31,-0.0,-0.0004,100.0,518.67,642.03,1589.2,1401.08,14.62,21.61,553.83,2388.07,9043.05,1.3,47.26,522.01,2388.07,8138.32,8.4033,0.03,391,2388,100.0,39.07,23.3573,217,186,Healthy,85.71,0
89,32,-0.0018,0.0002,100.0,518.67,642.02,1582.03,1393.95,14.62,21.61,553.48,2387.96,9048.79,1.3,47.29,521.74,2388.03,8126.96,8.4017,0.03,392,2388,100.0,39.03,23.4392,217,185,Healthy,85.25,0
89,33,-0.0012,-0.0001,100.0,518.67,642.45,1581.35,1402.34,14.62,21.61,553.92,2388.05,9053.7,1.3,47.36,522.38,2388.04,8128.85,8.3941,0.03,391,2388,100.0,39.03,23.3913,217,184,Healthy,84.79,0
89,34,0.0031,-0.0001,100.0,518.67,641.69,1588.27,1400.59,14.62,21.61,554.23,2388.07,9049.21,1.3,47.16,522.77,2388.05,8131.09,8.3807,0.03,392,2388,100.0,38.93,23.3734,217,183,Healthy,84.33,0
89,35,-0.0027,0.0003,100.0,518.67,642.39,1596.03,1392.99,14.62,21.61,553.52,2388.05,9055.28,1.3,47.3,521.96,2388.0,8137.05,8.4043,0.03,393,2388,100.0,39.22,23.4139,217,182,Healthy,83.87,0
89,36,0.0018,0.0003,100.0,518.67,642.29,1584.9,1401.27,14.62,21.61,553.96,2388.05,9051.07,1.3,47.45,522.15,2388.07,8126.62,8.3975,0.03,392,2388,100.0,39.04,23.3479,217,181,Healthy,83.41,0
89,37,0.0006,0.0003,100.0,518.67,642.75,1590.28,1399.81,14.62,21.61,553.4,2388.02,9050.19,1.3,47.22,521.35,2388.01,8132.04,8.4252,0.03,391,2388,100.0,38.95,23.289,217,180,Healthy,82.95,0
89,38,-0.0028,0.0002,100.0,518.67,642.04,1590.25,1398.86,14.62,21.61,554.47,2388.07,9045.98,1.3,47.41,522.44,2388.04,8133.87,8.4068,0.03,393,2388,100.0,39.0,23.4375,217,179,Healthy,82.49,0
89,39,-0.0011,-0.0005,100.0,518.67,641.98,1585.94,1404.84,14.62,21.61,554.13,2388.06,9046.46,1.3,47.24,521.95,2388.06,8132.6,8.4239,0.03,393,2388,100.0,38.9,23.3592,217,178,Healthy,82.03,0
89,40,0.0029,0.0004,100.0,518.67,642.36,1589.44,1402.93,14.62,21.61,554.96,2388.05,9047.15,1.3,47.3,522.4,2388.04,8133.63,8.422,0.03,393,2388,100.0,39.03,23.3918,217,177,Healthy,81.57,0
89,41,0.0013,0.0002,100.0,518.67,641.79,1589.69,1393.18,14.62,21.61,554.51,2388.05,9043.33,1.3,47.41,521.79,2388.05,8129.14,8.4035,0.03,392,2388,100.0,39.03,23.3868,217,176,Healthy,81.11,0
89,42,-0.0024,-0.0002,100.0,518.67,642.11,1586.29,1398.1,14.62,21.61,553.35,2388.04,9050.61,1.3,47.23,521.58,2388.04,8130.64,8.409,0.03,395,2388,100.0,38.84,23.3995,217,175,Healthy,80.65,0
89,43,0.0023,-0.0001,100.0,518.67,642.35,1590.77,1403.31,14.62,21.61,554.79,2388.04,9049.42,1.3,47.17,522.1,2388.04,8130.98,8.4158,0.03,392,2388,100.0,38.92,23.3281,217,174,Healthy,80.18,0
89,44,-0.0023,0.0004,100.0,518.67,642.47,1581.8,1399.76,14.62,21.61,554.25,2388.03,9045.61,1.3,47.42,522.49,2388.05,8126.71,8.408,0.03,391,2388,100.0,38.99,23.3304,217,173,Healthy,79.72,0
89,45,-0.001,0.0004,100.0,518.67,641.81,1579.99,1396.67,14.62,21.61,554.07,2388.05,9049.61,1.3,47.22,522.39,2388.02,8133.29,8.4157,0.03,393,2388,100.0,39.08,23.4287,217,172,Healthy,79.26,0
89,46,0.0,0.0001,100.0,518.67,642.16,1585.78,1398.24,14.62,21.61,554.2,2388.02,9047.76,1.3,47.33,522.42,2388.06,8130.07,8.4124,0.03,392,2388,100.0,38.97,23.4112,217,171,Healthy,78.8,0
89,47,0.0002,0.0001,100.0,518.67,642.29,1597.71,1395.67,14.62,21.61,554.59,2388.07,9043.99,1.3,47.06,522.54,2388.05,8132.66,8.4067,0.03,391,2388,100.0,38.94,23.4081,217,170,Healthy,78.34,0
89,48,-0.0014,0.0002,100.0,518.67,642.24,1584.89,1405.7,14.62,21.61,554.58,2388.02,9054.06,1.3,47.26,522.59,2388.02,8135.94,8.3923,0.03,391,2388,100.0,38.93,23.3214,217,169,Healthy,77.88,0
89,49,-0.0005,0.0,100.0,518.67,642.44,1583.39,1403.9,14.62,21.61,554.34,2388.03,9049.85,1.3,47.32,522.26,2388.08,8132.3,8.3964,0.03,393,2388,100.0,39.01,23.409,217,168,Healthy,77.42,0
89,50,0.0002,-0.0004,100.0,518.67,642.32,1589.09,1403.89,14.62,21.61,553.62,2388.04,9045.57,1.3,47.19,522.27,2388.02,8129.64,8.4225,0.03,392,2388,100.0,39.08,23.4033,217,167,Healthy,76.96,0
90,1,-0.0013,-0.0004,100.0,518.67,642.34,1584.51,1394.55,14.62,21.61,553.98,2388.08,9056.25,1.3,47.06,521.98,2388.01,8139.65,8.4261,0.03,392,2388,100.0,39.07,23.4068,154,153,Healthy,99.35,0
90,2,0.0002,-0.0004,100.0,518.67,642.33,1589.07,1402.94,14.62,21.61,555.05,2387.98,9062.04,1.3,47.21,522.44,2388.0,8138.44,8.4105,0.03,391,2388,100.0,39.22,23.3356,154,152,Healthy,98.7,0
90,3,0.0019,0.0002,100.0,518.67,641.72,1587.88,1393.65,14.62,21.61,554.24,2388.01,9059.19,1.3,47.13,522.62,2388.04,8141.14,8.4002,0.03,393,2388,100.0,39.01,23.331,154,151,Healthy,98.05,0
90,4,0.0038,0.0002,100.0,518.67,642.22,1585.07,1403.89,14.62,21.61,554.01,2388.04,9060.47,1.3,47.27,522.23,2388.05,8134.55,8.4205,0.03,390,2388,100.0,39.09,23.4409,154,150,Healthy,97.4,0
90,5,0.0014,0.0001,100.0,518.67,641.79,1584.47,1402.97,14.62,21.61,554.4,2388.0,9055.69,1.3,47.1,522.38,2388.01,8134.12,8.423,0.03,391,2388,100.0,39.05,23.4711,154,149,Healthy,96.75,0
90,6,-0.0008,0.0002,100.0,518.67,642.57,1587.95,1395.4,14.62,21.61,554.28,2387.96,9053.33,1.3,47.24,522.11,2388.01,8140.13,8.4162,0.03,392,2388,100.0,38.95,23.409,154,148,Healthy,96.1,0
90,7,0.0013,0.0005,100.0,518.67,642.48,1581.21,1400.42,14.62,21.61,553.48,2387.99,9060.81,1.3,47.25,521.87,2388.0,8136.43,8.3672,0.03,392,2388,100.0,38.94,23.2898,154,147,Healthy,95.45,0
90,8,-0.0015,0.0,100.0,518.67,642.85,1587.27,1402.67,14.62,21.61,554.79,2387.99,9054.87,1.3,47.29,522.3,2387.98,8140.14,8.4237,0.03,392,2388,100.0,39.0,23.4335,154,146,Healthy,94.81,0
90,9,0.0047,0.0001,100.0,518.67,642.14,1580.05,1399.4,14.62,21.61,554.27,2388.02,9048.2,1.3,47.21,522.86,2387.97,8136.46,8.419,0.03,391,2388,100.0,39.16,23.4813,154,145,Healthy,94.16,0
90,10,0.0003,0.0005,100.0,518.67,642.21,1584.76,1391.16,14.62,21.61,553.88,2388.0,9060.54,1.3,47.08,522.19,2388.05,8144.05,8.3768,0.03,391,2388,100.0,38.96,23.3228,154,144,Healthy,93.51,0
90,11,0.0015,-0.0004,100.0,518.67,642.11,1579.96,1395.12,14.62,21.61,554.86,2388.03,9054.53,1.3,47.34,522.04,2387.98,8137.13,8.4079,0.03,392,2388,100.0,39.04,23.447,154,143,Healthy,92.86,0
90,12,-0.0044,0.0005,100.0,518.67,642.02,1586.89,1400.67,14.62,21.61,553.66,2388.04,9063.23,1.3,47.16,522.32,2388.02,8138.4,8.405,0.03,393,2388,100.0,39.12,23.5339,154,142,Healthy,92.21,0
90,13,-0.0005,-0.0003,100.0,518.67,642.74,1586.99,1407.15,14.62,21.61,554.17,2388.01,9046.46,1.3,47.4,522.12,2387.98,8138.22,8.3769,0.03,391,2388,100.0,39.11,23.3122,154,141,Healthy,91.56,0
90,14,-0.0019,-0.0002,100.0,518.67,642.28,1585.37,1400.2,14.62,21.61,554.28,2387.97,9053.03,1.3,47.26,522.01,2388.03,8135.57,8.3701,0.03,391,2388,100.0,39.11,23.4165,154,140,Healthy,90.91,0
90,15,-0.0004,0.0002,100.0,518.67,642.13,1588.19,1392.74,14.62,21.61,554.09,2388.07,9051.9,1.3,47.12,522.32,2388.01,8139.85,8.3911,0.03,392,2388,100.0,39.18,23.527,154,139,Healthy,90.26,0
90,16,-0.0058,-0.0002,100.0,518.67,642.35,1582.18,1403.28,14.62,21.61,554.19,2388.04,9041.77,1.3,47.09,522.5,2388.03,8140.01,8.4098,0.03,391,2388,100.0,39.18,23.3494,154,138,Healthy,89.61,0
90,17,0.0015,0.0005,100.0,518.67,642.5,1584.17,1395.63,14.62,21.61,554.45,2388.03,9055.67,1.3,47.11,522.11,2388.01,8137.73,8.4297,0.03,390,2388,100.0,39.11,23.4676,154,137,Healthy,88.96,0
90,18,0.0004,0.0001,100.0,518.67,642.65,1581.42,1400.43,14.62,21.61,554.28,2387.98,9064.46,1.3,47.3,521.83,2388.01,8136.26,8.4011,0.03,393,2388,100.0,39.12,23.4023,154,136,Healthy,88.31,0
90,19,0.0,-0.0002,100.0,518.67,642.34,1585.95,1402.02,14.62,21.61,554.34,2388.02,9058.31,1.3,47.25,522.21,2388.01,8132.38,8.3823,0.03,391,2388,100.0,39.03,23.3526,154,135,Healthy,87.66,0
90,20,-0.0025,-0.0003,100.0,518.67,641.92,1589.11,1401.89,14.62,21.61,554.68,2388.04,9057.33,1.3,47.11,522.7,2388.05,8140.26,8.4376,0.03,392,2388,100.0,38.98,23.334,154,134,Healthy,87.01,0
90,21,-0.0032,0.0001,100.0,518.67,642.09,1589.21,1397.19,14.62,21.61,553.98,2388.03,9049.64,1.3,47.13,522.34,2388.02,8134.03,8.4033,0.03,392,2388,100.0,38.98,23.4314,154,133,Healthy,86.36,0
90,22,-0.002,-0.0,100.0,518.67,642.42,1585.78,1396.95,14.62,21.6,554.28,2388.03,9056.1,1.3,47.56,522.38,2388.02,8136.66,8.3858,0.03,392,2388,100.0,38.92,23.4472,154,132,Healthy,85.71,0
90,23,0.0022,0.0,100.0,518.67,641.95,1586.65,1400.84,14.62,21.61,553.96,2388.06,9050.37,1.3,47.23,522.72,2388.0,8138.83,8.3966,0.03,392,2388,100.0,39.05,23.3468,154,131,Healthy,85.06,0
90,24,-0.0024,0.0003,100.0,518.67,642.45,1587.39,1399.11,14.62,21.61,554.89,2388.07,9051.17,1.3,47.22,522.53,2388.05,8137.93,8.4304,0.03,391,2388,100.0,38.84,23.4508,154,130,Healthy,84.42,0
90,25,0.0017,-0.0001,100.0,518.67,641.94,1584.47,1401.39,14.62,21.6,554.7,2388.01,9056.21,1.3,47.23,522.27,2387.99,8144.74,8.3865,0.03,391,2388,100.0,39.06,23.4091,154,129,Healthy,83.77,0
90,26,0.0062,0.0002,100.0,518.67,642.08,1593.52,1397.96,14.62,21.61,554.08,2388.01,9056.99,1.3,47.35,522.05,2388.05,8138.6,8.4308,0.03,390,2388,100.0,39.0,23.4212,154,128,Healthy,83.12,0
90,27,0.0028,0.0001,100.0,518.67,641.84,1584.55,1393.48,14.62,21.61,554.86,2387.98,9048.7,1.3,47.11,522.79,2388.08,8139.31,8.3742,0.03,392,2388,100.0,38.93,23.5081,154,127,Healthy,82.47,0
90,28,-0.0023,0.0006,100.0,518.67,642.91,1593.32,1395.81,14.62,21.61,555.02,2388.04,9057.35,1.3,47.23,522.45,2388.05,8146.55,8.4442,0.03,392,2388,100.0,39.17,23.4003,154,126,Healthy,81.82,0
90,29,0.0048,0.0002,100.0,518.67,642.22,1591.19,1396.49,14.62,21.61,554.36,2388.03,9056.36,1.3,47.17,521.97,2388.04,8133.57,8.4096,0.03,391,2388,100.0,39.04,23.4463,154,125,Healthy,81.17,0
90,30,-0.0016,0.0005,100.0,518.67,642.73,1584.91,1397.01,14.62,21.61,554.05,2388.08,9050.43,1.3,47.39,522.19,2388.09,8136.7,8.415,0.03,392,2388,100.0,38.9,23.4607,154,124,Healthy,80.52,0
90,31,-0.0035,0.0001,100.0,518.67,642.61,1589.73,1396.23,14.62,21.61,553.6,2388.02,9055.07,1.3,47.1,522.48,2387.97,8137.21,8.4006,0.03,390,2388,100.0,39.11,23.4237,154,123,Healthy,79.87,0
90,32,-0.0011,0.0001,100.0,518.67,641.62,1588.54,1397.03,14.62,21.61,554.8,2388.02,9053.34,1.3,47.3,522.42,2388.02,8138.4,8.4365,0.03,392,2388,100.0,38.98,23.3424,154,122,Healthy,79.22,0
90,33,0.0024,-0.0004,100.0,518.67,642.45,1585.96,1406.16,14.62,21.61,553.72,2388.06,9050.51,1.3,47.15,522.93,2388.02,8136.01,8.4001,0.03,391,2388,100.0,38.97,23.3694,154,121,Healthy,78.57,0
90,34,-0.0019,-0.0002,100.0,518.67,642.2,1578.13,1398.67,14.62,21.61,554.32,2388.08,9051.32,1.3,47.11,522.55,2388.05,8138.02,8.4001,0.03,392,2388,100.0,39.02,23.4476,154,120,Early_Wear,77.92,0
90,35,0.0017,-0.0,100.0,518.67,641.99,1579.63,1398.09,14.62,21.61,554.97,2387.96,9062.27,1.3,47.19,521.97,2387.97,8137.2,8.4177,0.03,391,2388,100.0,39.02,23.4238,154,119,Early_Wear,77.27,0
90,36,-0.0027,-0.0,100.0,518.67,642.5,1588.42,1396.82,14.62,21.61,554.72,2388.0,9053.41,1.3,47.35,521.73,2388.01,8138.5,8.3984,0.03,390,2388,100.0,38.99,23.5126,154,118,Early_Wear,76.62,0
90,37,0.0021,0.0001,100.0,518.67,642.45,1584.62,1402.89,14.62,21.61,554.55,2388.02,9055.07,1.3,47.15,522.11,2388.01,8143.41,8.4377,0.03,391,2388,100.0,39.05,23.3743,154,117,Early_Wear,75.97,0
90,38,-0.0017,-0.0002,100.0,518.67,642.55,1578.62,1403.54,14.62,21.61,555.25,2388.02,9057.56,1.3,47.16,521.92,2388.03,8139.67,8.3889,0.03,392,2388,100.0,38.97,23.2776,154,116,Early_Wear,75.32,0
90,39,-0.001,0.0003,100.0,518.67,642.57,1581.14,1396.09,14.62,21.61,553.56,2387.99,9058.54,1.3,47.09,522.17,2388.04,8134.78,8.4072,0.03,392,2388,100.0,38.94,23.4075,154,115,Early_Wear,74.68,0
90,40,-0.0033,0.0001,100.0,518.67,642.06,1582.11,1397.58,14.62,21.61,553.88,2388.04,9049.73,1.3,47.09,521.99,2388.04,8129.77,8.438,0.03,391,2388,100.0,38.93,23.4258,154,114,Early_Wear,74.03,0
90,41,-0.0027,0.0,100.0,518.67,642.91,1590.05,1402.55,14.62,21.61,553.61,2388.03,9061.69,1.3,47.36,522.2,2388.0,8136.4,8.4406,0.03,392,2388,100.0,39.1,23.4689,154,113,Early_Wear,73.38,0
90,42,-0.0005,0.0,100.0,518.67,642.24,1575.78,1402.82,14.62,21.61,553.98,2387.99,9058.11,1.3,47.23,521.85,2388.03,8138.78,8.4106,0.03,392,2388,100.0,39.03,23.4685,154,112,Early_Wear,72.73,0
90,43,0.0016,0.0,100.0,518.67,641.98,1592.87,1394.86,14.62,21.61,554.79,2388.0,9051.5,1.3,47.36,522.3,2388.01,8137.91,8.374,0.03,390,2388,100.0,38.93,23.4957,154,111,Early_Wear,72.08,0
90,44,-0.0023,0.0001,100.0,518.67,642.06,1584.53,1401.08,14.62,21.61,553.85,2387.97,9055.7,1.3,47.44,522.08,2388.03,8144.06,8.3676,0.03,389,2388,100.0,39.05,23.3729,154,110,Early_Wear,71.43,0
90,45,0.0012,0.0001,100.0,518.67,642.1,1588.57,1395.36,14.62,21.61,553.19,2388.03,9054.57,1.3,47.23,521.95,2388.1,8133.53,8.4314,0.03,391,2388,100.0,39.01,23.3888,154,109,Early_Wear,70.78,0
90,46,0.0006,-0.0001,100.0,518.67,642.19,1587.09,1397.52,14.62,21.61,554.17,2388.02,9061.61,1.3,47.23,522.44,2388.02,8135.26,8.393,0.03,392,2388,100.0,39.03,23.292,154,108,Early_Wear,70.13,0
90,47,0.0002,0.0005,100.0,518.67,642.42,1580.04,1404.73,14.62,21.61,554.5,2388.05,9059.06,1.3,47.15,522.17,2387.99,8141.76,8.3911,0.03,391,2388,100.0,38.95,23.3812,154,107,Early_Wear,69.48,0
90,48,-0.0008,-0.0,100.0,518.67,641.56,1581.43,1392.44,14.62,21.61,554.34,2388.02,9056.14,1.3,47.41,522.45,2388.03,8136.24,8.4207,0.03,393,2388,100.0,38.84,23.389,154,106,Early_Wear,68.83,0
90,49,0.0001,-0.0002,100.0,518.67,642.87,1587.54,1396.81,14.62,21.61,554.33,2388.02,9059.3,1.3,47.27,522.58,2388.02,8137.21,8.4252,0.03,394,2388,100.0,39.1,23.3458,154,105,Early_Wear,68.18,0
90,50,-0.0006,-0.0001,100.0,518.67,642.12,1579.53,1391.38,14.62,21.61,554.5,2388.01,9054.52,1.3,47.33,522.53,2388.02,8139.9,8.4089,0.03,392,2388,100.0,38.87,23.3707,154,104,Early_Wear,67.53,0
91,1,-0.0002,-0.0001,100.0,518.67,643.41,1587.82,1411.03,14.62,21.61,554.53,2388.08,9054.59,1.3,47.69,521.44,2388.11,8134.25,8.4351,0.03,393,2388,100.0,38.77,23.286,135,134,Healthy,99.26,0
91,2,-0.0034,-0.0001,100.0,518.67,642.74,1584.56,1405.48,14.62,21.61,552.66,2388.15,9057.63,1.3,47.62,521.16,2388.09,8131.08,8.4032,0.03,393,2388,100.0,38.65,23.3206,135,133,Healthy,98.52,0
91,3,0.0011,0.0001,100.0,518.67,642.61,1593.05,1409.55,14.62,21.61,553.16,2388.13,9059.8,1.3,47.49,521.41,2388.18,8134.12,8.4361,0.03,392,2388,100.0,39.04,23.2637,135,132,Healthy,97.78,0
91,4,0.0011,0.0005,100.0,518.67,643.28,1594.84,1409.82,14.62,21.61,553.26,2388.12,9051.02,1.3,47.48,521.3,2388.11,8127.29,8.4591,0.03,393,2388,100.0,38.93,23.3402,135,131,Healthy,97.04,0
91,5,-0.0035,-0.0003,100.0,518.67,643.03,1593.76,1406.69,14.62,21.61,553.24,2388.15,9053.33,1.3,47.49,521.45,2388.15,8132.13,8.4754,0.03,392,2388,100.0,39.02,23.3241,135,130,Healthy,96.3,0
91,6,-0.0035,0.0004,100.0,518.67,642.93,1596.45,1411.41,14.62,21.61,553.08,2388.13,9059.51,1.3,47.54,521.01,2388.1,8130.9,8.4826,0.03,396,2388,100.0,38.76,23.2511,135,129,Healthy,95.56,0
91,7,-0.0013,0.0,100.0,518.67,643.0,1598.93,1408.83,14.62,21.61,553.63,2388.18,9052.34,1.3,47.73,521.27,2388.06,8133.98,8.399,0.03,392,2388,100.0,38.73,23.1675,135,128,Healthy,94.81,0
91,8,0.0021,0.0001,100.0,518.67,642.82,1581.73,1411.72,14.62,21.61,552.44,2388.11,9049.53,1.3,47.54,521.14,2388.13,8133.22,8.475,0.03,392,2388,100.0,38.79,23.1458,135,127,Healthy,94.07,0
91,9,0.0026,0.0002,100.0,518.67,643.29,1591.98,1406.03,14.62,21.61,553.25,2388.15,9053.45,1.3,47.64,521.17,2388.09,8131.17,8.4435,0.03,393,2388,100.0,38.73,23.3196,135,126,Healthy,93.33,0
91,10,-0.0022,-0.0002,100.0,518.67,642.76,1590.23,1414.98,14.62,21.61,553.24,2388.1,9048.85,1.3,47.48,520.9,2388.18,8135.05,8.4314,0.03,395,2388,100.0,38.87,23.3196,135,125,Healthy,92.59,0
91,11,-0.0004,0.0002,100.0,518.67,643.02,1589.89,1411.35,14.62,21.61,553.03,2388.15,9051.03,1.3,47.73,520.28,2388.11,8129.25,8.4746,0.03,393,2388,100.0,38.74,23.3387,135,124,Healthy,91.85,0
91,12,0.0,0.0002,100.0,518.67,642.8,1586.86,1406.29,14.62,21.61,553.24,2388.08,9052.73,1.3,47.45,520.99,2388.16,8132.36,8.4439,0.03,394,2388,100.0,38.93,23.2171,135,123,Healthy,91.11,0
91,13,0.0011,0.0002,100.0,518.67,642.81,1592.2,1409.2,14.62,21.61,552.88,2388.15,9048.84,1.3,47.67,521.64,2388.1,8133.86,8.4425,0.03,394,2388,100.0,38.85,23.3127,135,122,Healthy,90.37,0
91,14,-0.0022,-0.0003,100.0,518.67,642.83,1587.13,1407.79,14.62,21.61,553.61,2388.09,9066.17,1.3,47.68,521.56,2388.1,8137.89,8.4199,0.03,394,2388,100.0,38.75,23.3108,135,121,Healthy,89.63,0
91,15,0.0002,0.0004,100.0,518.67,642.05,1585.14,1410.76,14.62,21.61,553.69,2388.16,9047.24,1.3,47.81,521.34,2388.1,8126.08,8.4091,0.03,393,2388,100.0,38.82,23.2275,135,120,Early_Wear,88.89,0
91,16,0.001,-0.0004,100.0,518.67,642.18,1589.4,1409.89,14.62,21.61,553.05,2388.13,9062.06,1.3,47.75,521.4,2388.1,8140.18,8.4486,0.03,394,2388,100.0,38.8,23.262,135,119,Early_Wear,88.15,0
91,17,0.0003,-0.0003,100.0,518.67,643.25,1587.21,1417.97,14.62,21.61,553.3,2388.13,9053.43,1.3,47.7,521.39,2388.11,8135.23,8.481,0.03,393,2388,100.0,38.79,23.2908,135,118,Early_Wear,87.41,0
91,18,-0.0014,0.0001,100.0,518.67,642.81,1589.71,1407.15,14.62,21.61,553.72,2388.09,9055.03,1.3,47.57,521.14,2388.1,8135.65,8.4273,0.03,394,2388,100.0,38.72,23.2728,135,117,Early_Wear,86.67,0
91,19,-0.0011,0.0005,100.0,518.67,642.96,1591.9,1411.79,14.62,21.61,553.59,2388.19,9049.94,1.3,47.64,521.15,2388.09,8130.84,8.4309,0.03,393,2388,100.0,38.73,23.2838,135,116,Early_Wear,85.93,0
91,20,-0.001,-0.0001,100.0,518.67,642.74,1594.39,1404.18,14.62,21.61,552.95,2388.09,9056.65,1.3,47.59,520.85,2388.07,8135.67,8.4562,0.03,393,2388,100.0,38.8,23.3087,135,115,Early_Wear,85.19,0
91,21,-0.003,-0.0001,100.0,518.67,642.41,1589.23,1410.08,14.62,21.61,552.99,2388.1,9056.26,1.3,47.57,521.05,2388.13,8134.35,8.4249,0.03,394,2388,100.0,38.75,23.2869,135,114,Early_Wear,84.44,0
91,22,-0.0036,-0.0004,100.0,518.67,642.28,1597.86,1412.68,14.62,21.61,553.43,2388.19,9048.12,1.3,47.72,520.86,2388.11,8133.52,8.4357,0.03,394,2388,100.0,38.83,23.268,135,113,Early_Wear,83.7,0
91,23,-0.0024,0.0002,100.0,518.67,643.04,1598.96,1401.96,14.62,21.61,552.27,2388.15,9056.99,1.3,47.58,521.54,2388.14,8140.33,8.4753,0.03,393,2388,100.0,38.89,23.279,135,112,Early_Wear,82.96,0
91,24,0.0005,0.0003,100.0,518.67,643.32,1593.37,1418.55,14.62,21.61,552.56,2388.13,9059.5,1.3,47.57,521.17,2388.12,8136.42,8.4427,0.03,395,2388,100.0,38.81,23.3446,135,111,Early_Wear,82.22,0
91,25,-0.0007,0.0001,100.0,518.67,642.8,1589.91,1415.18,14.62,21.61,553.17,2388.13,9054.01,1.3,47.47,521.58,2388.16,8135.13,8.4806,0.03,393,2388,100.0,38.7,23.2233,135,110,Early_Wear,81.48,0
91,26,0.0004,-0.0001,100.0,518.67,642.27,1594.66,1411.07,14.62,21.61,552.57,2388.13,9059.95,1.3,47.69,521.21,2388.11,8133.55,8.5015,0.03,394,2388,100.0,38.92,23.2179,135,109,Early_Wear,80.74,0
91,27,-0.0023,0.0001,100.0,518.67,643.01,1585.92,1409.74,14.62,21.61,552.75,2388.16,9054.77,1.3,47.57,521.63,2388.13,8133.62,8.4622,0.03,393,2388,100.0,38.72,23.2012,135,108,Early_Wear,80.0,0
91,28,-0.0017,0.0004,100.0,518.67,642.17,1595.63,1408.2,14.62,21.61,553.07,2388.1,9054.88,1.3,47.62,521.17,2388.08,8129.48,8.4117,0.03,394,2388,100.0,38.92,23.3562,135,107,Early_Wear,79.26,0
91,29,-0.004,-0.0002,100.0,518.67,642.81,1597.33,1416.34,14.62,21.61,552.73,2388.08,9052.51,1.3,47.65,521.18,2388.15,8136.33,8.42,0.03,393,2388,100.0,38.68,23.3409,135,106,Early_Wear,78.52,0
91,30,-0.0014,-0.0001,100.0,518.67,642.77,1594.94,1411.04,14.62,21.61,552.63,2388.07,9044.73,1.3,47.76,521.35,2388.16,8132.32,8.4689,0.03,394,2388,100.0,39.0,23.3011,135,105,Early_Wear,77.78,0
91,31,0.0003,-0.0003,100.0,518.67,643.14,1582.25,1411.22,14.62,21.61,553.08,2388.16,9056.38,1.3,47.64,521.13,2388.04,8134.37,8.4659,0.03,393,2388,100.0,38.99,23.2428,135,104,Early_Wear,77.04,0
91,32,0.0014,-0.0003,100.0,518.67,642.68,1595.51,1415.85,14.62,21.61,552.39,2388.11,9051.55,1.3,47.63,521.32,2388.12,8129.68,8.4983,0.03,393,2388,100.0,38.64,23.3462,135,103,Early_Wear,76.3,0
91,33,0.0059,0.0,100.0,518.67,642.98,1594.07,1412.48,14.62,21.61,553.11,2388.11,9054.22,1.3,47.66,521.19,2388.15,8137.0,8.4534,0.03,394,2388,100.0,38.49,23.2809,135,102,Early_Wear,75.56,0
91,34,-0.001,0.0,100.0,518.67,642.85,1584.26,1407.43,14.62,21.61,552.9,2388.12,9053.41,1.3,47.64,520.74,2388.17,8132.31,8.466,0.03,394,2388,100.0,38.86,23.2882,135,101,Early_Wear,74.81,0
91,35,0.0006,0.0006,100.0,518.67,642.87,1591.82,1411.63,14.62,21.61,552.67,2388.13,9053.01,1.3,47.69,521.35,2388.11,8133.62,8.4763,0.03,394,2388,100.0,38.74,23.225,135,100,Early_Wear,74.07,0
91,36,-0.0016,0.0,100.0,518.67,642.64,1595.3,1409.01,14.62,21.61,553.49,2388.17,9050.42,1.3,47.53,521.69,2388.19,8129.35,8.4646,0.03,392,2388,100.0,38.63,23.3079,135,99,Early_Wear,73.33,0
91,37,-0.0008,0.0004,100.0,518.67,642.45,1589.87,1411.27,14.62,21.61,552.36,2388.13,9054.34,1.3,47.61,521.31,2388.16,8133.51,8.4764,0.03,393,2388,100.0,38.68,23.2306,135,98,Early_Wear,72.59,0
91,38,-0.0018,0.0005,100.0,518.67,642.42,1584.63,1416.45,14.62,21.61,552.82,2388.07,9050.58,1.3,47.75,521.77,2388.12,8135.5,8.4485,0.03,393,2388,100.0,38.89,23.2898,135,97,Early_Wear,71.85,0
91,39,-0.0003,-0.0,100.0,518.67,642.64,1591.45,1415.49,14.62,21.61,553.77,2388.14,9050.17,1.3,47.78,521.16,2388.16,8132.3,8.4393,0.03,393,2388,100.0,38.68,23.2113,135,96,Early_Wear,71.11,0
91,40,-0.0008,-0.0001,100.0,518.67,642.66,1588.14,1412.1,14.62,21.61,552.34,2388.1,9051.04,1.3,47.61,521.15,2388.11,8129.67,8.4725,0.03,393,2388,100.0,38.89,23.2626,135,95,Early_Wear,70.37,0
91,41,0.0048,-0.0001,100.0,518.67,642.68,1585.25,1411.17,14.62,21.61,552.55,2388.09,9052.66,1.3,47.49,521.06,2388.11,8137.54,8.4214,0.03,394,2388,100.0,38.93,23.2229,135,94,Early_Wear,69.63,0
91,42,0.0013,-0.0004,100.0,518.67,643.45,1598.44,1410.54,14.62,21.61,553.42,2388.09,9061.63,1.3,47.75,520.92,2388.17,8134.39,8.5081,0.03,393,2388,100.0,38.74,23.4344,135,93,Early_Wear,68.89,0
91,43,-0.0043,0.0003,100.0,518.67,642.61,1593.71,1411.55,14.62,21.61,552.62,2388.11,9051.9,1.3,47.6,521.3,2388.17,8132.27,8.4885,0.03,394,2388,100.0,38.71,23.2403,135,92,Early_Wear,68.15,0
91,44,-0.0029,0.0006,100.0,518.67,642.92,1588.1,1407.6,14.62,21.61,552.88,2388.16,9055.76,1.3,47.51,521.19,2388.18,8135.12,8.4703,0.03,394,2388,100.0,38.75,23.1009,135,91,Early_Wear,67.41,0
91,45,0.0019,0.0004,100.0,518.67,643.07,1593.88,1409.09,14.62,21.61,553.11,2388.14,9049.33,1.3,47.77,521.12,2388.13,8135.23,8.4625,0.03,395,2388,100.0,38.74,23.2155,135,90,Early_Wear,66.67,0
91,46,-0.0015,0.0,100.0,518.67,642.87,1590.17,1410.16,14.62,21.61,553.43,2388.12,9050.7,1.3,47.85,521.07,2388.11,8138.45,8.446,0.03,392,2388,100.0,38.78,23.311,135,89,Early_Wear,65.93,0
91,47,-0.0026,0.0003,100.0,518.67,643.05,1592.53,1415.67,14.62,21.61,553.38,2388.12,9053.53,1.3,47.61,520.62,2388.12,8134.81,8.4477,0.03,393,2388,100.0,38.87,23.1781,135,88,Early_Wear,65.19,0
91,48,-0.0028,0.0005,100.0,518.67,643.16,1591.87,1411.17,14.62,21.61,553.61,2388.12,9052.57,1.3,47.64,521.37,2388.11,8130.97,8.4663,0.03,393,2388,100.0,38.67,23.2761,135,87,Early_Wear,64.44,0
91,49,-0.0009,-0.0004,100.0,518.67,642.37,1589.87,1416.56,14.62,21.61,552.67,2388.12,9057.42,1.3,47.72,521.77,2388.11,8135.86,8.4821,0.03,393,2388,100.0,38.78,23.1934,135,86,Early_Wear,63.7,0
91,50,0.0003,0.0001,100.0,518.67,643.11,1582.51,1417.34,14.62,21.61,553.41,2388.1,9064.04,1.3,47.61,520.88,2388.1,8133.32,8.4802,0.03,394,2388,100.0,38.83,23.291,135,85,Early_Wear,62.96,0
92,1,-0.0065,-0.0003,100.0,518.67,642.22,1591.86,1401.89,14.62,21.61,553.48,2388.1,9057.74,1.3,47.44,521.81,2388.09,8136.55,8.3948,0.03,392,2388,100.0,38.87,23.4047,341,340,Healthy,99.71,0
92,2,0.0005,-0.0001,100.0,518.67,642.47,1574.26,1394.91,14.62,21.61,553.95,2388.01,9052.5,1.3,47.35,521.46,2388.08,8135.54,8.3753,0.03,393,2388,100.0,38.86,23.3022,341,339,Healthy,99.41,0
92,3,0.0002,-0.0001,100.0,518.67,642.59,1587.48,1408.34,14.62,21.61,554.54,2388.02,9054.54,1.3,47.3,522.72,2388.03,8137.39,8.3695,0.03,393,2388,100.0,38.75,23.3307,341,338,Healthy,99.12,0
92,4,0.0,-0.0001,100.0,518.67,642.46,1579.68,1406.09,14.62,21.61,554.19,2388.05,9052.43,1.3,47.46,521.8,2388.05,8135.96,8.4237,0.03,392,2388,100.0,38.88,23.4558,341,337,Healthy,98.83,0
92,5,0.002,0.0002,100.0,518.67,641.86,1583.83,1406.2,14.62,21.61,554.65,2388.05,9057.69,1.3,47.5,522.47,2388.02,8138.76,8.4283,0.03,391,2388,100.0,38.91,23.2863,341,336,Healthy,98.53,0
92,6,0.0016,0.0001,100.0,518.67,642.41,1586.57,1410.85,14.62,21.61,554.01,2388.02,9055.37,1.3,47.32,521.83,2388.02,8132.81,8.3991,0.03,394,2388,100.0,38.98,23.4858,341,335,Healthy,98.24,0
92,7,0.001,-0.0004,100.0,518.67,642.53,1586.81,1402.28,14.62,21.61,554.69,2387.99,9054.37,1.3,47.39,521.46,2388.0,8132.69,8.4068,0.03,393,2388,100.0,38.86,23.3233,341,334,Healthy,97.95,0
92,8,-0.0029,0.0,100.0,518.67,642.47,1589.95,1399.74,14.62,21.61,554.52,2388.07,9056.13,1.3,47.31,522.43,2388.07,8136.02,8.4451,0.03,392,2388,100.0,38.95,23.3773,341,333,Healthy,97.65,0
92,9,-0.0047,0.0001,100.0,518.67,642.56,1587.89,1401.61,14.62,21.61,554.09,2388.02,9059.93,1.3,47.23,522.2,2388.03,8141.35,8.4149,0.03,392,2388,100.0,39.05,23.4278,341,332,Healthy,97.36,0
92,10,0.0007,0.0004,100.0,518.67,642.01,1583.57,1405.64,14.62,21.61,554.55,2388.12,9049.06,1.3,47.16,522.06,2388.05,8139.29,8.4174,0.03,392,2388,100.0,38.91,23.4279,341,331,Healthy,97.07,0
92,11,-0.002,-0.0001,100.0,518.67,642.29,1588.19,1401.86,14.62,21.61,553.73,2388.02,9057.85,1.3,47.24,521.91,2388.05,8137.74,8.4027,0.03,391,2388,100.0,39.03,23.357,341,330,Healthy,96.77,0
92,12,-0.0027,-0.0003,100.0,518.67,642.17,1582.46,1403.46,14.62,21.61,553.86,2388.03,9059.18,1.3,47.41,522.27,2388.08,8139.02,8.4135,0.03,391,2388,100.0,39.01,23.2859,341,329,Healthy,96.48,0
92,13,-0.0018,0.0004,100.0,518.67,641.98,1586.12,1401.89,14.62,21.61,553.47,2388.02,9058.62,1.3,47.45,521.75,2388.04,8138.59,8.4141,0.03,391,2388,100.0,39.0,23.3892,341,328,Healthy,96.19,0
92,14,-0.0008,0.0,100.0,518.67,641.88,1583.3,1404.06,14.62,21.61,554.48,2388.09,9058.8,1.3,47.36,522.04,2388.02,8134.96,8.4563,0.03,392,2388,100.0,39.07,23.4336,341,327,Healthy,95.89,0
92,15,-0.0015,-0.0002,100.0,518.67,642.53,1583.04,1406.82,14.62,21.61,554.67,2388.13,9049.89,1.3,47.41,522.2,2388.03,8139.18,8.4059,0.03,393,2388,100.0,38.95,23.4128,341,326,Healthy,95.6,0
92,16,-0.0009,0.0004,100.0,518.67,642.62,1581.02,1404.36,14.62,21.61,554.46,2388.02,9051.78,1.3,47.26,522.05,2388.03,8132.58,8.4214,0.03,392,2388,100.0,38.92,23.2979,341,325,Healthy,95.31,0
92,17,-0.0007,0.0003,100.0,518.67,642.26,1583.97,1402.97,14.62,21.61,554.32,2388.03,9051.95,1.3,47.18,521.74,2388.06,8139.26,8.4102,0.03,392,2388,100.0,39.02,23.3179,341,324,Healthy,95.01,0
92,18,0.0014,0.0001,100.0,518.67,642.24,1587.47,1404.64,14.62,21.61,553.47,2388.04,9047.66,1.3,47.31,522.37,2388.02,8139.54,8.4357,0.03,391,2388,100.0,38.84,23.3386,341,323,Healthy,94.72,0
92,19,0.001,-0.0003,100.0,518.67,642.55,1581.12,1396.34,14.62,21.61,554.59,2388.09,9053.33,1.3,47.29,522.33,2388.1,8133.07,8.3907,0.03,391,2388,100.0,39.0,23.3678,341,322,Healthy,94.43,0
92,20,0.0035,0.0002,100.0,518.67,641.83,1587.57,1406.74,14.62,21.61,553.98,2388.06,9051.59,1.3,47.3,522.28,2388.07,8141.9,8.4245,0.03,390,2388,100.0,39.04,23.4178,341,321,Healthy,94.13,0
92,21,0.0029,-0.0,100.0,518.67,642.75,1591.17,1402.92,14.62,21.61,554.35,2387.98,9048.04,1.3,47.44,521.62,2388.03,8137.01,8.4352,0.03,392,2388,100.0,39.02,23.3464,341,320,Healthy,93.84,0
92,22,0.0027,-0.0002,100.0,518.67,642.19,1593.1,1399.67,14.62,21.61,553.28,2388.07,9054.72,1.3,47.23,521.95,2388.12,8132.3,8.393,0.03,392,2388,100.0,38.81,23.2988,341,319,Healthy,93.55,0
92,23,-0.0011,0.0003,100.0,518.67,642.38,1585.85,1403.87,14.62,21.61,553.75,2388.07,9055.89,1.3,47.35,521.51,2388.03,8137.73,8.4139,0.03,391,2388,100.0,38.88,23.4195,341,318,Healthy,93.26,0
92,24,0.0009,-0.0001,100.0,518.67,642.28,1594.5,1401.45,14.62,21.61,553.81,2388.06,9049.57,1.3,47.31,522.03,2388.05,8136.14,8.4117,0.03,392,2388,100.0,39.02,23.4684,341,317,Healthy,92.96,0
92,25,0.0014,0.0004,100.0,518.67,642.1,1588.83,1405.56,14.62,21.61,554.15,2388.08,9055.63,1.3,47.4,521.93,2388.09,8136.66,8.408,0.03,392,2388,100.0,38.89,23.4189,341,316,Healthy,92.67,0
92,26,-0.0002,-0.0001,100.0,518.67,642.37,1583.53,1409.94,14.62,21.61,554.18,2388.08,9055.47,1.3,46.99,522.37,2388.07,8139.05,8.3621,0.03,393,2388,100.0,38.92,23.3657,341,315,Healthy,92.38,0
92,27,-0.0016,-0.0002,100.0,518.67,642.39,1578.47,1409.17,14.62,21.61,553.99,2388.05,9057.92,1.3,47.34,522.17,2388.11,8131.38,8.4346,0.03,390,2388,100.0,38.88,23.3295,341,314,Healthy,92.08,0
92,28,-0.0012,0.0001,100.0,518.67,642.39,1589.61,1406.98,14.62,21.61,554.7,2388.04,9049.96,1.3,47.45,521.85,2388.09,8132.54,8.3962,0.03,392,2388,100.0,38.66,23.4373,341,313,Healthy,91.79,0
92,29,0.0001,-0.0003,100.0,518.67,642.46,1587.3,1398.55,14.62,21.61,554.36,2388.07,9049.14,1.3,47.24,522.3,2388.03,8137.51,8.4046,0.03,390,2388,100.0,39.13,23.4096,341,312,Healthy,91.5,0
92,30,-0.0005,0.0,100.0,518.67,642.24,1585.87,1400.49,14.62,21.61,553.76,2388.06,9059.54,1.3,47.36,522.18,2388.07,8137.18,8.3755,0.03,394,2388,100.0,39.12,23.4305,341,311,Healthy,91.2,0
92,31,0.0022,-0.0002,100.0,518.67,642.15,1590.49,1401.56,14.62,21.61,553.52,2388.05,9055.97,1.3,47.38,521.51,2388.1,8135.67,8.4032,0.03,391,2388,100.0,39.04,23.3824,341,310,Healthy,90.91,0
92,32,-0.0024,0.0005,100.0,518.67,642.4,1593.82,1400.43,14.62,21.61,554.18,2388.05,9056.9,1.3,47.35,522.24,2388.02,8135.78,8.3967,0.03,395,2388,100.0,38.95,23.2434,341,309,Healthy,90.62,0
92,33,-0.0023,0.0001,100.0,518.67,642.03,1575.52,1405.36,14.62,21.61,553.67,2388.07,9053.77,1.3,47.37,522.2,2388.0,8135.9,8.4298,0.03,392,2388,100.0,38.82,23.4074,341,308,Healthy,90.32,0
92,34,-0.0027,0.0004,100.0,518.67,641.86,1587.08,1404.28,14.62,21.61,554.39,2388.05,9062.59,1.3,47.35,522.11,2388.04,8132.62,8.4067,0.03,392,2388,100.0,39.04,23.3163,341,307,Healthy,90.03,0
92,35,0.0025,0.0001,100.0,518.67,642.3,1583.79,1404.96,14.62,21.61,553.55,2388.1,9055.07,1.3,47.06,521.79,2388.01,8134.38,8.4097,0.03,391,2388,100.0,38.86,23.3444,341,306,Healthy,89.74,0
92,36,-0.0003,0.0004,100.0,518.67,642.22,1588.96,1398.75,14.62,21.61,554.43,2388.02,9054.76,1.3,47.47,521.97,2388.04,8139.97,8.4258,0.03,393,2388,100.0,39.0,23.4078,341,305,Healthy,89.44,0
92,37,-0.0003,-0.0003,100.0,518.67,642.44,1592.49,1406.02,14.62,21.61,554.41,2388.1,9053.59,1.3,47.35,522.08,2388.07,8136.78,8.4267,0.03,391,2388,100.0,38.8,23.3089,341,304,Healthy,89.15,0
92,38,0.0002,0.0005,100.0,518.67,642.26,1585.66,1403.44,14.62,21.61,553.68,2388.06,9049.55,1.3,47.41,522.04,2388.08,8137.15,8.4209,0.03,393,2388,100.0,38.92,23.3347,341,303,Healthy,88.86,0
92,39,-0.0017,0.0006,100.0,518.67,642.58,1584.65,1405.68,14.62,21.61,553.86,2388.04,9051.49,1.3,47.46,521.94,2388.07,8135.98,8.4379,0.03,392,2388,100.0,39.0,23.407,341,302,Healthy,88.56,0
92,40,0.002,0.0002,100.0,518.67,642.57,1587.86,1407.95,14.62,21.61,553.81,2388.08,9049.61,1.3,47.36,521.98,2388.05,8135.3,8.4058,0.03,392,2388,100.0,38.95,23.4313,341,301,Healthy,88.27,0
92,41,0.0029,-0.0001,100.0,518.67,642.18,1579.04,1400.26,14.62,21.61,553.11,2388.04,9055.54,1.3,47.15,522.48,2388.06,8132.62,8.4038,0.03,393,2388,100.0,38.96,23.3017,341,300,Healthy,87.98,0
92,42,0.0014,0.0005,100.0,518.67,642.99,1589.37,1396.71,14.62,21.61,553.47,2388.07,9053.85,1.3,47.42,522.17,2388.06,8130.79,8.4162,0.03,393,2388,100.0,38.92,23.4293,341,299,Healthy,87.68,0
92,43,0.0027,-0.0003,100.0,518.67,642.65,1589.07,1408.18,14.62,21.61,554.16,2388.04,9053.58,1.3,47.26,521.67,2388.08,8131.47,8.4391,0.03,394,2388,100.0,38.93,23.447,341,298,Healthy,87.39,0
92,44,-0.0027,-0.0002,100.0,518.67,642.4,1583.66,1401.7,14.62,21.61,553.99,2388.16,9054.16,1.3,47.19,522.23,2388.02,8135.36,8.4193,0.03,392,2388,100.0,38.8,23.3891,341,297,Healthy,87.1,0
92,45,-0.0006,0.0004,100.0,518.67,641.89,1582.95,1405.86,14.62,21.61,553.73,2388.08,9058.77,1.3,47.37,523.0,2388.07,8138.68,8.3974,0.03,393,2388,100.0,38.84,23.4192,341,296,Healthy,86.8,0
92,46,0.0027,-0.0001,100.0,518.67,642.6,1580.43,1399.62,14.62,21.61,553.53,2388.07,9055.19,1.3,47.5,522.07,2388.09,8138.18,8.4035,0.03,391,2388,100.0,38.99,23.387,341,295,Healthy,86.51,0
92,47,0.0025,0.0004,100.0,518.67,642.61,1586.89,1405.3,14.62,21.61,553.81,2388.09,9051.35,1.3,47.36,521.78,2388.11,8135.48,8.4298,0.03,392,2388,100.0,38.97,23.3957,341,294,Healthy,86.22,0
92,48,0.0002,-0.0004,100.0,518.67,642.04,1583.9,1409.98,14.62,21.61,554.6,2388.09,9058.41,1.3,47.21,522.03,2388.04,8134.91,8.4085,0.03,392,2388,100.0,38.81,23.2036,341,293,Healthy,85.92,0
92,49,0.0022,0.0005,100.0,518.67,642.06,1588.85,1406.93,14.62,21.61,553.98,2388.01,9057.85,1.3,47.48,522.2,2388.09,8138.3,8.4058,0.03,392,2388,100.0,38.92,23.381,341,292,Healthy,85.63,0
92,50,-0.0036,-0.0003,100.0,518.67,642.64,1582.99,1398.75,14.62,21.61,554.65,2388.09,9050.1,1.3,47.39,521.95,2388.09,8143.99,8.3974,0.03,393,2388,100.0,39.09,23.3867,341,291,Healthy,85.34,0
93,1,-0.0032,-0.0001,100.0,518.67,642.51,1579.7,1402.95,14.62,21.61,554.54,2388.07,9060.7,1.3,47.13,522.42,2388.03,8139.06,8.4373,0.03,391,2388,100.0,39.03,23.3501,155,154,Healthy,99.35,0
93,2,-0.0029,0.0001,100.0,518.67,642.06,1583.52,1394.46,14.62,21.61,553.95,2388.02,9062.06,1.3,47.04,521.66,2388.03,8141.41,8.4357,0.03,392,2388,100.0,38.99,23.3998,155,153,Healthy,98.71,0
93,3,-0.0035,-0.0004,100.0,518.67,641.88,1583.81,1388.81,14.62,21.61,554.1,2388.06,9062.63,1.3,47.42,522.2,2387.99,8140.79,8.4127,0.03,393,2388,100.0,38.94,23.381,155,152,Healthy,98.06,0
93,4,0.0013,0.0004,100.0,518.67,641.64,1584.57,1395.56,14.62,21.61,554.0,2388.05,9061.06,1.3,47.11,522.34,2388.0,8144.72,8.379,0.03,390,2388,100.0,39.03,23.4494,155,151,Healthy,97.42,0
93,5,0.0023,0.0004,100.0,518.67,642.66,1583.04,1394.77,14.62,21.61,554.81,2388.08,9062.0,1.3,47.19,522.28,2387.97,8144.23,8.397,0.03,392,2388,100.0,38.94,23.31,155,150,Healthy,96.77,0
93,6,0.0,-0.0004,100.0,518.67,642.15,1585.54,1398.23,14.62,21.61,553.91,2387.99,9066.45,1.3,47.53,523.04,2387.98,8141.67,8.4252,0.03,392,2388,100.0,38.9,23.2549,155,149,Healthy,96.13,0
93,7,-0.0007,0.0001,100.0,518.67,642.17,1592.67,1398.81,14.62,21.61,553.88,2388.09,9054.66,1.3,47.25,522.31,2388.05,8143.05,8.3991,0.03,393,2388,100.0,39.05,23.4584,155,148,Healthy,95.48,0
93,8,-0.0024,0.0001,100.0,518.67,641.94,1577.83,1399.59,14.62,21.61,554.3,2388.05,9065.07,1.3,47.43,522.55,2387.98,8139.83,8.4123,0.03,391,2388,100.0,38.99,23.4375,155,147,Healthy,94.84,0
93,9,-0.0,0.0005,100.0,518.67,642.07,1590.77,1404.51,14.62,21.61,554.58,2387.97,9057.62,1.3,47.24,522.33,2388.01,8141.93,8.4321,0.03,395,2388,100.0,39.08,23.339,155,146,Healthy,94.19,0
93,10,-0.0018,0.0,100.0,518.67,642.0,1584.78,1398.88,14.62,21.61,554.22,2388.03,9063.0,1.3,47.34,522.41,2388.06,8147.38,8.3859,0.03,392,2388,100.0,38.92,23.3936,155,145,Healthy,93.55,0
93,11,0.0016,0.0003,100.0,518.67,642.13,1585.78,1397.07,14.62,21.61,554.43,2388.03,9063.65,1.3,47.32,521.9,2388.02,8137.68,8.4371,0.03,391,2388,100.0,38.97,23.2917,155,144,Healthy,92.9,0
93,12,0.0024,-0.0001,100.0,518.67,641.88,1591.53,1395.74,14.62,21.61,554.54,2388.02,9058.5,1.3,47.2,522.22,2387.99,8146.48,8.4631,0.03,392,2388,100.0,38.95,23.4204,155,143,Healthy,92.26,0
93,13,-0.0016,-0.0001,100.0,518.67,642.09,1587.5,1395.74,14.62,21.61,554.58,2387.98,9059.31,1.3,47.27,522.32,2388.02,8140.39,8.3733,0.03,392,2388,100.0,39.12,23.3624,155,142,Healthy,91.61,0
93,14,-0.0011,-0.0003,100.0,518.67,642.55,1578.26,1407.54,14.62,21.61,554.7,2387.98,9063.17,1.3,47.35,522.08,2388.03,8143.4,8.4249,0.03,391,2388,100.0,39.04,23.3249,155,141,Healthy,90.97,0
93,15,0.002,0.0004,100.0,518.67,641.74,1591.68,1397.78,14.62,21.61,554.8,2388.04,9057.33,1.3,47.2,522.13,2387.99,8150.6,8.3771,0.03,390,2388,100.0,39.03,23.3488,155,140,Healthy,90.32,0
93,16,0.0012,-0.0001,100.0,518.67,641.99,1583.33,1400.41,14.62,21.61,554.26,2388.07,9053.17,1.3,47.19,521.68,2388.04,8137.32,8.418,0.03,392,2388,100.0,38.95,23.3007,155,139,Healthy,89.68,0
93,17,-0.002,-0.0004,100.0,518.67,642.4,1583.88,1400.02,14.62,21.61,554.02,2388.01,9062.9,1.3,47.29,521.88,2388.05,8145.88,8.4206,0.03,391,2388,100.0,39.07,23.4115,155,138,Healthy,89.03,0
93,18,-0.0015,-0.0004,100.0,518.67,642.14,1575.08,1405.49,14.62,21.61,554.59,2388.0,9058.84,1.3,47.34,521.9,2388.04,8141.36,8.4278,0.03,392,2388,100.0,38.81,23.4692,155,137,Healthy,88.39,0
93,19,0.0003,-0.0004,100.0,518.67,642.19,1590.07,1397.8,14.62,21.61,553.86,2388.06,9059.77,1.3,47.16,522.44,2388.03,8141.03,8.3891,0.03,392,2388,100.0,39.03,23.2859,155,136,Healthy,87.74,0
93,20,-0.0029,-0.0002,100.0,518.67,642.04,1587.41,1400.46,14.62,21.61,554.37,2388.06,9062.78,1.3,47.32,522.25,2388.01,8143.85,8.4121,0.03,392,2388,100.0,38.88,23.3637,155,135,Healthy,87.1,0
93,21,0.0034,-0.0002,100.0,518.67,642.15,1585.73,1405.02,14.62,21.61,554.26,2388.04,9060.61,1.3,47.48,522.53,2388.02,8143.45,8.4088,0.03,391,2388,100.0,39.02,23.4172,155,134,Healthy,86.45,0
93,22,0.0001,-0.0002,100.0,518.67,641.97,1589.43,1398.5,14.62,21.61,554.37,2388.02,9063.9,1.3,47.26,521.82,2387.98,8145.87,8.4277,0.03,392,2388,100.0,38.95,23.2934,155,133,Healthy,85.81,0
93,23,0.0011,0.0002,100.0,518.67,642.46,1588.59,1403.26,14.62,21.6,553.99,2388.0,9063.86,1.3,47.33,522.57,2388.08,8145.91,8.4197,0.03,391,2388,100.0,39.05,23.3539,155,132,Healthy,85.16,0
93,24,-0.0005,0.0002,100.0,518.67,642.39,1578.51,1397.71,14.62,21.61,554.46,2388.04,9059.71,1.3,47.26,522.44,2388.03,8139.68,8.4333,0.03,390,2388,100.0,38.81,23.4792,155,131,Healthy,84.52,0
93,25,0.0,-0.0003,100.0,518.67,642.35,1580.64,1401.57,14.62,21.61,553.97,2388.03,9068.92,1.3,47.43,522.01,2388.06,8138.19,8.4482,0.03,392,2388,100.0,39.04,23.4259,155,130,Healthy,83.87,0
93,26,-0.0004,0.0005,100.0,518.67,642.06,1585.43,1397.36,14.62,21.61,554.77,2388.0,9049.76,1.3,47.08,522.6,2388.02,8139.33,8.4149,0.03,391,2388,100.0,38.97,23.2488,155,129,Healthy,83.23,0
93,27,-0.0004,0.0001,100.0,518.67,642.31,1588.46,1400.88,14.62,21.61,554.56,2387.99,9061.56,1.3,47.15,522.1,2388.0,8144.74,8.4,0.03,392,2388,100.0,38.96,23.3691,155,128,Healthy,82.58,0
93,28,0.0007,-0.0002,100.0,518.67,642.12,1587.13,1398.04,14.62,21.61,554.42,2388.04,9068.01,1.3,47.22,521.82,2388.01,8146.0,8.432,0.03,391,2388,100.0,38.95,23.3347,155,127,Healthy,81.94,0
93,29,-0.0004,0.0004,100.0,518.67,641.66,1580.35,1404.17,14.62,21.61,553.95,2388.03,9061.99,1.3,47.11,521.87,2388.13,8149.89,8.3854,0.03,390,2388,100.0,39.09,23.3577,155,126,Healthy,81.29,0
93,30,-0.0026,0.0005,100.0,518.67,642.63,1587.73,1401.9,14.62,21.61,554.28,2388.05,9061.31,1.3,47.27,521.94,2388.01,8143.35,8.4132,0.03,392,2388,100.0,39.0,23.3961,155,125,Healthy,80.65,0
93,31,-0.003,0.0003,100.0,518.67,642.45,1583.37,1404.61,14.62,21.61,554.0,2388.03,9059.16,1.3,47.07,522.24,2388.02,8140.57,8.4343,0.03,392,2388,100.0,39.08,23.526,155,124,Healthy,80.0,0
93,32,0.0023,-0.0002,100.0,518.67,642.21,1592.82,1405.31,14.62,21.61,554.2,2388.08,9064.25,1.3,47.15,522.56,2387.99,8141.95,8.4177,0.03,391,2388,100.0,39.1,23.3063,155,123,Healthy,79.35,0
93,33,0.001,-0.0002,100.0,518.67,642.05,1582.57,1395.11,14.62,21.61,554.16,2388.02,9063.94,1.3,47.07,522.43,2388.05,8146.1,8.4023,0.03,391,2388,100.0,38.99,23.3747,155,122,Healthy,78.71,0
93,34,0.0064,-0.0001,100.0,518.67,642.56,1589.82,1386.29,14.62,21.61,554.26,2388.03,9068.16,1.3,47.28,521.93,2388.06,8145.14,8.4112,0.03,392,2388,100.0,39.04,23.419,155,121,Healthy,78.06,0
93,35,-0.0054,-0.0001,100.0,518.67,642.0,1591.39,1395.39,14.62,21.61,553.64,2388.04,9060.18,1.3,47.38,522.27,2388.01,8139.05,8.432,0.03,392,2388,100.0,38.97,23.383,155,120,Early_Wear,77.42,0
93,36,0.0026,0.0003,100.0,518.67,642.15,1577.88,1395.64,14.62,21.61,554.0,2388.03,9057.78,1.3,47.07,521.16,2388.03,8142.32,8.4367,0.03,393,2388,100.0,38.95,23.3592,155,119,Early_Wear,76.77,0
93,37,0.0004,-0.0003,100.0,518.67,642.19,1586.89,1405.15,14.62,21.61,553.94,2388.01,9071.15,1.3,47.18,522.8,2388.0,8138.67,8.3954,0.03,392,2388,100.0,39.01,23.3922,155,118,Early_Wear,76.13,0
93,38,0.0014,-0.0001,100.0,518.67,642.45,1591.49,1400.04,14.62,21.61,553.71,2388.07,9063.87,1.3,47.37,522.11,2388.02,8146.28,8.4347,0.03,393,2388,100.0,39.0,23.3595,155,117,Early_Wear,75.48,0
93,39,-0.0033,0.0001,100.0,518.67,642.21,1587.41,1396.13,14.62,21.61,554.04,2388.02,9058.95,1.3,47.07,521.19,2388.01,8141.34,8.4289,0.03,391,2388,100.0,38.87,23.4622,155,116,Early_Wear,74.84,0
93,40,0.0012,0.0005,100.0,518.67,642.84,1583.49,1403.31,14.62,21.61,554.06,2388.07,9056.56,1.3,47.27,521.58,2388.03,8147.6,8.4133,0.03,392,2388,100.0,39.01,23.3409,155,115,Early_Wear,74.19,0
93,41,0.0011,0.0001,100.0,518.67,642.03,1585.82,1388.75,14.62,21.61,553.7,2388.03,9056.21,1.3,47.18,522.06,2388.02,8144.71,8.398,0.03,391,2388,100.0,38.95,23.4546,155,114,Early_Wear,73.55,0
93,42,-0.005,0.0,100.0,518.67,641.77,1581.84,1402.11,14.62,21.61,554.06,2388.0,9060.62,1.3,47.2,521.89,2388.06,8143.16,8.3853,0.03,393,2388,100.0,38.97,23.4096,155,113,Early_Wear,72.9,0
93,43,-0.0006,-0.0003,100.0,518.67,642.66,1590.02,1400.53,14.62,21.61,553.83,2388.05,9058.82,1.3,47.44,522.25,2388.03,8139.16,8.3885,0.03,391,2388,100.0,38.95,23.3824,155,112,Early_Wear,72.26,0
93,44,-0.0009,0.0005,100.0,518.67,642.26,1579.57,1403.01,14.62,21.61,553.39,2388.08,9059.16,1.3,47.19,522.28,2388.05,8141.3,8.449,0.03,391,2388,100.0,38.9,23.3625,155,111,Early_Wear,71.61,0
93,45,-0.0015,-0.0001,100.0,518.67,642.1,1580.86,1398.83,14.62,21.61,554.46,2388.05,9068.15,1.3,47.24,522.06,2388.02,8144.73,8.3365,0.03,391,2388,100.0,38.83,23.3948,155,110,Early_Wear,70.97,0
93,46,0.0006,0.0003,100.0,518.67,642.42,1587.65,1403.45,14.62,21.61,554.48,2388.03,9061.63,1.3,47.4,521.78,2388.07,8144.5,8.42,0.03,391,2388,100.0,38.93,23.3844,155,109,Early_Wear,70.32,0
93,47,-0.0005,0.0005,100.0,518.67,642.22,1581.14,1399.4,14.62,21.61,554.56,2388.0,9060.76,1.3,47.24,521.38,2388.04,8138.84,8.4657,0.03,392,2388,100.0,39.09,23.2828,155,108,Early_Wear,69.68,0
93,48,0.0027,-0.0,100.0,518.67,642.2,1581.03,1397.15,14.62,21.61,554.21,2388.01,9053.7,1.3,47.23,521.67,2388.06,8142.37,8.4587,0.03,392,2388,100.0,38.99,23.395,155,107,Early_Wear,69.03,0
93,49,0.0015,0.0004,100.0,518.67,642.67,1586.7,1399.43,14.62,21.61,554.38,2388.12,9051.11,1.3,47.2,522.3,2388.03,8141.96,8.3865,0.03,391,2388,100.0,38.81,23.4098,155,106,Early_Wear,68.39,0
93,50,-0.0029,0.0001,100.0,518.67,642.77,1591.11,1398.31,14.62,21.61,553.63,2387.99,9055.0,1.3,47.26,521.63,2387.98,8143.15,8.3442,0.03,392,2388,100.0,38.83,23.4036,155,105,Early_Wear,67.74,0
94,1,0.0014,-0.0001,100.0,518.67,642.44,1590.79,1412.71,14.62,21.61,554.09,2388.11,9050.18,1.3,47.6,521.1,2388.13,8120.76,8.431,0.03,393,2388,100.0,38.82,23.3856,258,257,Healthy,99.61,0
94,2,-0.0023,-0.0,100.0,518.67,642.73,1594.18,1404.4,14.62,21.61,554.05,2388.13,9046.86,1.3,47.46,521.43,2388.11,8126.19,8.426,0.03,393,2388,100.0,38.8,23.3724,258,256,Healthy,99.22,0
94,3,0.0006,-0.0005,100.0,518.67,643.09,1587.94,1408.19,14.62,21.61,553.39,2388.13,9047.44,1.3,47.66,521.24,2388.13,8130.38,8.4463,0.03,392,2388,100.0,38.72,23.3329,258,255,Healthy,98.84,0
94,4,-0.0018,0.0002,100.0,518.67,642.74,1590.48,1410.26,14.62,21.61,553.72,2388.14,9042.37,1.3,47.7,521.37,2388.11,8126.63,8.4531,0.03,393,2388,100.0,38.83,23.3149,258,254,Healthy,98.45,0
94,5,0.0021,0.0002,100.0,518.67,642.88,1584.48,1409.54,14.62,21.61,554.14,2388.14,9052.69,1.3,47.52,520.9,2388.17,8129.45,8.4645,0.03,392,2388,100.0,38.74,23.278,258,253,Healthy,98.06,0
94,6,0.0023,-0.0004,100.0,518.67,642.22,1591.72,1407.86,14.62,21.61,553.48,2388.13,9044.41,1.3,47.56,521.29,2388.14,8122.46,8.4455,0.03,394,2388,100.0,38.87,23.2612,258,252,Healthy,97.67,0
94,7,0.0007,0.0002,100.0,518.67,642.97,1589.78,1404.21,14.62,21.61,553.08,2388.17,9048.09,1.3,47.57,521.14,2388.18,8128.42,8.4142,0.03,393,2388,100.0,38.86,23.2795,258,251,Healthy,97.29,0
94,8,-0.0007,0.0001,100.0,518.67,642.52,1588.59,1409.73,14.62,21.61,553.47,2388.1,9049.85,1.3,47.55,521.08,2388.14,8122.66,8.4401,0.03,394,2388,100.0,38.93,23.1523,258,250,Healthy,96.9,0
94,9,0.0003,0.0001,100.0,518.67,642.89,1593.17,1408.81,14.62,21.61,553.39,2388.16,9044.39,1.3,47.55,521.43,2388.09,8122.34,8.4478,0.03,393,2388,100.0,38.83,23.2897,258,249,Healthy,96.51,0
94,10,-0.0017,-0.0003,100.0,518.67,642.04,1587.15,1405.05,14.62,21.61,553.79,2388.14,9049.58,1.3,47.48,521.65,2388.14,8125.75,8.4085,0.03,395,2388,100.0,38.98,23.344,258,248,Healthy,96.12,0
94,11,-0.0008,-0.0,100.0,518.67,642.57,1588.92,1408.0,14.62,21.61,552.95,2388.13,9046.44,1.3,47.56,521.03,2388.11,8128.03,8.4192,0.03,391,2388,100.0,38.81,23.2437,258,247,Healthy,95.74,0
94,12,-0.0032,-0.0005,100.0,518.67,642.74,1589.91,1414.13,14.62,21.61,553.09,2388.15,9047.25,1.3,47.54,521.36,2388.13,8129.91,8.4136,0.03,394,2388,100.0,38.83,23.3718,258,246,Healthy,95.35,0
94,13,-0.0008,0.0003,100.0,518.67,643.39,1590.95,1407.04,14.62,21.61,554.46,2388.17,9042.54,1.3,47.63,521.14,2388.13,8134.34,8.504,0.03,394,2388,100.0,38.81,23.3233,258,245,Healthy,94.96,0
94,14,0.0007,0.0004,100.0,518.67,642.6,1593.44,1412.94,14.62,21.61,553.12,2388.12,9044.22,1.3,47.58,521.45,2388.13,8123.96,8.4433,0.03,393,2388,100.0,38.82,23.2344,258,244,Healthy,94.57,0
94,15,-0.0008,0.0001,100.0,518.67,642.69,1587.27,1405.2,14.62,21.61,553.0,2388.17,9046.89,1.3,47.54,521.48,2388.16,8129.89,8.4235,0.03,393,2388,100.0,38.77,23.2681,258,243,Healthy,94.19,0
94,16,-0.0003,-0.0003,100.0,518.67,643.14,1594.29,1409.58,14.62,21.61,553.24,2388.14,9046.53,1.3,47.72,521.3,2388.06,8128.81,8.4167,0.03,392,2388,100.0,38.88,23.3135,258,242,Healthy,93.8,0
94,17,0.0022,-0.0002,100.0,518.67,642.72,1588.34,1407.18,14.62,21.61,553.49,2388.08,9053.83,1.3,47.43,521.66,2388.11,8124.04,8.4182,0.03,395,2388,100.0,38.82,23.3268,258,241,Healthy,93.41,0
94,18,0.0015,-0.0004,100.0,518.67,643.58,1591.88,1411.04,14.62,21.61,552.85,2388.14,9042.85,1.3,47.57,521.3,2388.16,8125.13,8.4391,0.03,392,2388,100.0,38.81,23.316,258,240,Healthy,93.02,0
94,19,0.0038,-0.0004,100.0,518.67,642.65,1588.34,1408.13,14.62,21.61,553.1,2388.13,9038.02,1.3,47.55,520.77,2388.17,8127.85,8.4403,0.03,393,2388,100.0,38.75,23.1817,258,239,Healthy,92.64,0
94,20,-0.0004,0.0002,100.0,518.67,642.65,1584.61,1410.11,14.62,21.61,552.91,2388.12,9038.2,1.3,47.39,521.19,2388.16,8126.79,8.4459,0.03,393,2388,100.0,38.87,23.2433,258,238,Healthy,92.25,0
94,21,0.0007,0.0,100.0,518.67,642.92,1592.66,1413.1,14.62,21.61,554.0,2388.15,9042.34,1.3,47.6,521.19,2388.1,8128.5,8.4294,0.03,393,2388,100.0,39.02,23.2572,258,237,Healthy,91.86,0
94,22,-0.0025,-0.0001,100.0,518.67,642.76,1597.76,1406.16,14.62,21.61,552.87,2388.07,9044.79,1.3,47.57,521.75,2388.09,8121.9,8.4522,0.03,394,2388,100.0,38.85,23.3212,258,236,Healthy,91.47,0
94,23,0.0009,-0.0,100.0,518.67,642.49,1587.83,1408.72,14.62,21.61,553.82,2388.15,9044.74,1.3,47.58,521.73,2388.12,8127.97,8.4303,0.03,392,2388,100.0,39.06,23.3325,258,235,Healthy,91.09,0
94,24,-0.0016,-0.0005,100.0,518.67,642.7,1582.29,1406.91,14.62,21.61,553.19,2388.08,9038.85,1.3,47.54,522.03,2388.19,8124.65,8.4534,0.03,394,2388,100.0,38.79,23.2931,258,234,Healthy,90.7,0
94,25,0.004,0.0001,100.0,518.67,642.62,1582.15,1410.33,14.62,21.61,554.24,2388.08,9042.03,1.3,47.64,521.09,2388.12,8126.59,8.4209,0.03,393,2388,100.0,39.05,23.3355,258,233,Healthy,90.31,0
94,26,-0.0,0.0001,100.0,518.67,642.37,1589.72,1414.06,14.62,21.61,553.66,2388.12,9044.23,1.3,47.46,521.18,2388.16,8122.65,8.4372,0.03,393,2388,100.0,38.66,23.3204,258,232,Healthy,89.92,0
94,27,-0.0031,0.0001,100.0,518.67,642.7,1592.66,1410.87,14.62,21.61,553.39,2388.08,9035.75,1.3,47.64,521.07,2388.1,8125.36,8.4312,0.03,395,2388,100.0,38.9,23.2716,258,231,Healthy,89.53,0
94,28,-0.0002,-0.0003,100.0,518.67,642.83,1592.76,1408.13,14.62,21.61,553.49,2388.2,9043.79,1.3,47.52,521.54,2388.14,8126.92,8.4462,0.03,394,2388,100.0,38.92,23.3661,258,230,Healthy,89.15,0
94,29,0.002,-0.0003,100.0,518.67,642.92,1596.64,1407.04,14.62,21.61,553.28,2388.14,9041.21,1.3,47.56,521.16,2388.14,8124.6,8.4462,0.03,393,2388,100.0,38.65,23.336,258,229,Healthy,88.76,0
94,30,-0.0,0.0001,100.0,518.67,642.64,1594.97,1411.08,14.62,21.61,553.46,2388.16,9055.34,1.3,47.69,521.14,2388.15,8128.22,8.4806,0.03,394,2388,100.0,39.03,23.2881,258,228,Healthy,88.37,0
94,31,0.0047,-0.0001,100.0,518.67,642.05,1584.0,1402.17,14.62,21.61,552.98,2388.1,9045.48,1.3,47.73,521.51,2388.09,8124.73,8.4242,0.03,394,2388,100.0,38.72,23.2202,258,227,Healthy,87.98,0
94,32,-0.0018,0.0004,100.0,518.67,642.29,1586.9,1408.64,14.62,21.61,553.43,2388.13,9042.48,1.3,47.55,521.0,2388.14,8125.32,8.4683,0.03,393,2388,100.0,38.82,23.3429,258,226,Healthy,87.6,0
94,33,-0.0036,-0.0002,100.0,518.67,642.87,1590.02,1408.0,14.62,21.61,552.7,2388.14,9049.75,1.3,47.62,522.05,2388.16,8128.29,8.4122,0.03,392,2388,100.0,38.79,23.2454,258,225,Healthy,87.21,0
94,34,-0.0021,0.0001,100.0,518.67,642.84,1587.74,1404.3,14.62,21.61,552.75,2388.19,9050.59,1.3,47.52,521.04,2388.15,8126.81,8.4228,0.03,394,2388,100.0,38.8,23.2373,258,224,Healthy,86.82,0
94,35,-0.0004,0.0004,100.0,518.67,642.76,1594.56,1400.41,14.62,21.61,553.34,2388.14,9046.16,1.3,47.64,521.21,2388.1,8124.07,8.4416,0.03,394,2388,100.0,38.85,23.2637,258,223,Healthy,86.43,0
94,36,0.003,0.0001,100.0,518.67,643.07,1590.24,1412.97,14.62,21.61,553.18,2388.09,9046.81,1.3,47.64,521.35,2388.16,8122.99,8.4522,0.03,394,2388,100.0,38.69,23.2729,258,222,Healthy,86.05,0
94,37,0.0009,0.0001,100.0,518.67,642.88,1587.04,1413.45,14.62,21.61,553.05,2388.08,9048.76,1.3,47.44,521.13,2388.16,8133.09,8.4442,0.03,393,2388,100.0,38.78,23.369,258,221,Healthy,85.66,0
94,38,-0.0001,0.0001,100.0,518.67,642.7,1591.15,1402.51,14.62,21.61,552.9,2388.14,9047.69,1.3,47.48,521.43,2388.15,8124.6,8.4478,0.03,393,2388,100.0,38.89,23.4636,258,220,Healthy,85.27,0
94,39,0.0053,-0.0005,100.0,518.67,642.52,1593.84,1408.47,14.62,21.61,553.4,2388.1,9038.51,1.3,47.68,521.19,2388.09,8124.92,8.4484,0.03,393,2388,100.0,38.78,23.2749,258,219,Healthy,84.88,0
94,40,0.0042,-0.0003,100.0,518.67,642.39,1591.09,1409.47,14.62,21.61,552.59,2388.07,9038.32,1.3,47.53,521.54,2388.1,8129.81,8.4285,0.03,392,2388,100.0,38.87,23.2443,258,218,Healthy,84.5,0
94,41,0.0015,-0.0,100.0,518.67,642.54,1594.04,1407.24,14.62,21.61,552.63,2388.15,9046.22,1.3,47.42,521.64,2388.12,8127.6,8.4053,0.03,393,2388,100.0,38.72,23.2602,258,217,Healthy,84.11,0
94,42,0.0014,0.0003,100.0,518.67,642.64,1585.88,1411.35,14.62,21.61,552.42,2388.07,9041.86,1.3,47.65,520.97,2388.12,8128.96,8.4429,0.03,392,2388,100.0,38.82,23.1934,258,216,Healthy,83.72,0
94,43,-0.0018,0.0004,100.0,518.67,642.83,1585.98,1410.96,14.62,21.61,553.55,2388.16,9044.81,1.3,47.48,521.84,2388.12,8127.31,8.4303,0.03,394,2388,100.0,38.78,23.2976,258,215,Healthy,83.33,0
94,44,-0.002,0.0001,100.0,518.67,642.65,1590.27,1403.28,14.62,21.61,553.07,2388.11,9043.7,1.3,47.7,521.35,2388.16,8124.66,8.4316,0.03,393,2388,100.0,38.96,23.2609,258,214,Healthy,82.95,0
94,45,-0.0005,-0.0002,100.0,518.67,642.48,1586.36,1411.92,14.62,21.61,553.51,2388.13,9039.86,1.3,47.67,521.39,2388.09,8119.3,8.4862,0.03,394,2388,100.0,38.81,23.3143,258,213,Healthy,82.56,0
94,46,0.0012,-0.0,100.0,518.67,642.43,1586.92,1412.32,14.62,21.61,553.09,2388.07,9044.76,1.3,47.53,520.96,2388.18,8125.68,8.4552,0.03,393,2388,100.0,38.84,23.283,258,212,Healthy,82.17,0
94,47,-0.0016,-0.0005,100.0,518.67,642.71,1588.01,1415.87,14.62,21.61,553.3,2388.12,9039.99,1.3,47.55,521.02,2388.11,8125.39,8.414,0.03,392,2388,100.0,38.91,23.3137,258,211,Healthy,81.78,0
94,48,-0.0001,-0.0004,100.0,518.67,642.7,1584.34,1411.37,14.62,21.61,553.41,2388.11,9045.09,1.3,47.48,521.66,2388.14,8121.65,8.4023,0.03,395,2388,100.0,39.02,23.3044,258,210,Healthy,81.4,0
94,49,-0.0,-0.0002,100.0,518.67,643.04,1588.81,1406.9,14.62,21.61,553.3,2388.14,9050.35,1.3,47.57,520.88,2388.09,8126.07,8.4975,0.03,394,2388,100.0,38.75,23.3436,258,209,Healthy,81.01,0
94,50,-0.0002,-0.0003,100.0,518.67,643.01,1590.56,1409.42,14.62,21.61,553.36,2388.13,9054.25,1.3,47.42,521.54,2388.16,8127.59,8.4365,0.03,394,2388,100.0,38.82,23.2742,258,208,Healthy,80.62,0
95,1,0.0007,-0.0003,100.0,518.67,641.95,1581.56,1387.38,14.62,21.6,555.01,2387.92,9074.19,1.3,47.2,522.74,2387.93,8153.89,8.3884,0.03,393,2388,100.0,38.98,23.4483,283,282,Healthy,99.65,0
95,2,-0.0007,0.0003,100.0,518.67,642.29,1585.51,1392.61,14.62,21.6,554.25,2388.01,9066.35,1.3,47.23,522.2,2388.05,8151.85,8.3981,0.03,392,2388,100.0,38.92,23.37,283,281,Healthy,99.29,0
95,3,-0.0012,-0.0002,100.0,518.67,642.7,1583.77,1394.14,14.62,21.6,554.72,2388.01,9069.28,1.3,46.85,522.69,2388.02,8148.79,8.4014,0.03,394,2388,100.0,38.9,23.4003,283,280,Healthy,98.94,0
95,4,-0.0019,0.0002,100.0,518.67,642.1,1581.29,1392.84,14.62,21.61,554.7,2388.05,9068.55,1.3,46.99,523.0,2387.96,8148.08,8.3993,0.03,393,2388,100.0,39.08,23.3178,283,279,Healthy,98.59,0
95,5,-0.0,0.0004,100.0,518.67,641.84,1587.07,1397.4,14.62,21.61,554.65,2388.02,9070.32,1.3,47.05,522.51,2388.0,8144.88,8.4031,0.03,392,2388,100.0,39.0,23.336,283,278,Healthy,98.23,0
95,6,0.0,-0.0001,100.0,518.67,641.96,1585.35,1391.89,14.62,21.61,554.8,2387.92,9062.02,1.3,47.2,522.62,2387.95,8153.83,8.4136,0.03,392,2388,100.0,39.05,23.4131,283,277,Healthy,97.88,0
95,7,-0.0022,-0.0001,100.0,518.67,642.18,1577.41,1399.15,14.62,21.6,555.03,2387.98,9073.2,1.3,47.09,522.41,2387.96,8154.59,8.4035,0.03,392,2388,100.0,38.98,23.4846,283,276,Healthy,97.53,0
95,8,0.0002,0.0002,100.0,518.67,642.05,1584.03,1392.44,14.62,21.6,554.46,2388.05,9071.82,1.3,47.28,522.26,2387.98,8155.55,8.4043,0.03,390,2388,100.0,38.94,23.3263,283,275,Healthy,97.17,0
95,9,-0.001,0.0,100.0,518.67,642.3,1589.42,1403.23,14.62,21.61,554.94,2387.99,9075.66,1.3,47.17,522.65,2387.93,8151.13,8.406,0.03,391,2388,100.0,38.99,23.5571,283,274,Healthy,96.82,0
95,10,0.004,-0.0004,100.0,518.67,641.97,1580.85,1392.92,14.62,21.61,554.64,2387.95,9079.37,1.3,47.05,522.32,2387.96,8150.62,8.3772,0.03,392,2388,100.0,39.07,23.435,283,273,Healthy,96.47,0
95,11,-0.0039,0.0004,100.0,518.67,642.17,1580.17,1391.9,14.62,21.61,554.23,2388.0,9065.5,1.3,47.13,522.61,2387.98,8154.61,8.3855,0.03,391,2388,100.0,39.19,23.4258,283,272,Healthy,96.11,0
95,12,-0.0006,0.0002,100.0,518.67,642.77,1581.11,1394.96,14.62,21.61,554.24,2387.99,9069.42,1.3,47.09,522.35,2388.0,8149.33,8.4267,0.03,393,2388,100.0,38.71,23.4034,283,271,Healthy,95.76,0
95,13,0.0006,0.0003,100.0,518.67,641.96,1579.14,1397.16,14.62,21.61,554.69,2388.0,9073.49,1.3,47.22,521.83,2387.95,8150.0,8.3812,0.03,392,2388,100.0,39.09,23.4318,283,270,Healthy,95.41,0
95,14,-0.0017,-0.0003,100.0,518.67,641.89,1582.89,1393.8,14.62,21.61,554.9,2387.91,9074.5,1.3,47.05,523.01,2387.96,8151.47,8.3516,0.03,391,2388,100.0,39.13,23.4343,283,269,Healthy,95.05,0
95,15,-0.0019,0.0002,100.0,518.67,641.3,1586.3,1393.76,14.62,21.61,554.55,2387.98,9069.95,1.3,47.18,522.58,2387.96,8153.94,8.4019,0.03,392,2388,100.0,39.12,23.4835,283,268,Healthy,94.7,0
95,16,0.0014,0.0003,100.0,518.67,642.32,1592.95,1400.76,14.62,21.61,554.73,2388.04,9068.86,1.3,47.07,521.95,2387.99,8153.42,8.376,0.03,390,2388,100.0,39.02,23.2972,283,267,Healthy,94.35,0
95,17,0.0023,-0.0003,100.0,518.67,642.08,1580.6,1397.17,14.62,21.61,554.14,2388.0,9069.57,1.3,47.07,522.41,2387.97,8153.9,8.4093,0.03,391,2388,100.0,39.11,23.3484,283,266,Healthy,93.99,0
95,18,0.0054,-0.0004,100.0,518.67,642.07,1577.97,1399.9,14.62,21.61,555.15,2388.0,9067.77,1.3,47.08,522.89,2387.96,8147.51,8.4382,0.03,390,2388,100.0,39.04,23.4898,283,265,Healthy,93.64,0
95,19,0.0037,-0.0002,100.0,518.67,642.0,1588.23,1388.48,14.62,21.61,554.69,2387.99,9063.33,1.3,47.11,522.89,2387.98,8150.46,8.4159,0.03,392,2388,100.0,38.89,23.4366,283,264,Healthy,93.29,0
95,20,0.0028,0.0002,100.0,518.67,642.45,1583.3,1395.34,14.62,21.61,554.3,2388.03,9065.74,1.3,47.19,522.57,2387.98,8149.99,8.4166,0.03,391,2388,100.0,39.17,23.3666,283,263,Healthy,92.93,0
95,21,0.0004,0.0002,100.0,518.67,642.12,1593.38,1392.33,14.62,21.61,554.81,2388.03,9064.57,1.3,47.21,521.96,2387.96,8148.1,8.3511,0.03,391,2388,100.0,39.06,23.4729,283,262,Healthy,92.58,0
95,22,0.005,-0.0001,100.0,518.67,641.84,1582.17,1391.81,14.62,21.6,554.55,2387.99,9069.16,1.3,47.1,522.83,2388.0,8153.38,8.3757,0.03,392,2388,100.0,39.03,23.4455,283,261,Healthy,92.23,0
95,23,-0.0021,0.0001,100.0,518.67,641.8,1575.04,1397.13,14.62,21.61,554.6,2387.93,9070.08,1.3,47.29,522.05,2387.97,8154.35,8.4104,0.03,391,2388,100.0,38.95,23.3788,283,260,Healthy,91.87,0
95,24,0.0035,0.0002,100.0,518.67,641.98,1585.72,1398.31,14.62,21.61,555.3,2387.97,9071.23,1.3,47.25,522.45,2388.0,8147.34,8.3732,0.03,391,2388,100.0,39.06,23.407,283,259,Healthy,91.52,0
95,25,-0.0048,0.0004,100.0,518.67,642.4,1583.59,1397.7,14.62,21.61,554.58,2387.95,9063.76,1.3,47.1,522.42,2388.0,8149.76,8.3871,0.03,392,2388,100.0,39.05,23.4489,283,258,Healthy,91.17,0
95,26,-0.0043,-0.0003,100.0,518.67,642.23,1586.48,1396.63,14.62,21.61,554.23,2388.01,9074.65,1.3,47.28,522.54,2388.02,8149.77,8.4473,0.03,392,2388,100.0,39.09,23.4367,283,257,Healthy,90.81,0
95,27,0.0019,0.0003,100.0,518.67,642.31,1582.21,1394.01,14.62,21.61,554.42,2388.06,9061.31,1.3,47.06,522.1,2388.05,8148.16,8.3927,0.03,390,2388,100.0,39.07,23.3856,283,256,Healthy,90.46,0
95,28,-0.0005,-0.0001,100.0,518.67,642.37,1585.04,1391.76,14.62,21.61,554.49,2388.02,9075.88,1.3,47.29,522.26,2388.04,8153.57,8.3959,0.03,392,2388,100.0,39.03,23.4403,283,255,Healthy,90.11,0
95,29,-0.0007,0.0,100.0,518.67,642.09,1583.66,1398.05,14.62,21.61,554.89,2387.94,9079.77,1.3,47.21,522.36,2388.02,8149.55,8.3957,0.03,392,2388,100.0,39.02,23.4545,283,254,Healthy,89.75,0
95,30,0.0034,-0.0004,100.0,518.67,641.85,1585.64,1394.45,14.62,21.61,554.54,2388.0,9066.67,1.3,47.34,521.93,2387.98,8150.57,8.423,0.03,391,2388,100.0,39.07,23.3813,283,253,Healthy,89.4,0
95,31,-0.0018,0.0003,100.0,518.67,642.3,1590.52,1399.81,14.62,21.61,554.52,2388.0,9067.08,1.3,47.22,522.17,2387.94,8155.56,8.3745,0.03,390,2388,100.0,38.98,23.3721,283,252,Healthy,89.05,0
95,32,-0.0039,0.0001,100.0,518.67,641.72,1582.27,1402.71,14.62,21.61,554.54,2387.95,9065.37,1.3,47.18,522.4,2388.01,8144.59,8.4311,0.03,390,2388,100.0,38.91,23.3865,283,251,Healthy,88.69,0
95,33,0.0016,-0.0004,100.0,518.67,641.55,1590.63,1399.09,14.62,21.6,554.1,2388.03,9068.15,1.3,47.12,521.71,2388.0,8153.95,8.4021,0.03,393,2388,100.0,39.11,23.4466,283,250,Healthy,88.34,0
95,34,-0.0015,-0.0,100.0,518.67,641.92,1589.0,1402.82,14.62,21.61,554.68,2388.02,9072.29,1.3,47.32,522.57,2388.03,8152.62,8.379,0.03,391,2388,100.0,38.97,23.3428,283,249,Healthy,87.99,0
95,35,0.0015,0.0005,100.0,518.67,642.4,1584.73,1401.7,14.62,21.61,555.07,2388.02,9067.48,1.3,47.13,522.01,2387.97,8146.68,8.4079,0.03,392,2388,100.0,39.05,23.432,283,248,Healthy,87.63,0
95,36,-0.0031,-0.0004,100.0,518.67,642.04,1590.03,1398.98,14.62,21.61,554.94,2388.05,9068.37,1.3,47.24,522.24,2388.0,8147.0,8.3863,0.03,392,2388,100.0,38.94,23.4308,283,247,Healthy,87.28,0
95,37,-0.0025,0.0002,100.0,518.67,641.96,1583.28,1402.33,14.62,21.61,554.59,2388.03,9069.38,1.3,47.25,522.19,2387.96,8151.14,8.4193,0.03,391,2388,100.0,38.94,23.3415,283,246,Healthy,86.93,0
95,38,0.0007,-0.0005,100.0,518.67,641.75,1589.11,1393.12,14.62,21.61,555.13,2388.0,9066.51,1.3,47.28,521.99,2388.06,8151.73,8.3805,0.03,391,2388,100.0,39.05,23.4627,283,245,Healthy,86.57,0
95,39,-0.0025,-0.0004,100.0,518.67,641.95,1581.66,1397.86,14.62,21.6,554.1,2388.02,9067.91,1.3,47.04,522.68,2387.96,8151.08,8.3849,0.03,391,2388,100.0,39.13,23.5627,283,244,Healthy,86.22,0
95,40,0.0024,-0.0002,100.0,518.67,642.58,1579.72,1397.73,14.62,21.61,553.96,2387.98,9065.43,1.3,47.18,522.31,2388.02,8146.93,8.4018,0.03,393,2388,100.0,39.06,23.5442,283,243,Healthy,85.87,0
95,41,0.002,-0.0003,100.0,518.67,641.59,1585.47,1404.29,14.62,21.61,554.02,2387.99,9061.27,1.3,47.46,522.49,2387.99,8152.52,8.3802,0.03,391,2388,100.0,39.03,23.3525,283,242,Healthy,85.51,0
95,42,-0.0016,-0.0001,100.0,518.67,642.33,1590.25,1397.99,14.62,21.61,553.98,2388.01,9072.0,1.3,47.15,522.81,2388.01,8146.74,8.3495,0.03,392,2388,100.0,38.89,23.4256,283,241,Healthy,85.16,0
95,43,-0.0007,-0.0004,100.0,518.67,642.03,1584.33,1399.94,14.62,21.61,554.81,2388.0,9066.59,1.3,47.36,523.03,2388.0,8150.08,8.4152,0.03,391,2388,100.0,38.96,23.5188,283,240,Healthy,84.81,0
95,44,-0.0005,-0.0004,100.0,518.67,641.96,1587.69,1397.5,14.62,21.61,553.63,2387.99,9065.16,1.3,47.11,522.76,2388.06,8156.42,8.3756,0.03,391,2388,100.0,39.03,23.4025,283,239,Healthy,84.45,0
95,45,0.0014,0.0003,100.0,518.67,642.3,1583.86,1398.33,14.62,21.61,554.78,2387.99,9072.27,1.3,47.13,522.71,2388.0,8150.23,8.4047,0.03,392,2388,100.0,38.99,23.4181,283,238,Healthy,84.1,0
95,46,-0.0013,0.0001,100.0,518.67,642.02,1577.92,1399.47,14.62,21.61,554.95,2388.02,9068.4,1.3,47.15,522.48,2387.99,8148.79,8.3992,0.03,391,2388,100.0,39.03,23.3803,283,237,Healthy,83.75,0
95,47,-0.002,-0.0003,100.0,518.67,642.4,1577.55,1399.76,14.62,21.6,554.41,2387.93,9064.74,1.3,47.23,522.58,2388.01,8153.78,8.3903,0.03,391,2388,100.0,38.92,23.391,283,236,Healthy,83.39,0
95,48,0.0006,0.0002,100.0,518.67,642.22,1583.56,1404.86,14.62,21.61,554.71,2387.95,9073.24,1.3,47.28,522.04,2388.03,8149.93,8.4048,0.03,391,2388,100.0,38.87,23.4361,283,235,Healthy,83.04,0
95,49,0.0028,-0.0002,100.0,518.67,641.98,1586.83,1398.0,14.62,21.6,554.45,2387.97,9061.2,1.3,47.33,522.05,2388.0,8146.96,8.4161,0.03,394,2388,100.0,38.85,23.2893,283,234,Healthy,82.69,0
95,50,0.0004,-0.0005,100.0,518.67,642.12,1593.21,1391.86,14.62,21.61,554.0,2388.0,9060.98,1.3,47.34,522.52,2388.03,8152.89,8.3792,0.03,392,2388,100.0,38.99,23.4067,283,233,Healthy,82.33,0
96,1,-0.0014,-0.0004,100.0,518.67,642.03,1579.12,1404.22,14.62,21.61,554.92,2388.11,9046.49,1.3,47.41,522.26,2388.06,8133.36,8.4293,0.03,392,2388,100.0,38.82,23.4178,336,335,Healthy,99.7,0
96,2,0.0004,-0.0002,100.0,518.67,641.99,1585.8,1396.96,14.62,21.61,553.66,2388.1,9058.7,1.3,47.26,522.31,2388.17,8136.21,8.4423,0.03,392,2388,100.0,39.01,23.3585,336,334,Healthy,99.4,0
96,3,-0.0006,0.0003,100.0,518.67,642.03,1580.89,1395.06,14.62,21.61,554.03,2388.04,9047.25,1.3,47.33,522.26,2388.01,8134.72,8.4207,0.03,392,2388,100.0,38.91,23.3341,336,333,Healthy,99.11,0
96,4,0.0009,-0.0001,100.0,518.67,642.22,1580.01,1393.84,14.62,21.61,554.43,2388.03,9055.6,1.3,47.19,522.09,2388.03,8134.52,8.4166,0.03,391,2388,100.0,38.97,23.3679,336,332,Healthy,98.81,0
96,5,0.0026,-0.0003,100.0,518.67,642.46,1587.35,1403.18,14.62,21.61,554.28,2388.05,9051.83,1.3,47.22,521.92,2388.08,8135.34,8.3952,0.03,393,2388,100.0,39.0,23.4582,336,331,Healthy,98.51,0
96,6,-0.0006,0.0002,100.0,518.67,642.5,1582.47,1401.9,14.62,21.61,554.32,2388.03,9046.9,1.3,47.27,522.17,2388.06,8134.99,8.4305,0.03,390,2388,100.0,38.96,23.419,336,330,Healthy,98.21,0
96,7,0.0021,0.0005,100.0,518.67,642.2,1583.86,1397.12,14.62,21.61,554.24,2388.04,9052.24,1.3,47.28,522.43,2388.03,8133.24,8.3763,0.03,393,2388,100.0,39.08,23.3395,336,329,Healthy,97.92,0
96,8,-0.0009,0.0003,100.0,518.67,642.41,1579.28,1402.43,14.62,21.61,554.43,2388.08,9059.01,1.3,47.27,521.83,2388.08,8133.72,8.4288,0.03,392,2388,100.0,39.11,23.4059,336,328,Healthy,97.62,0
96,9,-0.0038,-0.0002,100.0,518.67,642.28,1582.82,1399.6,14.62,21.61,554.15,2388.09,9047.92,1.3,47.17,521.72,2388.06,8131.8,8.4291,0.03,392,2388,100.0,38.98,23.3796,336,327,Healthy,97.32,0
96,10,0.0042,0.0001,100.0,518.67,641.97,1587.86,1408.76,14.62,21.61,553.92,2388.05,9050.81,1.3,47.24,522.29,2388.04,8134.63,8.398,0.03,392,2388,100.0,38.86,23.5344,336,326,Healthy,97.02,0
96,11,-0.0005,-0.0001,100.0,518.67,642.42,1588.7,1396.68,14.62,21.61,554.07,2388.05,9054.9,1.3,47.37,522.0,2388.06,8136.62,8.4534,0.03,393,2388,100.0,38.92,23.4007,336,325,Healthy,96.73,0
96,12,0.0038,-0.0,100.0,518.67,642.09,1580.9,1398.01,14.62,21.6,554.43,2388.05,9047.87,1.3,47.19,522.14,2388.05,8134.84,8.4037,0.03,391,2388,100.0,38.95,23.4199,336,324,Healthy,96.43,0
96,13,-0.0015,-0.0001,100.0,518.67,642.16,1586.38,1407.59,14.62,21.61,554.38,2388.0,9045.95,1.3,47.34,522.43,2388.04,8142.12,8.4001,0.03,392,2388,100.0,38.93,23.295,336,323,Healthy,96.13,0
96,14,0.0004,0.0005,100.0,518.67,642.73,1588.64,1397.55,14.62,21.61,553.39,2388.0,9046.56,1.3,47.31,521.95,2388.09,8130.26,8.3756,0.03,391,2388,100.0,38.86,23.3464,336,322,Healthy,95.83,0
96,15,0.0037,-0.0002,100.0,518.67,642.17,1581.43,1399.91,14.62,21.61,554.18,2388.04,9055.24,1.3,47.36,522.53,2388.07,8134.66,8.3882,0.03,392,2388,100.0,39.03,23.4392,336,321,Healthy,95.54,0
96,16,0.0016,-0.0003,100.0,518.67,642.13,1578.69,1403.3,14.62,21.61,554.44,2387.98,9054.89,1.3,47.02,522.05,2388.08,8130.16,8.4112,0.03,393,2388,100.0,38.95,23.4259,336,320,Healthy,95.24,0
96,17,-0.0008,0.0003,100.0,518.67,642.63,1585.38,1404.67,14.62,21.61,553.59,2388.03,9053.77,1.3,47.22,522.32,2388.1,8132.74,8.437,0.03,391,2388,100.0,39.0,23.3382,336,319,Healthy,94.94,0
96,18,0.0032,-0.0003,100.0,518.67,642.01,1583.03,1397.32,14.62,21.61,553.23,2388.02,9051.39,1.3,47.42,521.99,2388.04,8128.37,8.4481,0.03,393,2388,100.0,39.05,23.3905,336,318,Healthy,94.64,0
96,19,-0.0028,-0.0002,100.0,518.67,641.93,1583.78,1401.88,14.62,21.61,553.97,2388.05,9055.55,1.3,47.36,521.84,2388.02,8131.4,8.3837,0.03,392,2388,100.0,39.15,23.4007,336,317,Healthy,94.35,0
96,20,-0.0005,-0.0005,100.0,518.67,642.18,1583.28,1404.79,14.62,21.61,554.57,2388.08,9057.11,1.3,47.38,521.54,2388.05,8139.71,8.4191,0.03,392,2388,100.0,38.93,23.3624,336,316,Healthy,94.05,0
96,21,-0.0037,0.0005,100.0,518.67,642.23,1588.23,1397.7,14.62,21.61,554.24,2388.03,9053.79,1.3,47.28,522.37,2388.03,8135.58,8.4194,0.03,392,2388,100.0,38.96,23.3706,336,315,Healthy,93.75,0
96,22,-0.0022,0.0002,100.0,518.67,642.22,1584.66,1406.21,14.62,21.61,554.48,2387.97,9060.63,1.3,47.43,521.93,2388.02,8133.02,8.3961,0.03,392,2388,100.0,38.77,23.3102,336,314,Healthy,93.45,0
96,23,0.0002,0.0,100.0,518.67,642.52,1575.65,1398.56,14.62,21.61,554.39,2388.04,9058.85,1.3,47.19,521.77,2388.07,8132.09,8.4178,0.03,392,2388,100.0,38.86,23.4381,336,313,Healthy,93.15,0
96,24,-0.0011,0.0003,100.0,518.67,642.27,1584.93,1397.8,14.62,21.61,554.45,2388.05,9055.87,1.3,47.29,522.47,2388.01,8132.63,8.4012,0.03,392,2388,100.0,39.05,23.3216,336,312,Healthy,92.86,0
96,25,0.003,0.0005,100.0,518.67,642.27,1584.35,1404.23,14.62,21.61,553.87,2388.07,9051.1,1.3,47.24,521.75,2387.99,8132.33,8.4617,0.03,392,2388,100.0,38.95,23.3556,336,311,Healthy,92.56,0
96,26,-0.0026,0.0001,100.0,518.67,642.21,1585.18,1401.97,14.62,21.61,554.44,2388.05,9056.53,1.3,47.26,522.46,2388.04,8131.01,8.4268,0.03,392,2388,100.0,38.91,23.3176,336,310,Healthy,92.26,0
96,27,-0.0021,0.0001,100.0,518.67,642.05,1587.26,1398.19,14.62,21.61,554.01,2388.1,9045.93,1.3,47.35,522.08,2388.1,8133.95,8.4186,0.03,393,2388,100.0,39.06,23.485,336,309,Healthy,91.96,0
96,28,0.0024,-0.0001,100.0,518.67,642.34,1587.93,1398.68,14.62,21.61,554.83,2388.06,9048.09,1.3,47.35,521.88,2388.06,8136.71,8.3983,0.03,392,2388,100.0,38.87,23.3695,336,308,Healthy,91.67,0
96,29,-0.0036,-0.0003,100.0,518.67,642.39,1578.06,1402.89,14.62,21.61,554.11,2388.04,9053.18,1.3,47.37,521.52,2388.05,8131.19,8.4268,0.03,392,2388,100.0,39.03,23.3051,336,307,Healthy,91.37,0
96,30,-0.0007,0.0,100.0,518.67,642.28,1588.73,1399.72,14.62,21.61,555.27,2388.0,9052.71,1.3,47.23,522.06,2388.06,8136.67,8.4019,0.03,391,2388,100.0,39.09,23.2911,336,306,Healthy,91.07,0
96,31,0.0004,0.0005,100.0,518.67,642.04,1588.89,1401.76,14.62,21.61,554.19,2388.04,9049.98,1.3,47.2,521.47,2388.06,8132.42,8.4078,0.03,393,2388,100.0,38.93,23.4791,336,305,Healthy,90.77,0
96,32,-0.0045,-0.0004,100.0,518.67,642.92,1583.99,1402.85,14.62,21.61,554.63,2388.06,9053.9,1.3,47.35,522.26,2388.09,8132.54,8.3985,0.03,392,2388,100.0,38.97,23.3493,336,304,Healthy,90.48,0
96,33,0.0019,-0.0,100.0,518.67,642.57,1586.94,1398.36,14.62,21.61,554.25,2388.1,9058.49,1.3,47.26,522.28,2388.09,8136.58,8.4244,0.03,391,2388,100.0,39.0,23.3649,336,303,Healthy,90.18,0
96,34,-0.0002,0.0002,100.0,518.67,642.33,1589.76,1406.01,14.62,21.61,554.21,2388.07,9045.11,1.3,47.29,520.82,2388.04,8137.7,8.401,0.03,391,2388,100.0,39.05,23.3203,336,302,Healthy,89.88,0
96,35,0.0027,0.0001,100.0,518.67,641.63,1584.2,1396.97,14.62,21.61,554.13,2388.06,9044.22,1.3,47.14,522.26,2388.02,8128.4,8.4146,0.03,392,2388,100.0,38.87,23.3176,336,301,Healthy,89.58,0
96,36,-0.0008,0.0002,100.0,518.67,642.25,1587.65,1402.43,14.62,21.61,554.51,2388.02,9053.84,1.3,47.21,521.98,2388.04,8130.7,8.4123,0.03,392,2388,100.0,38.95,23.4124,336,300,Healthy,89.29,0
96,37,-0.0007,-0.0001,100.0,518.67,642.54,1587.41,1409.13,14.62,21.61,554.0,2388.05,9057.45,1.3,47.46,522.39,2388.06,8131.37,8.4248,0.03,392,2388,100.0,39.1,23.3888,336,299,Healthy,88.99,0
96,38,0.0009,-0.0003,100.0,518.67,642.1,1585.02,1398.37,14.62,21.61,553.11,2388.03,9046.77,1.3,47.47,522.2,2388.06,8135.73,8.4128,0.03,392,2388,100.0,38.84,23.3303,336,298,Healthy,88.69,0
96,39,-0.003,0.0001,100.0,518.67,642.3,1584.48,1402.96,14.62,21.61,554.32,2388.07,9044.67,1.3,47.33,521.74,2388.05,8132.04,8.4071,0.03,392,2388,100.0,39.08,23.3403,336,297,Healthy,88.39,0
96,40,-0.0,0.0003,100.0,518.67,642.45,1586.71,1394.76,14.62,21.61,553.31,2388.03,9058.89,1.3,47.35,522.21,2388.07,8134.86,8.3951,0.03,393,2388,100.0,38.92,23.4348,336,296,Healthy,88.1,0
96,41,-0.0009,-0.0005,100.0,518.67,642.53,1587.48,1397.57,14.62,21.61,554.08,2388.08,9053.24,1.3,47.27,522.62,2388.07,8132.76,8.4056,0.03,391,2388,100.0,38.92,23.4974,336,295,Healthy,87.8,0
96,42,-0.0009,-0.0004,100.0,518.67,642.5,1583.98,1403.99,14.62,21.61,554.15,2388.03,9045.48,1.3,47.4,522.06,2388.09,8132.81,8.4327,0.03,392,2388,100.0,38.91,23.4001,336,294,Healthy,87.5,0
96,43,0.0024,0.0005,100.0,518.67,641.74,1588.24,1398.53,14.62,21.61,554.9,2388.07,9048.54,1.3,47.57,522.18,2388.04,8135.88,8.4486,0.03,393,2388,100.0,38.8,23.2853,336,293,Healthy,87.2,0
96,44,0.0002,0.0003,100.0,518.67,642.47,1580.95,1402.17,14.62,21.61,554.43,2388.07,9056.09,1.3,47.3,521.9,2388.07,8134.45,8.4157,0.03,392,2388,100.0,38.93,23.2927,336,292,Healthy,86.9,0
96,45,-0.0027,-0.0001,100.0,518.67,642.03,1591.73,1399.15,14.62,21.61,554.19,2388.04,9046.49,1.3,47.42,521.55,2388.01,8127.28,8.4132,0.03,393,2388,100.0,38.64,23.3319,336,291,Healthy,86.61,0
96,46,0.0014,-0.0003,100.0,518.67,641.95,1585.7,1400.91,14.62,21.61,553.54,2388.04,9053.03,1.3,47.34,521.87,2388.05,8129.82,8.3732,0.03,392,2388,100.0,38.76,23.3517,336,290,Healthy,86.31,0
96,47,0.0029,-0.0002,100.0,518.67,641.96,1589.24,1401.91,14.62,21.61,553.78,2388.02,9050.66,1.3,47.13,522.13,2388.07,8133.29,8.3933,0.03,391,2388,100.0,38.84,23.381,336,289,Healthy,86.01,0
96,48,-0.0024,0.0003,100.0,518.67,642.19,1579.94,1400.08,14.62,21.61,554.04,2388.03,9057.03,1.3,47.23,521.39,2388.1,8137.94,8.4344,0.03,392,2388,100.0,38.96,23.2573,336,288,Healthy,85.71,0
96,49,-0.0004,0.0003,100.0,518.67,642.26,1585.05,1399.07,14.62,21.61,553.95,2388.07,9057.1,1.3,47.12,521.85,2388.1,8136.49,8.4279,0.03,391,2388,100.0,39.04,23.5215,336,287,Healthy,85.42,0
96,50,-0.0011,-0.0005,100.0,518.67,642.56,1585.47,1399.51,14.62,21.61,554.03,2388.04,9053.16,1.3,47.33,521.99,2388.1,8133.36,8.4231,0.03,394,2388,100.0,38.84,23.3313,336,286,Healthy,85.12,0
97,1,-0.0038,0.0003,100.0,518.67,642.01,1581.83,1395.4,14.62,21.61,554.31,2388.04,9044.3,1.3,47.21,522.34,2388.05,8130.81,8.4027,0.03,391,2388,100.0,38.94,23.3732,202,201,Healthy,99.5,0
97,2,-0.0018,-0.0001,100.0,518.67,641.99,1582.99,1402.05,14.62,21.61,554.67,2388.03,9049.88,1.3,47.2,522.06,2388.08,8131.43,8.4072,0.03,392,2388,100.0,39.14,23.3984,202,200,Healthy,99.01,0
97,3,-0.0045,-0.0002,100.0,518.67,641.9,1586.14,1403.8,14.62,21.61,554.1,2388.07,9047.9,1.3,47.35,522.66,2388.1,8129.52,8.418,0.03,392,2388,100.0,38.97,23.4038,202,199,Healthy,98.51,0
97,4,0.0022,0.0006,100.0,518.67,642.59,1594.96,1406.16,14.62,21.61,554.06,2388.03,9042.72,1.3,47.31,522.45,2388.06,8131.14,8.4305,0.03,393,2388,100.0,39.02,23.3398,202,198,Healthy,98.02,0
97,5,-0.0028,-0.0002,100.0,518.67,641.89,1587.52,1406.07,14.62,21.61,553.72,2388.03,9047.37,1.3,47.38,521.56,2388.0,8130.03,8.4265,0.03,393,2388,100.0,38.92,23.418,202,197,Healthy,97.52,0
97,6,-0.0002,-0.0002,100.0,518.67,642.32,1590.17,1401.05,14.62,21.61,553.86,2387.98,9047.21,1.3,47.43,522.39,2388.05,8130.17,8.3876,0.03,392,2388,100.0,39.01,23.3886,202,196,Healthy,97.03,0
97,7,-0.0007,-0.0001,100.0,518.67,642.54,1583.02,1398.34,14.62,21.61,553.77,2388.12,9053.04,1.3,47.39,521.82,2388.12,8126.5,8.4383,0.03,392,2388,100.0,38.77,23.3925,202,195,Healthy,96.53,0
97,8,0.0003,0.0002,100.0,518.67,642.73,1579.57,1401.22,14.62,21.61,554.02,2388.09,9045.21,1.3,47.41,522.2,2388.08,8132.09,8.4099,0.03,393,2388,100.0,39.03,23.3544,202,194,Healthy,96.04,0
97,9,0.0022,-0.0001,100.0,518.67,641.96,1582.75,1398.52,14.62,21.61,554.53,2388.08,9045.33,1.3,47.32,522.35,2388.05,8125.16,8.4161,0.03,393,2388,100.0,38.97,23.2468,202,193,Healthy,95.54,0
97,10,-0.0023,-0.0002,100.0,518.67,641.93,1598.1,1403.44,14.62,21.61,553.97,2388.01,9048.87,1.3,47.35,522.16,2388.04,8125.38,8.4523,0.03,392,2388,100.0,38.94,23.3577,202,192,Healthy,95.05,0
97,11,0.0005,0.0005,100.0,518.67,641.95,1584.54,1405.54,14.62,21.61,553.65,2388.1,9047.44,1.3,47.38,521.95,2388.04,8128.82,8.3942,0.03,391,2388,100.0,38.99,23.4374,202,191,Healthy,94.55,0
97,12,-0.0011,0.0005,100.0,518.67,641.5,1580.53,1401.88,14.62,21.61,553.84,2388.07,9040.75,1.3,47.14,521.87,2387.99,8129.84,8.4069,0.03,392,2388,100.0,38.89,23.4323,202,190,Healthy,94.06,0
97,13,0.0009,0.0002,100.0,518.67,642.7,1586.64,1403.52,14.62,21.61,554.05,2388.08,9045.79,1.3,47.22,522.11,2388.11,8127.41,8.4081,0.03,392,2388,100.0,39.04,23.3943,202,189,Healthy,93.56,0
97,14,-0.0039,-0.0004,100.0,518.67,642.07,1588.87,1398.31,14.62,21.61,553.41,2388.03,9040.54,1.3,47.48,521.63,2388.06,8129.64,8.4053,0.03,392,2388,100.0,39.02,23.3606,202,188,Healthy,93.07,0
97,15,-0.0012,-0.0003,100.0,518.67,642.34,1588.75,1397.36,14.62,21.61,554.5,2388.0,9042.57,1.3,47.27,522.08,2388.11,8135.82,8.407,0.03,392,2388,100.0,38.93,23.3041,202,187,Healthy,92.57,0
97,16,0.0021,0.0,100.0,518.67,642.67,1589.57,1404.74,14.62,21.61,553.76,2388.11,9044.35,1.3,47.28,522.21,2388.04,8133.47,8.3861,0.03,394,2388,100.0,39.13,23.2773,202,186,Healthy,92.08,0
97,17,0.003,0.0004,100.0,518.67,642.0,1588.51,1403.5,14.62,21.61,554.61,2388.03,9051.77,1.3,47.27,522.19,2388.09,8137.81,8.4161,0.03,393,2388,100.0,38.77,23.3928,202,185,Healthy,91.58,0
97,18,0.0012,0.0004,100.0,518.67,641.96,1586.29,1402.01,14.62,21.61,554.29,2388.03,9042.52,1.3,47.47,521.85,2387.99,8126.33,8.4214,0.03,391,2388,100.0,38.95,23.3779,202,184,Healthy,91.09,0
97,19,0.0023,-0.0003,100.0,518.67,642.51,1583.71,1402.82,14.62,21.61,554.33,2388.01,9049.23,1.3,47.24,521.94,2387.99,8128.35,8.418,0.03,393,2388,100.0,39.16,23.4388,202,183,Healthy,90.59,0
97,20,-0.0041,-0.0003,100.0,518.67,642.15,1586.86,1397.18,14.62,21.61,554.42,2388.02,9048.79,1.3,47.23,521.31,2388.03,8137.16,8.4143,0.03,391,2388,100.0,39.22,23.3733,202,182,Healthy,90.1,0
97,21,0.0022,-0.0004,100.0,518.67,642.23,1591.1,1399.15,14.62,21.61,553.79,2388.03,9044.82,1.3,47.32,521.73,2388.04,8126.9,8.438,0.03,392,2388,100.0,38.93,23.4223,202,181,Healthy,89.6,0
97,22,-0.0021,0.0002,100.0,518.67,642.24,1584.77,1395.62,14.62,21.61,553.72,2388.04,9054.45,1.3,47.25,521.58,2388.08,8127.75,8.412,0.03,393,2388,100.0,38.85,23.4,202,180,Healthy,89.11,0
97,23,0.0005,-0.0004,100.0,518.67,642.21,1585.04,1403.2,14.62,21.61,553.99,2388.07,9047.1,1.3,47.13,521.87,2388.09,8122.81,8.4514,0.03,392,2388,100.0,39.12,23.3667,202,179,Healthy,88.61,0
97,24,0.0002,-0.0002,100.0,518.67,642.81,1583.14,1399.74,14.62,21.61,554.44,2388.08,9045.83,1.3,47.32,522.15,2388.03,8130.05,8.4141,0.03,391,2388,100.0,38.95,23.424,202,178,Healthy,88.12,0
97,25,0.002,-0.0003,100.0,518.67,642.03,1580.93,1402.24,14.62,21.61,554.3,2388.05,9044.3,1.3,47.25,522.48,2388.11,8124.86,8.4084,0.03,392,2388,100.0,38.79,23.3311,202,177,Healthy,87.62,0
97,26,-0.0011,-0.0003,100.0,518.67,642.49,1584.89,1404.0,14.62,21.61,554.02,2388.04,9038.27,1.3,47.2,521.87,2388.05,8133.82,8.4194,0.03,392,2388,100.0,38.96,23.3251,202,176,Healthy,87.13,0
97,27,-0.002,0.0004,100.0,518.67,642.15,1580.98,1399.17,14.62,21.61,554.33,2388.03,9049.64,1.3,47.22,522.31,2388.0,8130.49,8.3952,0.03,393,2388,100.0,38.98,23.5181,202,175,Healthy,86.63,0
97,28,0.0026,0.0003,100.0,518.67,641.94,1583.61,1406.67,14.62,21.61,554.32,2388.02,9041.86,1.3,47.25,522.17,2388.02,8128.05,8.3974,0.03,392,2388,100.0,38.96,23.3177,202,174,Healthy,86.14,0
97,29,0.0015,0.0001,100.0,518.67,642.19,1589.25,1397.31,14.62,21.61,555.2,2388.09,9042.58,1.3,47.42,522.29,2388.09,8130.18,8.4158,0.03,392,2388,100.0,39.18,23.4996,202,173,Healthy,85.64,0
97,30,-0.0015,-0.0,100.0,518.67,642.38,1584.91,1407.18,14.62,21.61,555.03,2388.01,9050.18,1.3,47.29,521.99,2388.04,8127.14,8.3824,0.03,392,2388,100.0,39.0,23.4894,202,172,Healthy,85.15,0
97,31,-0.0035,-0.0001,100.0,518.67,642.41,1587.34,1405.34,14.62,21.61,554.09,2388.11,9049.52,1.3,47.09,522.08,2388.09,8123.35,8.4016,0.03,391,2388,100.0,38.77,23.315,202,171,Healthy,84.65,0
97,32,0.0015,0.0005,100.0,518.67,642.25,1593.23,1406.82,14.62,21.61,554.28,2388.04,9050.09,1.3,47.35,521.56,2388.07,8130.84,8.4012,0.03,392,2388,100.0,38.94,23.4219,202,170,Healthy,84.16,0
97,33,-0.0005,0.0005,100.0,518.67,642.01,1585.29,1397.19,14.62,21.61,554.53,2388.07,9044.49,1.3,47.35,521.75,2388.13,8132.36,8.4226,0.03,392,2388,100.0,38.88,23.3013,202,169,Healthy,83.66,0
97,34,-0.0036,0.0002,100.0,518.67,642.0,1584.95,1400.29,14.62,21.61,553.79,2388.03,9048.93,1.3,47.22,521.83,2388.06,8129.39,8.3981,0.03,391,2388,100.0,39.09,23.4554,202,168,Healthy,83.17,0
97,35,0.0007,0.0004,100.0,518.67,642.42,1582.36,1405.29,14.62,21.61,554.54,2387.99,9043.95,1.3,47.47,521.58,2388.03,8129.52,8.4067,0.03,393,2388,100.0,38.99,23.32,202,167,Healthy,82.67,0
97,36,0.002,-0.0,100.0,518.67,642.29,1588.49,1408.13,14.62,21.61,554.22,2388.01,9052.21,1.3,47.34,522.07,2388.08,8135.13,8.4167,0.03,391,2388,100.0,39.05,23.378,202,166,Healthy,82.18,0
97,37,-0.0007,0.0003,100.0,518.67,641.94,1588.34,1404.86,14.62,21.61,554.47,2388.02,9057.06,1.3,47.29,521.82,2388.06,8135.17,8.4392,0.03,392,2388,100.0,38.8,23.3781,202,165,Healthy,81.68,0
97,38,-0.0,-0.0004,100.0,518.67,642.82,1585.17,1408.19,14.62,21.61,554.34,2388.07,9053.34,1.3,47.42,521.44,2388.03,8127.9,8.3936,0.03,390,2388,100.0,38.9,23.3656,202,164,Healthy,81.19,0
97,39,-0.0048,-0.0001,100.0,518.67,641.8,1582.74,1399.69,14.62,21.61,554.38,2388.07,9045.76,1.3,47.34,522.43,2388.07,8129.21,8.4017,0.03,392,2388,100.0,38.98,23.4573,202,163,Healthy,80.69,0
97,40,0.0007,0.0005,100.0,518.67,642.75,1584.8,1396.84,14.62,21.61,554.32,2388.09,9048.98,1.3,47.32,521.91,2388.11,8130.32,8.4295,0.03,393,2388,100.0,38.95,23.3379,202,162,Healthy,80.2,0
97,41,-0.0028,-0.0002,100.0,518.67,642.61,1590.25,1406.45,14.62,21.61,553.76,2388.07,9051.37,1.3,47.14,522.01,2388.03,8134.97,8.3899,0.03,392,2388,100.0,39.0,23.4015,202,161,Healthy,79.7,0
97,42,0.0017,-0.0002,100.0,518.67,642.09,1593.45,1404.81,14.62,21.61,554.17,2388.08,9047.65,1.3,47.32,522.13,2388.09,8130.09,8.3834,0.03,394,2388,100.0,39.05,23.2371,202,160,Healthy,79.21,0
97,43,-0.001,0.0,100.0,518.67,642.9,1587.97,1403.69,14.62,21.6,553.98,2388.07,9054.43,1.3,47.34,522.02,2388.11,8125.06,8.3997,0.03,391,2388,100.0,39.1,23.3835,202,159,Healthy,78.71,0
97,44,-0.0016,-0.0004,100.0,518.67,642.45,1579.14,1409.76,14.62,21.61,554.05,2388.06,9056.49,1.3,47.34,522.04,2388.04,8131.43,8.4136,0.03,391,2388,100.0,38.94,23.4058,202,158,Healthy,78.22,0
97,45,-0.0025,-0.0002,100.0,518.67,642.21,1585.89,1399.21,14.62,21.61,553.6,2388.05,9045.62,1.3,47.27,522.52,2388.09,8124.8,8.4303,0.03,391,2388,100.0,39.0,23.3748,202,157,Healthy,77.72,0
97,46,-0.0054,-0.0003,100.0,518.67,642.15,1583.8,1398.53,14.62,21.61,554.39,2388.06,9052.19,1.3,47.38,521.89,2388.11,8132.04,8.4111,0.03,391,2388,100.0,39.06,23.3967,202,156,Healthy,77.23,0
97,47,-0.0032,0.0002,100.0,518.67,642.07,1591.58,1399.73,14.62,21.61,554.14,2388.04,9046.83,1.3,47.18,522.14,2388.01,8138.88,8.404,0.03,391,2388,100.0,38.9,23.4626,202,155,Healthy,76.73,0
97,48,-0.0005,0.0004,100.0,518.67,642.23,1581.88,1397.82,14.62,21.61,553.84,2388.04,9051.03,1.3,47.49,521.92,2388.04,8132.54,8.4291,0.03,391,2388,100.0,39.08,23.4227,202,154,Healthy,76.24,0
97,49,0.0007,-0.0001,100.0,518.67,642.29,1581.82,1403.62,14.62,21.61,553.84,2388.05,9041.73,1.3,47.19,522.0,2388.09,8130.98,8.4077,0.03,391,2388,100.0,38.92,23.486,202,153,Healthy,75.74,0
97,50,0.0009,-0.0003,100.0,518.67,642.51,1588.78,1400.66,14.62,21.61,553.34,2388.08,9046.53,1.3,47.18,522.48,2388.09,8134.94,8.4472,0.03,391,2388,100.0,39.03,23.3477,202,152,Healthy,75.25,0
98,1,0.0019,-0.0002,100.0,518.67,642.3,1580.93,1404.55,14.62,21.61,554.16,2388.0,9073.83,1.3,47.25,522.3,2387.97,8150.69,8.3792,0.03,392,2388,100.0,39.01,23.4547,156,155,Healthy,99.36,0
98,2,0.0025,0.0,100.0,518.67,642.13,1585.29,1394.47,14.62,21.61,552.75,2388.03,9070.74,1.3,47.03,521.8,2388.03,8147.03,8.4158,0.03,392,2388,100.0,38.91,23.3055,156,154,Healthy,98.72,0
98,3,-0.0011,-0.0005,100.0,518.67,642.35,1582.27,1396.33,14.62,21.61,555.45,2387.94,9068.22,1.3,47.22,522.47,2387.99,8149.19,8.4124,0.03,391,2388,100.0,39.16,23.3677,156,153,Healthy,98.08,0
98,4,-0.0009,-0.0004,100.0,518.67,641.8,1585.23,1398.98,14.62,21.61,554.99,2387.98,9068.93,1.3,47.07,522.19,2387.99,8156.01,8.45,0.03,391,2388,100.0,39.07,23.3832,156,152,Healthy,97.44,0
98,5,-0.0011,0.0001,100.0,518.67,641.85,1592.31,1397.87,14.62,21.61,554.04,2388.0,9070.44,1.3,47.1,521.96,2387.92,8148.47,8.4068,0.03,392,2388,100.0,39.03,23.4866,156,151,Healthy,96.79,0
98,6,0.0019,-0.0005,100.0,518.67,642.46,1581.0,1400.8,14.62,21.61,554.18,2387.99,9070.09,1.3,47.26,522.69,2387.95,8149.25,8.3922,0.03,390,2388,100.0,39.05,23.5227,156,150,Healthy,96.15,0
98,7,-0.0042,-0.0003,100.0,518.67,642.08,1578.64,1405.97,14.62,21.61,554.72,2388.09,9066.95,1.3,47.21,522.58,2388.05,8145.93,8.3928,0.03,392,2388,100.0,38.92,23.3819,156,149,Healthy,95.51,0
98,8,-0.0018,-0.0005,100.0,518.67,642.1,1583.29,1402.88,14.62,21.61,554.15,2388.0,9074.48,1.3,47.08,522.6,2388.04,8149.59,8.3901,0.03,391,2388,100.0,38.94,23.4539,156,148,Healthy,94.87,0
98,9,0.0027,0.0004,100.0,518.67,642.22,1588.95,1393.89,14.62,21.61,554.81,2388.03,9071.66,1.3,47.15,522.75,2388.0,8146.29,8.3943,0.03,392,2388,100.0,38.94,23.4024,156,147,Healthy,94.23,0
98,10,0.0024,-0.0004,100.0,518.67,642.07,1584.36,1396.5,14.62,21.61,552.81,2388.02,9075.91,1.3,47.24,522.49,2388.03,8148.87,8.4025,0.03,392,2388,100.0,38.99,23.5006,156,146,Healthy,93.59,0
98,11,0.0012,-0.0001,100.0,518.67,642.6,1583.96,1401.37,14.62,21.61,554.39,2388.0,9073.5,1.3,47.09,522.39,2387.95,8153.29,8.4142,0.03,391,2388,100.0,39.01,23.383,156,145,Healthy,92.95,0
98,12,-0.0031,-0.0005,100.0,518.67,641.87,1579.66,1397.29,14.62,21.61,554.43,2387.94,9069.02,1.3,47.28,522.59,2388.07,8150.29,8.3912,0.03,392,2388,100.0,38.94,23.3952,156,144,Healthy,92.31,0
98,13,-0.0012,-0.0003,100.0,518.67,641.86,1578.11,1396.26,14.62,21.61,554.91,2387.97,9066.55,1.3,47.46,522.65,2388.0,8149.15,8.4239,0.03,391,2388,100.0,39.02,23.4809,156,143,Healthy,91.67,0
98,14,0.0016,0.0001,100.0,518.67,642.74,1586.49,1393.15,14.62,21.61,554.62,2388.03,9071.68,1.3,47.36,521.81,2388.04,8150.04,8.3817,0.03,392,2388,100.0,39.0,23.5295,156,142,Healthy,91.03,0
98,15,-0.0002,-0.0003,100.0,518.67,642.17,1584.16,1399.3,14.62,21.61,554.09,2388.02,9064.26,1.3,47.15,522.51,2387.98,8148.23,8.3773,0.03,393,2388,100.0,38.9,23.4568,156,141,Healthy,90.38,0
98,16,0.0015,-0.0002,100.0,518.67,642.71,1584.08,1399.74,14.62,21.61,554.68,2388.01,9065.01,1.3,47.08,522.32,2387.97,8151.86,8.451,0.03,392,2388,100.0,39.3,23.4036,156,140,Healthy,89.74,0
98,17,-0.0009,-0.0003,100.0,518.67,642.31,1588.54,1396.08,14.62,21.61,554.07,2388.05,9065.0,1.3,47.14,521.95,2388.01,8146.85,8.3717,0.03,392,2388,100.0,38.98,23.4329,156,139,Healthy,89.1,0
98,18,-0.003,-0.0003,100.0,518.67,642.25,1588.99,1389.48,14.62,21.61,554.67,2388.03,9070.59,1.3,47.05,522.04,2388.01,8152.41,8.4145,0.03,391,2388,100.0,39.06,23.4741,156,138,Healthy,88.46,0
98,19,0.0008,0.0002,100.0,518.67,641.98,1581.82,1401.22,14.62,21.61,553.62,2387.98,9062.51,1.3,47.22,522.23,2388.0,8148.7,8.4365,0.03,391,2388,100.0,38.96,23.4827,156,137,Healthy,87.82,0
98,20,0.0004,-0.0,100.0,518.67,642.54,1592.0,1403.12,14.62,21.61,554.61,2387.99,9066.84,1.3,47.16,522.17,2387.99,8148.56,8.4288,0.03,391,2388,100.0,39.05,23.4116,156,136,Healthy,87.18,0
98,21,-0.0024,0.0001,100.0,518.67,642.04,1580.39,1391.4,14.62,21.61,554.69,2387.95,9061.52,1.3,47.04,522.32,2388.04,8145.39,8.4007,0.03,391,2388,100.0,39.04,23.4487,156,135,Healthy,86.54,0
98,22,0.0037,0.0001,100.0,518.67,641.79,1588.86,1404.83,14.62,21.61,554.52,2388.0,9058.49,1.3,47.3,522.35,2388.01,8148.13,8.4028,0.03,392,2388,100.0,38.99,23.3938,156,134,Healthy,85.9,0
98,23,-0.0032,-0.0004,100.0,518.67,642.18,1586.09,1392.01,14.62,21.61,553.9,2388.0,9073.55,1.3,47.25,522.5,2388.01,8146.59,8.4143,0.03,394,2388,100.0,38.89,23.3942,156,133,Healthy,85.26,0
98,24,-0.0026,0.0001,100.0,518.67,642.49,1587.08,1399.07,14.62,21.61,554.33,2388.04,9066.75,1.3,47.3,522.36,2388.04,8154.1,8.3925,0.03,392,2388,100.0,38.89,23.3854,156,132,Healthy,84.62,0
98,25,-0.0007,-0.0003,100.0,518.67,642.29,1587.33,1399.04,14.62,21.61,553.75,2388.04,9065.66,1.3,47.18,522.05,2388.06,8150.95,8.4209,0.03,392,2388,100.0,39.0,23.3737,156,131,Healthy,83.97,0
98,26,0.0013,0.0002,100.0,518.67,642.05,1582.42,1395.86,14.62,21.61,554.16,2388.02,9073.28,1.3,47.39,522.28,2388.02,8151.03,8.3736,0.03,393,2388,100.0,38.98,23.3906,156,130,Healthy,83.33,0
98,27,0.0004,0.0002,100.0,518.67,642.23,1587.5,1397.2,14.62,21.61,554.44,2388.01,9062.15,1.3,47.12,522.36,2388.0,8148.26,8.3796,0.03,390,2388,100.0,39.05,23.5187,156,129,Healthy,82.69,0
98,28,-0.0016,0.0,100.0,518.67,641.65,1579.76,1404.49,14.62,21.61,555.16,2387.98,9073.08,1.3,47.13,521.94,2387.98,8153.61,8.3892,0.03,391,2388,100.0,39.18,23.398,156,128,Healthy,82.05,0
98,29,-0.0027,0.0001,100.0,518.67,642.39,1589.91,1395.46,14.62,21.61,553.99,2387.99,9069.19,1.3,47.24,523.04,2388.0,8151.65,8.3945,0.03,393,2388,100.0,39.0,23.3431,156,127,Healthy,81.41,0
98,30,0.0024,-0.0001,100.0,518.67,641.85,1578.57,1403.12,14.62,21.61,554.13,2388.02,9073.59,1.3,47.14,522.55,2388.04,8145.23,8.4169,0.03,391,2388,100.0,38.84,23.3659,156,126,Healthy,80.77,0
98,31,0.0003,-0.0002,100.0,518.67,642.29,1590.14,1395.81,14.62,21.61,554.19,2388.0,9060.52,1.3,47.26,522.24,2387.97,8146.64,8.4081,0.03,391,2388,100.0,39.01,23.3748,156,125,Healthy,80.13,0
98,32,-0.0005,-0.0006,100.0,518.67,642.43,1577.66,1397.86,14.62,21.61,553.93,2388.03,9067.98,1.3,47.29,522.38,2388.01,8144.79,8.3847,0.03,392,2388,100.0,38.79,23.5033,156,124,Healthy,79.49,0
98,33,0.0005,-0.0002,100.0,518.67,642.54,1583.68,1395.59,14.62,21.61,554.26,2388.01,9064.47,1.3,47.2,522.57,2388.0,8153.01,8.4139,0.03,391,2388,100.0,39.02,23.4388,156,123,Healthy,78.85,0
98,34,-0.0023,-0.0,100.0,518.67,641.97,1576.7,1405.03,14.62,21.61,554.24,2388.0,9065.85,1.3,47.27,521.99,2387.96,8144.88,8.3934,0.03,392,2388,100.0,39.0,23.3007,156,122,Healthy,78.21,0
98,35,0.0001,0.0002,100.0,518.67,642.49,1584.26,1394.32,14.62,21.61,554.38,2387.94,9071.88,1.3,47.31,522.37,2387.98,8150.64,8.3912,0.03,392,2388,100.0,39.09,23.4646,156,121,Healthy,77.56,0
98,36,0.0029,0.0001,100.0,518.67,642.05,1585.2,1401.0,14.62,21.6,554.01,2388.04,9066.5,1.3,47.04,522.37,2388.04,8153.89,8.3897,0.03,392,2388,100.0,38.98,23.3563,156,120,Early_Wear,76.92,0
98,37,0.0013,0.0003,100.0,518.67,642.08,1584.48,1397.06,14.62,21.61,554.57,2388.02,9067.98,1.3,47.35,522.05,2388.04,8148.05,8.3982,0.03,392,2388,100.0,38.91,23.4044,156,119,Early_Wear,76.28,0
98,38,0.0003,-0.0001,100.0,518.67,642.19,1581.77,1403.97,14.62,21.61,553.92,2388.0,9069.11,1.3,46.93,521.63,2388.04,8147.58,8.3911,0.03,393,2388,100.0,39.16,23.4276,156,118,Early_Wear,75.64,0
98,39,-0.0008,-0.0002,100.0,518.67,642.22,1591.83,1395.37,14.62,21.61,555.23,2388.05,9061.38,1.3,47.22,521.89,2387.99,8147.3,8.4405,0.03,392,2388,100.0,39.18,23.3503,156,117,Early_Wear,75.0,0
98,40,0.0027,-0.0004,100.0,518.67,642.18,1586.95,1405.05,14.62,21.61,554.02,2388.06,9073.83,1.3,47.19,521.74,2388.03,8152.42,8.3915,0.03,393,2388,100.0,39.01,23.3683,156,116,Early_Wear,74.36,0
98,41,-0.0024,-0.0004,100.0,518.67,642.12,1583.57,1397.44,14.62,21.61,555.03,2387.99,9061.36,1.3,47.17,522.81,2388.03,8143.86,8.4281,0.03,392,2388,100.0,38.98,23.3513,156,115,Early_Wear,73.72,0
98,42,-0.0004,0.0004,100.0,518.67,642.49,1578.29,1399.01,14.62,21.61,553.78,2388.01,9073.44,1.3,47.15,521.97,2387.97,8148.38,8.4199,0.03,392,2388,100.0,38.99,23.4173,156,114,Early_Wear,73.08,0
98,43,-0.0013,-0.0001,100.0,518.67,642.11,1586.62,1401.16,14.62,21.61,554.18,2388.01,9064.02,1.3,47.54,522.58,2388.02,8152.17,8.4134,0.03,392,2388,100.0,38.85,23.3247,156,113,Early_Wear,72.44,0
98,44,0.0026,-0.0001,100.0,518.67,642.7,1588.84,1400.69,14.62,21.6,553.64,2387.95,9064.95,1.3,47.32,522.35,2388.02,8148.63,8.4107,0.03,392,2388,100.0,38.87,23.4442,156,112,Early_Wear,71.79,0
98,45,0.0025,0.0003,100.0,518.67,642.04,1583.26,1402.79,14.62,21.61,554.24,2387.97,9074.64,1.3,47.12,522.11,2388.04,8151.01,8.4072,0.03,392,2388,100.0,38.94,23.3934,156,111,Early_Wear,71.15,0
98,46,-0.0006,0.0001,100.0,518.67,642.26,1579.48,1409.27,14.62,21.61,554.25,2388.06,9068.63,1.3,47.34,522.25,2388.03,8146.96,8.4034,0.03,392,2388,100.0,38.91,23.3597,156,110,Early_Wear,70.51,0
98,47,-0.0043,0.0004,100.0,518.67,642.08,1593.46,1391.23,14.62,21.61,554.49,2388.03,9068.46,1.3,47.17,522.77,2388.07,8154.77,8.432,0.03,391,2388,100.0,38.9,23.3767,156,109,Early_Wear,69.87,0
98,48,-0.0033,-0.0004,100.0,518.67,642.02,1580.31,1403.28,14.62,21.61,553.65,2388.04,9062.33,1.3,47.28,522.31,2388.02,8150.97,8.4227,0.03,391,2388,100.0,38.97,23.3767,156,108,Early_Wear,69.23,0
98,49,0.0006,-0.0001,100.0,518.67,642.44,1584.88,1399.16,14.62,21.61,554.09,2387.96,9060.72,1.3,47.31,522.52,2388.03,8150.57,8.4078,0.03,391,2388,100.0,38.83,23.4616,156,107,Early_Wear,68.59,0
98,50,0.0008,-0.0002,100.0,518.67,642.61,1582.93,1390.36,14.62,21.61,554.9,2388.05,9063.93,1.3,47.38,522.45,2388.12,8148.6,8.4068,0.03,391,2388,100.0,38.9,23.3734,156,106,Early_Wear,67.95,0
99,1,0.0011,0.0005,100.0,518.67,641.69,1586.17,1391.14,14.62,21.61,554.09,2388.03,9064.32,1.3,47.41,522.65,2388.06,8131.23,8.4038,0.03,391,2388,100.0,39.01,23.4007,185,184,Healthy,99.46,0
99,2,0.0004,0.0001,100.0,518.67,641.93,1588.58,1402.26,14.62,21.61,554.39,2388.08,9053.22,1.3,47.25,521.61,2388.06,8132.7,8.4303,0.03,392,2388,100.0,39.05,23.422,185,183,Healthy,98.92,0
99,3,0.0005,0.0002,100.0,518.67,642.21,1588.22,1404.55,14.62,21.61,554.26,2388.08,9056.56,1.3,47.3,522.55,2388.02,8132.44,8.4122,0.03,391,2388,100.0,39.0,23.4059,185,182,Healthy,98.38,0
99,4,-0.0021,-0.0003,100.0,518.67,642.49,1587.64,1394.6,14.62,21.61,554.43,2388.06,9060.9,1.3,47.28,521.86,2388.07,8133.19,8.3839,0.03,391,2388,100.0,39.15,23.3759,185,181,Healthy,97.84,0
99,5,0.0008,0.0002,100.0,518.67,642.25,1583.02,1403.49,14.62,21.61,554.19,2388.02,9052.97,1.3,47.18,521.95,2388.06,8132.3,8.4181,0.03,392,2388,100.0,38.98,23.3824,185,180,Healthy,97.3,0
99,6,0.0033,-0.0004,100.0,518.67,641.46,1586.64,1401.9,14.62,21.61,554.11,2388.02,9055.16,1.3,47.15,522.38,2388.04,8140.25,8.3751,0.03,390,2388,100.0,38.85,23.4206,185,179,Healthy,96.76,0
99,7,-0.0032,-0.0001,100.0,518.67,642.02,1584.95,1407.88,14.62,21.6,553.74,2388.02,9054.7,1.3,47.31,522.31,2388.07,8133.85,8.442,0.03,392,2388,100.0,39.11,23.4092,185,178,Healthy,96.22,0
99,8,0.0002,-0.0005,100.0,518.67,642.68,1587.4,1391.01,14.62,21.61,554.67,2388.02,9054.3,1.3,47.45,521.96,2388.05,8140.33,8.4213,0.03,393,2388,100.0,39.09,23.3394,185,177,Healthy,95.68,0
99,9,-0.0003,0.0004,100.0,518.67,642.18,1577.83,1402.74,14.62,21.61,553.46,2388.07,9058.03,1.3,47.3,521.87,2388.06,8136.49,8.3787,0.03,392,2388,100.0,38.92,23.4099,185,176,Healthy,95.14,0
99,10,0.0021,0.0003,100.0,518.67,641.89,1584.64,1394.87,14.62,21.61,554.12,2388.02,9053.56,1.3,47.32,521.73,2388.05,8139.55,8.4089,0.03,391,2388,100.0,39.08,23.3028,185,175,Healthy,94.59,0
99,11,0.0026,-0.0003,100.0,518.67,641.78,1584.18,1402.93,14.62,21.61,553.77,2388.03,9057.11,1.3,47.3,521.93,2388.08,8141.6,8.401,0.03,392,2388,100.0,38.85,23.3946,185,174,Healthy,94.05,0
99,12,0.0004,0.0003,100.0,518.67,642.19,1586.32,1400.37,14.62,21.61,554.19,2388.04,9053.93,1.3,47.24,522.31,2388.04,8137.03,8.3713,0.03,392,2388,100.0,38.95,23.348,185,173,Healthy,93.51,0
99,13,0.0024,-0.0003,100.0,518.67,642.61,1582.63,1401.53,14.62,21.61,554.26,2388.05,9057.7,1.3,47.26,522.52,2388.05,8143.03,8.4046,0.03,392,2388,100.0,39.04,23.398,185,172,Healthy,92.97,0
99,14,0.0006,-0.0005,100.0,518.67,642.35,1586.21,1405.73,14.62,21.61,554.01,2388.1,9056.64,1.3,47.06,522.65,2388.08,8136.98,8.4146,0.03,393,2388,100.0,38.98,23.3352,185,171,Healthy,92.43,0
99,15,0.0031,0.0003,100.0,518.67,643.11,1580.86,1397.06,14.62,21.61,554.61,2388.08,9057.25,1.3,47.2,521.97,2388.08,8137.24,8.4288,0.03,394,2388,100.0,38.99,23.4502,185,170,Healthy,91.89,0
99,16,0.0018,0.0003,100.0,518.67,641.85,1581.41,1408.72,14.62,21.61,553.65,2388.05,9061.91,1.3,47.44,521.72,2388.06,8138.45,8.3972,0.03,393,2388,100.0,38.91,23.3309,185,169,Healthy,91.35,0
99,17,-0.0022,-0.0004,100.0,518.67,642.31,1583.0,1400.57,14.62,21.61,553.56,2388.0,9056.2,1.3,47.2,522.55,2387.99,8131.89,8.3898,0.03,392,2388,100.0,38.89,23.4659,185,168,Healthy,90.81,0
99,18,-0.0021,0.0004,100.0,518.67,642.6,1583.21,1405.55,14.62,21.61,554.18,2388.03,9050.81,1.3,47.17,521.82,2387.99,8138.21,8.4418,0.03,392,2388,100.0,39.0,23.3785,185,167,Healthy,90.27,0
99,19,-0.0003,-0.0002,100.0,518.67,642.56,1583.55,1401.88,14.62,21.61,554.19,2388.09,9047.98,1.3,47.28,521.87,2388.04,8133.32,8.3837,0.03,393,2388,100.0,39.01,23.3041,185,166,Healthy,89.73,0
99,20,-0.0025,-0.0004,100.0,518.67,642.38,1580.21,1398.14,14.62,21.61,553.91,2388.0,9051.56,1.3,47.37,522.32,2388.06,8137.24,8.378,0.03,391,2388,100.0,38.9,23.3528,185,165,Healthy,89.19,0
99,21,-0.0023,-0.0005,100.0,518.67,642.46,1589.27,1401.16,14.62,21.61,554.25,2388.04,9059.85,1.3,47.16,522.05,2388.03,8138.26,8.3895,0.03,391,2388,100.0,39.13,23.3479,185,164,Healthy,88.65,0
99,22,-0.0005,0.0004,100.0,518.67,642.19,1586.16,1404.0,14.62,21.61,554.22,2388.05,9058.75,1.3,47.24,522.27,2388.04,8133.68,8.4273,0.03,392,2388,100.0,39.04,23.386,185,163,Healthy,88.11,0
99,23,0.0004,-0.0004,100.0,518.67,642.26,1583.33,1405.54,14.62,21.61,554.78,2388.02,9057.64,1.3,47.45,522.24,2388.13,8136.55,8.3916,0.03,392,2388,100.0,39.07,23.3914,185,162,Healthy,87.57,0
99,24,-0.0018,0.0005,100.0,518.67,642.16,1581.29,1401.38,14.62,21.61,553.11,2388.08,9050.28,1.3,47.06,522.21,2388.03,8133.8,8.3879,0.03,393,2388,100.0,38.99,23.454,185,161,Healthy,87.03,0
99,25,-0.0009,0.0004,100.0,518.67,642.1,1589.73,1394.99,14.62,21.61,553.33,2388.13,9056.55,1.3,47.36,522.05,2388.06,8136.86,8.414,0.03,391,2388,100.0,39.07,23.3418,185,160,Healthy,86.49,0
99,26,-0.0018,0.0002,100.0,518.67,642.18,1591.84,1398.46,14.62,21.61,554.65,2388.04,9050.27,1.3,47.26,521.77,2388.07,8139.01,8.3824,0.03,392,2388,100.0,38.85,23.3222,185,159,Healthy,85.95,0
99,27,-0.0036,0.0001,100.0,518.67,642.5,1587.57,1401.83,14.62,21.61,554.21,2388.02,9053.71,1.3,47.22,521.89,2388.0,8140.69,8.4322,0.03,392,2388,100.0,38.94,23.3923,185,158,Healthy,85.41,0
99,28,-0.0014,0.0003,100.0,518.67,642.21,1582.97,1392.53,14.62,21.61,554.44,2388.02,9057.51,1.3,47.31,522.3,2388.08,8136.24,8.3945,0.03,392,2388,100.0,39.18,23.2712,185,157,Healthy,84.86,0
99,29,-0.0016,0.0,100.0,518.67,642.15,1594.17,1399.51,14.62,21.61,554.0,2388.08,9051.46,1.3,47.23,522.14,2388.03,8136.91,8.4036,0.03,391,2388,100.0,38.96,23.3564,185,156,Healthy,84.32,0
99,30,0.0013,-0.0,100.0,518.67,642.1,1586.84,1402.89,14.62,21.61,554.15,2388.07,9057.65,1.3,47.08,522.37,2388.08,8139.75,8.4196,0.03,392,2388,100.0,39.02,23.3313,185,155,Healthy,83.78,0
99,31,0.0004,0.0003,100.0,518.67,642.81,1580.48,1400.89,14.62,21.61,553.88,2388.03,9054.22,1.3,47.17,521.6,2388.07,8142.22,8.4381,0.03,393,2388,100.0,38.79,23.3038,185,154,Healthy,83.24,0
99,32,-0.0015,0.0002,100.0,518.67,642.29,1581.47,1401.43,14.62,21.61,553.85,2388.09,9056.37,1.3,47.37,521.9,2388.1,8133.84,8.439,0.03,393,2388,100.0,39.0,23.3889,185,153,Healthy,82.7,0
99,33,-0.003,0.0004,100.0,518.67,642.7,1584.69,1406.07,14.62,21.61,553.19,2388.01,9055.64,1.3,47.19,522.08,2388.03,8142.88,8.4019,0.03,392,2388,100.0,38.97,23.452,185,152,Healthy,82.16,0
99,34,-0.0017,0.0,100.0,518.67,642.43,1587.55,1398.13,14.62,21.61,554.41,2388.09,9053.68,1.3,47.42,521.84,2388.03,8138.06,8.4312,0.03,392,2388,100.0,39.01,23.307,185,151,Healthy,81.62,0
99,35,0.0003,-0.0004,100.0,518.67,642.67,1582.74,1399.51,14.62,21.61,553.63,2388.07,9057.53,1.3,47.44,522.17,2388.05,8137.87,8.4283,0.03,393,2388,100.0,38.86,23.4327,185,150,Healthy,81.08,0
99,36,-0.0018,-0.0002,100.0,518.67,641.75,1582.24,1403.9,14.62,21.61,554.96,2388.06,9053.59,1.3,47.43,522.62,2388.04,8138.2,8.4303,0.03,394,2388,100.0,38.96,23.452,185,149,Healthy,80.54,0
99,37,-0.0015,-0.0001,100.0,518.67,642.38,1583.16,1400.86,14.62,21.61,554.19,2388.06,9061.12,1.3,47.38,522.68,2388.0,8134.8,8.3941,0.03,392,2388,100.0,38.88,23.3606,185,148,Healthy,80.0,0
99,38,-0.001,-0.0002,100.0,518.67,642.13,1584.93,1408.46,14.62,21.61,555.07,2388.02,9063.85,1.3,47.22,522.75,2388.03,8139.57,8.4062,0.03,393,2388,100.0,39.17,23.3277,185,147,Healthy,79.46,0
99,39,-0.0009,0.0003,100.0,518.67,642.26,1582.63,1399.6,14.62,21.61,555.03,2388.01,9060.91,1.3,47.21,521.81,2388.06,8139.83,8.3901,0.03,392,2388,100.0,38.95,23.3281,185,146,Healthy,78.92,0
99,40,0.0013,0.0002,100.0,518.67,642.02,1589.95,1400.82,14.62,21.61,554.32,2388.0,9057.69,1.3,47.35,522.12,2388.02,8136.75,8.4319,0.03,391,2388,100.0,38.9,23.3708,185,145,Healthy,78.38,0
99,41,0.0036,-0.0002,100.0,518.67,641.88,1588.07,1402.1,14.62,21.6,554.14,2388.11,9054.4,1.3,47.4,522.22,2388.07,8139.82,8.3759,0.03,392,2388,100.0,38.78,23.4523,185,144,Healthy,77.84,0
99,42,0.0037,-0.0001,100.0,518.67,642.26,1586.81,1409.67,14.62,21.61,554.37,2388.06,9054.48,1.3,47.26,522.41,2388.08,8136.51,8.4311,0.03,393,2388,100.0,38.92,23.3913,185,143,Healthy,77.3,0
99,43,-0.0001,-0.0003,100.0,518.67,642.08,1583.88,1395.34,14.62,21.61,554.02,2388.1,9058.25,1.3,47.34,522.02,2388.05,8135.4,8.4287,0.03,393,2388,100.0,39.01,23.3901,185,142,Healthy,76.76,0
99,44,-0.0013,-0.0004,100.0,518.67,642.73,1581.72,1404.9,14.62,21.61,553.98,2388.06,9053.88,1.3,47.28,522.12,2388.05,8138.15,8.4027,0.03,392,2388,100.0,38.88,23.4643,185,141,Healthy,76.22,0
99,45,-0.0012,-0.0001,100.0,518.67,642.33,1586.14,1402.87,14.62,21.61,554.17,2388.07,9058.63,1.3,47.28,522.04,2388.07,8141.55,8.3991,0.03,392,2388,100.0,38.87,23.3812,185,140,Healthy,75.68,0
99,46,0.0,0.0002,100.0,518.67,642.57,1591.82,1406.86,14.62,21.61,553.98,2388.06,9059.5,1.3,47.24,522.09,2388.04,8140.39,8.4285,0.03,392,2388,100.0,38.99,23.2691,185,139,Healthy,75.14,0
99,47,-0.0018,0.0,100.0,518.67,642.13,1586.01,1398.52,14.62,21.61,554.62,2388.09,9062.04,1.3,47.32,522.5,2388.05,8136.25,8.4356,0.03,393,2388,100.0,39.03,23.3823,185,138,Healthy,74.59,0
99,48,0.0019,0.0003,100.0,518.67,642.26,1584.55,1404.46,14.62,21.61,553.97,2388.05,9055.06,1.3,47.31,521.64,2388.02,8133.88,8.4225,0.03,393,2388,100.0,38.93,23.3093,185,137,Healthy,74.05,0
99,49,0.0003,-0.0004,100.0,518.67,642.68,1584.27,1403.95,14.62,21.61,554.62,2388.05,9057.64,1.3,47.4,521.7,2388.09,8136.28,8.4101,0.03,391,2388,100.0,39.04,23.4054,185,136,Healthy,73.51,0
99,50,-0.0023,-0.0004,100.0,518.67,641.88,1591.72,1400.68,14.62,21.61,554.5,2388.11,9054.98,1.3,47.44,522.24,2388.06,8135.54,8.4188,0.03,391,2388,100.0,38.88,23.3519,185,135,Healthy,72.97,0
100,1,-0.0033,0.0003,100.0,518.67,642.25,1596.57,1404.52,14.62,21.61,553.99,2388.07,9055.97,1.3,47.36,522.13,2388.14,8146.76,8.4177,0.03,393,2388,100.0,38.72,23.3899,200,199,Healthy,99.5,0
100,2,0.001,-0.0004,100.0,518.67,642.37,1589.43,1397.4,14.62,21.6,554.33,2388.06,9060.51,1.3,47.39,521.81,2388.1,8143.56,8.4186,0.03,393,2388,100.0,39.18,23.246,200,198,Healthy,99.0,0
100,3,0.0024,-0.0004,100.0,518.67,643.13,1588.55,1397.71,14.62,21.61,554.24,2388.06,9061.79,1.3,47.42,522.17,2388.09,8146.62,8.4391,0.03,393,2388,100.0,38.95,23.2034,200,197,Healthy,98.5,0
100,4,0.0014,0.0001,100.0,518.67,642.33,1588.13,1397.93,14.62,21.61,553.94,2388.1,9055.39,1.3,47.5,521.62,2387.97,8146.6,8.4274,0.03,393,2388,100.0,38.77,23.2495,200,196,Healthy,98.0,0
100,5,-0.0018,0.0003,100.0,518.67,641.9,1590.02,1400.6,14.62,21.61,553.6,2388.07,9061.86,1.3,47.4,522.04,2388.09,8141.82,8.365,0.03,392,2388,100.0,39.06,23.2351,200,195,Healthy,97.5,0
100,6,-0.0013,-0.0004,100.0,518.67,642.19,1588.84,1403.2,14.62,21.61,553.79,2388.04,9059.83,1.3,47.37,522.02,2388.06,8142.28,8.412,0.03,392,2388,100.0,38.91,23.5751,200,194,Healthy,97.0,0
100,7,-0.0009,-0.0003,100.0,518.67,642.88,1590.24,1397.64,14.62,21.61,553.7,2388.02,9060.9,1.3,47.54,521.84,2388.07,8139.49,8.4064,0.03,393,2388,100.0,38.99,23.2404,200,193,Healthy,96.5,0
100,8,0.0043,0.0002,100.0,518.67,642.76,1585.19,1405.63,14.62,21.61,553.56,2388.07,9057.62,1.3,47.41,521.63,2388.07,8139.02,8.4221,0.03,391,2388,100.0,38.98,23.247,200,192,Healthy,96.0,0
100,9,0.0022,0.0,100.0,518.67,642.36,1586.99,1405.23,14.62,21.61,553.97,2388.07,9051.22,1.3,47.41,521.76,2388.06,8137.87,8.4469,0.03,392,2388,100.0,38.93,23.3107,200,191,Healthy,95.5,0
100,10,0.005,-0.0002,100.0,518.67,642.4,1589.51,1408.18,14.62,21.61,553.98,2388.06,9063.84,1.3,47.26,521.76,2388.04,8143.77,8.429,0.03,392,2388,100.0,39.06,23.4296,200,190,Healthy,95.0,0
100,11,-0.0011,-0.0005,100.0,518.67,642.38,1587.75,1403.69,14.62,21.61,553.43,2388.02,9062.92,1.3,47.46,522.23,2388.02,8146.18,8.3973,0.03,393,2388,100.0,39.04,23.4191,200,189,Healthy,94.5,0
100,12,-0.0032,0.0004,100.0,518.67,642.82,1584.34,1406.55,14.62,21.61,553.81,2388.07,9066.16,1.3,47.43,521.76,2388.07,8142.0,8.3963,0.03,393,2388,100.0,38.78,23.3514,200,188,Healthy,94.0,0
100,13,0.0004,-0.0005,100.0,518.67,642.39,1587.66,1397.0,14.62,21.61,553.63,2388.01,9067.1,1.3,47.52,521.62,2388.06,8145.4,8.4317,0.03,392,2388,100.0,39.02,23.3646,200,187,Healthy,93.5,0
100,14,0.0037,0.0004,100.0,518.67,642.2,1591.53,1404.71,14.62,21.61,553.2,2388.08,9065.8,1.3,47.48,522.16,2388.08,8137.55,8.4267,0.03,391,2388,100.0,38.94,23.3218,200,186,Healthy,93.0,0
100,15,-0.0011,-0.0001,100.0,518.67,642.89,1584.27,1406.16,14.62,21.61,553.92,2388.08,9065.53,1.3,47.45,522.12,2388.1,8146.1,8.427,0.03,392,2388,100.0,38.83,23.3122,200,185,Healthy,92.5,0
100,16,-0.0001,0.0003,100.0,518.67,641.85,1585.17,1402.02,14.62,21.61,554.67,2388.1,9058.6,1.3,47.39,521.61,2388.09,8137.47,8.4239,0.03,394,2388,100.0,38.93,23.375,200,184,Healthy,92.0,0
100,17,0.0023,0.0003,100.0,518.67,641.93,1589.53,1402.42,14.62,21.61,554.03,2388.04,9062.5,1.3,47.17,521.68,2388.05,8143.76,8.4283,0.03,392,2388,100.0,38.89,23.2414,200,183,Healthy,91.5,0
100,18,-0.0033,-0.0005,100.0,518.67,642.68,1587.3,1401.1,14.62,21.61,554.24,2388.02,9068.87,1.3,47.4,521.91,2388.04,8143.96,8.3894,0.03,394,2388,100.0,38.91,23.3639,200,182,Healthy,91.0,0
100,19,0.0015,0.0,100.0,518.67,641.76,1584.41,1401.32,14.62,21.61,553.6,2388.08,9064.41,1.3,47.36,522.04,2388.07,8144.05,8.4547,0.03,393,2388,100.0,38.89,23.4532,200,181,Healthy,90.5,0
100,20,-0.0009,0.0,100.0,518.67,642.25,1589.1,1403.74,14.62,21.61,553.46,2388.06,9065.2,1.3,47.44,521.61,2388.09,8141.29,8.4159,0.03,392,2388,100.0,38.84,23.3421,200,180,Healthy,90.0,0
100,21,-0.0,-0.0005,100.0,518.67,643.12,1592.96,1400.04,14.62,21.61,554.4,2388.07,9060.51,1.3,47.4,522.01,2388.04,8143.53,8.403,0.03,393,2388,100.0,38.81,23.4146,200,179,Healthy,89.5,0
100,22,-0.0019,0.0,100.0,518.67,641.97,1584.66,1408.27,14.62,21.61,553.85,2388.07,9069.04,1.3,47.36,521.84,2388.1,8146.07,8.4204,0.03,393,2388,100.0,39.02,23.3341,200,178,Healthy,89.0,0
100,23,-0.0002,0.0001,100.0,518.67,642.36,1585.63,1408.06,14.62,21.61,553.77,2388.07,9058.47,1.3,47.28,521.65,2388.09,8139.37,8.4358,0.03,392,2388,100.0,38.8,23.3439,200,177,Healthy,88.5,0
100,24,0.0017,-0.0001,100.0,518.67,642.39,1582.67,1399.26,14.62,21.61,554.22,2388.06,9046.8,1.3,47.4,521.91,2388.06,8141.12,8.443,0.03,390,2388,100.0,38.94,23.2103,200,176,Healthy,88.0,0
100,25,0.0019,-0.0005,100.0,518.67,642.8,1591.79,1404.26,14.62,21.61,553.44,2388.07,9054.88,1.3,47.24,521.69,2388.08,8135.5,8.4473,0.03,391,2388,100.0,38.83,23.3884,200,175,Healthy,87.5,0
100,26,-0.0003,-0.0,100.0,518.67,642.37,1593.05,1409.27,14.62,21.61,553.96,2388.12,9057.56,1.3,47.51,522.19,2388.07,8138.24,8.4029,0.03,390,2388,100.0,38.71,23.3509,200,174,Healthy,87.0,0
100,27,0.0002,0.0003,100.0,518.67,642.5,1587.63,1405.48,14.62,21.61,553.96,2388.06,9060.08,1.3,47.36,521.84,2388.11,8140.89,8.4242,0.03,392,2388,100.0,38.92,23.3996,200,173,Healthy,86.5,0
100,28,0.0,0.0003,100.0,518.67,642.5,1586.03,1404.55,14.62,21.61,554.32,2388.1,9058.6,1.3,47.25,521.56,2388.07,8144.37,8.4474,0.03,394,2388,100.0,38.81,23.3865,200,172,Healthy,86.0,0
100,29,0.0019,0.0001,100.0,518.67,642.64,1587.14,1410.27,14.62,21.61,552.83,2388.04,9051.46,1.3,47.33,521.48,2388.01,8142.37,8.4258,0.03,393,2388,100.0,38.83,23.3288,200,171,Healthy,85.5,0
100,30,-0.0009,-0.0003,100.0,518.67,642.4,1586.59,1398.54,14.62,21.61,554.08,2388.08,9061.48,1.3,47.37,521.57,2388.03,8141.65,8.4058,0.03,392,2388,100.0,38.88,23.3513,200,170,Healthy,85.0,0
100,31,-0.0002,-0.0003,100.0,518.67,642.49,1589.08,1402.83,14.62,21.61,552.97,2388.02,9065.03,1.3,47.32,521.48,2388.11,8144.22,8.4134,0.03,394,2388,100.0,38.9,23.4513,200,169,Healthy,84.5,0
100,32,0.0014,0.0003,100.0,518.67,642.83,1591.57,1402.16,14.62,21.61,554.13,2388.07,9061.1,1.3,47.38,521.56,2388.05,8143.26,8.4457,0.03,392,2388,100.0,38.84,23.3812,200,168,Healthy,84.0,0
100,33,-0.0029,0.0003,100.0,518.67,642.08,1586.01,1400.43,14.62,21.61,553.56,2388.07,9059.64,1.3,47.4,521.99,2388.08,8139.83,8.4507,0.03,392,2388,100.0,38.83,23.3339,200,167,Healthy,83.5,0
100,34,-0.0035,-0.0004,100.0,518.67,642.68,1584.24,1403.31,14.62,21.61,553.35,2388.06,9061.18,1.3,47.33,521.94,2388.08,8141.62,8.4589,0.03,393,2388,100.0,38.99,23.4216,200,166,Healthy,83.0,0
100,35,0.0003,0.0001,100.0,518.67,642.34,1588.33,1408.75,14.62,21.61,553.57,2388.02,9060.37,1.3,47.28,521.46,2388.06,8139.44,8.4023,0.03,393,2388,100.0,38.88,23.3595,200,165,Healthy,82.5,0
100,36,-0.0019,0.0003,100.0,518.67,642.1,1589.13,1404.27,14.62,21.61,552.88,2388.16,9057.48,1.3,47.44,521.84,2388.03,8142.51,8.447,0.03,393,2388,100.0,38.93,23.4056,200,164,Healthy,82.0,0
100,37,-0.0018,-0.0005,100.0,518.67,642.35,1584.41,1402.96,14.62,21.61,552.92,2388.09,9061.4,1.3,47.4,521.76,2388.08,8145.12,8.4212,0.03,393,2388,100.0,38.96,23.3381,200,163,Healthy,81.5,0
100,38,-0.0033,-0.0003,100.0,518.67,642.09,1591.0,1397.88,14.62,21.61,553.7,2388.03,9059.62,1.3,47.4,521.82,2388.09,8142.76,8.4515,0.03,393,2388,100.0,38.81,23.3758,200,162,Healthy,81.0,0
100,39,0.0021,0.0004,100.0,518.67,641.96,1584.63,1410.99,14.62,21.61,553.62,2388.04,9063.22,1.3,47.51,521.72,2388.09,8147.27,8.4308,0.03,394,2388,100.0,38.91,23.3452,200,161,Healthy,80.5,0
100,40,-0.0007,0.0002,100.0,518.67,642.55,1586.92,1409.9,14.62,21.61,553.36,2388.07,9066.42,1.3,47.5,522.24,2388.04,8143.32,8.4446,0.03,392,2388,100.0,39.05,23.3823,200,160,Healthy,80.0,0
100,41,0.001,0.0001,100.0,518.67,642.52,1590.51,1396.0,14.62,21.61,553.94,2388.04,9063.69,1.3,47.39,521.99,2388.1,8144.18,8.4582,0.03,392,2388,100.0,39.09,23.4122,200,159,Healthy,79.5,0
100,42,-0.0018,-0.0005,100.0,518.67,641.65,1593.0,1406.24,14.62,21.61,553.89,2388.06,9054.22,1.3,47.43,521.73,2388.08,8138.65,8.4419,0.03,392,2388,100.0,39.1,23.3482,200,158,Healthy,79.0,0
100,43,-0.0051,-0.0005,100.0,518.67,642.8,1587.73,1397.11,14.62,21.61,552.69,2388.05,9058.7,1.3,47.38,521.77,2388.02,8144.75,8.4069,0.03,392,2388,100.0,38.79,23.3366,200,157,Healthy,78.5,0
100,44,0.0012,-0.0002,100.0,518.67,642.34,1593.33,1399.12,14.62,21.61,553.79,2388.1,9058.39,1.3,47.43,522.11,2388.06,8138.12,8.4225,0.03,393,2388,100.0,38.99,23.3048,200,156,Healthy,78.0,0
100,45,0.0006,-0.0004,100.0,518.67,642.11,1595.56,1403.01,14.62,21.61,553.38,2388.13,9066.29,1.3,47.45,521.59,2388.09,8143.03,8.4261,0.03,394,2388,100.0,38.93,23.3881,200,155,Healthy,77.5,0
100,46,0.0006,0.0002,100.0,518.67,641.89,1590.41,1407.74,14.62,21.61,553.46,2388.03,9060.94,1.3,47.4,522.11,2388.1,8143.25,8.4179,0.03,392,2388,100.0,39.0,23.3354,200,154,Healthy,77.0,0
100,47,0.0049,-0.0003,100.0,518.67,642.4,1589.47,1400.46,14.62,21.61,553.56,2388.07,9064.08,1.3,47.33,522.27,2388.01,8140.73,8.4014,0.03,393,2388,100.0,38.95,23.4195,200,153,Healthy,76.5,0
100,48,-0.0008,0.0003,100.0,518.67,642.22,1593.61,1407.74,14.62,21.61,554.66,2388.0,9057.82,1.3,47.43,521.79,2388.08,8140.01,8.465,0.03,394,2388,100.0,38.9,23.26,200,152,Healthy,76.0,0
100,49,0.0018,0.0001,100.0,518.67,642.71,1587.37,1407.65,14.62,21.61,554.22,2388.07,9063.27,1.3,47.12,522.14,2388.07,8144.3,8.384,0.03,393,2388,100.0,38.88,23.405,200,151,Healthy,75.5,0
100,50,0.0005,0.0004,100.0,518.67,642.47,1584.2,1403.28,14.62,21.61,553.53,2388.07,9063.38,1.3,47.31,521.64,2388.05,8141.99,8.4159,0.03,394,2388,100.0,38.88,23.3556,200,150,Healthy,75.0,0
